2026/09/08 20:38:28.858, GPU-ecc6a1f9-42fe-2932-7ea0-1dd285491b7b, 5, 0, 405, 29, 26.09
2026/09/08 20:38:29.063, GPU-ecc6a1f9-42fe-2932-7ea0-1dd285491b7b, 5, 0, 405, 29, 26.09
2026/09/08 20:38:29.266, GPU-ecc6a1f9-42fe-2932-7ea0-1dd285491b7b, 5, 0, 405, 29, 26.09
2026/09/08 20:38:29.470, GPU-ecc6a1f9-42fe-2932-7ea0-1dd285491b7b, 5, 0, 405, 29, 25.85
2026/09/08 20:38:29.674, GPU-ecc6a1f9-42fe-2932-7ea0-1dd285491b7b, 5, 0, 405, 29, 26.09
2026/09/08 20:38:29.877, GPU-ecc6a1f9-42fe-2932-7ea0-1dd285491b7b, 5, 0, 405, 29, 26.09
2026/09/08 20:38:30.083, GPU-ecc6a1f9-42fe-2932-7ea0-1dd285491b7b, 5, 0, 405, 29, 26.09
2026/09/08 20:38:30.286, GPU-ecc6a1f9-42fe-2932-7ea0-1dd285491b7b, 5, 0, 405, 29, 25.85
2026/09/08 20:38:30.490, GPU-ecc6a1f9-42fe-2932-7ea0-1dd285491b7b, 5, 0, 405, 29, 26.09
2026/09/08 20:38:30.693, GPU-ecc6a1f9-42fe-2932-7ea0-1dd285491b7b, 5, 0, 405, 28, 25.85
2026/09/08 20:38:30.897, GPU-ecc6a1f9-42fe-2932-7ea0-1dd285491b7b, 5, 0, 405, 29, 26.09
2026/09/08 20:38:31.102, GPU-ecc6a1f9-42fe-2932-7ea0-1dd285491b7b, 5, 0, 405, 29, 25.85
2026/09/08 20:38:31.306, GPU-ecc6a1f9-42fe-2932-7ea0-1dd285491b7b, 5, 0, 405, 28, 25.85
2026/09/08 20:38:31.509, GPU-ecc6a1f9-42fe-2932-7ea0-1dd285491b7b, 5, 0, 405, 28, 26.09
2026/09/08 20:38:31.713, GPU-ecc6a1f9-42fe-2932-7ea0-1dd285491b7b, 5, 0, 405, 29, 25.85
2026/09/08 20:38:31.916, GPU-ecc6a1f9-42fe-2932-7ea0-1dd285491b7b, 5, 0, 405, 29, 26.34
2026/09/08 20:38:32.121, GPU-ecc6a1f9-42fe-2932-7ea0-1dd285491b7b, 5, 0, 405, 28, 26.09
2026/09/08 20:38:32.325, GPU-ecc6a1f9-42fe-2932-7ea0-1dd285491b7b, 5, 0, 405, 29, 26.09
2026/09/08 20:38:32.528, GPU-ecc6a1f9-42fe-2932-7ea0-1dd285491b7b, 5, 0, 405, 28, 26.09
2026/09/08 20:38:32.732, GPU-ecc6a1f9-42fe-2932-7ea0-1dd285491b7b, 5, 0, 405, 28, 25.85
2026/09/08 20:38:32.935, GPU-ecc6a1f9-42fe-2932-7ea0-1dd285491b7b, 5, 0, 405, 29, 26.09
2026/09/08 20:38:33.141, GPU-ecc6a1f9-42fe-2932-7ea0-1dd285491b7b, 5, 0, 405, 29, 26.09
2026/09/08 20:38:33.344, GPU-ecc6a1f9-42fe-2932-7ea0-1dd285491b7b, 5, 0, 405, 29, 26.09
2026/09/08 20:38:33.548, GPU-ecc6a1f9-42fe-2932-7ea0-1dd285491b7b, 5, 0, 405, 29, 26.09
2026/09/08 20:38:33.751, GPU-ecc6a1f9-42fe-2932-7ea0-1dd285491b7b, 5, 0, 405, 29, 25.85
2026/09/08 20:38:33.955, GPU-ecc6a1f9-42fe-2932-7ea0-1dd285491b7b, 5, 0, 405, 29, 25.85
2026/09/08 20:38:34.160, GPU-ecc6a1f9-42fe-2932-7ea0-1dd285491b7b, 5, 0, 405, 29, 25.85
2026/09/08 20:38:34.364, GPU-ecc6a1f9-42fe-2932-7ea0-1dd285491b7b, 5, 0, 405, 28, 26.09
2026/09/08 20:38:34.567, GPU-ecc6a1f9-42fe-2932-7ea0-1dd285491b7b, 5, 0, 405, 28, 26.09
2026/09/08 20:38:34.771, GPU-ecc6a1f9-42fe-2932-7ea0-1dd285491b7b, 5, 0, 405, 28, 26.09
2026/09/08 20:38:34.975, GPU-ecc6a1f9-42fe-2932-7ea0-1dd285491b7b, 5, 0, 405, 28, 26.09
2026/09/08 20:38:35.181, GPU-ecc6a1f9-42fe-2932-7ea0-1dd285491b7b, 5, 0, 405, 28, 26.09
2026/09/08 20:38:35.385, GPU-ecc6a1f9-42fe-2932-7ea0-1dd285491b7b, 5, 0, 405, 29, 25.85
2026/09/08 20:38:35.588, GPU-ecc6a1f9-42fe-2932-7ea0-1dd285491b7b, 5, 0, 405, 29, 26.09
2026/09/08 20:38:35.792, GPU-ecc6a1f9-42fe-2932-7ea0-1dd285491b7b, 5, 0, 405, 28, 26.09
2026/09/08 20:38:35.995, GPU-ecc6a1f9-42fe-2932-7ea0-1dd285491b7b, 5, 0, 405, 29, 25.85
2026/09/08 20:38:36.199, GPU-ecc6a1f9-42fe-2932-7ea0-1dd285491b7b, 5, 0, 405, 29, 26.09
2026/09/08 20:38:36.403, GPU-ecc6a1f9-42fe-2932-7ea0-1dd285491b7b, 5, 0, 405, 29, 26.09
2026/09/08 20:38:36.606, GPU-ecc6a1f9-42fe-2932-7ea0-1dd285491b7b, 5, 0, 405, 29, 26.09
2026/09/08 20:38:36.810, GPU-ecc6a1f9-42fe-2932-7ea0-1dd285491b7b, 5, 0, 405, 29, 25.85
2026/09/08 20:38:37.013, GPU-ecc6a1f9-42fe-2932-7ea0-1dd285491b7b, 5, 0, 405, 29, 25.85
2026/09/08 20:38:37.218, GPU-ecc6a1f9-42fe-2932-7ea0-1dd285491b7b, 5, 0, 405, 29, 26.09
2026/09/08 20:38:37.422, GPU-ecc6a1f9-42fe-2932-7ea0-1dd285491b7b, 5, 0, 405, 29, 26.09
2026/09/08 20:38:37.625, GPU-ecc6a1f9-42fe-2932-7ea0-1dd285491b7b, 5, 0, 405, 29, 26.09
2026/09/08 20:38:37.829, GPU-ecc6a1f9-42fe-2932-7ea0-1dd285491b7b, 5, 0, 405, 29, 26.09
2026/09/08 20:38:38.032, GPU-ecc6a1f9-42fe-2932-7ea0-1dd285491b7b, 5, 0, 405, 29, 26.09
2026/09/08 20:38:38.238, GPU-ecc6a1f9-42fe-2932-7ea0-1dd285491b7b, 5, 0, 405, 29, 26.09
2026/09/08 20:38:38.441, GPU-ecc6a1f9-42fe-2932-7ea0-1dd285491b7b, 5, 0, 405, 29, 25.85
2026/09/08 20:38:38.645, GPU-ecc6a1f9-42fe-2932-7ea0-1dd285491b7b, 5, 0, 405, 29, 26.09
2026/09/08 20:38:38.848, GPU-ecc6a1f9-42fe-2932-7ea0-1dd285491b7b, 5, 0, 405, 29, 26.09
2026/09/08 20:38:39.052, GPU-ecc6a1f9-42fe-2932-7ea0-1dd285491b7b, 5, 0, 405, 29, 26.09
2026/09/08 20:38:39.257, GPU-ecc6a1f9-42fe-2932-7ea0-1dd285491b7b, 5, 0, 405, 28, 26.09
2026/09/08 20:38:39.460, GPU-ecc6a1f9-42fe-2932-7ea0-1dd285491b7b, 5, 0, 405, 29, 26.09
2026/09/08 20:38:39.664, GPU-ecc6a1f9-42fe-2932-7ea0-1dd285491b7b, 5, 0, 405, 29, 26.09
2026/09/08 20:38:39.867, GPU-ecc6a1f9-42fe-2932-7ea0-1dd285491b7b, 5, 0, 405, 29, 26.09
2026/09/08 20:38:40.071, GPU-ecc6a1f9-42fe-2932-7ea0-1dd285491b7b, 5, 0, 405, 28, 25.85
2026/09/08 20:38:40.275, GPU-ecc6a1f9-42fe-2932-7ea0-1dd285491b7b, 5, 0, 405, 28, 25.85
2026/09/08 20:38:40.481, GPU-ecc6a1f9-42fe-2932-7ea0-1dd285491b7b, 5, 0, 405, 29, 26.09
2026/09/08 20:38:40.684, GPU-ecc6a1f9-42fe-2932-7ea0-1dd285491b7b, 5, 0, 405, 28, 26.09
2026/09/08 20:38:40.888, GPU-ecc6a1f9-42fe-2932-7ea0-1dd285491b7b, 5, 0, 405, 29, 26.09
2026/09/08 20:38:41.091, GPU-ecc6a1f9-42fe-2932-7ea0-1dd285491b7b, 5, 0, 405, 29, 26.09
2026/09/08 20:38:41.295, GPU-ecc6a1f9-42fe-2932-7ea0-1dd285491b7b, 5, 0, 405, 29, 26.09
2026/09/08 20:38:41.498, GPU-ecc6a1f9-42fe-2932-7ea0-1dd285491b7b, 5, 0, 405, 29, 26.09
2026/09/08 20:38:41.704, GPU-ecc6a1f9-42fe-2932-7ea0-1dd285491b7b, 5, 0, 405, 28, 26.09
2026/09/08 20:38:41.907, GPU-ecc6a1f9-42fe-2932-7ea0-1dd285491b7b, 5, 0, 405, 29, 26.09
2026/09/08 20:38:42.111, GPU-ecc6a1f9-42fe-2932-7ea0-1dd285491b7b, 5, 0, 405, 29, 26.09
2026/09/08 20:38:42.314, GPU-ecc6a1f9-42fe-2932-7ea0-1dd285491b7b, 5, 0, 405, 29, 26.09
2026/09/08 20:38:42.518, GPU-ecc6a1f9-42fe-2932-7ea0-1dd285491b7b, 5, 0, 405, 28, 26.09
2026/09/08 20:38:42.721, GPU-ecc6a1f9-42fe-2932-7ea0-1dd285491b7b, 5, 0, 405, 28, 26.09
2026/09/08 20:38:42.927, GPU-ecc6a1f9-42fe-2932-7ea0-1dd285491b7b, 5, 0, 405, 28, 26.09
2026/09/08 20:38:43.130, GPU-ecc6a1f9-42fe-2932-7ea0-1dd285491b7b, 5, 0, 405, 29, 25.85
2026/09/08 20:38:43.334, GPU-ecc6a1f9-42fe-2932-7ea0-1dd285491b7b, 5, 0, 405, 28, 26.09
2026/09/08 20:38:43.538, GPU-ecc6a1f9-42fe-2932-7ea0-1dd285491b7b, 5, 0, 405, 28, 26.09
2026/09/08 20:38:43.741, GPU-ecc6a1f9-42fe-2932-7ea0-1dd285491b7b, 5, 0, 405, 28, 25.85
2026/09/08 20:38:43.947, GPU-ecc6a1f9-42fe-2932-7ea0-1dd285491b7b, 5, 0, 405, 29, 26.09
2026/09/08 20:38:44.150, GPU-ecc6a1f9-42fe-2932-7ea0-1dd285491b7b, 5, 0, 405, 28, 25.85
2026/09/08 20:38:44.354, GPU-ecc6a1f9-42fe-2932-7ea0-1dd285491b7b, 5, 0, 405, 28, 25.85
2026/09/08 20:38:44.557, GPU-ecc6a1f9-42fe-2932-7ea0-1dd285491b7b, 5, 0, 405, 28, 26.09
2026/09/08 20:38:44.761, GPU-ecc6a1f9-42fe-2932-7ea0-1dd285491b7b, 5, 0, 405, 28, 25.85
2026/09/08 20:38:44.966, GPU-ecc6a1f9-42fe-2932-7ea0-1dd285491b7b, 5, 0, 405, 28, 26.09
2026/09/08 20:38:45.170, GPU-ecc6a1f9-42fe-2932-7ea0-1dd285491b7b, 5, 0, 405, 28, 26.09
2026/09/08 20:38:45.373, GPU-ecc6a1f9-42fe-2932-7ea0-1dd285491b7b, 5, 0, 405, 28, 25.85
2026/09/08 20:38:45.577, GPU-ecc6a1f9-42fe-2932-7ea0-1dd285491b7b, 5, 0, 405, 28, 26.09
2026/09/08 20:38:45.780, GPU-ecc6a1f9-42fe-2932-7ea0-1dd285491b7b, 5, 0, 405, 28, 25.85
2026/09/08 20:38:45.986, GPU-ecc6a1f9-42fe-2932-7ea0-1dd285491b7b, 5, 0, 405, 28, 26.09
2026/09/08 20:38:46.189, GPU-ecc6a1f9-42fe-2932-7ea0-1dd285491b7b, 5, 0, 405, 28, 26.09
2026/09/08 20:38:46.393, GPU-ecc6a1f9-42fe-2932-7ea0-1dd285491b7b, 5, 0, 405, 28, 25.85
2026/09/08 20:38:46.596, GPU-ecc6a1f9-42fe-2932-7ea0-1dd285491b7b, 5, 0, 405, 28, 25.85
2026/09/08 20:38:46.800, GPU-ecc6a1f9-42fe-2932-7ea0-1dd285491b7b, 5, 0, 405, 28, 26.09
2026/09/08 20:38:47.005, GPU-ecc6a1f9-42fe-2932-7ea0-1dd285491b7b, 5, 0, 405, 28, 26.09
2026/09/08 20:38:47.209, GPU-ecc6a1f9-42fe-2932-7ea0-1dd285491b7b, 5, 0, 405, 28, 25.85
2026/09/08 20:38:47.412, GPU-ecc6a1f9-42fe-2932-7ea0-1dd285491b7b, 5, 0, 405, 28, 26.09
2026/09/08 20:38:47.616, GPU-ecc6a1f9-42fe-2932-7ea0-1dd285491b7b, 5, 0, 405, 28, 26.09
2026/09/08 20:38:47.819, GPU-ecc6a1f9-42fe-2932-7ea0-1dd285491b7b, 5, 0, 405, 28, 25.85
2026/09/08 20:38:48.024, GPU-ecc6a1f9-42fe-2932-7ea0-1dd285491b7b, 5, 0, 405, 28, 25.85
2026/09/08 20:38:48.228, GPU-ecc6a1f9-42fe-2932-7ea0-1dd285491b7b, 5, 0, 405, 28, 25.85
2026/09/08 20:38:48.431, GPU-ecc6a1f9-42fe-2932-7ea0-1dd285491b7b, 5, 0, 405, 28, 26.09
2026/09/08 20:38:48.635, GPU-ecc6a1f9-42fe-2932-7ea0-1dd285491b7b, 5, 0, 405, 28, 25.85
2026/09/08 20:38:48.838, GPU-ecc6a1f9-42fe-2932-7ea0-1dd285491b7b, 5, 0, 405, 28, 26.34
2026/09/08 20:38:49.043, GPU-ecc6a1f9-42fe-2932-7ea0-1dd285491b7b, 5, 0, 405, 28, 25.85
2026/09/08 20:38:49.247, GPU-ecc6a1f9-42fe-2932-7ea0-1dd285491b7b, 5, 0, 405, 28, 26.09
2026/09/08 20:38:49.450, GPU-ecc6a1f9-42fe-2932-7ea0-1dd285491b7b, 5, 0, 405, 28, 25.85
2026/09/08 20:38:49.654, GPU-ecc6a1f9-42fe-2932-7ea0-1dd285491b7b, 5, 0, 405, 28, 25.85
2026/09/08 20:38:49.857, GPU-ecc6a1f9-42fe-2932-7ea0-1dd285491b7b, 5, 0, 405, 28, 25.85
2026/09/08 20:38:50.063, GPU-ecc6a1f9-42fe-2932-7ea0-1dd285491b7b, 5, 0, 405, 28, 25.85
2026/09/08 20:38:50.266, GPU-ecc6a1f9-42fe-2932-7ea0-1dd285491b7b, 5, 0, 405, 28, 25.85
2026/09/08 20:38:50.470, GPU-ecc6a1f9-42fe-2932-7ea0-1dd285491b7b, 5, 0, 405, 28, 25.85
2026/09/08 20:38:50.673, GPU-ecc6a1f9-42fe-2932-7ea0-1dd285491b7b, 5, 0, 405, 28, 25.85
2026/09/08 20:38:50.877, GPU-ecc6a1f9-42fe-2932-7ea0-1dd285491b7b, 5, 0, 405, 28, 26.09
2026/09/08 20:38:51.082, GPU-ecc6a1f9-42fe-2932-7ea0-1dd285491b7b, 5, 0, 405, 28, 26.09
2026/09/08 20:38:51.286, GPU-ecc6a1f9-42fe-2932-7ea0-1dd285491b7b, 5, 0, 405, 28, 25.85
2026/09/08 20:38:51.489, GPU-ecc6a1f9-42fe-2932-7ea0-1dd285491b7b, 5, 0, 405, 28, 26.09
2026/09/08 20:38:51.693, GPU-ecc6a1f9-42fe-2932-7ea0-1dd285491b7b, 5, 0, 405, 28, 26.09
2026/09/08 20:38:51.896, GPU-ecc6a1f9-42fe-2932-7ea0-1dd285491b7b, 5, 0, 405, 29, 26.09
2026/09/08 20:38:52.102, GPU-ecc6a1f9-42fe-2932-7ea0-1dd285491b7b, 5, 0, 405, 28, 26.09
2026/09/08 20:38:52.305, GPU-ecc6a1f9-42fe-2932-7ea0-1dd285491b7b, 5, 0, 405, 28, 26.09
2026/09/08 20:38:52.509, GPU-ecc6a1f9-42fe-2932-7ea0-1dd285491b7b, 5, 0, 405, 28, 25.85
2026/09/08 20:38:52.712, GPU-ecc6a1f9-42fe-2932-7ea0-1dd285491b7b, 5, 0, 405, 28, 26.09
2026/09/08 20:38:52.916, GPU-ecc6a1f9-42fe-2932-7ea0-1dd285491b7b, 5, 0, 405, 28, 26.09
2026/09/08 20:38:53.121, GPU-ecc6a1f9-42fe-2932-7ea0-1dd285491b7b, 5, 0, 405, 28, 26.09
2026/09/08 20:38:53.325, GPU-ecc6a1f9-42fe-2932-7ea0-1dd285491b7b, 5, 0, 405, 28, 25.85
2026/09/08 20:38:53.528, GPU-ecc6a1f9-42fe-2932-7ea0-1dd285491b7b, 5, 0, 405, 28, 26.09
2026/09/08 20:38:53.732, GPU-ecc6a1f9-42fe-2932-7ea0-1dd285491b7b, 5, 0, 405, 28, 26.09
2026/09/08 20:38:53.935, GPU-ecc6a1f9-42fe-2932-7ea0-1dd285491b7b, 5, 0, 405, 28, 25.85
2026/09/08 20:38:54.140, GPU-ecc6a1f9-42fe-2932-7ea0-1dd285491b7b, 5, 0, 405, 28, 25.85
2026/09/08 20:38:54.344, GPU-ecc6a1f9-42fe-2932-7ea0-1dd285491b7b, 5, 0, 405, 28, 25.85
2026/09/08 20:38:54.547, GPU-ecc6a1f9-42fe-2932-7ea0-1dd285491b7b, 5, 0, 405, 28, 25.85
2026/09/08 20:38:54.751, GPU-ecc6a1f9-42fe-2932-7ea0-1dd285491b7b, 5, 0, 405, 28, 26.09
2026/09/08 20:38:54.954, GPU-ecc6a1f9-42fe-2932-7ea0-1dd285491b7b, 5, 0, 405, 28, 26.09
2026/09/08 20:38:55.160, GPU-ecc6a1f9-42fe-2932-7ea0-1dd285491b7b, 5, 0, 405, 28, 25.85
2026/09/08 20:38:55.363, GPU-ecc6a1f9-42fe-2932-7ea0-1dd285491b7b, 5, 0, 405, 28, 25.85
2026/09/08 20:38:55.567, GPU-ecc6a1f9-42fe-2932-7ea0-1dd285491b7b, 5, 0, 405, 28, 25.85
2026/09/08 20:38:55.770, GPU-ecc6a1f9-42fe-2932-7ea0-1dd285491b7b, 5, 0, 405, 28, 26.09
2026/09/08 20:38:55.974, GPU-ecc6a1f9-42fe-2932-7ea0-1dd285491b7b, 5, 0, 405, 28, 25.85
2026/09/08 20:38:56.179, GPU-ecc6a1f9-42fe-2932-7ea0-1dd285491b7b, 5, 0, 405, 28, 25.85
2026/09/08 20:38:56.383, GPU-ecc6a1f9-42fe-2932-7ea0-1dd285491b7b, 5, 0, 405, 28, 26.09
2026/09/08 20:38:56.586, GPU-ecc6a1f9-42fe-2932-7ea0-1dd285491b7b, 5, 0, 405, 28, 26.09
2026/09/08 20:38:56.790, GPU-ecc6a1f9-42fe-2932-7ea0-1dd285491b7b, 5, 0, 405, 28, 25.85
2026/09/08 20:38:56.994, GPU-ecc6a1f9-42fe-2932-7ea0-1dd285491b7b, 5, 0, 405, 28, 26.09
2026/09/08 20:38:57.199, GPU-ecc6a1f9-42fe-2932-7ea0-1dd285491b7b, 5, 0, 405, 28, 25.85
2026/09/08 20:38:57.402, GPU-ecc6a1f9-42fe-2932-7ea0-1dd285491b7b, 5, 0, 405, 28, 26.09
2026/09/08 20:38:57.606, GPU-ecc6a1f9-42fe-2932-7ea0-1dd285491b7b, 5, 0, 405, 28, 25.85
2026/09/08 20:38:57.810, GPU-ecc6a1f9-42fe-2932-7ea0-1dd285491b7b, 5, 0, 405, 28, 25.85
2026/09/08 20:38:58.013, GPU-ecc6a1f9-42fe-2932-7ea0-1dd285491b7b, 5, 0, 405, 28, 25.85
2026/09/08 20:38:58.218, GPU-ecc6a1f9-42fe-2932-7ea0-1dd285491b7b, 5, 0, 405, 28, 25.85
2026/09/08 20:38:58.422, GPU-ecc6a1f9-42fe-2932-7ea0-1dd285491b7b, 5, 0, 405, 28, 25.85
2026/09/08 20:38:58.625, GPU-ecc6a1f9-42fe-2932-7ea0-1dd285491b7b, 5, 0, 405, 28, 26.09
2026/09/08 20:38:58.829, GPU-ecc6a1f9-42fe-2932-7ea0-1dd285491b7b, 5, 0, 405, 28, 25.85
2026/09/08 20:38:59.032, GPU-ecc6a1f9-42fe-2932-7ea0-1dd285491b7b, 5, 0, 405, 28, 25.85
2026/09/08 20:38:59.237, GPU-ecc6a1f9-42fe-2932-7ea0-1dd285491b7b, 5, 0, 405, 28, 25.85
2026/09/08 20:38:59.441, GPU-ecc6a1f9-42fe-2932-7ea0-1dd285491b7b, 5, 0, 405, 28, 25.85
2026/09/08 20:38:59.644, GPU-ecc6a1f9-42fe-2932-7ea0-1dd285491b7b, 5, 0, 405, 28, 26.09
2026/09/08 20:38:59.848, GPU-ecc6a1f9-42fe-2932-7ea0-1dd285491b7b, 5, 0, 405, 28, 25.85
2026/09/08 20:39:00.051, GPU-ecc6a1f9-42fe-2932-7ea0-1dd285491b7b, 5, 0, 405, 28, 25.85
2026/09/08 20:39:00.257, GPU-ecc6a1f9-42fe-2932-7ea0-1dd285491b7b, 5, 0, 405, 28, 26.09
2026/09/08 20:39:00.460, GPU-ecc6a1f9-42fe-2932-7ea0-1dd285491b7b, 5, 0, 405, 28, 26.09
2026/09/08 20:39:00.664, GPU-ecc6a1f9-42fe-2932-7ea0-1dd285491b7b, 5, 0, 405, 28, 26.09
2026/09/08 20:39:00.867, GPU-ecc6a1f9-42fe-2932-7ea0-1dd285491b7b, 5, 0, 405, 28, 25.85
2026/09/08 20:39:01.071, GPU-ecc6a1f9-42fe-2932-7ea0-1dd285491b7b, 5, 0, 405, 28, 25.85
2026/09/08 20:39:01.276, GPU-ecc6a1f9-42fe-2932-7ea0-1dd285491b7b, 5, 0, 405, 28, 26.09
2026/09/08 20:39:01.481, GPU-ecc6a1f9-42fe-2932-7ea0-1dd285491b7b, 5, 0, 405, 28, 26.09
2026/09/08 20:39:01.684, GPU-ecc6a1f9-42fe-2932-7ea0-1dd285491b7b, 5, 0, 405, 28, 26.09
2026/09/08 20:39:01.888, GPU-ecc6a1f9-42fe-2932-7ea0-1dd285491b7b, 5, 0, 405, 28, 26.09
2026/09/08 20:39:02.091, GPU-ecc6a1f9-42fe-2932-7ea0-1dd285491b7b, 5, 0, 405, 28, 26.09
2026/09/08 20:39:02.298, GPU-ecc6a1f9-42fe-2932-7ea0-1dd285491b7b, 5, 0, 405, 28, 26.09
2026/09/08 20:39:02.502, GPU-ecc6a1f9-42fe-2932-7ea0-1dd285491b7b, 5, 0, 405, 28, 26.09
2026/09/08 20:39:02.705, GPU-ecc6a1f9-42fe-2932-7ea0-1dd285491b7b, 5, 0, 405, 28, 26.09
2026/09/08 20:39:02.909, GPU-ecc6a1f9-42fe-2932-7ea0-1dd285491b7b, 5, 0, 405, 28, 26.09
2026/09/08 20:39:03.112, GPU-ecc6a1f9-42fe-2932-7ea0-1dd285491b7b, 5, 0, 405, 28, 26.09
2026/09/08 20:39:03.316, GPU-ecc6a1f9-42fe-2932-7ea0-1dd285491b7b, 5, 0, 405, 28, 26.09
2026/09/08 20:39:03.521, GPU-ecc6a1f9-42fe-2932-7ea0-1dd285491b7b, 5, 0, 405, 28, 25.85
2026/09/08 20:39:03.724, GPU-ecc6a1f9-42fe-2932-7ea0-1dd285491b7b, 5, 0, 405, 28, 26.09
2026/09/08 20:39:03.928, GPU-ecc6a1f9-42fe-2932-7ea0-1dd285491b7b, 5, 0, 405, 28, 26.09
2026/09/08 20:39:04.131, GPU-ecc6a1f9-42fe-2932-7ea0-1dd285491b7b, 5, 0, 405, 28, 26.09
2026/09/08 20:39:04.335, GPU-ecc6a1f9-42fe-2932-7ea0-1dd285491b7b, 5, 0, 405, 28, 26.09
2026/09/08 20:39:04.539, GPU-ecc6a1f9-42fe-2932-7ea0-1dd285491b7b, 5, 0, 405, 28, 26.09
2026/09/08 20:39:04.745, GPU-ecc6a1f9-42fe-2932-7ea0-1dd285491b7b, 5, 0, 405, 28, 26.09
2026/09/08 20:39:04.949, GPU-ecc6a1f9-42fe-2932-7ea0-1dd285491b7b, 5, 0, 405, 28, 25.85
2026/09/08 20:39:05.152, GPU-ecc6a1f9-42fe-2932-7ea0-1dd285491b7b, 5, 0, 405, 28, 26.09
2026/09/08 20:39:05.356, GPU-ecc6a1f9-42fe-2932-7ea0-1dd285491b7b, 5, 0, 405, 28, 26.09
2026/09/08 20:39:05.559, GPU-ecc6a1f9-42fe-2932-7ea0-1dd285491b7b, 5, 0, 405, 28, 26.09
2026/09/08 20:39:05.766, GPU-ecc6a1f9-42fe-2932-7ea0-1dd285491b7b, 5, 0, 405, 28, 26.09
2026/09/08 20:39:05.969, GPU-ecc6a1f9-42fe-2932-7ea0-1dd285491b7b, 5, 0, 405, 28, 26.09
2026/09/08 20:39:06.173, GPU-ecc6a1f9-42fe-2932-7ea0-1dd285491b7b, 5, 0, 405, 28, 26.09
2026/09/08 20:39:06.376, GPU-ecc6a1f9-42fe-2932-7ea0-1dd285491b7b, 5, 0, 405, 28, 26.09
2026/09/08 20:39:06.580, GPU-ecc6a1f9-42fe-2932-7ea0-1dd285491b7b, 5, 0, 405, 28, 26.09
2026/09/08 20:39:06.786, GPU-ecc6a1f9-42fe-2932-7ea0-1dd285491b7b, 5, 0, 405, 28, 26.09
2026/09/08 20:39:06.989, GPU-ecc6a1f9-42fe-2932-7ea0-1dd285491b7b, 5, 0, 405, 28, 25.85
2026/09/08 20:39:07.193, GPU-ecc6a1f9-42fe-2932-7ea0-1dd285491b7b, 5, 0, 405, 28, 26.09
2026/09/08 20:39:07.396, GPU-ecc6a1f9-42fe-2932-7ea0-1dd285491b7b, 5, 0, 405, 28, 26.09
2026/09/08 20:39:07.600, GPU-ecc6a1f9-42fe-2932-7ea0-1dd285491b7b, 5, 0, 405, 28, 26.09
2026/09/08 20:39:07.805, GPU-ecc6a1f9-42fe-2932-7ea0-1dd285491b7b, 5, 0, 405, 28, 26.09
2026/09/08 20:39:08.009, GPU-ecc6a1f9-42fe-2932-7ea0-1dd285491b7b, 5, 0, 405, 28, 26.09
2026/09/08 20:39:08.212, GPU-ecc6a1f9-42fe-2932-7ea0-1dd285491b7b, 5, 0, 405, 28, 26.09
2026/09/08 20:39:08.416, GPU-ecc6a1f9-42fe-2932-7ea0-1dd285491b7b, 5, 0, 405, 28, 26.09
2026/09/08 20:39:08.619, GPU-ecc6a1f9-42fe-2932-7ea0-1dd285491b7b, 5, 0, 405, 28, 26.09
2026/09/08 20:39:08.825, GPU-ecc6a1f9-42fe-2932-7ea0-1dd285491b7b, 5, 0, 405, 28, 26.09
2026/09/08 20:39:09.028, GPU-ecc6a1f9-42fe-2932-7ea0-1dd285491b7b, 5, 0, 405, 28, 26.09
2026/09/08 20:39:09.232, GPU-ecc6a1f9-42fe-2932-7ea0-1dd285491b7b, 5, 0, 405, 28, 25.85
2026/09/08 20:39:09.435, GPU-ecc6a1f9-42fe-2932-7ea0-1dd285491b7b, 5, 0, 405, 28, 25.85
2026/09/08 20:39:09.639, GPU-ecc6a1f9-42fe-2932-7ea0-1dd285491b7b, 5, 0, 405, 28, 25.85
2026/09/08 20:39:09.844, GPU-ecc6a1f9-42fe-2932-7ea0-1dd285491b7b, 5, 0, 405, 28, 25.85
2026/09/08 20:39:10.047, GPU-ecc6a1f9-42fe-2932-7ea0-1dd285491b7b, 5, 0, 405, 28, 26.09
2026/09/08 20:39:10.251, GPU-ecc6a1f9-42fe-2932-7ea0-1dd285491b7b, 5, 0, 405, 28, 26.09
2026/09/08 20:39:10.455, GPU-ecc6a1f9-42fe-2932-7ea0-1dd285491b7b, 5, 0, 405, 28, 26.09
2026/09/08 20:39:10.658, GPU-ecc6a1f9-42fe-2932-7ea0-1dd285491b7b, 5, 0, 405, 28, 26.09
2026/09/08 20:39:10.863, GPU-ecc6a1f9-42fe-2932-7ea0-1dd285491b7b, 5, 0, 405, 28, 25.85
2026/09/08 20:39:11.067, GPU-ecc6a1f9-42fe-2932-7ea0-1dd285491b7b, 5, 0, 405, 28, 26.09
2026/09/08 20:39:11.271, GPU-ecc6a1f9-42fe-2932-7ea0-1dd285491b7b, 5, 0, 405, 28, 25.85
2026/09/08 20:39:11.474, GPU-ecc6a1f9-42fe-2932-7ea0-1dd285491b7b, 5, 0, 405, 28, 26.09
2026/09/08 20:39:11.678, GPU-ecc6a1f9-42fe-2932-7ea0-1dd285491b7b, 5, 0, 405, 28, 25.85
2026/09/08 20:39:11.883, GPU-ecc6a1f9-42fe-2932-7ea0-1dd285491b7b, 5, 0, 405, 28, 26.09
2026/09/08 20:39:12.086, GPU-ecc6a1f9-42fe-2932-7ea0-1dd285491b7b, 5, 0, 405, 28, 26.09
2026/09/08 20:39:12.290, GPU-ecc6a1f9-42fe-2932-7ea0-1dd285491b7b, 5, 0, 405, 28, 25.85
2026/09/08 20:39:12.493, GPU-ecc6a1f9-42fe-2932-7ea0-1dd285491b7b, 5, 0, 405, 28, 26.09
2026/09/08 20:39:12.697, GPU-ecc6a1f9-42fe-2932-7ea0-1dd285491b7b, 5, 0, 405, 28, 26.09
2026/09/08 20:39:12.902, GPU-ecc6a1f9-42fe-2932-7ea0-1dd285491b7b, 5, 0, 405, 28, 25.85
2026/09/08 20:39:13.106, GPU-ecc6a1f9-42fe-2932-7ea0-1dd285491b7b, 5, 0, 405, 28, 25.85
2026/09/08 20:39:13.309, GPU-ecc6a1f9-42fe-2932-7ea0-1dd285491b7b, 5, 0, 405, 28, 25.85
2026/09/08 20:39:13.513, GPU-ecc6a1f9-42fe-2932-7ea0-1dd285491b7b, 5, 0, 405, 28, 26.09
2026/09/08 20:39:13.716, GPU-ecc6a1f9-42fe-2932-7ea0-1dd285491b7b, 5, 0, 405, 28, 26.09
2026/09/08 20:39:13.922, GPU-ecc6a1f9-42fe-2932-7ea0-1dd285491b7b, 5, 0, 405, 28, 25.85
2026/09/08 20:39:14.125, GPU-ecc6a1f9-42fe-2932-7ea0-1dd285491b7b, 5, 0, 405, 28, 25.85
2026/09/08 20:39:14.329, GPU-ecc6a1f9-42fe-2932-7ea0-1dd285491b7b, 5, 0, 405, 28, 25.85
2026/09/08 20:39:14.532, GPU-ecc6a1f9-42fe-2932-7ea0-1dd285491b7b, 5, 0, 405, 28, 25.85
2026/09/08 20:39:14.736, GPU-ecc6a1f9-42fe-2932-7ea0-1dd285491b7b, 5, 0, 405, 28, 26.09
2026/09/08 20:39:14.941, GPU-ecc6a1f9-42fe-2932-7ea0-1dd285491b7b, 5, 0, 405, 28, 26.09
2026/09/08 20:39:15.145, GPU-ecc6a1f9-42fe-2932-7ea0-1dd285491b7b, 5, 0, 405, 28, 26.09
2026/09/08 20:39:15.348, GPU-ecc6a1f9-42fe-2932-7ea0-1dd285491b7b, 5, 0, 405, 28, 26.09
2026/09/08 20:39:15.552, GPU-ecc6a1f9-42fe-2932-7ea0-1dd285491b7b, 5, 0, 405, 28, 25.85
2026/09/08 20:39:15.755, GPU-ecc6a1f9-42fe-2932-7ea0-1dd285491b7b, 5, 0, 405, 28, 26.09
2026/09/08 20:39:15.960, GPU-ecc6a1f9-42fe-2932-7ea0-1dd285491b7b, 5, 0, 405, 28, 26.09
2026/09/08 20:39:16.164, GPU-ecc6a1f9-42fe-2932-7ea0-1dd285491b7b, 5, 0, 405, 28, 25.85
2026/09/08 20:39:16.367, GPU-ecc6a1f9-42fe-2932-7ea0-1dd285491b7b, 5, 0, 405, 28, 26.09
2026/09/08 20:39:16.571, GPU-ecc6a1f9-42fe-2932-7ea0-1dd285491b7b, 5, 0, 405, 28, 26.09
2026/09/08 20:39:16.774, GPU-ecc6a1f9-42fe-2932-7ea0-1dd285491b7b, 5, 0, 405, 28, 26.09
2026/09/08 20:39:16.981, GPU-ecc6a1f9-42fe-2932-7ea0-1dd285491b7b, 5, 0, 405, 28, 25.85
2026/09/08 20:39:17.184, GPU-ecc6a1f9-42fe-2932-7ea0-1dd285491b7b, 7, 0, 405, 28, 26.09
2026/09/08 20:39:17.388, GPU-ecc6a1f9-42fe-2932-7ea0-1dd285491b7b, 7, 0, 405, 28, 26.09
2026/09/08 20:39:17.591, GPU-ecc6a1f9-42fe-2932-7ea0-1dd285491b7b, 481, 0, 1189, 28, 31.68
2026/09/08 20:39:17.795, GPU-ecc6a1f9-42fe-2932-7ea0-1dd285491b7b, 493, 37, 1189, 29, 118.27
2026/09/08 20:39:17.999, GPU-ecc6a1f9-42fe-2932-7ea0-1dd285491b7b, 493, 100, 1328, 30, 137.74
2026/09/08 20:39:18.210, GPU-ecc6a1f9-42fe-2932-7ea0-1dd285491b7b, 493, 100, 1328, 30, 141.60
2026/09/08 20:39:18.413, GPU-ecc6a1f9-42fe-2932-7ea0-1dd285491b7b, 493, 100, 1328, 30, 139.92
2026/09/08 20:39:18.616, GPU-ecc6a1f9-42fe-2932-7ea0-1dd285491b7b, 493, 100, 1328, 31, 141.62
2026/09/08 20:39:18.821, GPU-ecc6a1f9-42fe-2932-7ea0-1dd285491b7b, 493, 100, 1328, 31, 114.95
2026/09/08 20:39:19.025, GPU-ecc6a1f9-42fe-2932-7ea0-1dd285491b7b, 493, 66, 1328, 31, 117.14
2026/09/08 20:39:19.228, GPU-ecc6a1f9-42fe-2932-7ea0-1dd285491b7b, 493, 100, 1328, 31, 117.14
2026/09/08 20:39:19.432, GPU-ecc6a1f9-42fe-2932-7ea0-1dd285491b7b, 493, 100, 1328, 30, 37.29
2026/09/08 20:39:19.635, GPU-ecc6a1f9-42fe-2932-7ea0-1dd285491b7b, 591, 42, 1328, 30, 48.46
2026/09/08 20:39:19.841, GPU-ecc6a1f9-42fe-2932-7ea0-1dd285491b7b, 591, 9, 1328, 30, 94.39
2026/09/08 20:39:20.044, GPU-ecc6a1f9-42fe-2932-7ea0-1dd285491b7b, 591, 100, 1328, 31, 142.09
2026/09/08 20:39:20.248, GPU-ecc6a1f9-42fe-2932-7ea0-1dd285491b7b, 591, 100, 1328, 31, 141.12
2026/09/08 20:39:20.451, GPU-ecc6a1f9-42fe-2932-7ea0-1dd285491b7b, 591, 100, 1328, 31, 141.38
2026/09/08 20:39:20.655, GPU-ecc6a1f9-42fe-2932-7ea0-1dd285491b7b, 591, 100, 1328, 32, 141.85
2026/09/08 20:39:20.860, GPU-ecc6a1f9-42fe-2932-7ea0-1dd285491b7b, 591, 100, 1328, 32, 140.88
2026/09/08 20:39:21.063, GPU-ecc6a1f9-42fe-2932-7ea0-1dd285491b7b, 591, 100, 1328, 32, 45.54
2026/09/08 20:39:21.267, GPU-ecc6a1f9-42fe-2932-7ea0-1dd285491b7b, 591, 88, 1328, 32, 116.89
2026/09/08 20:39:21.470, GPU-ecc6a1f9-42fe-2932-7ea0-1dd285491b7b, 591, 100, 1328, 32, 73.17
2026/09/08 20:39:21.674, GPU-ecc6a1f9-42fe-2932-7ea0-1dd285491b7b, 591, 71, 1328, 31, 94.46
2026/09/08 20:39:21.881, GPU-ecc6a1f9-42fe-2932-7ea0-1dd285491b7b, 591, 96, 1328, 32, 124.09
2026/09/08 20:39:22.084, GPU-ecc6a1f9-42fe-2932-7ea0-1dd285491b7b, 591, 100, 1328, 32, 124.57
2026/09/08 20:39:22.288, GPU-ecc6a1f9-42fe-2932-7ea0-1dd285491b7b, 591, 100, 1328, 32, 124.33
2026/09/08 20:39:22.491, GPU-ecc6a1f9-42fe-2932-7ea0-1dd285491b7b, 591, 100, 1328, 32, 39.24
2026/09/08 20:39:22.695, GPU-ecc6a1f9-42fe-2932-7ea0-1dd285491b7b, 591, 100, 1328, 32, 122.39
2026/09/08 20:39:22.899, GPU-ecc6a1f9-42fe-2932-7ea0-1dd285491b7b, 591, 100, 1328, 32, 72.21
2026/09/08 20:39:23.102, GPU-ecc6a1f9-42fe-2932-7ea0-1dd285491b7b, 591, 83, 1328, 32, 121.91
2026/09/08 20:39:23.306, GPU-ecc6a1f9-42fe-2932-7ea0-1dd285491b7b, 591, 100, 1328, 33, 125.54
2026/09/08 20:39:23.510, GPU-ecc6a1f9-42fe-2932-7ea0-1dd285491b7b, 591, 100, 1328, 33, 125.30
2026/09/08 20:39:23.713, GPU-ecc6a1f9-42fe-2932-7ea0-1dd285491b7b, 591, 100, 1328, 33, 123.60
2026/09/08 20:39:23.918, GPU-ecc6a1f9-42fe-2932-7ea0-1dd285491b7b, 591, 100, 1328, 32, 117.14
2026/09/08 20:39:24.122, GPU-ecc6a1f9-42fe-2932-7ea0-1dd285491b7b, 591, 88, 1328, 33, 124.09
2026/09/08 20:39:24.325, GPU-ecc6a1f9-42fe-2932-7ea0-1dd285491b7b, 591, 100, 1328, 32, 47.22
2026/09/08 20:39:24.529, GPU-ecc6a1f9-42fe-2932-7ea0-1dd285491b7b, 591, 100, 1328, 33, 142.57
2026/09/08 20:39:24.732, GPU-ecc6a1f9-42fe-2932-7ea0-1dd285491b7b, 591, 100, 1328, 33, 140.89
2026/09/08 20:39:24.938, GPU-ecc6a1f9-42fe-2932-7ea0-1dd285491b7b, 591, 100, 1328, 33, 142.09
2026/09/08 20:39:25.141, GPU-ecc6a1f9-42fe-2932-7ea0-1dd285491b7b, 591, 100, 1328, 33, 142.33
2026/09/08 20:39:25.345, GPU-ecc6a1f9-42fe-2932-7ea0-1dd285491b7b, 591, 100, 1328, 33, 141.86
2026/09/08 20:39:25.548, GPU-ecc6a1f9-42fe-2932-7ea0-1dd285491b7b, 591, 100, 1328, 33, 69.09
2026/09/08 20:39:25.751, GPU-ecc6a1f9-42fe-2932-7ea0-1dd285491b7b, 591, 96, 1328, 33, 117.14
2026/09/08 20:39:25.957, GPU-ecc6a1f9-42fe-2932-7ea0-1dd285491b7b, 591, 100, 1328, 33, 74.63
2026/09/08 20:39:26.161, GPU-ecc6a1f9-42fe-2932-7ea0-1dd285491b7b, 591, 100, 1328, 33, 126.51
2026/09/08 20:39:26.364, GPU-ecc6a1f9-42fe-2932-7ea0-1dd285491b7b, 591, 100, 1328, 34, 125.30
2026/09/08 20:39:26.567, GPU-ecc6a1f9-42fe-2932-7ea0-1dd285491b7b, 591, 100, 1328, 34, 124.33
2026/09/08 20:39:26.771, GPU-ecc6a1f9-42fe-2932-7ea0-1dd285491b7b, 591, 100, 1328, 34, 116.89
2026/09/08 20:39:26.977, GPU-ecc6a1f9-42fe-2932-7ea0-1dd285491b7b, 591, 100, 1328, 33, 124.09
2026/09/08 20:39:27.181, GPU-ecc6a1f9-42fe-2932-7ea0-1dd285491b7b, 591, 91, 1328, 34, 123.85
2026/09/08 20:39:27.385, GPU-ecc6a1f9-42fe-2932-7ea0-1dd285491b7b, 591, 100, 1328, 33, 89.84
2026/09/08 20:39:27.588, GPU-ecc6a1f9-42fe-2932-7ea0-1dd285491b7b, 591, 96, 1328, 34, 124.57
2026/09/08 20:39:27.792, GPU-ecc6a1f9-42fe-2932-7ea0-1dd285491b7b, 591, 100, 1328, 34, 125.54
2026/09/08 20:39:27.998, GPU-ecc6a1f9-42fe-2932-7ea0-1dd285491b7b, 591, 100, 1328, 34, 125.30
2026/09/08 20:39:28.201, GPU-ecc6a1f9-42fe-2932-7ea0-1dd285491b7b, 591, 100, 1328, 34, 78.72
2026/09/08 20:39:28.405, GPU-ecc6a1f9-42fe-2932-7ea0-1dd285491b7b, 591, 96, 1328, 34, 123.85
2026/09/08 20:39:28.608, GPU-ecc6a1f9-42fe-2932-7ea0-1dd285491b7b, 591, 100, 1328, 34, 75.60
2026/09/08 20:39:28.812, GPU-ecc6a1f9-42fe-2932-7ea0-1dd285491b7b, 5, 93, 1328, 33, 37.77
2026/09/08 20:39:29.026, GPU-ecc6a1f9-42fe-2932-7ea0-1dd285491b7b, 5, 6, 1328, 33, 37.04
2026/09/08 20:39:29.229, GPU-ecc6a1f9-42fe-2932-7ea0-1dd285491b7b, 5, 0, 1328, 32, 37.04
2026/09/08 20:39:29.433, GPU-ecc6a1f9-42fe-2932-7ea0-1dd285491b7b, 5, 0, 1328, 32, 37.04
2026/09/08 20:39:29.636, GPU-ecc6a1f9-42fe-2932-7ea0-1dd285491b7b, 5, 0, 1328, 32, 36.80
2026/09/08 20:39:29.840, GPU-ecc6a1f9-42fe-2932-7ea0-1dd285491b7b, 5, 0, 1328, 32, 36.80
2026/09/08 20:39:30.045, GPU-ecc6a1f9-42fe-2932-7ea0-1dd285491b7b, 5, 0, 1328, 32, 36.31
2026/09/08 20:39:30.248, GPU-ecc6a1f9-42fe-2932-7ea0-1dd285491b7b, 5, 0, 1328, 32, 36.56
2026/09/08 20:39:30.451, GPU-ecc6a1f9-42fe-2932-7ea0-1dd285491b7b, 5, 0, 1328, 32, 36.56
2026/09/08 20:39:30.655, GPU-ecc6a1f9-42fe-2932-7ea0-1dd285491b7b, 5, 0, 1328, 32, 36.56
2026/09/08 20:39:30.858, GPU-ecc6a1f9-42fe-2932-7ea0-1dd285491b7b, 5, 0, 1328, 32, 36.31
2026/09/08 20:39:31.065, GPU-ecc6a1f9-42fe-2932-7ea0-1dd285491b7b, 5, 0, 1328, 32, 36.56
2026/09/08 20:39:31.268, GPU-ecc6a1f9-42fe-2932-7ea0-1dd285491b7b, 5, 0, 1328, 32, 36.56
2026/09/08 20:39:31.472, GPU-ecc6a1f9-42fe-2932-7ea0-1dd285491b7b, 5, 0, 455, 32, 27.31
2026/09/08 20:39:31.675, GPU-ecc6a1f9-42fe-2932-7ea0-1dd285491b7b, 5, 0, 455, 31, 27.31
2026/09/08 20:39:31.879, GPU-ecc6a1f9-42fe-2932-7ea0-1dd285491b7b, 5, 0, 455, 31, 27.31
2026/09/08 20:39:32.082, GPU-ecc6a1f9-42fe-2932-7ea0-1dd285491b7b, 5, 0, 455, 31, 27.07
2026/09/08 20:39:32.287, GPU-ecc6a1f9-42fe-2932-7ea0-1dd285491b7b, 5, 0, 455, 31, 27.31
2026/09/08 20:39:32.490, GPU-ecc6a1f9-42fe-2932-7ea0-1dd285491b7b, 5, 0, 455, 31, 27.31
2026/09/08 20:39:32.694, GPU-ecc6a1f9-42fe-2932-7ea0-1dd285491b7b, 5, 0, 455, 31, 27.07
2026/09/08 20:39:32.898, GPU-ecc6a1f9-42fe-2932-7ea0-1dd285491b7b, 5, 0, 455, 31, 27.07
2026/09/08 20:39:33.101, GPU-ecc6a1f9-42fe-2932-7ea0-1dd285491b7b, 5, 0, 455, 31, 27.07
2026/09/08 20:39:33.306, GPU-ecc6a1f9-42fe-2932-7ea0-1dd285491b7b, 5, 0, 455, 31, 27.07
2026/09/08 20:39:33.509, GPU-ecc6a1f9-42fe-2932-7ea0-1dd285491b7b, 5, 0, 455, 31, 27.07
2026/09/08 20:39:33.713, GPU-ecc6a1f9-42fe-2932-7ea0-1dd285491b7b, 5, 0, 455, 31, 27.07
2026/09/08 20:39:33.917, GPU-ecc6a1f9-42fe-2932-7ea0-1dd285491b7b, 5, 0, 455, 31, 27.07
2026/09/08 20:39:34.120, GPU-ecc6a1f9-42fe-2932-7ea0-1dd285491b7b, 5, 0, 405, 31, 26.58
2026/09/08 20:39:34.325, GPU-ecc6a1f9-42fe-2932-7ea0-1dd285491b7b, 5, 0, 405, 31, 26.58
2026/09/08 20:39:34.528, GPU-ecc6a1f9-42fe-2932-7ea0-1dd285491b7b, 5, 0, 405, 31, 26.58
2026/09/08 20:39:34.732, GPU-ecc6a1f9-42fe-2932-7ea0-1dd285491b7b, 5, 0, 405, 31, 26.58
2026/09/08 20:39:34.935, GPU-ecc6a1f9-42fe-2932-7ea0-1dd285491b7b, 5, 0, 405, 31, 26.58
2026/09/08 20:39:35.139, GPU-ecc6a1f9-42fe-2932-7ea0-1dd285491b7b, 5, 0, 405, 31, 26.58
2026/09/08 20:39:35.344, GPU-ecc6a1f9-42fe-2932-7ea0-1dd285491b7b, 5, 0, 405, 31, 26.58
2026/09/08 20:39:35.548, GPU-ecc6a1f9-42fe-2932-7ea0-1dd285491b7b, 5, 0, 405, 31, 26.58
2026/09/08 20:39:35.751, GPU-ecc6a1f9-42fe-2932-7ea0-1dd285491b7b, 5, 0, 405, 31, 26.58
2026/09/08 20:39:35.955, GPU-ecc6a1f9-42fe-2932-7ea0-1dd285491b7b, 5, 0, 405, 31, 26.34
2026/09/08 20:39:36.158, GPU-ecc6a1f9-42fe-2932-7ea0-1dd285491b7b, 5, 0, 405, 31, 26.58
2026/09/08 20:39:36.364, GPU-ecc6a1f9-42fe-2932-7ea0-1dd285491b7b, 5, 0, 405, 31, 26.58
2026/09/08 20:39:36.567, GPU-ecc6a1f9-42fe-2932-7ea0-1dd285491b7b, 5, 0, 405, 31, 26.58
2026/09/08 20:39:36.771, GPU-ecc6a1f9-42fe-2932-7ea0-1dd285491b7b, 5, 0, 405, 31, 26.58
2026/09/08 20:39:36.974, GPU-ecc6a1f9-42fe-2932-7ea0-1dd285491b7b, 5, 0, 405, 31, 26.58
2026/09/08 20:39:37.178, GPU-ecc6a1f9-42fe-2932-7ea0-1dd285491b7b, 5, 0, 405, 31, 26.58
2026/09/08 20:39:37.383, GPU-ecc6a1f9-42fe-2932-7ea0-1dd285491b7b, 5, 0, 405, 31, 26.58
2026/09/08 20:39:37.587, GPU-ecc6a1f9-42fe-2932-7ea0-1dd285491b7b, 5, 0, 405, 31, 26.58
2026/09/08 20:39:37.790, GPU-ecc6a1f9-42fe-2932-7ea0-1dd285491b7b, 5, 0, 405, 31, 26.58
2026/09/08 20:39:37.994, GPU-ecc6a1f9-42fe-2932-7ea0-1dd285491b7b, 5, 0, 405, 31, 26.58
2026/09/08 20:39:38.197, GPU-ecc6a1f9-42fe-2932-7ea0-1dd285491b7b, 5, 0, 405, 31, 26.58
2026/09/08 20:39:38.402, GPU-ecc6a1f9-42fe-2932-7ea0-1dd285491b7b, 5, 0, 405, 31, 26.58
2026/09/08 20:39:38.606, GPU-ecc6a1f9-42fe-2932-7ea0-1dd285491b7b, 5, 0, 405, 31, 26.58
2026/09/08 20:39:38.810, GPU-ecc6a1f9-42fe-2932-7ea0-1dd285491b7b, 5, 0, 405, 31, 26.34
2026/09/08 20:39:39.013, GPU-ecc6a1f9-42fe-2932-7ea0-1dd285491b7b, 5, 0, 405, 31, 26.58
2026/09/08 20:39:39.217, GPU-ecc6a1f9-42fe-2932-7ea0-1dd285491b7b, 5, 0, 405, 31, 26.58
2026/09/08 20:39:39.422, GPU-ecc6a1f9-42fe-2932-7ea0-1dd285491b7b, 5, 0, 405, 31, 26.58
2026/09/08 20:39:39.626, GPU-ecc6a1f9-42fe-2932-7ea0-1dd285491b7b, 5, 0, 405, 31, 26.58
2026/09/08 20:39:39.829, GPU-ecc6a1f9-42fe-2932-7ea0-1dd285491b7b, 5, 0, 405, 31, 26.58
2026/09/08 20:39:40.033, GPU-ecc6a1f9-42fe-2932-7ea0-1dd285491b7b, 5, 0, 405, 30, 26.58
2026/09/08 20:39:40.236, GPU-ecc6a1f9-42fe-2932-7ea0-1dd285491b7b, 5, 0, 405, 30, 26.58
2026/09/08 20:39:40.440, GPU-ecc6a1f9-42fe-2932-7ea0-1dd285491b7b, 5, 0, 405, 30, 26.58
2026/09/08 20:39:40.645, GPU-ecc6a1f9-42fe-2932-7ea0-1dd285491b7b, 5, 0, 405, 31, 26.58
2026/09/08 20:39:40.849, GPU-ecc6a1f9-42fe-2932-7ea0-1dd285491b7b, 5, 0, 405, 30, 26.58
2026/09/08 20:39:41.052, GPU-ecc6a1f9-42fe-2932-7ea0-1dd285491b7b, 5, 0, 405, 30, 26.58
2026/09/08 20:39:41.256, GPU-ecc6a1f9-42fe-2932-7ea0-1dd285491b7b, 5, 0, 405, 30, 26.58
2026/09/08 20:39:41.459, GPU-ecc6a1f9-42fe-2932-7ea0-1dd285491b7b, 5, 0, 405, 30, 26.58
2026/09/08 20:39:41.663, GPU-ecc6a1f9-42fe-2932-7ea0-1dd285491b7b, 5, 0, 405, 30, 26.58
2026/09/08 20:39:41.870, GPU-ecc6a1f9-42fe-2932-7ea0-1dd285491b7b, 5, 0, 405, 30, 26.58
2026/09/08 20:39:42.073, GPU-ecc6a1f9-42fe-2932-7ea0-1dd285491b7b, 5, 0, 405, 30, 26.58
2026/09/08 20:39:42.277, GPU-ecc6a1f9-42fe-2932-7ea0-1dd285491b7b, 5, 0, 405, 30, 26.58
2026/09/08 20:39:42.481, GPU-ecc6a1f9-42fe-2932-7ea0-1dd285491b7b, 5, 0, 405, 30, 26.58
2026/09/08 20:39:42.684, GPU-ecc6a1f9-42fe-2932-7ea0-1dd285491b7b, 5, 0, 405, 30, 26.58
2026/09/08 20:39:42.890, GPU-ecc6a1f9-42fe-2932-7ea0-1dd285491b7b, 5, 0, 405, 30, 26.58
2026/09/08 20:39:43.094, GPU-ecc6a1f9-42fe-2932-7ea0-1dd285491b7b, 5, 0, 405, 30, 26.58
2026/09/08 20:39:43.297, GPU-ecc6a1f9-42fe-2932-7ea0-1dd285491b7b, 5, 0, 405, 30, 26.58
2026/09/08 20:39:43.501, GPU-ecc6a1f9-42fe-2932-7ea0-1dd285491b7b, 5, 0, 405, 30, 26.34
2026/09/08 20:39:43.704, GPU-ecc6a1f9-42fe-2932-7ea0-1dd285491b7b, 5, 0, 405, 30, 26.34
2026/09/08 20:39:43.910, GPU-ecc6a1f9-42fe-2932-7ea0-1dd285491b7b, 5, 0, 405, 30, 26.58
2026/09/08 20:39:44.113, GPU-ecc6a1f9-42fe-2932-7ea0-1dd285491b7b, 5, 0, 405, 30, 26.34
2026/09/08 20:39:44.317, GPU-ecc6a1f9-42fe-2932-7ea0-1dd285491b7b, 5, 0, 405, 30, 26.58
2026/09/08 20:39:44.520, GPU-ecc6a1f9-42fe-2932-7ea0-1dd285491b7b, 5, 0, 405, 30, 26.58
2026/09/08 20:39:44.724, GPU-ecc6a1f9-42fe-2932-7ea0-1dd285491b7b, 5, 0, 405, 30, 26.58
2026/09/08 20:39:44.929, GPU-ecc6a1f9-42fe-2932-7ea0-1dd285491b7b, 5, 0, 405, 30, 26.58
2026/09/08 20:39:45.133, GPU-ecc6a1f9-42fe-2932-7ea0-1dd285491b7b, 5, 0, 405, 30, 26.34
2026/09/08 20:39:45.336, GPU-ecc6a1f9-42fe-2932-7ea0-1dd285491b7b, 5, 0, 405, 30, 26.34
2026/09/08 20:39:45.540, GPU-ecc6a1f9-42fe-2932-7ea0-1dd285491b7b, 5, 0, 405, 30, 26.34
2026/09/08 20:39:45.743, GPU-ecc6a1f9-42fe-2932-7ea0-1dd285491b7b, 5, 0, 405, 30, 26.34
2026/09/08 20:39:45.949, GPU-ecc6a1f9-42fe-2932-7ea0-1dd285491b7b, 5, 0, 405, 30, 26.58
2026/09/08 20:39:46.152, GPU-ecc6a1f9-42fe-2932-7ea0-1dd285491b7b, 5, 0, 405, 30, 26.34
2026/09/08 20:39:46.356, GPU-ecc6a1f9-42fe-2932-7ea0-1dd285491b7b, 5, 0, 405, 30, 26.34
2026/09/08 20:39:46.559, GPU-ecc6a1f9-42fe-2932-7ea0-1dd285491b7b, 5, 0, 405, 30, 26.58
2026/09/08 20:39:46.763, GPU-ecc6a1f9-42fe-2932-7ea0-1dd285491b7b, 5, 0, 405, 30, 26.34
2026/09/08 20:39:46.968, GPU-ecc6a1f9-42fe-2932-7ea0-1dd285491b7b, 5, 0, 405, 30, 26.34
2026/09/08 20:39:47.172, GPU-ecc6a1f9-42fe-2932-7ea0-1dd285491b7b, 5, 0, 405, 30, 26.34
2026/09/08 20:39:47.375, GPU-ecc6a1f9-42fe-2932-7ea0-1dd285491b7b, 5, 0, 405, 30, 26.34
2026/09/08 20:39:47.579, GPU-ecc6a1f9-42fe-2932-7ea0-1dd285491b7b, 5, 0, 405, 30, 26.34
2026/09/08 20:39:47.782, GPU-ecc6a1f9-42fe-2932-7ea0-1dd285491b7b, 5, 0, 405, 30, 26.34
2026/09/08 20:39:47.988, GPU-ecc6a1f9-42fe-2932-7ea0-1dd285491b7b, 5, 0, 405, 30, 26.34
2026/09/08 20:39:48.191, GPU-ecc6a1f9-42fe-2932-7ea0-1dd285491b7b, 5, 0, 405, 30, 26.34
2026/09/08 20:39:48.395, GPU-ecc6a1f9-42fe-2932-7ea0-1dd285491b7b, 5, 0, 405, 30, 26.34
2026/09/08 20:39:48.598, GPU-ecc6a1f9-42fe-2932-7ea0-1dd285491b7b, 5, 0, 405, 30, 26.34
2026/09/08 20:39:48.802, GPU-ecc6a1f9-42fe-2932-7ea0-1dd285491b7b, 5, 0, 405, 30, 26.34
2026/09/08 20:39:49.007, GPU-ecc6a1f9-42fe-2932-7ea0-1dd285491b7b, 5, 0, 405, 30, 26.34
2026/09/08 20:39:49.211, GPU-ecc6a1f9-42fe-2932-7ea0-1dd285491b7b, 5, 0, 405, 30, 26.34
2026/09/08 20:39:49.414, GPU-ecc6a1f9-42fe-2932-7ea0-1dd285491b7b, 5, 0, 405, 30, 26.34
2026/09/08 20:39:49.618, GPU-ecc6a1f9-42fe-2932-7ea0-1dd285491b7b, 5, 0, 405, 30, 26.34
2026/09/08 20:39:49.822, GPU-ecc6a1f9-42fe-2932-7ea0-1dd285491b7b, 5, 0, 405, 30, 26.34
2026/09/08 20:39:50.028, GPU-ecc6a1f9-42fe-2932-7ea0-1dd285491b7b, 5, 0, 405, 30, 26.34
2026/09/08 20:39:50.231, GPU-ecc6a1f9-42fe-2932-7ea0-1dd285491b7b, 5, 0, 405, 30, 26.34
2026/09/08 20:39:50.435, GPU-ecc6a1f9-42fe-2932-7ea0-1dd285491b7b, 5, 0, 405, 30, 26.34
2026/09/08 20:39:50.638, GPU-ecc6a1f9-42fe-2932-7ea0-1dd285491b7b, 5, 0, 405, 30, 26.34
2026/09/08 20:39:50.842, GPU-ecc6a1f9-42fe-2932-7ea0-1dd285491b7b, 5, 0, 405, 30, 26.34
2026/09/08 20:39:51.047, GPU-ecc6a1f9-42fe-2932-7ea0-1dd285491b7b, 5, 0, 405, 30, 26.34
2026/09/08 20:39:51.251, GPU-ecc6a1f9-42fe-2932-7ea0-1dd285491b7b, 5, 0, 405, 30, 26.34
2026/09/08 20:39:51.454, GPU-ecc6a1f9-42fe-2932-7ea0-1dd285491b7b, 5, 0, 405, 30, 26.34
2026/09/08 20:39:51.658, GPU-ecc6a1f9-42fe-2932-7ea0-1dd285491b7b, 5, 0, 405, 30, 26.34
2026/09/08 20:39:51.861, GPU-ecc6a1f9-42fe-2932-7ea0-1dd285491b7b, 5, 0, 405, 30, 26.34
2026/09/08 20:39:52.067, GPU-ecc6a1f9-42fe-2932-7ea0-1dd285491b7b, 5, 0, 405, 30, 26.34
2026/09/08 20:39:52.270, GPU-ecc6a1f9-42fe-2932-7ea0-1dd285491b7b, 5, 0, 405, 30, 26.34
2026/09/08 20:39:52.474, GPU-ecc6a1f9-42fe-2932-7ea0-1dd285491b7b, 5, 0, 405, 30, 26.34
2026/09/08 20:39:52.677, GPU-ecc6a1f9-42fe-2932-7ea0-1dd285491b7b, 5, 0, 405, 30, 26.34
2026/09/08 20:39:52.881, GPU-ecc6a1f9-42fe-2932-7ea0-1dd285491b7b, 5, 0, 405, 30, 26.34
2026/09/08 20:39:53.086, GPU-ecc6a1f9-42fe-2932-7ea0-1dd285491b7b, 5, 0, 405, 30, 26.34
2026/09/08 20:39:53.290, GPU-ecc6a1f9-42fe-2932-7ea0-1dd285491b7b, 5, 0, 405, 30, 26.34
2026/09/08 20:39:53.493, GPU-ecc6a1f9-42fe-2932-7ea0-1dd285491b7b, 5, 0, 405, 30, 26.34
2026/09/08 20:39:53.697, GPU-ecc6a1f9-42fe-2932-7ea0-1dd285491b7b, 5, 0, 405, 30, 26.34
2026/09/08 20:39:53.900, GPU-ecc6a1f9-42fe-2932-7ea0-1dd285491b7b, 5, 0, 405, 30, 26.34
2026/09/08 20:39:54.106, GPU-ecc6a1f9-42fe-2932-7ea0-1dd285491b7b, 5, 0, 405, 30, 26.34
2026/09/08 20:39:54.309, GPU-ecc6a1f9-42fe-2932-7ea0-1dd285491b7b, 5, 0, 405, 30, 26.34
2026/09/08 20:39:54.513, GPU-ecc6a1f9-42fe-2932-7ea0-1dd285491b7b, 5, 0, 405, 30, 26.34
2026/09/08 20:39:54.716, GPU-ecc6a1f9-42fe-2932-7ea0-1dd285491b7b, 5, 0, 405, 30, 26.34
2026/09/08 20:39:54.920, GPU-ecc6a1f9-42fe-2932-7ea0-1dd285491b7b, 5, 0, 405, 30, 26.34
2026/09/08 20:39:55.125, GPU-ecc6a1f9-42fe-2932-7ea0-1dd285491b7b, 5, 0, 405, 30, 26.34
2026/09/08 20:39:55.328, GPU-ecc6a1f9-42fe-2932-7ea0-1dd285491b7b, 5, 0, 405, 30, 26.34
2026/09/08 20:39:55.532, GPU-ecc6a1f9-42fe-2932-7ea0-1dd285491b7b, 5, 0, 405, 30, 26.34
2026/09/08 20:39:55.735, GPU-ecc6a1f9-42fe-2932-7ea0-1dd285491b7b, 5, 0, 405, 30, 26.34
2026/09/08 20:39:55.939, GPU-ecc6a1f9-42fe-2932-7ea0-1dd285491b7b, 5, 0, 405, 30, 26.34
2026/09/08 20:39:56.144, GPU-ecc6a1f9-42fe-2932-7ea0-1dd285491b7b, 5, 0, 405, 30, 26.34
2026/09/08 20:39:56.348, GPU-ecc6a1f9-42fe-2932-7ea0-1dd285491b7b, 5, 0, 405, 30, 26.34
2026/09/08 20:39:56.551, GPU-ecc6a1f9-42fe-2932-7ea0-1dd285491b7b, 5, 0, 405, 30, 26.34
2026/09/08 20:39:56.755, GPU-ecc6a1f9-42fe-2932-7ea0-1dd285491b7b, 5, 0, 405, 30, 26.34
2026/09/08 20:39:56.958, GPU-ecc6a1f9-42fe-2932-7ea0-1dd285491b7b, 5, 0, 405, 30, 26.34
2026/09/08 20:39:57.164, GPU-ecc6a1f9-42fe-2932-7ea0-1dd285491b7b, 5, 0, 405, 30, 26.34
2026/09/08 20:39:57.367, GPU-ecc6a1f9-42fe-2932-7ea0-1dd285491b7b, 5, 0, 405, 30, 26.34
2026/09/08 20:39:57.571, GPU-ecc6a1f9-42fe-2932-7ea0-1dd285491b7b, 5, 0, 405, 30, 26.34
2026/09/08 20:39:57.775, GPU-ecc6a1f9-42fe-2932-7ea0-1dd285491b7b, 5, 0, 405, 30, 26.34
2026/09/08 20:39:57.978, GPU-ecc6a1f9-42fe-2932-7ea0-1dd285491b7b, 5, 0, 405, 30, 26.34
2026/09/08 20:39:58.183, GPU-ecc6a1f9-42fe-2932-7ea0-1dd285491b7b, 5, 0, 405, 30, 26.34
2026/09/08 20:39:58.387, GPU-ecc6a1f9-42fe-2932-7ea0-1dd285491b7b, 5, 0, 405, 30, 26.34
2026/09/08 20:39:58.590, GPU-ecc6a1f9-42fe-2932-7ea0-1dd285491b7b, 5, 0, 405, 30, 26.34
2026/09/08 20:39:58.794, GPU-ecc6a1f9-42fe-2932-7ea0-1dd285491b7b, 5, 0, 405, 30, 26.34
2026/09/08 20:39:58.997, GPU-ecc6a1f9-42fe-2932-7ea0-1dd285491b7b, 5, 0, 405, 30, 26.34
2026/09/08 20:39:59.203, GPU-ecc6a1f9-42fe-2932-7ea0-1dd285491b7b, 5, 0, 405, 30, 26.34
2026/09/08 20:39:59.406, GPU-ecc6a1f9-42fe-2932-7ea0-1dd285491b7b, 5, 0, 405, 30, 26.34
2026/09/08 20:39:59.610, GPU-ecc6a1f9-42fe-2932-7ea0-1dd285491b7b, 5, 0, 405, 30, 26.34
2026/09/08 20:39:59.813, GPU-ecc6a1f9-42fe-2932-7ea0-1dd285491b7b, 5, 0, 405, 30, 26.34
2026/09/08 20:40:00.017, GPU-ecc6a1f9-42fe-2932-7ea0-1dd285491b7b, 5, 0, 405, 30, 26.34
2026/09/08 20:40:00.222, GPU-ecc6a1f9-42fe-2932-7ea0-1dd285491b7b, 5, 0, 405, 30, 26.34
2026/09/08 20:40:00.425, GPU-ecc6a1f9-42fe-2932-7ea0-1dd285491b7b, 5, 0, 405, 30, 26.34
2026/09/08 20:40:00.629, GPU-ecc6a1f9-42fe-2932-7ea0-1dd285491b7b, 5, 0, 405, 30, 26.34
2026/09/08 20:40:00.833, GPU-ecc6a1f9-42fe-2932-7ea0-1dd285491b7b, 5, 0, 405, 30, 26.34
2026/09/08 20:40:01.036, GPU-ecc6a1f9-42fe-2932-7ea0-1dd285491b7b, 5, 0, 405, 30, 26.34
2026/09/08 20:40:01.241, GPU-ecc6a1f9-42fe-2932-7ea0-1dd285491b7b, 5, 0, 405, 30, 26.34
2026/09/08 20:40:01.445, GPU-ecc6a1f9-42fe-2932-7ea0-1dd285491b7b, 7, 0, 405, 30, 26.34
2026/09/08 20:40:01.648, GPU-ecc6a1f9-42fe-2932-7ea0-1dd285491b7b, 15, 0, 405, 30, 26.34
2026/09/08 20:40:01.872, GPU-ecc6a1f9-42fe-2932-7ea0-1dd285491b7b, 455, 14, 1189, 30, 33.39
2026/09/08 20:40:02.075, GPU-ecc6a1f9-42fe-2932-7ea0-1dd285491b7b, 553, 21, 1189, 30, 31.92
2026/09/08 20:40:02.279, GPU-ecc6a1f9-42fe-2932-7ea0-1dd285491b7b, 553, 14, 1189, 30, 104.39
2026/09/08 20:40:02.483, GPU-ecc6a1f9-42fe-2932-7ea0-1dd285491b7b, 553, 47, 1328, 31, 119.48
2026/09/08 20:40:02.686, GPU-ecc6a1f9-42fe-2932-7ea0-1dd285491b7b, 553, 42, 1328, 31, 98.83
2026/09/08 20:40:02.890, GPU-ecc6a1f9-42fe-2932-7ea0-1dd285491b7b, 553, 34, 1328, 31, 63.28
2026/09/08 20:40:03.094, GPU-ecc6a1f9-42fe-2932-7ea0-1dd285491b7b, 553, 40, 1328, 31, 66.65
2026/09/08 20:40:03.297, GPU-ecc6a1f9-42fe-2932-7ea0-1dd285491b7b, 553, 39, 1328, 32, 55.98
2026/09/08 20:40:03.502, GPU-ecc6a1f9-42fe-2932-7ea0-1dd285491b7b, 553, 33, 1328, 31, 52.09
2026/09/08 20:40:03.705, GPU-ecc6a1f9-42fe-2932-7ea0-1dd285491b7b, 553, 31, 1328, 32, 147.57
2026/09/08 20:40:03.909, GPU-ecc6a1f9-42fe-2932-7ea0-1dd285491b7b, 553, 44, 1328, 32, 124.09
2026/09/08 20:40:04.113, GPU-ecc6a1f9-42fe-2932-7ea0-1dd285491b7b, 553, 42, 1328, 32, 92.56
2026/09/08 20:40:04.317, GPU-ecc6a1f9-42fe-2932-7ea0-1dd285491b7b, 553, 33, 1328, 32, 51.87
2026/09/08 20:40:04.521, GPU-ecc6a1f9-42fe-2932-7ea0-1dd285491b7b, 553, 36, 1328, 32, 86.26
2026/09/08 20:40:04.725, GPU-ecc6a1f9-42fe-2932-7ea0-1dd285491b7b, 553, 39, 1328, 32, 101.98
2026/09/08 20:40:04.928, GPU-ecc6a1f9-42fe-2932-7ea0-1dd285491b7b, 553, 42, 1328, 32, 44.57
2026/09/08 20:40:05.132, GPU-ecc6a1f9-42fe-2932-7ea0-1dd285491b7b, 553, 29, 1328, 32, 130.15
2026/09/08 20:40:05.336, GPU-ecc6a1f9-42fe-2932-7ea0-1dd285491b7b, 553, 43, 1328, 32, 139.03
2026/09/08 20:40:05.541, GPU-ecc6a1f9-42fe-2932-7ea0-1dd285491b7b, 553, 42, 1328, 32, 67.63
2026/09/08 20:40:05.744, GPU-ecc6a1f9-42fe-2932-7ea0-1dd285491b7b, 553, 31, 1328, 32, 77.02
2026/09/08 20:40:05.948, GPU-ecc6a1f9-42fe-2932-7ea0-1dd285491b7b, 553, 27, 1328, 32, 109.62
2026/09/08 20:40:06.152, GPU-ecc6a1f9-42fe-2932-7ea0-1dd285491b7b, 553, 41, 1328, 32, 96.64
2026/09/08 20:40:06.356, GPU-ecc6a1f9-42fe-2932-7ea0-1dd285491b7b, 553, 40, 1328, 32, 45.79
2026/09/08 20:40:06.560, GPU-ecc6a1f9-42fe-2932-7ea0-1dd285491b7b, 553, 28, 1328, 32, 131.68
2026/09/08 20:40:06.764, GPU-ecc6a1f9-42fe-2932-7ea0-1dd285491b7b, 553, 43, 1328, 33, 98.10
2026/09/08 20:40:06.967, GPU-ecc6a1f9-42fe-2932-7ea0-1dd285491b7b, 553, 42, 1328, 33, 50.90
2026/09/08 20:40:07.172, GPU-ecc6a1f9-42fe-2932-7ea0-1dd285491b7b, 553, 33, 1328, 32, 71.00
2026/09/08 20:40:07.376, GPU-ecc6a1f9-42fe-2932-7ea0-1dd285491b7b, 553, 37, 1328, 32, 72.70
2026/09/08 20:40:07.579, GPU-ecc6a1f9-42fe-2932-7ea0-1dd285491b7b, 553, 39, 1328, 33, 63.28
2026/09/08 20:40:07.783, GPU-ecc6a1f9-42fe-2932-7ea0-1dd285491b7b, 553, 43, 1328, 32, 85.57
2026/09/08 20:40:07.987, GPU-ecc6a1f9-42fe-2932-7ea0-1dd285491b7b, 553, 69, 1328, 34, 183.75
2026/09/08 20:40:08.191, GPU-ecc6a1f9-42fe-2932-7ea0-1dd285491b7b, 553, 100, 1328, 35, 193.06
2026/09/08 20:40:08.394, GPU-ecc6a1f9-42fe-2932-7ea0-1dd285491b7b, 553, 100, 1328, 35, 185.46
2026/09/08 20:40:08.597, GPU-ecc6a1f9-42fe-2932-7ea0-1dd285491b7b, 553, 100, 1328, 36, 192.33
2026/09/08 20:40:08.801, GPU-ecc6a1f9-42fe-2932-7ea0-1dd285491b7b, 553, 100, 1328, 36, 193.04
2026/09/08 20:40:09.005, GPU-ecc6a1f9-42fe-2932-7ea0-1dd285491b7b, 553, 100, 1328, 36, 197.16
2026/09/08 20:40:09.208, GPU-ecc6a1f9-42fe-2932-7ea0-1dd285491b7b, 553, 100, 1328, 37, 217.40
2026/09/08 20:40:09.412, GPU-ecc6a1f9-42fe-2932-7ea0-1dd285491b7b, 553, 100, 1328, 38, 203.80
2026/09/08 20:40:09.615, GPU-ecc6a1f9-42fe-2932-7ea0-1dd285491b7b, 553, 100, 1328, 37, 214.99
2026/09/08 20:40:09.818, GPU-ecc6a1f9-42fe-2932-7ea0-1dd285491b7b, 553, 100, 1328, 38, 206.55
2026/09/08 20:40:10.024, GPU-ecc6a1f9-42fe-2932-7ea0-1dd285491b7b, 553, 100, 1328, 38, 220.90
2026/09/08 20:40:10.227, GPU-ecc6a1f9-42fe-2932-7ea0-1dd285491b7b, 553, 100, 1328, 38, 209.33
2026/09/08 20:40:10.431, GPU-ecc6a1f9-42fe-2932-7ea0-1dd285491b7b, 553, 100, 1328, 38, 218.98
2026/09/08 20:40:10.634, GPU-ecc6a1f9-42fe-2932-7ea0-1dd285491b7b, 553, 100, 1328, 38, 208.36
2026/09/08 20:40:10.838, GPU-ecc6a1f9-42fe-2932-7ea0-1dd285491b7b, 553, 100, 1328, 39, 230.39
2026/09/08 20:40:11.044, GPU-ecc6a1f9-42fe-2932-7ea0-1dd285491b7b, 553, 100, 1328, 39, 198.12
2026/09/08 20:40:11.248, GPU-ecc6a1f9-42fe-2932-7ea0-1dd285491b7b, 553, 100, 1328, 39, 214.99
2026/09/08 20:40:11.451, GPU-ecc6a1f9-42fe-2932-7ea0-1dd285491b7b, 553, 100, 1328, 39, 198.97
2026/09/08 20:40:11.655, GPU-ecc6a1f9-42fe-2932-7ea0-1dd285491b7b, 553, 100, 1328, 39, 212.46
2026/09/08 20:40:11.858, GPU-ecc6a1f9-42fe-2932-7ea0-1dd285491b7b, 553, 100, 1328, 39, 209.59
2026/09/08 20:40:12.064, GPU-ecc6a1f9-42fe-2932-7ea0-1dd285491b7b, 553, 100, 1328, 40, 221.00
2026/09/08 20:40:12.267, GPU-ecc6a1f9-42fe-2932-7ea0-1dd285491b7b, 553, 100, 1328, 39, 204.99
2026/09/08 20:40:12.471, GPU-ecc6a1f9-42fe-2932-7ea0-1dd285491b7b, 553, 100, 1328, 40, 215.95
2026/09/08 20:40:12.674, GPU-ecc6a1f9-42fe-2932-7ea0-1dd285491b7b, 553, 100, 1328, 40, 207.52
2026/09/08 20:40:12.878, GPU-ecc6a1f9-42fe-2932-7ea0-1dd285491b7b, 553, 100, 1328, 40, 214.75
2026/09/08 20:40:13.084, GPU-ecc6a1f9-42fe-2932-7ea0-1dd285491b7b, 553, 100, 1328, 40, 192.43
2026/09/08 20:40:13.288, GPU-ecc6a1f9-42fe-2932-7ea0-1dd285491b7b, 553, 100, 1328, 40, 232.31
2026/09/08 20:40:13.491, GPU-ecc6a1f9-42fe-2932-7ea0-1dd285491b7b, 553, 100, 1328, 40, 164.64
2026/09/08 20:40:13.694, GPU-ecc6a1f9-42fe-2932-7ea0-1dd285491b7b, 553, 100, 1328, 40, 223.55
2026/09/08 20:40:13.898, GPU-ecc6a1f9-42fe-2932-7ea0-1dd285491b7b, 553, 100, 1328, 40, 206.81
2026/09/08 20:40:14.101, GPU-ecc6a1f9-42fe-2932-7ea0-1dd285491b7b, 553, 100, 1328, 41, 220.42
2026/09/08 20:40:14.305, GPU-ecc6a1f9-42fe-2932-7ea0-1dd285491b7b, 553, 100, 1328, 40, 202.83
2026/09/08 20:40:14.511, GPU-ecc6a1f9-42fe-2932-7ea0-1dd285491b7b, 553, 100, 1328, 41, 207.88
2026/09/08 20:40:14.714, GPU-ecc6a1f9-42fe-2932-7ea0-1dd285491b7b, 553, 100, 1328, 41, 196.68
2026/09/08 20:40:14.918, GPU-ecc6a1f9-42fe-2932-7ea0-1dd285491b7b, 553, 100, 1328, 41, 196.90
2026/09/08 20:40:15.121, GPU-ecc6a1f9-42fe-2932-7ea0-1dd285491b7b, 553, 100, 1328, 41, 202.11
2026/09/08 20:40:15.325, GPU-ecc6a1f9-42fe-2932-7ea0-1dd285491b7b, 553, 100, 1328, 42, 197.06
2026/09/08 20:40:15.528, GPU-ecc6a1f9-42fe-2932-7ea0-1dd285491b7b, 553, 100, 1328, 41, 205.60
2026/09/08 20:40:15.732, GPU-ecc6a1f9-42fe-2932-7ea0-1dd285491b7b, 553, 100, 1328, 42, 236.37
2026/09/08 20:40:15.935, GPU-ecc6a1f9-42fe-2932-7ea0-1dd285491b7b, 553, 100, 1328, 42, 188.08
2026/09/08 20:40:16.140, GPU-ecc6a1f9-42fe-2932-7ea0-1dd285491b7b, 553, 100, 1328, 42, 209.33
2026/09/08 20:40:16.343, GPU-ecc6a1f9-42fe-2932-7ea0-1dd285491b7b, 553, 100, 1328, 42, 233.72
2026/09/08 20:40:16.547, GPU-ecc6a1f9-42fe-2932-7ea0-1dd285491b7b, 553, 100, 1328, 42, 165.62
2026/09/08 20:40:16.750, GPU-ecc6a1f9-42fe-2932-7ea0-1dd285491b7b, 553, 100, 1328, 42, 191.22
2026/09/08 20:40:16.954, GPU-ecc6a1f9-42fe-2932-7ea0-1dd285491b7b, 553, 100, 1328, 42, 228.82
2026/09/08 20:40:17.157, GPU-ecc6a1f9-42fe-2932-7ea0-1dd285491b7b, 553, 100, 1328, 42, 195.23
2026/09/08 20:40:17.362, GPU-ecc6a1f9-42fe-2932-7ea0-1dd285491b7b, 553, 100, 1328, 42, 224.00
2026/09/08 20:40:17.565, GPU-ecc6a1f9-42fe-2932-7ea0-1dd285491b7b, 553, 100, 1328, 42, 197.30
2026/09/08 20:40:17.769, GPU-ecc6a1f9-42fe-2932-7ea0-1dd285491b7b, 553, 100, 1328, 43, 231.83
2026/09/08 20:40:17.972, GPU-ecc6a1f9-42fe-2932-7ea0-1dd285491b7b, 553, 100, 1328, 43, 213.04
2026/09/08 20:40:18.176, GPU-ecc6a1f9-42fe-2932-7ea0-1dd285491b7b, 553, 100, 1328, 43, 220.18
2026/09/08 20:40:18.381, GPU-ecc6a1f9-42fe-2932-7ea0-1dd285491b7b, 553, 100, 1328, 43, 209.19
2026/09/08 20:40:18.585, GPU-ecc6a1f9-42fe-2932-7ea0-1dd285491b7b, 553, 100, 1328, 43, 213.43
2026/09/08 20:40:18.788, GPU-ecc6a1f9-42fe-2932-7ea0-1dd285491b7b, 553, 100, 1328, 43, 211.74
2026/09/08 20:40:18.992, GPU-ecc6a1f9-42fe-2932-7ea0-1dd285491b7b, 553, 100, 1328, 43, 232.07
2026/09/08 20:40:19.195, GPU-ecc6a1f9-42fe-2932-7ea0-1dd285491b7b, 553, 100, 1328, 43, 176.64
2026/09/08 20:40:19.401, GPU-ecc6a1f9-42fe-2932-7ea0-1dd285491b7b, 553, 100, 1328, 43, 177.97
2026/09/08 20:40:19.605, GPU-ecc6a1f9-42fe-2932-7ea0-1dd285491b7b, 553, 100, 1328, 43, 159.95
2026/09/08 20:40:19.808, GPU-ecc6a1f9-42fe-2932-7ea0-1dd285491b7b, 553, 100, 1328, 44, 228.70
2026/09/08 20:40:20.012, GPU-ecc6a1f9-42fe-2932-7ea0-1dd285491b7b, 553, 100, 1328, 43, 182.08
2026/09/08 20:40:20.215, GPU-ecc6a1f9-42fe-2932-7ea0-1dd285491b7b, 553, 100, 1328, 44, 203.81
2026/09/08 20:40:20.420, GPU-ecc6a1f9-42fe-2932-7ea0-1dd285491b7b, 553, 100, 1328, 44, 213.30
2026/09/08 20:40:20.624, GPU-ecc6a1f9-42fe-2932-7ea0-1dd285491b7b, 553, 100, 1328, 44, 243.23
2026/09/08 20:40:20.827, GPU-ecc6a1f9-42fe-2932-7ea0-1dd285491b7b, 553, 100, 1328, 44, 206.43
2026/09/08 20:40:21.031, GPU-ecc6a1f9-42fe-2932-7ea0-1dd285491b7b, 553, 100, 1328, 44, 230.87
2026/09/08 20:40:21.234, GPU-ecc6a1f9-42fe-2932-7ea0-1dd285491b7b, 553, 100, 1328, 44, 204.50
2026/09/08 20:40:21.440, GPU-ecc6a1f9-42fe-2932-7ea0-1dd285491b7b, 553, 100, 1328, 45, 234.72
2026/09/08 20:40:21.643, GPU-ecc6a1f9-42fe-2932-7ea0-1dd285491b7b, 553, 100, 1328, 45, 198.12
2026/09/08 20:40:21.847, GPU-ecc6a1f9-42fe-2932-7ea0-1dd285491b7b, 553, 100, 1328, 45, 228.34
2026/09/08 20:40:22.050, GPU-ecc6a1f9-42fe-2932-7ea0-1dd285491b7b, 553, 100, 1328, 45, 187.39
2026/09/08 20:40:22.254, GPU-ecc6a1f9-42fe-2932-7ea0-1dd285491b7b, 553, 100, 1328, 45, 237.69
2026/09/08 20:40:22.459, GPU-ecc6a1f9-42fe-2932-7ea0-1dd285491b7b, 553, 100, 1328, 45, 197.16
2026/09/08 20:40:22.664, GPU-ecc6a1f9-42fe-2932-7ea0-1dd285491b7b, 553, 100, 1328, 45, 235.68
2026/09/08 20:40:22.867, GPU-ecc6a1f9-42fe-2932-7ea0-1dd285491b7b, 553, 100, 1328, 45, 190.40
2026/09/08 20:40:23.071, GPU-ecc6a1f9-42fe-2932-7ea0-1dd285491b7b, 553, 100, 1328, 45, 199.81
2026/09/08 20:40:23.275, GPU-ecc6a1f9-42fe-2932-7ea0-1dd285491b7b, 553, 100, 1328, 45, 222.55
2026/09/08 20:40:23.478, GPU-ecc6a1f9-42fe-2932-7ea0-1dd285491b7b, 553, 100, 1328, 45, 225.81
2026/09/08 20:40:23.683, GPU-ecc6a1f9-42fe-2932-7ea0-1dd285491b7b, 553, 100, 1328, 45, 201.63
2026/09/08 20:40:23.887, GPU-ecc6a1f9-42fe-2932-7ea0-1dd285491b7b, 553, 100, 1328, 45, 223.28
2026/09/08 20:40:24.090, GPU-ecc6a1f9-42fe-2932-7ea0-1dd285491b7b, 553, 100, 1328, 46, 200.52
2026/09/08 20:40:24.293, GPU-ecc6a1f9-42fe-2932-7ea0-1dd285491b7b, 553, 100, 1328, 46, 233.76
2026/09/08 20:40:24.497, GPU-ecc6a1f9-42fe-2932-7ea0-1dd285491b7b, 553, 100, 1328, 46, 197.16
2026/09/08 20:40:24.702, GPU-ecc6a1f9-42fe-2932-7ea0-1dd285491b7b, 553, 100, 1328, 46, 223.52
2026/09/08 20:40:24.906, GPU-ecc6a1f9-42fe-2932-7ea0-1dd285491b7b, 553, 100, 1328, 46, 184.49
2026/09/08 20:40:25.109, GPU-ecc6a1f9-42fe-2932-7ea0-1dd285491b7b, 553, 100, 1328, 46, 243.71
2026/09/08 20:40:25.313, GPU-ecc6a1f9-42fe-2932-7ea0-1dd285491b7b, 553, 100, 1328, 46, 199.57
2026/09/08 20:40:25.516, GPU-ecc6a1f9-42fe-2932-7ea0-1dd285491b7b, 553, 100, 1328, 46, 233.28
2026/09/08 20:40:25.722, GPU-ecc6a1f9-42fe-2932-7ea0-1dd285491b7b, 553, 100, 1328, 46, 190.26
2026/09/08 20:40:25.925, GPU-ecc6a1f9-42fe-2932-7ea0-1dd285491b7b, 553, 100, 1328, 47, 234.00
2026/09/08 20:40:26.129, GPU-ecc6a1f9-42fe-2932-7ea0-1dd285491b7b, 553, 100, 1328, 46, 198.61
2026/09/08 20:40:26.332, GPU-ecc6a1f9-42fe-2932-7ea0-1dd285491b7b, 553, 100, 1328, 45, 148.31
2026/09/08 20:40:26.536, GPU-ecc6a1f9-42fe-2932-7ea0-1dd285491b7b, 553, 58, 1328, 45, 104.70
2026/09/08 20:40:26.741, GPU-ecc6a1f9-42fe-2932-7ea0-1dd285491b7b, 553, 57, 1328, 44, 111.14
2026/09/08 20:40:26.945, GPU-ecc6a1f9-42fe-2932-7ea0-1dd285491b7b, 553, 63, 1328, 44, 75.12
2026/09/08 20:40:27.149, GPU-ecc6a1f9-42fe-2932-7ea0-1dd285491b7b, 553, 57, 1328, 44, 77.55
2026/09/08 20:40:27.352, GPU-ecc6a1f9-42fe-2932-7ea0-1dd285491b7b, 553, 60, 1328, 44, 127.88
2026/09/08 20:40:27.556, GPU-ecc6a1f9-42fe-2932-7ea0-1dd285491b7b, 553, 57, 1328, 44, 130.55
2026/09/08 20:40:27.761, GPU-ecc6a1f9-42fe-2932-7ea0-1dd285491b7b, 553, 62, 1328, 43, 96.09
2026/09/08 20:40:27.964, GPU-ecc6a1f9-42fe-2932-7ea0-1dd285491b7b, 553, 60, 1328, 43, 71.19
2026/09/08 20:40:28.168, GPU-ecc6a1f9-42fe-2932-7ea0-1dd285491b7b, 553, 57, 1328, 43, 90.09
2026/09/08 20:40:28.371, GPU-ecc6a1f9-42fe-2932-7ea0-1dd285491b7b, 265, 59, 1328, 42, 40.46
2026/09/08 20:40:28.575, GPU-ecc6a1f9-42fe-2932-7ea0-1dd285491b7b, 5, 5, 1328, 42, 39.97
2026/09/08 20:40:28.780, GPU-ecc6a1f9-42fe-2932-7ea0-1dd285491b7b, 5, 0, 1328, 41, 39.73
2026/09/08 20:40:28.983, GPU-ecc6a1f9-42fe-2932-7ea0-1dd285491b7b, 5, 0, 1328, 41, 39.48
2026/09/08 20:40:29.187, GPU-ecc6a1f9-42fe-2932-7ea0-1dd285491b7b, 5, 0, 1328, 41, 39.73
2026/09/08 20:40:29.390, GPU-ecc6a1f9-42fe-2932-7ea0-1dd285491b7b, 5, 0, 1328, 41, 39.24
2026/09/08 20:40:29.594, GPU-ecc6a1f9-42fe-2932-7ea0-1dd285491b7b, 5, 0, 1328, 41, 39.24
2026/09/08 20:40:29.799, GPU-ecc6a1f9-42fe-2932-7ea0-1dd285491b7b, 5, 0, 1328, 41, 39.24
2026/09/08 20:40:30.003, GPU-ecc6a1f9-42fe-2932-7ea0-1dd285491b7b, 5, 0, 1328, 40, 39.24
2026/09/08 20:40:30.206, GPU-ecc6a1f9-42fe-2932-7ea0-1dd285491b7b, 5, 0, 1328, 40, 38.99
2026/09/08 20:40:30.410, GPU-ecc6a1f9-42fe-2932-7ea0-1dd285491b7b, 5, 0, 1328, 40, 38.99
2026/09/08 20:40:30.613, GPU-ecc6a1f9-42fe-2932-7ea0-1dd285491b7b, 5, 0, 1328, 40, 38.51
2026/09/08 20:40:30.817, GPU-ecc6a1f9-42fe-2932-7ea0-1dd285491b7b, 5, 0, 1328, 40, 38.75
2026/09/08 20:40:31.020, GPU-ecc6a1f9-42fe-2932-7ea0-1dd285491b7b, 5, 0, 936, 40, 30.24
2026/09/08 20:40:31.224, GPU-ecc6a1f9-42fe-2932-7ea0-1dd285491b7b, 5, 0, 936, 40, 30.00
2026/09/08 20:40:31.429, GPU-ecc6a1f9-42fe-2932-7ea0-1dd285491b7b, 5, 0, 936, 40, 30.00
2026/09/08 20:40:31.633, GPU-ecc6a1f9-42fe-2932-7ea0-1dd285491b7b, 5, 0, 936, 39, 30.00
2026/09/08 20:40:31.836, GPU-ecc6a1f9-42fe-2932-7ea0-1dd285491b7b, 5, 0, 936, 39, 30.00
2026/09/08 20:40:32.040, GPU-ecc6a1f9-42fe-2932-7ea0-1dd285491b7b, 5, 0, 936, 39, 30.00
2026/09/08 20:40:32.243, GPU-ecc6a1f9-42fe-2932-7ea0-1dd285491b7b, 5, 0, 936, 39, 30.00
2026/09/08 20:40:32.449, GPU-ecc6a1f9-42fe-2932-7ea0-1dd285491b7b, 5, 0, 936, 39, 30.00
2026/09/08 20:40:32.652, GPU-ecc6a1f9-42fe-2932-7ea0-1dd285491b7b, 5, 0, 936, 39, 30.00
2026/09/08 20:40:32.856, GPU-ecc6a1f9-42fe-2932-7ea0-1dd285491b7b, 5, 0, 936, 39, 30.00
2026/09/08 20:40:33.059, GPU-ecc6a1f9-42fe-2932-7ea0-1dd285491b7b, 5, 0, 936, 39, 30.00
2026/09/08 20:40:33.263, GPU-ecc6a1f9-42fe-2932-7ea0-1dd285491b7b, 5, 0, 936, 39, 29.75
2026/09/08 20:40:33.469, GPU-ecc6a1f9-42fe-2932-7ea0-1dd285491b7b, 5, 0, 936, 39, 30.00
2026/09/08 20:40:33.672, GPU-ecc6a1f9-42fe-2932-7ea0-1dd285491b7b, 5, 0, 405, 39, 28.04
2026/09/08 20:40:33.876, GPU-ecc6a1f9-42fe-2932-7ea0-1dd285491b7b, 5, 0, 405, 39, 28.04
2026/09/08 20:40:34.079, GPU-ecc6a1f9-42fe-2932-7ea0-1dd285491b7b, 5, 0, 405, 39, 28.04
2026/09/08 20:40:34.283, GPU-ecc6a1f9-42fe-2932-7ea0-1dd285491b7b, 5, 0, 405, 39, 28.04
2026/09/08 20:40:34.487, GPU-ecc6a1f9-42fe-2932-7ea0-1dd285491b7b, 5, 0, 405, 39, 28.04
2026/09/08 20:40:34.692, GPU-ecc6a1f9-42fe-2932-7ea0-1dd285491b7b, 5, 0, 405, 39, 28.04
2026/09/08 20:40:34.896, GPU-ecc6a1f9-42fe-2932-7ea0-1dd285491b7b, 5, 0, 405, 38, 27.80
2026/09/08 20:40:35.099, GPU-ecc6a1f9-42fe-2932-7ea0-1dd285491b7b, 5, 0, 405, 38, 27.80
2026/09/08 20:40:35.303, GPU-ecc6a1f9-42fe-2932-7ea0-1dd285491b7b, 5, 0, 405, 38, 27.80
2026/09/08 20:40:35.506, GPU-ecc6a1f9-42fe-2932-7ea0-1dd285491b7b, 5, 0, 405, 38, 28.04
2026/09/08 20:40:35.710, GPU-ecc6a1f9-42fe-2932-7ea0-1dd285491b7b, 5, 0, 405, 38, 28.04
2026/09/08 20:40:35.915, GPU-ecc6a1f9-42fe-2932-7ea0-1dd285491b7b, 5, 0, 405, 38, 27.80
2026/09/08 20:40:36.119, GPU-ecc6a1f9-42fe-2932-7ea0-1dd285491b7b, 5, 0, 405, 38, 27.80
2026/09/08 20:40:36.322, GPU-ecc6a1f9-42fe-2932-7ea0-1dd285491b7b, 5, 0, 405, 38, 27.56
2026/09/08 20:40:36.526, GPU-ecc6a1f9-42fe-2932-7ea0-1dd285491b7b, 5, 0, 405, 38, 27.56
2026/09/08 20:40:36.729, GPU-ecc6a1f9-42fe-2932-7ea0-1dd285491b7b, 5, 0, 405, 38, 27.80
2026/09/08 20:40:36.933, GPU-ecc6a1f9-42fe-2932-7ea0-1dd285491b7b, 5, 0, 405, 38, 27.56
2026/09/08 20:40:37.138, GPU-ecc6a1f9-42fe-2932-7ea0-1dd285491b7b, 5, 0, 405, 38, 27.56
2026/09/08 20:40:37.341, GPU-ecc6a1f9-42fe-2932-7ea0-1dd285491b7b, 5, 0, 405, 38, 27.80
2026/09/08 20:40:37.545, GPU-ecc6a1f9-42fe-2932-7ea0-1dd285491b7b, 5, 0, 405, 38, 27.80
2026/09/08 20:40:37.748, GPU-ecc6a1f9-42fe-2932-7ea0-1dd285491b7b, 5, 0, 405, 38, 27.56
2026/09/08 20:40:37.952, GPU-ecc6a1f9-42fe-2932-7ea0-1dd285491b7b, 5, 0, 405, 38, 27.56
2026/09/08 20:40:38.158, GPU-ecc6a1f9-42fe-2932-7ea0-1dd285491b7b, 5, 0, 405, 38, 27.56
2026/09/08 20:40:38.361, GPU-ecc6a1f9-42fe-2932-7ea0-1dd285491b7b, 5, 0, 405, 38, 27.56
2026/09/08 20:40:38.565, GPU-ecc6a1f9-42fe-2932-7ea0-1dd285491b7b, 5, 0, 405, 38, 27.56
2026/09/08 20:40:38.768, GPU-ecc6a1f9-42fe-2932-7ea0-1dd285491b7b, 5, 0, 405, 38, 27.56
2026/09/08 20:40:38.972, GPU-ecc6a1f9-42fe-2932-7ea0-1dd285491b7b, 5, 0, 405, 38, 27.56
2026/09/08 20:40:39.177, GPU-ecc6a1f9-42fe-2932-7ea0-1dd285491b7b, 5, 0, 405, 38, 27.56
2026/09/08 20:40:39.380, GPU-ecc6a1f9-42fe-2932-7ea0-1dd285491b7b, 5, 0, 405, 38, 27.56
2026/09/08 20:40:39.584, GPU-ecc6a1f9-42fe-2932-7ea0-1dd285491b7b, 5, 0, 405, 38, 27.56
2026/09/08 20:40:39.787, GPU-ecc6a1f9-42fe-2932-7ea0-1dd285491b7b, 5, 0, 405, 37, 27.56
2026/09/08 20:40:39.991, GPU-ecc6a1f9-42fe-2932-7ea0-1dd285491b7b, 5, 0, 405, 37, 27.56
2026/09/08 20:40:40.197, GPU-ecc6a1f9-42fe-2932-7ea0-1dd285491b7b, 5, 0, 405, 37, 27.56
2026/09/08 20:40:40.400, GPU-ecc6a1f9-42fe-2932-7ea0-1dd285491b7b, 5, 0, 405, 37, 27.56
2026/09/08 20:40:40.604, GPU-ecc6a1f9-42fe-2932-7ea0-1dd285491b7b, 5, 0, 405, 37, 27.56
2026/09/08 20:40:40.807, GPU-ecc6a1f9-42fe-2932-7ea0-1dd285491b7b, 5, 0, 405, 37, 27.56
2026/09/08 20:40:41.011, GPU-ecc6a1f9-42fe-2932-7ea0-1dd285491b7b, 5, 0, 405, 37, 27.56
2026/09/08 20:40:41.216, GPU-ecc6a1f9-42fe-2932-7ea0-1dd285491b7b, 5, 0, 405, 37, 27.56
2026/09/08 20:40:41.419, GPU-ecc6a1f9-42fe-2932-7ea0-1dd285491b7b, 5, 0, 405, 37, 27.56
2026/09/08 20:40:41.623, GPU-ecc6a1f9-42fe-2932-7ea0-1dd285491b7b, 5, 0, 405, 37, 27.56
2026/09/08 20:40:41.826, GPU-ecc6a1f9-42fe-2932-7ea0-1dd285491b7b, 5, 0, 405, 37, 27.56
2026/09/08 20:40:42.030, GPU-ecc6a1f9-42fe-2932-7ea0-1dd285491b7b, 5, 0, 405, 37, 27.56
2026/09/08 20:40:42.235, GPU-ecc6a1f9-42fe-2932-7ea0-1dd285491b7b, 5, 0, 405, 37, 27.56
2026/09/08 20:40:42.439, GPU-ecc6a1f9-42fe-2932-7ea0-1dd285491b7b, 5, 0, 405, 37, 27.56
2026/09/08 20:40:42.642, GPU-ecc6a1f9-42fe-2932-7ea0-1dd285491b7b, 5, 0, 405, 37, 27.56
2026/09/08 20:40:42.846, GPU-ecc6a1f9-42fe-2932-7ea0-1dd285491b7b, 5, 0, 405, 37, 27.56
2026/09/08 20:40:43.049, GPU-ecc6a1f9-42fe-2932-7ea0-1dd285491b7b, 5, 0, 405, 37, 27.56
2026/09/08 20:40:43.254, GPU-ecc6a1f9-42fe-2932-7ea0-1dd285491b7b, 5, 0, 405, 37, 27.56
2026/09/08 20:40:43.458, GPU-ecc6a1f9-42fe-2932-7ea0-1dd285491b7b, 5, 0, 405, 37, 27.56
2026/09/08 20:40:43.661, GPU-ecc6a1f9-42fe-2932-7ea0-1dd285491b7b, 5, 0, 405, 37, 27.31
2026/09/08 20:40:43.865, GPU-ecc6a1f9-42fe-2932-7ea0-1dd285491b7b, 5, 0, 405, 37, 27.56
2026/09/08 20:40:44.068, GPU-ecc6a1f9-42fe-2932-7ea0-1dd285491b7b, 5, 0, 405, 37, 27.56
2026/09/08 20:40:44.274, GPU-ecc6a1f9-42fe-2932-7ea0-1dd285491b7b, 5, 0, 405, 37, 27.31
2026/09/08 20:40:44.477, GPU-ecc6a1f9-42fe-2932-7ea0-1dd285491b7b, 5, 0, 405, 37, 27.56
2026/09/08 20:40:44.681, GPU-ecc6a1f9-42fe-2932-7ea0-1dd285491b7b, 5, 0, 405, 37, 27.56
2026/09/08 20:40:44.885, GPU-ecc6a1f9-42fe-2932-7ea0-1dd285491b7b, 5, 0, 405, 37, 27.31
2026/09/08 20:40:45.088, GPU-ecc6a1f9-42fe-2932-7ea0-1dd285491b7b, 5, 0, 405, 37, 27.56
2026/09/08 20:40:45.293, GPU-ecc6a1f9-42fe-2932-7ea0-1dd285491b7b, 5, 0, 405, 37, 27.31
2026/09/08 20:40:45.497, GPU-ecc6a1f9-42fe-2932-7ea0-1dd285491b7b, 5, 0, 405, 37, 27.31
2026/09/08 20:40:45.700, GPU-ecc6a1f9-42fe-2932-7ea0-1dd285491b7b, 5, 0, 405, 37, 27.31
2026/09/08 20:40:45.904, GPU-ecc6a1f9-42fe-2932-7ea0-1dd285491b7b, 5, 0, 405, 37, 27.31
2026/09/08 20:40:46.107, GPU-ecc6a1f9-42fe-2932-7ea0-1dd285491b7b, 5, 0, 405, 37, 27.31
2026/09/08 20:40:46.313, GPU-ecc6a1f9-42fe-2932-7ea0-1dd285491b7b, 5, 0, 405, 37, 27.31
2026/09/08 20:40:46.516, GPU-ecc6a1f9-42fe-2932-7ea0-1dd285491b7b, 5, 0, 405, 36, 27.31
2026/09/08 20:40:46.720, GPU-ecc6a1f9-42fe-2932-7ea0-1dd285491b7b, 5, 0, 405, 36, 27.31
2026/09/08 20:40:46.923, GPU-ecc6a1f9-42fe-2932-7ea0-1dd285491b7b, 5, 0, 405, 36, 27.31
2026/09/08 20:40:47.127, GPU-ecc6a1f9-42fe-2932-7ea0-1dd285491b7b, 5, 0, 405, 36, 27.31
2026/09/08 20:40:47.332, GPU-ecc6a1f9-42fe-2932-7ea0-1dd285491b7b, 5, 0, 405, 36, 27.31
2026/09/08 20:40:47.536, GPU-ecc6a1f9-42fe-2932-7ea0-1dd285491b7b, 5, 0, 405, 36, 27.31
2026/09/08 20:40:47.739, GPU-ecc6a1f9-42fe-2932-7ea0-1dd285491b7b, 5, 0, 405, 36, 27.31
2026/09/08 20:40:47.943, GPU-ecc6a1f9-42fe-2932-7ea0-1dd285491b7b, 5, 0, 405, 36, 27.31
2026/09/08 20:40:48.146, GPU-ecc6a1f9-42fe-2932-7ea0-1dd285491b7b, 5, 0, 405, 36, 27.31
2026/09/08 20:40:48.351, GPU-ecc6a1f9-42fe-2932-7ea0-1dd285491b7b, 5, 0, 405, 36, 27.31
2026/09/08 20:40:48.555, GPU-ecc6a1f9-42fe-2932-7ea0-1dd285491b7b, 5, 0, 405, 36, 27.31
2026/09/08 20:40:48.758, GPU-ecc6a1f9-42fe-2932-7ea0-1dd285491b7b, 5, 0, 405, 36, 27.31
2026/09/08 20:40:48.962, GPU-ecc6a1f9-42fe-2932-7ea0-1dd285491b7b, 5, 0, 405, 36, 27.31
2026/09/08 20:40:49.165, GPU-ecc6a1f9-42fe-2932-7ea0-1dd285491b7b, 5, 0, 405, 36, 27.31
2026/09/08 20:40:49.371, GPU-ecc6a1f9-42fe-2932-7ea0-1dd285491b7b, 5, 0, 405, 36, 27.31
2026/09/08 20:40:49.574, GPU-ecc6a1f9-42fe-2932-7ea0-1dd285491b7b, 5, 0, 405, 36, 27.31
2026/09/08 20:40:49.778, GPU-ecc6a1f9-42fe-2932-7ea0-1dd285491b7b, 5, 0, 405, 36, 27.31
2026/09/08 20:40:49.981, GPU-ecc6a1f9-42fe-2932-7ea0-1dd285491b7b, 5, 0, 405, 36, 27.31
2026/09/08 20:40:50.185, GPU-ecc6a1f9-42fe-2932-7ea0-1dd285491b7b, 5, 0, 405, 36, 27.31
2026/09/08 20:40:50.390, GPU-ecc6a1f9-42fe-2932-7ea0-1dd285491b7b, 5, 0, 405, 36, 27.31
2026/09/08 20:40:50.593, GPU-ecc6a1f9-42fe-2932-7ea0-1dd285491b7b, 5, 0, 405, 36, 27.31
2026/09/08 20:40:50.797, GPU-ecc6a1f9-42fe-2932-7ea0-1dd285491b7b, 5, 0, 405, 36, 27.31
2026/09/08 20:40:51.001, GPU-ecc6a1f9-42fe-2932-7ea0-1dd285491b7b, 5, 0, 405, 36, 27.31
2026/09/08 20:40:51.204, GPU-ecc6a1f9-42fe-2932-7ea0-1dd285491b7b, 5, 0, 405, 36, 27.31
2026/09/08 20:40:51.410, GPU-ecc6a1f9-42fe-2932-7ea0-1dd285491b7b, 5, 0, 405, 36, 27.31
2026/09/08 20:40:51.613, GPU-ecc6a1f9-42fe-2932-7ea0-1dd285491b7b, 5, 0, 405, 36, 27.31
2026/09/08 20:40:51.817, GPU-ecc6a1f9-42fe-2932-7ea0-1dd285491b7b, 5, 0, 405, 36, 27.31
2026/09/08 20:40:52.020, GPU-ecc6a1f9-42fe-2932-7ea0-1dd285491b7b, 5, 0, 405, 36, 27.31
2026/09/08 20:40:52.224, GPU-ecc6a1f9-42fe-2932-7ea0-1dd285491b7b, 5, 0, 405, 36, 27.31
2026/09/08 20:40:52.429, GPU-ecc6a1f9-42fe-2932-7ea0-1dd285491b7b, 5, 0, 405, 36, 27.31
2026/09/08 20:40:52.632, GPU-ecc6a1f9-42fe-2932-7ea0-1dd285491b7b, 5, 0, 405, 36, 27.31
2026/09/08 20:40:52.836, GPU-ecc6a1f9-42fe-2932-7ea0-1dd285491b7b, 5, 0, 405, 36, 27.31
2026/09/08 20:40:53.039, GPU-ecc6a1f9-42fe-2932-7ea0-1dd285491b7b, 5, 0, 405, 36, 27.07
2026/09/08 20:40:53.243, GPU-ecc6a1f9-42fe-2932-7ea0-1dd285491b7b, 5, 0, 405, 36, 27.31
2026/09/08 20:40:53.448, GPU-ecc6a1f9-42fe-2932-7ea0-1dd285491b7b, 5, 0, 405, 36, 27.31
2026/09/08 20:40:53.652, GPU-ecc6a1f9-42fe-2932-7ea0-1dd285491b7b, 5, 0, 405, 35, 27.31
2026/09/08 20:40:53.855, GPU-ecc6a1f9-42fe-2932-7ea0-1dd285491b7b, 5, 0, 405, 36, 27.31
2026/09/08 20:40:54.059, GPU-ecc6a1f9-42fe-2932-7ea0-1dd285491b7b, 5, 0, 405, 35, 27.31
2026/09/08 20:40:54.262, GPU-ecc6a1f9-42fe-2932-7ea0-1dd285491b7b, 5, 0, 405, 35, 27.31
2026/09/08 20:40:54.468, GPU-ecc6a1f9-42fe-2932-7ea0-1dd285491b7b, 5, 0, 405, 35, 27.31
2026/09/08 20:40:54.671, GPU-ecc6a1f9-42fe-2932-7ea0-1dd285491b7b, 5, 0, 405, 35, 27.31
2026/09/08 20:40:54.875, GPU-ecc6a1f9-42fe-2932-7ea0-1dd285491b7b, 5, 0, 405, 35, 27.07
2026/09/08 20:40:55.078, GPU-ecc6a1f9-42fe-2932-7ea0-1dd285491b7b, 5, 0, 405, 35, 27.07
2026/09/08 20:40:55.282, GPU-ecc6a1f9-42fe-2932-7ea0-1dd285491b7b, 5, 0, 405, 35, 27.07
2026/09/08 20:40:55.488, GPU-ecc6a1f9-42fe-2932-7ea0-1dd285491b7b, 5, 0, 405, 35, 27.07
2026/09/08 20:40:55.691, GPU-ecc6a1f9-42fe-2932-7ea0-1dd285491b7b, 5, 0, 405, 35, 27.07
2026/09/08 20:40:55.895, GPU-ecc6a1f9-42fe-2932-7ea0-1dd285491b7b, 5, 0, 405, 35, 27.07
2026/09/08 20:40:56.098, GPU-ecc6a1f9-42fe-2932-7ea0-1dd285491b7b, 5, 0, 405, 35, 27.07
2026/09/08 20:40:56.302, GPU-ecc6a1f9-42fe-2932-7ea0-1dd285491b7b, 5, 0, 405, 35, 27.07
2026/09/08 20:40:56.506, GPU-ecc6a1f9-42fe-2932-7ea0-1dd285491b7b, 5, 0, 405, 35, 27.07
2026/09/08 20:40:56.710, GPU-ecc6a1f9-42fe-2932-7ea0-1dd285491b7b, 5, 0, 405, 35, 27.07
2026/09/08 20:40:56.914, GPU-ecc6a1f9-42fe-2932-7ea0-1dd285491b7b, 5, 0, 405, 35, 27.07
2026/09/08 20:40:57.117, GPU-ecc6a1f9-42fe-2932-7ea0-1dd285491b7b, 5, 0, 405, 35, 27.07
2026/09/08 20:40:57.321, GPU-ecc6a1f9-42fe-2932-7ea0-1dd285491b7b, 5, 0, 405, 35, 27.07
2026/09/08 20:40:57.524, GPU-ecc6a1f9-42fe-2932-7ea0-1dd285491b7b, 5, 0, 405, 35, 27.07
2026/09/08 20:40:57.728, GPU-ecc6a1f9-42fe-2932-7ea0-1dd285491b7b, 5, 0, 405, 35, 27.07
2026/09/08 20:40:57.933, GPU-ecc6a1f9-42fe-2932-7ea0-1dd285491b7b, 5, 0, 405, 35, 27.07
2026/09/08 20:40:58.137, GPU-ecc6a1f9-42fe-2932-7ea0-1dd285491b7b, 5, 0, 405, 35, 27.07
2026/09/08 20:40:58.350, GPU-ecc6a1f9-42fe-2932-7ea0-1dd285491b7b, 5, 0, 405, 35, 27.31
2026/09/08 20:40:58.555, GPU-ecc6a1f9-42fe-2932-7ea0-1dd285491b7b, 5, 0, 405, 35, 27.31
2026/09/08 20:40:58.758, GPU-ecc6a1f9-42fe-2932-7ea0-1dd285491b7b, 5, 0, 405, 35, 27.31
2026/09/08 20:40:58.962, GPU-ecc6a1f9-42fe-2932-7ea0-1dd285491b7b, 5, 0, 405, 35, 27.31
2026/09/08 20:40:59.165, GPU-ecc6a1f9-42fe-2932-7ea0-1dd285491b7b, 5, 0, 405, 35, 27.31
2026/09/08 20:40:59.369, GPU-ecc6a1f9-42fe-2932-7ea0-1dd285491b7b, 5, 0, 405, 35, 27.31
2026/09/08 20:40:59.574, GPU-ecc6a1f9-42fe-2932-7ea0-1dd285491b7b, 5, 0, 405, 35, 27.31
2026/09/08 20:40:59.777, GPU-ecc6a1f9-42fe-2932-7ea0-1dd285491b7b, 5, 0, 405, 35, 27.31
2026/09/08 20:40:59.981, GPU-ecc6a1f9-42fe-2932-7ea0-1dd285491b7b, 5, 0, 405, 35, 27.31
2026/09/08 20:41:00.184, GPU-ecc6a1f9-42fe-2932-7ea0-1dd285491b7b, 5, 0, 405, 35, 27.31
2026/09/08 20:41:00.388, GPU-ecc6a1f9-42fe-2932-7ea0-1dd285491b7b, 5, 0, 405, 35, 27.07
2026/09/08 20:41:00.591, GPU-ecc6a1f9-42fe-2932-7ea0-1dd285491b7b, 5, 0, 405, 35, 27.31
2026/09/08 20:41:00.796, GPU-ecc6a1f9-42fe-2932-7ea0-1dd285491b7b, 5, 0, 405, 35, 27.31
2026/09/08 20:41:00.999, GPU-ecc6a1f9-42fe-2932-7ea0-1dd285491b7b, 5, 0, 405, 35, 27.07
2026/09/08 20:41:01.203, GPU-ecc6a1f9-42fe-2932-7ea0-1dd285491b7b, 5, 0, 405, 35, 27.31
2026/09/08 20:41:01.406, GPU-ecc6a1f9-42fe-2932-7ea0-1dd285491b7b, 5, 0, 405, 35, 27.07
2026/09/08 20:41:01.610, GPU-ecc6a1f9-42fe-2932-7ea0-1dd285491b7b, 5, 0, 405, 35, 27.31
2026/09/08 20:41:01.813, GPU-ecc6a1f9-42fe-2932-7ea0-1dd285491b7b, 5, 0, 405, 35, 27.31
2026/09/08 20:41:02.019, GPU-ecc6a1f9-42fe-2932-7ea0-1dd285491b7b, 5, 0, 405, 35, 27.07
2026/09/08 20:41:02.222, GPU-ecc6a1f9-42fe-2932-7ea0-1dd285491b7b, 5, 0, 405, 35, 27.07
2026/09/08 20:41:02.426, GPU-ecc6a1f9-42fe-2932-7ea0-1dd285491b7b, 5, 0, 405, 35, 27.07
2026/09/08 20:41:02.629, GPU-ecc6a1f9-42fe-2932-7ea0-1dd285491b7b, 5, 0, 405, 35, 27.07
2026/09/08 20:41:02.833, GPU-ecc6a1f9-42fe-2932-7ea0-1dd285491b7b, 5, 0, 405, 35, 27.07
2026/09/08 20:41:03.036, GPU-ecc6a1f9-42fe-2932-7ea0-1dd285491b7b, 5, 0, 405, 35, 27.07
2026/09/08 20:41:03.241, GPU-ecc6a1f9-42fe-2932-7ea0-1dd285491b7b, 5, 0, 405, 35, 27.07
2026/09/08 20:41:03.444, GPU-ecc6a1f9-42fe-2932-7ea0-1dd285491b7b, 5, 0, 405, 35, 27.07
2026/09/08 20:41:03.648, GPU-ecc6a1f9-42fe-2932-7ea0-1dd285491b7b, 5, 0, 405, 34, 27.07
2026/09/08 20:41:03.851, GPU-ecc6a1f9-42fe-2932-7ea0-1dd285491b7b, 5, 0, 405, 35, 27.07
2026/09/08 20:41:04.055, GPU-ecc6a1f9-42fe-2932-7ea0-1dd285491b7b, 5, 0, 405, 35, 27.07
2026/09/08 20:41:04.261, GPU-ecc6a1f9-42fe-2932-7ea0-1dd285491b7b, 5, 0, 405, 34, 27.07
2026/09/08 20:41:04.464, GPU-ecc6a1f9-42fe-2932-7ea0-1dd285491b7b, 5, 0, 405, 34, 27.07
2026/09/08 20:41:04.668, GPU-ecc6a1f9-42fe-2932-7ea0-1dd285491b7b, 5, 0, 405, 35, 27.07
2026/09/08 20:41:04.871, GPU-ecc6a1f9-42fe-2932-7ea0-1dd285491b7b, 5, 0, 405, 34, 27.07
2026/09/08 20:41:05.075, GPU-ecc6a1f9-42fe-2932-7ea0-1dd285491b7b, 5, 0, 405, 34, 27.07
2026/09/08 20:41:05.280, GPU-ecc6a1f9-42fe-2932-7ea0-1dd285491b7b, 5, 0, 405, 35, 27.07
2026/09/08 20:41:05.484, GPU-ecc6a1f9-42fe-2932-7ea0-1dd285491b7b, 5, 0, 405, 34, 27.07
2026/09/08 20:41:05.687, GPU-ecc6a1f9-42fe-2932-7ea0-1dd285491b7b, 5, 0, 405, 34, 27.07
2026/09/08 20:41:05.891, GPU-ecc6a1f9-42fe-2932-7ea0-1dd285491b7b, 5, 0, 405, 34, 27.07
2026/09/08 20:41:06.094, GPU-ecc6a1f9-42fe-2932-7ea0-1dd285491b7b, 5, 0, 405, 34, 27.07
2026/09/08 20:41:06.300, GPU-ecc6a1f9-42fe-2932-7ea0-1dd285491b7b, 5, 0, 405, 34, 27.07
2026/09/08 20:41:06.503, GPU-ecc6a1f9-42fe-2932-7ea0-1dd285491b7b, 5, 0, 405, 34, 27.07
2026/09/08 20:41:06.707, GPU-ecc6a1f9-42fe-2932-7ea0-1dd285491b7b, 5, 0, 405, 34, 27.07
2026/09/08 20:41:06.911, GPU-ecc6a1f9-42fe-2932-7ea0-1dd285491b7b, 5, 0, 405, 34, 27.07
2026/09/08 20:41:07.114, GPU-ecc6a1f9-42fe-2932-7ea0-1dd285491b7b, 5, 0, 405, 34, 27.07
2026/09/08 20:41:07.319, GPU-ecc6a1f9-42fe-2932-7ea0-1dd285491b7b, 5, 0, 405, 34, 27.07
2026/09/08 20:41:07.523, GPU-ecc6a1f9-42fe-2932-7ea0-1dd285491b7b, 5, 0, 405, 34, 27.07
2026/09/08 20:41:07.727, GPU-ecc6a1f9-42fe-2932-7ea0-1dd285491b7b, 5, 0, 405, 34, 27.07
2026/09/08 20:41:07.930, GPU-ecc6a1f9-42fe-2932-7ea0-1dd285491b7b, 5, 0, 405, 34, 27.07
2026/09/08 20:41:08.134, GPU-ecc6a1f9-42fe-2932-7ea0-1dd285491b7b, 5, 0, 405, 34, 27.07
2026/09/08 20:41:08.339, GPU-ecc6a1f9-42fe-2932-7ea0-1dd285491b7b, 5, 0, 405, 34, 27.07
2026/09/08 20:41:08.542, GPU-ecc6a1f9-42fe-2932-7ea0-1dd285491b7b, 5, 0, 405, 34, 27.07
2026/09/08 20:41:08.746, GPU-ecc6a1f9-42fe-2932-7ea0-1dd285491b7b, 5, 0, 405, 34, 27.07
2026/09/08 20:41:08.950, GPU-ecc6a1f9-42fe-2932-7ea0-1dd285491b7b, 5, 0, 405, 34, 27.07
2026/09/08 20:41:09.153, GPU-ecc6a1f9-42fe-2932-7ea0-1dd285491b7b, 5, 0, 405, 34, 27.07
2026/09/08 20:41:09.358, GPU-ecc6a1f9-42fe-2932-7ea0-1dd285491b7b, 5, 0, 405, 34, 27.07
2026/09/08 20:41:09.562, GPU-ecc6a1f9-42fe-2932-7ea0-1dd285491b7b, 5, 0, 405, 34, 27.07
2026/09/08 20:41:09.765, GPU-ecc6a1f9-42fe-2932-7ea0-1dd285491b7b, 5, 0, 405, 34, 27.07
2026/09/08 20:41:09.969, GPU-ecc6a1f9-42fe-2932-7ea0-1dd285491b7b, 5, 0, 405, 34, 27.07
2026/09/08 20:41:10.173, GPU-ecc6a1f9-42fe-2932-7ea0-1dd285491b7b, 5, 0, 405, 34, 27.07
2026/09/08 20:41:10.378, GPU-ecc6a1f9-42fe-2932-7ea0-1dd285491b7b, 5, 0, 405, 34, 27.07
2026/09/08 20:41:10.581, GPU-ecc6a1f9-42fe-2932-7ea0-1dd285491b7b, 5, 0, 405, 34, 27.07
2026/09/08 20:41:10.785, GPU-ecc6a1f9-42fe-2932-7ea0-1dd285491b7b, 5, 0, 405, 34, 27.07
2026/09/08 20:41:10.988, GPU-ecc6a1f9-42fe-2932-7ea0-1dd285491b7b, 5, 0, 405, 34, 27.07
2026/09/08 20:41:11.192, GPU-ecc6a1f9-42fe-2932-7ea0-1dd285491b7b, 5, 0, 405, 34, 27.07
2026/09/08 20:41:11.397, GPU-ecc6a1f9-42fe-2932-7ea0-1dd285491b7b, 5, 0, 405, 34, 27.07
2026/09/08 20:41:11.600, GPU-ecc6a1f9-42fe-2932-7ea0-1dd285491b7b, 5, 0, 405, 34, 27.07
2026/09/08 20:41:11.804, GPU-ecc6a1f9-42fe-2932-7ea0-1dd285491b7b, 5, 0, 405, 34, 27.07
2026/09/08 20:41:12.008, GPU-ecc6a1f9-42fe-2932-7ea0-1dd285491b7b, 5, 0, 405, 34, 27.07
2026/09/08 20:41:12.211, GPU-ecc6a1f9-42fe-2932-7ea0-1dd285491b7b, 5, 0, 405, 34, 27.07
2026/09/08 20:41:12.416, GPU-ecc6a1f9-42fe-2932-7ea0-1dd285491b7b, 5, 0, 405, 34, 27.07
2026/09/08 20:41:12.620, GPU-ecc6a1f9-42fe-2932-7ea0-1dd285491b7b, 5, 0, 405, 34, 27.07
2026/09/08 20:41:12.823, GPU-ecc6a1f9-42fe-2932-7ea0-1dd285491b7b, 5, 0, 405, 34, 27.07
2026/09/08 20:41:13.027, GPU-ecc6a1f9-42fe-2932-7ea0-1dd285491b7b, 5, 0, 405, 34, 27.07
2026/09/08 20:41:13.230, GPU-ecc6a1f9-42fe-2932-7ea0-1dd285491b7b, 5, 0, 405, 34, 27.07
2026/09/08 20:41:13.436, GPU-ecc6a1f9-42fe-2932-7ea0-1dd285491b7b, 5, 0, 405, 34, 27.07
2026/09/08 20:41:13.639, GPU-ecc6a1f9-42fe-2932-7ea0-1dd285491b7b, 5, 0, 405, 34, 27.07
2026/09/08 20:41:13.843, GPU-ecc6a1f9-42fe-2932-7ea0-1dd285491b7b, 5, 0, 405, 34, 27.07
2026/09/08 20:41:14.046, GPU-ecc6a1f9-42fe-2932-7ea0-1dd285491b7b, 5, 0, 405, 34, 27.07
2026/09/08 20:41:14.250, GPU-ecc6a1f9-42fe-2932-7ea0-1dd285491b7b, 5, 0, 405, 34, 27.07
2026/09/08 20:41:14.455, GPU-ecc6a1f9-42fe-2932-7ea0-1dd285491b7b, 5, 0, 405, 34, 27.07
2026/09/08 20:41:14.659, GPU-ecc6a1f9-42fe-2932-7ea0-1dd285491b7b, 5, 0, 405, 34, 27.07
2026/09/08 20:41:14.862, GPU-ecc6a1f9-42fe-2932-7ea0-1dd285491b7b, 5, 0, 405, 34, 26.83
2026/09/08 20:41:15.066, GPU-ecc6a1f9-42fe-2932-7ea0-1dd285491b7b, 5, 0, 405, 34, 27.07
2026/09/08 20:41:15.269, GPU-ecc6a1f9-42fe-2932-7ea0-1dd285491b7b, 5, 0, 405, 33, 27.07
2026/09/08 20:41:15.475, GPU-ecc6a1f9-42fe-2932-7ea0-1dd285491b7b, 5, 0, 405, 33, 26.83
2026/09/08 20:41:15.678, GPU-ecc6a1f9-42fe-2932-7ea0-1dd285491b7b, 5, 0, 405, 33, 27.07
2026/09/08 20:41:15.882, GPU-ecc6a1f9-42fe-2932-7ea0-1dd285491b7b, 5, 0, 405, 33, 26.83
2026/09/08 20:41:16.085, GPU-ecc6a1f9-42fe-2932-7ea0-1dd285491b7b, 5, 0, 405, 33, 26.83
2026/09/08 20:41:16.289, GPU-ecc6a1f9-42fe-2932-7ea0-1dd285491b7b, 5, 0, 405, 33, 26.83
2026/09/08 20:41:16.494, GPU-ecc6a1f9-42fe-2932-7ea0-1dd285491b7b, 5, 0, 405, 33, 26.83
2026/09/08 20:41:16.698, GPU-ecc6a1f9-42fe-2932-7ea0-1dd285491b7b, 5, 0, 405, 33, 26.83
2026/09/08 20:41:16.901, GPU-ecc6a1f9-42fe-2932-7ea0-1dd285491b7b, 5, 0, 405, 33, 26.83
2026/09/08 20:41:17.105, GPU-ecc6a1f9-42fe-2932-7ea0-1dd285491b7b, 5, 0, 405, 33, 26.83
2026/09/08 20:41:17.308, GPU-ecc6a1f9-42fe-2932-7ea0-1dd285491b7b, 5, 0, 405, 33, 26.83
2026/09/08 20:41:17.514, GPU-ecc6a1f9-42fe-2932-7ea0-1dd285491b7b, 5, 0, 405, 33, 26.83
2026/09/08 20:41:17.718, GPU-ecc6a1f9-42fe-2932-7ea0-1dd285491b7b, 5, 0, 405, 33, 26.83
2026/09/08 20:41:17.921, GPU-ecc6a1f9-42fe-2932-7ea0-1dd285491b7b, 5, 0, 405, 33, 26.83
2026/09/08 20:41:18.125, GPU-ecc6a1f9-42fe-2932-7ea0-1dd285491b7b, 5, 0, 405, 33, 26.83
2026/09/08 20:41:18.328, GPU-ecc6a1f9-42fe-2932-7ea0-1dd285491b7b, 5, 0, 405, 33, 26.83
2026/09/08 20:41:18.535, GPU-ecc6a1f9-42fe-2932-7ea0-1dd285491b7b, 5, 0, 405, 33, 26.83
2026/09/08 20:41:18.738, GPU-ecc6a1f9-42fe-2932-7ea0-1dd285491b7b, 5, 0, 405, 33, 27.07
2026/09/08 20:41:18.942, GPU-ecc6a1f9-42fe-2932-7ea0-1dd285491b7b, 5, 0, 405, 33, 26.83
2026/09/08 20:41:19.145, GPU-ecc6a1f9-42fe-2932-7ea0-1dd285491b7b, 5, 0, 405, 33, 26.83
2026/09/08 20:41:19.349, GPU-ecc6a1f9-42fe-2932-7ea0-1dd285491b7b, 5, 0, 405, 33, 26.83
2026/09/08 20:41:19.554, GPU-ecc6a1f9-42fe-2932-7ea0-1dd285491b7b, 5, 0, 405, 33, 26.83
2026/09/08 20:41:19.758, GPU-ecc6a1f9-42fe-2932-7ea0-1dd285491b7b, 5, 0, 405, 33, 26.83
2026/09/08 20:41:19.961, GPU-ecc6a1f9-42fe-2932-7ea0-1dd285491b7b, 5, 0, 405, 33, 26.83
2026/09/08 20:41:20.165, GPU-ecc6a1f9-42fe-2932-7ea0-1dd285491b7b, 5, 0, 405, 33, 26.83
2026/09/08 20:41:20.369, GPU-ecc6a1f9-42fe-2932-7ea0-1dd285491b7b, 5, 0, 405, 33, 26.83
2026/09/08 20:41:20.574, GPU-ecc6a1f9-42fe-2932-7ea0-1dd285491b7b, 5, 0, 405, 33, 26.83
2026/09/08 20:41:20.778, GPU-ecc6a1f9-42fe-2932-7ea0-1dd285491b7b, 5, 0, 405, 33, 26.83
2026/09/08 20:41:20.981, GPU-ecc6a1f9-42fe-2932-7ea0-1dd285491b7b, 5, 0, 405, 33, 26.83
2026/09/08 20:41:21.185, GPU-ecc6a1f9-42fe-2932-7ea0-1dd285491b7b, 5, 0, 405, 33, 26.83
2026/09/08 20:41:21.388, GPU-ecc6a1f9-42fe-2932-7ea0-1dd285491b7b, 5, 0, 405, 33, 26.83
2026/09/08 20:41:21.593, GPU-ecc6a1f9-42fe-2932-7ea0-1dd285491b7b, 5, 0, 405, 33, 26.83
2026/09/08 20:41:21.797, GPU-ecc6a1f9-42fe-2932-7ea0-1dd285491b7b, 5, 0, 405, 33, 26.83
2026/09/08 20:41:22.000, GPU-ecc6a1f9-42fe-2932-7ea0-1dd285491b7b, 5, 0, 405, 33, 26.83
2026/09/08 20:41:22.204, GPU-ecc6a1f9-42fe-2932-7ea0-1dd285491b7b, 5, 0, 405, 33, 26.83
2026/09/08 20:41:22.407, GPU-ecc6a1f9-42fe-2932-7ea0-1dd285491b7b, 5, 0, 405, 33, 26.83
2026/09/08 20:41:22.611, GPU-ecc6a1f9-42fe-2932-7ea0-1dd285491b7b, 5, 0, 405, 33, 26.83
2026/09/08 20:41:22.815, GPU-ecc6a1f9-42fe-2932-7ea0-1dd285491b7b, 5, 0, 405, 33, 26.83
2026/09/08 20:41:23.019, GPU-ecc6a1f9-42fe-2932-7ea0-1dd285491b7b, 5, 0, 405, 33, 26.83
2026/09/08 20:41:23.222, GPU-ecc6a1f9-42fe-2932-7ea0-1dd285491b7b, 5, 0, 405, 33, 26.83
2026/09/08 20:41:23.426, GPU-ecc6a1f9-42fe-2932-7ea0-1dd285491b7b, 5, 0, 405, 33, 26.83
2026/09/08 20:41:23.629, GPU-ecc6a1f9-42fe-2932-7ea0-1dd285491b7b, 5, 0, 405, 33, 26.83
2026/09/08 20:41:23.833, GPU-ecc6a1f9-42fe-2932-7ea0-1dd285491b7b, 5, 0, 405, 33, 26.83
2026/09/08 20:41:24.038, GPU-ecc6a1f9-42fe-2932-7ea0-1dd285491b7b, 5, 0, 405, 33, 26.83
2026/09/08 20:41:24.241, GPU-ecc6a1f9-42fe-2932-7ea0-1dd285491b7b, 5, 0, 405, 33, 26.83
2026/09/08 20:41:24.445, GPU-ecc6a1f9-42fe-2932-7ea0-1dd285491b7b, 5, 0, 405, 33, 26.83
2026/09/08 20:41:24.648, GPU-ecc6a1f9-42fe-2932-7ea0-1dd285491b7b, 5, 0, 405, 33, 26.83
2026/09/08 20:41:24.852, GPU-ecc6a1f9-42fe-2932-7ea0-1dd285491b7b, 5, 0, 405, 33, 26.83
2026/09/08 20:41:25.055, GPU-ecc6a1f9-42fe-2932-7ea0-1dd285491b7b, 5, 0, 405, 33, 26.83
2026/09/08 20:41:25.260, GPU-ecc6a1f9-42fe-2932-7ea0-1dd285491b7b, 5, 0, 405, 33, 26.83
2026/09/08 20:41:25.464, GPU-ecc6a1f9-42fe-2932-7ea0-1dd285491b7b, 5, 0, 405, 33, 26.83
2026/09/08 20:41:25.667, GPU-ecc6a1f9-42fe-2932-7ea0-1dd285491b7b, 5, 0, 405, 33, 26.83
2026/09/08 20:41:25.871, GPU-ecc6a1f9-42fe-2932-7ea0-1dd285491b7b, 5, 0, 405, 33, 26.83
2026/09/08 20:41:26.074, GPU-ecc6a1f9-42fe-2932-7ea0-1dd285491b7b, 5, 0, 405, 33, 26.83
2026/09/08 20:41:26.281, GPU-ecc6a1f9-42fe-2932-7ea0-1dd285491b7b, 5, 0, 405, 32, 26.83
2026/09/08 20:41:26.484, GPU-ecc6a1f9-42fe-2932-7ea0-1dd285491b7b, 5, 0, 405, 33, 26.83
2026/09/08 20:41:26.688, GPU-ecc6a1f9-42fe-2932-7ea0-1dd285491b7b, 5, 0, 405, 33, 26.83
2026/09/08 20:41:26.891, GPU-ecc6a1f9-42fe-2932-7ea0-1dd285491b7b, 5, 0, 405, 33, 26.83
2026/09/08 20:41:27.095, GPU-ecc6a1f9-42fe-2932-7ea0-1dd285491b7b, 5, 0, 405, 33, 26.83
2026/09/08 20:41:27.300, GPU-ecc6a1f9-42fe-2932-7ea0-1dd285491b7b, 5, 0, 405, 33, 26.83
2026/09/08 20:41:27.504, GPU-ecc6a1f9-42fe-2932-7ea0-1dd285491b7b, 5, 0, 405, 33, 26.83
2026/09/08 20:41:27.707, GPU-ecc6a1f9-42fe-2932-7ea0-1dd285491b7b, 5, 0, 405, 33, 26.83
2026/09/08 20:41:27.911, GPU-ecc6a1f9-42fe-2932-7ea0-1dd285491b7b, 5, 0, 405, 33, 26.83
2026/09/08 20:41:28.114, GPU-ecc6a1f9-42fe-2932-7ea0-1dd285491b7b, 5, 0, 405, 32, 26.83
2026/09/08 20:41:28.320, GPU-ecc6a1f9-42fe-2932-7ea0-1dd285491b7b, 5, 0, 405, 32, 26.83
2026/09/08 20:41:28.523, GPU-ecc6a1f9-42fe-2932-7ea0-1dd285491b7b, 5, 0, 405, 32, 26.83
2026/09/08 20:41:28.727, GPU-ecc6a1f9-42fe-2932-7ea0-1dd285491b7b, 5, 0, 405, 32, 26.83
2026/09/08 20:41:28.931, GPU-ecc6a1f9-42fe-2932-7ea0-1dd285491b7b, 5, 0, 405, 33, 26.83
2026/09/08 20:41:29.134, GPU-ecc6a1f9-42fe-2932-7ea0-1dd285491b7b, 5, 0, 405, 33, 26.83
2026/09/08 20:41:29.339, GPU-ecc6a1f9-42fe-2932-7ea0-1dd285491b7b, 5, 0, 405, 33, 26.83
2026/09/08 20:41:29.543, GPU-ecc6a1f9-42fe-2932-7ea0-1dd285491b7b, 5, 0, 405, 33, 26.83
2026/09/08 20:41:29.746, GPU-ecc6a1f9-42fe-2932-7ea0-1dd285491b7b, 5, 0, 405, 32, 26.83
2026/09/08 20:41:29.950, GPU-ecc6a1f9-42fe-2932-7ea0-1dd285491b7b, 5, 0, 405, 32, 26.83
2026/09/08 20:41:30.154, GPU-ecc6a1f9-42fe-2932-7ea0-1dd285491b7b, 5, 0, 405, 32, 26.83
2026/09/08 20:41:30.359, GPU-ecc6a1f9-42fe-2932-7ea0-1dd285491b7b, 5, 0, 405, 32, 26.83
2026/09/08 20:41:30.562, GPU-ecc6a1f9-42fe-2932-7ea0-1dd285491b7b, 5, 0, 405, 32, 26.83
2026/09/08 20:41:30.766, GPU-ecc6a1f9-42fe-2932-7ea0-1dd285491b7b, 5, 0, 405, 32, 26.83
2026/09/08 20:41:30.969, GPU-ecc6a1f9-42fe-2932-7ea0-1dd285491b7b, 5, 0, 405, 32, 26.83
2026/09/08 20:41:31.173, GPU-ecc6a1f9-42fe-2932-7ea0-1dd285491b7b, 5, 0, 405, 32, 26.83
2026/09/08 20:41:31.378, GPU-ecc6a1f9-42fe-2932-7ea0-1dd285491b7b, 5, 0, 405, 32, 26.83
2026/09/08 20:41:31.582, GPU-ecc6a1f9-42fe-2932-7ea0-1dd285491b7b, 5, 0, 405, 32, 26.83
2026/09/08 20:41:31.785, GPU-ecc6a1f9-42fe-2932-7ea0-1dd285491b7b, 5, 0, 405, 32, 26.83
2026/09/08 20:41:31.989, GPU-ecc6a1f9-42fe-2932-7ea0-1dd285491b7b, 5, 0, 405, 32, 26.83
2026/09/08 20:41:32.192, GPU-ecc6a1f9-42fe-2932-7ea0-1dd285491b7b, 5, 0, 405, 32, 26.83
2026/09/08 20:41:32.398, GPU-ecc6a1f9-42fe-2932-7ea0-1dd285491b7b, 5, 0, 405, 32, 26.83
2026/09/08 20:41:32.601, GPU-ecc6a1f9-42fe-2932-7ea0-1dd285491b7b, 5, 0, 405, 32, 26.83
2026/09/08 20:41:32.805, GPU-ecc6a1f9-42fe-2932-7ea0-1dd285491b7b, 5, 0, 405, 32, 26.83
2026/09/08 20:41:33.008, GPU-ecc6a1f9-42fe-2932-7ea0-1dd285491b7b, 5, 0, 405, 32, 26.83
2026/09/08 20:41:33.212, GPU-ecc6a1f9-42fe-2932-7ea0-1dd285491b7b, 5, 0, 405, 32, 26.83
2026/09/08 20:41:33.417, GPU-ecc6a1f9-42fe-2932-7ea0-1dd285491b7b, 5, 0, 405, 32, 26.83
2026/09/08 20:41:33.620, GPU-ecc6a1f9-42fe-2932-7ea0-1dd285491b7b, 5, 0, 405, 32, 26.83
2026/09/08 20:41:33.824, GPU-ecc6a1f9-42fe-2932-7ea0-1dd285491b7b, 5, 0, 405, 32, 26.83
2026/09/08 20:41:34.027, GPU-ecc6a1f9-42fe-2932-7ea0-1dd285491b7b, 5, 0, 405, 32, 26.83
2026/09/08 20:41:34.231, GPU-ecc6a1f9-42fe-2932-7ea0-1dd285491b7b, 5, 0, 405, 32, 26.83
2026/09/08 20:41:34.436, GPU-ecc6a1f9-42fe-2932-7ea0-1dd285491b7b, 5, 0, 405, 32, 26.83
2026/09/08 20:41:34.640, GPU-ecc6a1f9-42fe-2932-7ea0-1dd285491b7b, 5, 0, 405, 32, 26.83
2026/09/08 20:41:34.843, GPU-ecc6a1f9-42fe-2932-7ea0-1dd285491b7b, 5, 0, 405, 32, 26.83
2026/09/08 20:41:35.047, GPU-ecc6a1f9-42fe-2932-7ea0-1dd285491b7b, 5, 0, 405, 32, 26.83
2026/09/08 20:41:35.250, GPU-ecc6a1f9-42fe-2932-7ea0-1dd285491b7b, 5, 0, 405, 32, 26.83
2026/09/08 20:41:35.456, GPU-ecc6a1f9-42fe-2932-7ea0-1dd285491b7b, 5, 0, 405, 32, 26.83
2026/09/08 20:41:35.659, GPU-ecc6a1f9-42fe-2932-7ea0-1dd285491b7b, 5, 0, 405, 32, 26.83
2026/09/08 20:41:35.863, GPU-ecc6a1f9-42fe-2932-7ea0-1dd285491b7b, 5, 0, 405, 32, 26.83
2026/09/08 20:41:36.066, GPU-ecc6a1f9-42fe-2932-7ea0-1dd285491b7b, 5, 0, 405, 32, 26.83
2026/09/08 20:41:36.270, GPU-ecc6a1f9-42fe-2932-7ea0-1dd285491b7b, 5, 0, 405, 32, 26.58
2026/09/08 20:41:36.475, GPU-ecc6a1f9-42fe-2932-7ea0-1dd285491b7b, 5, 0, 405, 32, 26.83
2026/09/08 20:41:36.679, GPU-ecc6a1f9-42fe-2932-7ea0-1dd285491b7b, 5, 0, 405, 32, 26.58
2026/09/08 20:41:36.882, GPU-ecc6a1f9-42fe-2932-7ea0-1dd285491b7b, 5, 0, 405, 32, 26.83
2026/09/08 20:41:37.086, GPU-ecc6a1f9-42fe-2932-7ea0-1dd285491b7b, 5, 0, 405, 32, 26.58
2026/09/08 20:41:37.289, GPU-ecc6a1f9-42fe-2932-7ea0-1dd285491b7b, 5, 0, 405, 32, 26.58
2026/09/08 20:41:37.495, GPU-ecc6a1f9-42fe-2932-7ea0-1dd285491b7b, 5, 0, 405, 32, 26.58
2026/09/08 20:41:37.698, GPU-ecc6a1f9-42fe-2932-7ea0-1dd285491b7b, 5, 0, 405, 32, 26.58
2026/09/08 20:41:37.902, GPU-ecc6a1f9-42fe-2932-7ea0-1dd285491b7b, 5, 0, 405, 32, 26.58
2026/09/08 20:41:38.105, GPU-ecc6a1f9-42fe-2932-7ea0-1dd285491b7b, 5, 0, 405, 32, 26.83
2026/09/08 20:41:38.309, GPU-ecc6a1f9-42fe-2932-7ea0-1dd285491b7b, 5, 0, 405, 32, 26.58
2026/09/08 20:41:38.514, GPU-ecc6a1f9-42fe-2932-7ea0-1dd285491b7b, 5, 0, 405, 32, 26.58
2026/09/08 20:41:38.718, GPU-ecc6a1f9-42fe-2932-7ea0-1dd285491b7b, 5, 0, 405, 32, 26.58
2026/09/08 20:41:38.922, GPU-ecc6a1f9-42fe-2932-7ea0-1dd285491b7b, 5, 0, 405, 32, 26.83
2026/09/08 20:41:39.125, GPU-ecc6a1f9-42fe-2932-7ea0-1dd285491b7b, 5, 0, 405, 32, 26.58
2026/09/08 20:41:39.329, GPU-ecc6a1f9-42fe-2932-7ea0-1dd285491b7b, 5, 0, 405, 32, 26.83
2026/09/08 20:41:39.534, GPU-ecc6a1f9-42fe-2932-7ea0-1dd285491b7b, 5, 0, 405, 32, 26.83
2026/09/08 20:41:39.737, GPU-ecc6a1f9-42fe-2932-7ea0-1dd285491b7b, 5, 0, 405, 32, 26.58
2026/09/08 20:41:39.941, GPU-ecc6a1f9-42fe-2932-7ea0-1dd285491b7b, 5, 0, 405, 32, 26.58
2026/09/08 20:41:40.144, GPU-ecc6a1f9-42fe-2932-7ea0-1dd285491b7b, 5, 0, 405, 32, 26.58
2026/09/08 20:41:40.348, GPU-ecc6a1f9-42fe-2932-7ea0-1dd285491b7b, 5, 0, 405, 32, 26.83
2026/09/08 20:41:40.554, GPU-ecc6a1f9-42fe-2932-7ea0-1dd285491b7b, 5, 0, 405, 32, 26.58
2026/09/08 20:41:40.758, GPU-ecc6a1f9-42fe-2932-7ea0-1dd285491b7b, 5, 0, 405, 32, 26.83
2026/09/08 20:41:40.961, GPU-ecc6a1f9-42fe-2932-7ea0-1dd285491b7b, 5, 0, 405, 32, 26.83
2026/09/08 20:41:41.165, GPU-ecc6a1f9-42fe-2932-7ea0-1dd285491b7b, 5, 0, 405, 32, 26.58
2026/09/08 20:41:41.368, GPU-ecc6a1f9-42fe-2932-7ea0-1dd285491b7b, 5, 0, 405, 32, 26.83
2026/09/08 20:41:41.574, GPU-ecc6a1f9-42fe-2932-7ea0-1dd285491b7b, 5, 0, 405, 32, 26.58
2026/09/08 20:41:41.778, GPU-ecc6a1f9-42fe-2932-7ea0-1dd285491b7b, 5, 0, 405, 32, 26.83
2026/09/08 20:41:41.981, GPU-ecc6a1f9-42fe-2932-7ea0-1dd285491b7b, 5, 0, 405, 32, 26.58
2026/09/08 20:41:42.185, GPU-ecc6a1f9-42fe-2932-7ea0-1dd285491b7b, 5, 0, 405, 32, 26.58
2026/09/08 20:41:42.389, GPU-ecc6a1f9-42fe-2932-7ea0-1dd285491b7b, 5, 0, 405, 32, 26.58
2026/09/08 20:41:42.594, GPU-ecc6a1f9-42fe-2932-7ea0-1dd285491b7b, 5, 0, 405, 32, 26.58
2026/09/08 20:41:42.798, GPU-ecc6a1f9-42fe-2932-7ea0-1dd285491b7b, 5, 0, 405, 32, 26.58
2026/09/08 20:41:43.001, GPU-ecc6a1f9-42fe-2932-7ea0-1dd285491b7b, 5, 0, 405, 31, 26.58
2026/09/08 20:41:43.205, GPU-ecc6a1f9-42fe-2932-7ea0-1dd285491b7b, 5, 0, 405, 32, 26.58
2026/09/08 20:41:43.408, GPU-ecc6a1f9-42fe-2932-7ea0-1dd285491b7b, 5, 0, 405, 32, 26.58
2026/09/08 20:41:43.613, GPU-ecc6a1f9-42fe-2932-7ea0-1dd285491b7b, 5, 0, 405, 31, 26.58
2026/09/08 20:41:43.817, GPU-ecc6a1f9-42fe-2932-7ea0-1dd285491b7b, 5, 0, 405, 32, 26.58
2026/09/08 20:41:44.020, GPU-ecc6a1f9-42fe-2932-7ea0-1dd285491b7b, 5, 0, 405, 32, 26.58
2026/09/08 20:41:44.224, GPU-ecc6a1f9-42fe-2932-7ea0-1dd285491b7b, 5, 0, 405, 32, 26.58
2026/09/08 20:41:44.427, GPU-ecc6a1f9-42fe-2932-7ea0-1dd285491b7b, 5, 0, 405, 32, 26.58
2026/09/08 20:41:44.634, GPU-ecc6a1f9-42fe-2932-7ea0-1dd285491b7b, 5, 0, 405, 32, 26.58
2026/09/08 20:41:44.837, GPU-ecc6a1f9-42fe-2932-7ea0-1dd285491b7b, 5, 0, 405, 31, 26.58
2026/09/08 20:41:45.041, GPU-ecc6a1f9-42fe-2932-7ea0-1dd285491b7b, 5, 0, 405, 31, 26.58
2026/09/08 20:41:45.244, GPU-ecc6a1f9-42fe-2932-7ea0-1dd285491b7b, 5, 0, 405, 31, 26.58
2026/09/08 20:41:45.448, GPU-ecc6a1f9-42fe-2932-7ea0-1dd285491b7b, 5, 0, 405, 32, 26.58
2026/09/08 20:41:45.651, GPU-ecc6a1f9-42fe-2932-7ea0-1dd285491b7b, 5, 0, 405, 31, 26.58
2026/09/08 20:41:45.857, GPU-ecc6a1f9-42fe-2932-7ea0-1dd285491b7b, 5, 0, 405, 31, 26.58
2026/09/08 20:41:46.060, GPU-ecc6a1f9-42fe-2932-7ea0-1dd285491b7b, 5, 0, 405, 31, 26.58
2026/09/08 20:41:46.264, GPU-ecc6a1f9-42fe-2932-7ea0-1dd285491b7b, 5, 0, 405, 31, 26.58
2026/09/08 20:41:46.467, GPU-ecc6a1f9-42fe-2932-7ea0-1dd285491b7b, 5, 0, 405, 31, 26.58
2026/09/08 20:41:46.671, GPU-ecc6a1f9-42fe-2932-7ea0-1dd285491b7b, 5, 0, 405, 31, 26.58
2026/09/08 20:41:46.874, GPU-ecc6a1f9-42fe-2932-7ea0-1dd285491b7b, 5, 0, 405, 31, 26.58
2026/09/08 20:41:47.080, GPU-ecc6a1f9-42fe-2932-7ea0-1dd285491b7b, 5, 0, 405, 31, 26.58
2026/09/08 20:41:47.284, GPU-ecc6a1f9-42fe-2932-7ea0-1dd285491b7b, 5, 0, 405, 31, 26.58
2026/09/08 20:41:47.487, GPU-ecc6a1f9-42fe-2932-7ea0-1dd285491b7b, 5, 0, 405, 31, 26.58
2026/09/08 20:41:47.691, GPU-ecc6a1f9-42fe-2932-7ea0-1dd285491b7b, 5, 0, 405, 31, 26.58
2026/09/08 20:41:47.894, GPU-ecc6a1f9-42fe-2932-7ea0-1dd285491b7b, 5, 0, 405, 31, 26.58
2026/09/08 20:41:48.101, GPU-ecc6a1f9-42fe-2932-7ea0-1dd285491b7b, 5, 0, 405, 31, 26.58
2026/09/08 20:41:48.304, GPU-ecc6a1f9-42fe-2932-7ea0-1dd285491b7b, 5, 0, 405, 31, 26.58
2026/09/08 20:41:48.508, GPU-ecc6a1f9-42fe-2932-7ea0-1dd285491b7b, 5, 0, 405, 31, 26.58
2026/09/08 20:41:48.711, GPU-ecc6a1f9-42fe-2932-7ea0-1dd285491b7b, 5, 0, 405, 31, 26.58
2026/09/08 20:41:48.915, GPU-ecc6a1f9-42fe-2932-7ea0-1dd285491b7b, 5, 0, 405, 31, 26.58
2026/09/08 20:41:49.120, GPU-ecc6a1f9-42fe-2932-7ea0-1dd285491b7b, 5, 0, 405, 31, 26.58
2026/09/08 20:41:49.324, GPU-ecc6a1f9-42fe-2932-7ea0-1dd285491b7b, 5, 0, 405, 31, 26.58
2026/09/08 20:41:49.527, GPU-ecc6a1f9-42fe-2932-7ea0-1dd285491b7b, 5, 0, 405, 31, 26.58
2026/09/08 20:41:49.731, GPU-ecc6a1f9-42fe-2932-7ea0-1dd285491b7b, 5, 0, 405, 31, 26.58
2026/09/08 20:41:49.934, GPU-ecc6a1f9-42fe-2932-7ea0-1dd285491b7b, 5, 0, 405, 31, 26.58
2026/09/08 20:41:50.140, GPU-ecc6a1f9-42fe-2932-7ea0-1dd285491b7b, 5, 0, 405, 31, 26.58
2026/09/08 20:41:50.343, GPU-ecc6a1f9-42fe-2932-7ea0-1dd285491b7b, 5, 0, 405, 31, 26.58
2026/09/08 20:41:50.547, GPU-ecc6a1f9-42fe-2932-7ea0-1dd285491b7b, 5, 0, 405, 31, 26.58
2026/09/08 20:41:50.750, GPU-ecc6a1f9-42fe-2932-7ea0-1dd285491b7b, 5, 0, 405, 31, 26.58
2026/09/08 20:41:50.954, GPU-ecc6a1f9-42fe-2932-7ea0-1dd285491b7b, 5, 0, 405, 31, 26.58
2026/09/08 20:41:51.159, GPU-ecc6a1f9-42fe-2932-7ea0-1dd285491b7b, 5, 0, 405, 31, 26.58
2026/09/08 20:41:51.363, GPU-ecc6a1f9-42fe-2932-7ea0-1dd285491b7b, 5, 0, 405, 31, 26.58
2026/09/08 20:41:51.566, GPU-ecc6a1f9-42fe-2932-7ea0-1dd285491b7b, 5, 0, 405, 31, 26.58
2026/09/08 20:41:51.770, GPU-ecc6a1f9-42fe-2932-7ea0-1dd285491b7b, 5, 0, 405, 31, 26.58
2026/09/08 20:41:51.973, GPU-ecc6a1f9-42fe-2932-7ea0-1dd285491b7b, 5, 0, 405, 31, 26.58
2026/09/08 20:41:52.178, GPU-ecc6a1f9-42fe-2932-7ea0-1dd285491b7b, 5, 0, 405, 31, 26.58
2026/09/08 20:41:52.382, GPU-ecc6a1f9-42fe-2932-7ea0-1dd285491b7b, 5, 0, 405, 31, 26.58
2026/09/08 20:41:52.585, GPU-ecc6a1f9-42fe-2932-7ea0-1dd285491b7b, 5, 0, 405, 31, 26.58
2026/09/08 20:41:52.789, GPU-ecc6a1f9-42fe-2932-7ea0-1dd285491b7b, 5, 0, 405, 31, 26.58
2026/09/08 20:41:52.992, GPU-ecc6a1f9-42fe-2932-7ea0-1dd285491b7b, 5, 0, 405, 31, 26.58
2026/09/08 20:41:53.198, GPU-ecc6a1f9-42fe-2932-7ea0-1dd285491b7b, 5, 0, 405, 31, 26.58
2026/09/08 20:41:53.402, GPU-ecc6a1f9-42fe-2932-7ea0-1dd285491b7b, 5, 0, 405, 31, 26.58
2026/09/08 20:41:53.605, GPU-ecc6a1f9-42fe-2932-7ea0-1dd285491b7b, 5, 0, 405, 31, 26.58
2026/09/08 20:41:53.809, GPU-ecc6a1f9-42fe-2932-7ea0-1dd285491b7b, 5, 0, 405, 31, 26.58
2026/09/08 20:41:54.012, GPU-ecc6a1f9-42fe-2932-7ea0-1dd285491b7b, 5, 0, 405, 31, 26.58
2026/09/08 20:41:54.217, GPU-ecc6a1f9-42fe-2932-7ea0-1dd285491b7b, 5, 0, 405, 31, 26.58
2026/09/08 20:41:54.421, GPU-ecc6a1f9-42fe-2932-7ea0-1dd285491b7b, 5, 0, 405, 31, 26.58
2026/09/08 20:41:54.624, GPU-ecc6a1f9-42fe-2932-7ea0-1dd285491b7b, 5, 0, 405, 31, 26.58
2026/09/08 20:41:54.828, GPU-ecc6a1f9-42fe-2932-7ea0-1dd285491b7b, 5, 0, 405, 31, 26.58
2026/09/08 20:41:55.031, GPU-ecc6a1f9-42fe-2932-7ea0-1dd285491b7b, 5, 0, 405, 31, 26.58
2026/09/08 20:41:55.237, GPU-ecc6a1f9-42fe-2932-7ea0-1dd285491b7b, 5, 0, 405, 31, 26.58
2026/09/08 20:41:55.440, GPU-ecc6a1f9-42fe-2932-7ea0-1dd285491b7b, 5, 0, 405, 31, 26.58
2026/09/08 20:41:55.644, GPU-ecc6a1f9-42fe-2932-7ea0-1dd285491b7b, 5, 0, 405, 31, 26.58
2026/09/08 20:41:55.848, GPU-ecc6a1f9-42fe-2932-7ea0-1dd285491b7b, 5, 0, 405, 31, 26.58
2026/09/08 20:41:56.051, GPU-ecc6a1f9-42fe-2932-7ea0-1dd285491b7b, 5, 0, 405, 31, 26.58
2026/09/08 20:41:56.256, GPU-ecc6a1f9-42fe-2932-7ea0-1dd285491b7b, 5, 0, 405, 31, 26.58
2026/09/08 20:41:56.460, GPU-ecc6a1f9-42fe-2932-7ea0-1dd285491b7b, 5, 0, 405, 31, 26.58
2026/09/08 20:41:56.663, GPU-ecc6a1f9-42fe-2932-7ea0-1dd285491b7b, 5, 0, 405, 31, 26.58
2026/09/08 20:41:56.867, GPU-ecc6a1f9-42fe-2932-7ea0-1dd285491b7b, 5, 0, 405, 31, 26.58
2026/09/08 20:41:57.070, GPU-ecc6a1f9-42fe-2932-7ea0-1dd285491b7b, 5, 0, 405, 31, 26.58
2026/09/08 20:41:57.275, GPU-ecc6a1f9-42fe-2932-7ea0-1dd285491b7b, 5, 0, 405, 31, 26.58
2026/09/08 20:41:57.479, GPU-ecc6a1f9-42fe-2932-7ea0-1dd285491b7b, 5, 0, 405, 31, 26.58
2026/09/08 20:41:57.682, GPU-ecc6a1f9-42fe-2932-7ea0-1dd285491b7b, 5, 0, 405, 31, 26.58
2026/09/08 20:41:57.886, GPU-ecc6a1f9-42fe-2932-7ea0-1dd285491b7b, 5, 0, 405, 31, 26.58
2026/09/08 20:41:58.089, GPU-ecc6a1f9-42fe-2932-7ea0-1dd285491b7b, 5, 0, 405, 31, 26.58
2026/09/08 20:41:58.295, GPU-ecc6a1f9-42fe-2932-7ea0-1dd285491b7b, 5, 0, 405, 31, 26.58
2026/09/08 20:41:58.498, GPU-ecc6a1f9-42fe-2932-7ea0-1dd285491b7b, 5, 0, 405, 31, 26.58
2026/09/08 20:41:58.702, GPU-ecc6a1f9-42fe-2932-7ea0-1dd285491b7b, 5, 0, 405, 31, 26.58
2026/09/08 20:41:58.906, GPU-ecc6a1f9-42fe-2932-7ea0-1dd285491b7b, 5, 0, 405, 31, 26.58
2026/09/08 20:41:59.109, GPU-ecc6a1f9-42fe-2932-7ea0-1dd285491b7b, 5, 0, 405, 31, 26.58
2026/09/08 20:41:59.315, GPU-ecc6a1f9-42fe-2932-7ea0-1dd285491b7b, 5, 0, 405, 31, 26.58
2026/09/08 20:41:59.518, GPU-ecc6a1f9-42fe-2932-7ea0-1dd285491b7b, 5, 0, 405, 31, 26.58
2026/09/08 20:41:59.722, GPU-ecc6a1f9-42fe-2932-7ea0-1dd285491b7b, 5, 0, 405, 31, 26.58
2026/09/08 20:41:59.925, GPU-ecc6a1f9-42fe-2932-7ea0-1dd285491b7b, 5, 0, 405, 31, 26.58
2026/09/08 20:42:00.129, GPU-ecc6a1f9-42fe-2932-7ea0-1dd285491b7b, 5, 0, 405, 31, 26.58
2026/09/08 20:42:00.334, GPU-ecc6a1f9-42fe-2932-7ea0-1dd285491b7b, 5, 0, 405, 31, 26.58
2026/09/08 20:42:00.537, GPU-ecc6a1f9-42fe-2932-7ea0-1dd285491b7b, 5, 0, 405, 31, 26.58
2026/09/08 20:42:00.741, GPU-ecc6a1f9-42fe-2932-7ea0-1dd285491b7b, 5, 0, 405, 31, 26.58
2026/09/08 20:42:00.944, GPU-ecc6a1f9-42fe-2932-7ea0-1dd285491b7b, 5, 0, 405, 31, 26.58
2026/09/08 20:42:01.148, GPU-ecc6a1f9-42fe-2932-7ea0-1dd285491b7b, 5, 0, 405, 31, 26.58
2026/09/08 20:42:01.354, GPU-ecc6a1f9-42fe-2932-7ea0-1dd285491b7b, 5, 0, 405, 31, 26.58
2026/09/08 20:42:01.557, GPU-ecc6a1f9-42fe-2932-7ea0-1dd285491b7b, 5, 0, 405, 31, 26.58
2026/09/08 20:42:01.761, GPU-ecc6a1f9-42fe-2932-7ea0-1dd285491b7b, 5, 0, 405, 31, 26.58
2026/09/08 20:42:01.964, GPU-ecc6a1f9-42fe-2932-7ea0-1dd285491b7b, 5, 0, 405, 31, 26.58
2026/09/08 20:42:02.168, GPU-ecc6a1f9-42fe-2932-7ea0-1dd285491b7b, 5, 0, 405, 31, 26.34
2026/09/08 20:42:02.374, GPU-ecc6a1f9-42fe-2932-7ea0-1dd285491b7b, 5, 0, 405, 31, 26.58
2026/09/08 20:42:02.578, GPU-ecc6a1f9-42fe-2932-7ea0-1dd285491b7b, 5, 0, 405, 31, 26.58
2026/09/08 20:42:02.781, GPU-ecc6a1f9-42fe-2932-7ea0-1dd285491b7b, 5, 0, 405, 31, 26.58
2026/09/08 20:42:02.985, GPU-ecc6a1f9-42fe-2932-7ea0-1dd285491b7b, 5, 0, 405, 31, 26.58
2026/09/08 20:42:03.188, GPU-ecc6a1f9-42fe-2932-7ea0-1dd285491b7b, 5, 0, 405, 31, 26.58
2026/09/08 20:42:03.394, GPU-ecc6a1f9-42fe-2932-7ea0-1dd285491b7b, 5, 0, 405, 31, 26.58
2026/09/08 20:42:03.598, GPU-ecc6a1f9-42fe-2932-7ea0-1dd285491b7b, 5, 0, 405, 31, 26.58
2026/09/08 20:42:03.801, GPU-ecc6a1f9-42fe-2932-7ea0-1dd285491b7b, 5, 0, 405, 31, 26.58
2026/09/08 20:42:04.005, GPU-ecc6a1f9-42fe-2932-7ea0-1dd285491b7b, 5, 0, 405, 31, 26.58
2026/09/08 20:42:04.208, GPU-ecc6a1f9-42fe-2932-7ea0-1dd285491b7b, 5, 0, 405, 31, 26.58
2026/09/08 20:42:04.414, GPU-ecc6a1f9-42fe-2932-7ea0-1dd285491b7b, 5, 0, 405, 31, 26.58
2026/09/08 20:42:04.618, GPU-ecc6a1f9-42fe-2932-7ea0-1dd285491b7b, 5, 0, 405, 31, 26.58
2026/09/08 20:42:04.821, GPU-ecc6a1f9-42fe-2932-7ea0-1dd285491b7b, 5, 0, 405, 31, 26.34
2026/09/08 20:42:05.025, GPU-ecc6a1f9-42fe-2932-7ea0-1dd285491b7b, 5, 0, 405, 30, 26.58
2026/09/08 20:42:05.228, GPU-ecc6a1f9-42fe-2932-7ea0-1dd285491b7b, 5, 0, 405, 30, 26.58
2026/09/08 20:42:05.434, GPU-ecc6a1f9-42fe-2932-7ea0-1dd285491b7b, 5, 0, 405, 31, 26.34
2026/09/08 20:42:05.637, GPU-ecc6a1f9-42fe-2932-7ea0-1dd285491b7b, 5, 0, 405, 31, 26.34
2026/09/08 20:42:05.841, GPU-ecc6a1f9-42fe-2932-7ea0-1dd285491b7b, 5, 0, 405, 31, 26.34
2026/09/08 20:42:06.044, GPU-ecc6a1f9-42fe-2932-7ea0-1dd285491b7b, 5, 0, 405, 30, 26.58
2026/09/08 20:42:06.248, GPU-ecc6a1f9-42fe-2932-7ea0-1dd285491b7b, 5, 0, 405, 30, 26.58
2026/09/08 20:42:06.453, GPU-ecc6a1f9-42fe-2932-7ea0-1dd285491b7b, 5, 0, 405, 31, 26.58
2026/09/08 20:42:06.656, GPU-ecc6a1f9-42fe-2932-7ea0-1dd285491b7b, 5, 0, 405, 30, 26.58
2026/09/08 20:42:06.860, GPU-ecc6a1f9-42fe-2932-7ea0-1dd285491b7b, 5, 0, 405, 30, 26.58
2026/09/08 20:42:07.063, GPU-ecc6a1f9-42fe-2932-7ea0-1dd285491b7b, 5, 0, 405, 30, 26.58
2026/09/08 20:42:07.267, GPU-ecc6a1f9-42fe-2932-7ea0-1dd285491b7b, 5, 0, 405, 31, 26.58
2026/09/08 20:42:07.470, GPU-ecc6a1f9-42fe-2932-7ea0-1dd285491b7b, 5, 0, 405, 30, 26.58
2026/09/08 20:42:07.676, GPU-ecc6a1f9-42fe-2932-7ea0-1dd285491b7b, 5, 0, 405, 30, 26.58
2026/09/08 20:42:07.879, GPU-ecc6a1f9-42fe-2932-7ea0-1dd285491b7b, 5, 0, 405, 30, 26.58
2026/09/08 20:42:08.083, GPU-ecc6a1f9-42fe-2932-7ea0-1dd285491b7b, 5, 0, 405, 30, 26.34
2026/09/08 20:42:08.286, GPU-ecc6a1f9-42fe-2932-7ea0-1dd285491b7b, 5, 0, 405, 31, 26.58
2026/09/08 20:42:08.490, GPU-ecc6a1f9-42fe-2932-7ea0-1dd285491b7b, 5, 0, 405, 30, 26.58
2026/09/08 20:42:08.693, GPU-ecc6a1f9-42fe-2932-7ea0-1dd285491b7b, 5, 0, 405, 30, 26.58
2026/09/08 20:42:08.899, GPU-ecc6a1f9-42fe-2932-7ea0-1dd285491b7b, 5, 0, 405, 31, 26.58
2026/09/08 20:42:09.103, GPU-ecc6a1f9-42fe-2932-7ea0-1dd285491b7b, 5, 0, 405, 30, 26.58
2026/09/08 20:42:09.306, GPU-ecc6a1f9-42fe-2932-7ea0-1dd285491b7b, 5, 0, 405, 30, 26.58
2026/09/08 20:42:09.510, GPU-ecc6a1f9-42fe-2932-7ea0-1dd285491b7b, 5, 0, 405, 30, 26.58
2026/09/08 20:42:09.713, GPU-ecc6a1f9-42fe-2932-7ea0-1dd285491b7b, 5, 0, 405, 30, 26.34
2026/09/08 20:42:09.917, GPU-ecc6a1f9-42fe-2932-7ea0-1dd285491b7b, 5, 0, 405, 30, 26.58
2026/09/08 20:42:10.122, GPU-ecc6a1f9-42fe-2932-7ea0-1dd285491b7b, 5, 0, 405, 30, 26.58
2026/09/08 20:42:10.325, GPU-ecc6a1f9-42fe-2932-7ea0-1dd285491b7b, 5, 0, 405, 30, 26.58
2026/09/08 20:42:10.529, GPU-ecc6a1f9-42fe-2932-7ea0-1dd285491b7b, 5, 0, 405, 30, 26.58
2026/09/08 20:42:10.732, GPU-ecc6a1f9-42fe-2932-7ea0-1dd285491b7b, 5, 0, 405, 30, 26.58
2026/09/08 20:42:10.936, GPU-ecc6a1f9-42fe-2932-7ea0-1dd285491b7b, 5, 0, 405, 30, 26.58
2026/09/08 20:42:11.141, GPU-ecc6a1f9-42fe-2932-7ea0-1dd285491b7b, 5, 0, 405, 30, 26.34
2026/09/08 20:42:11.344, GPU-ecc6a1f9-42fe-2932-7ea0-1dd285491b7b, 5, 0, 405, 30, 26.58
2026/09/08 20:42:11.548, GPU-ecc6a1f9-42fe-2932-7ea0-1dd285491b7b, 5, 0, 405, 30, 26.58
2026/09/08 20:42:11.751, GPU-ecc6a1f9-42fe-2932-7ea0-1dd285491b7b, 5, 0, 405, 30, 26.58
2026/09/08 20:42:11.955, GPU-ecc6a1f9-42fe-2932-7ea0-1dd285491b7b, 5, 0, 405, 30, 26.58
2026/09/08 20:42:12.160, GPU-ecc6a1f9-42fe-2932-7ea0-1dd285491b7b, 5, 0, 405, 30, 26.58
2026/09/08 20:42:12.364, GPU-ecc6a1f9-42fe-2932-7ea0-1dd285491b7b, 5, 0, 405, 30, 26.58
2026/09/08 20:42:12.567, GPU-ecc6a1f9-42fe-2932-7ea0-1dd285491b7b, 5, 0, 405, 30, 26.58
2026/09/08 20:42:12.771, GPU-ecc6a1f9-42fe-2932-7ea0-1dd285491b7b, 5, 0, 405, 30, 26.34
2026/09/08 20:42:12.974, GPU-ecc6a1f9-42fe-2932-7ea0-1dd285491b7b, 5, 0, 405, 30, 26.58
2026/09/08 20:42:13.181, GPU-ecc6a1f9-42fe-2932-7ea0-1dd285491b7b, 5, 0, 405, 30, 26.34
2026/09/08 20:42:13.385, GPU-ecc6a1f9-42fe-2932-7ea0-1dd285491b7b, 5, 0, 405, 30, 26.58
2026/09/08 20:42:13.589, GPU-ecc6a1f9-42fe-2932-7ea0-1dd285491b7b, 5, 0, 405, 30, 26.34
2026/09/08 20:42:13.792, GPU-ecc6a1f9-42fe-2932-7ea0-1dd285491b7b, 5, 0, 405, 30, 26.34
2026/09/08 20:42:13.996, GPU-ecc6a1f9-42fe-2932-7ea0-1dd285491b7b, 5, 0, 405, 30, 26.58
2026/09/08 20:42:14.199, GPU-ecc6a1f9-42fe-2932-7ea0-1dd285491b7b, 5, 0, 405, 30, 26.34
2026/09/08 20:42:14.403, GPU-ecc6a1f9-42fe-2932-7ea0-1dd285491b7b, 5, 0, 405, 30, 26.34
2026/09/08 20:42:14.606, GPU-ecc6a1f9-42fe-2932-7ea0-1dd285491b7b, 5, 0, 405, 30, 26.34
2026/09/08 20:42:14.810, GPU-ecc6a1f9-42fe-2932-7ea0-1dd285491b7b, 5, 0, 405, 30, 26.34
2026/09/08 20:42:15.013, GPU-ecc6a1f9-42fe-2932-7ea0-1dd285491b7b, 5, 0, 405, 30, 26.34
2026/09/08 20:42:15.218, GPU-ecc6a1f9-42fe-2932-7ea0-1dd285491b7b, 5, 0, 405, 30, 26.34
2026/09/08 20:42:15.422, GPU-ecc6a1f9-42fe-2932-7ea0-1dd285491b7b, 5, 0, 405, 30, 26.34
2026/09/08 20:42:15.626, GPU-ecc6a1f9-42fe-2932-7ea0-1dd285491b7b, 5, 0, 405, 30, 26.34
2026/09/08 20:42:15.829, GPU-ecc6a1f9-42fe-2932-7ea0-1dd285491b7b, 5, 0, 405, 30, 26.58
2026/09/08 20:42:16.033, GPU-ecc6a1f9-42fe-2932-7ea0-1dd285491b7b, 5, 0, 405, 30, 26.34
2026/09/08 20:42:16.238, GPU-ecc6a1f9-42fe-2932-7ea0-1dd285491b7b, 5, 0, 405, 30, 26.34
2026/09/08 20:42:16.442, GPU-ecc6a1f9-42fe-2932-7ea0-1dd285491b7b, 5, 0, 405, 30, 26.58
2026/09/08 20:42:16.645, GPU-ecc6a1f9-42fe-2932-7ea0-1dd285491b7b, 5, 0, 405, 30, 26.34
2026/09/08 20:42:16.849, GPU-ecc6a1f9-42fe-2932-7ea0-1dd285491b7b, 5, 0, 405, 30, 26.58
2026/09/08 20:42:17.052, GPU-ecc6a1f9-42fe-2932-7ea0-1dd285491b7b, 5, 0, 405, 30, 26.58
2026/09/08 20:42:17.258, GPU-ecc6a1f9-42fe-2932-7ea0-1dd285491b7b, 5, 0, 405, 30, 26.34
2026/09/08 20:42:17.461, GPU-ecc6a1f9-42fe-2932-7ea0-1dd285491b7b, 5, 0, 405, 30, 26.34
2026/09/08 20:42:17.665, GPU-ecc6a1f9-42fe-2932-7ea0-1dd285491b7b, 5, 0, 405, 30, 26.34
2026/09/08 20:42:17.868, GPU-ecc6a1f9-42fe-2932-7ea0-1dd285491b7b, 5, 0, 405, 30, 26.34
2026/09/08 20:42:18.072, GPU-ecc6a1f9-42fe-2932-7ea0-1dd285491b7b, 5, 0, 405, 30, 26.34
2026/09/08 20:42:18.277, GPU-ecc6a1f9-42fe-2932-7ea0-1dd285491b7b, 5, 0, 405, 30, 26.58
2026/09/08 20:42:18.481, GPU-ecc6a1f9-42fe-2932-7ea0-1dd285491b7b, 5, 0, 405, 30, 26.34
2026/09/08 20:42:18.684, GPU-ecc6a1f9-42fe-2932-7ea0-1dd285491b7b, 5, 0, 405, 30, 26.34
2026/09/08 20:42:18.888, GPU-ecc6a1f9-42fe-2932-7ea0-1dd285491b7b, 5, 0, 405, 30, 26.34
2026/09/08 20:42:19.091, GPU-ecc6a1f9-42fe-2932-7ea0-1dd285491b7b, 5, 0, 405, 30, 26.34
2026/09/08 20:42:19.296, GPU-ecc6a1f9-42fe-2932-7ea0-1dd285491b7b, 5, 0, 405, 30, 26.58
2026/09/08 20:42:19.500, GPU-ecc6a1f9-42fe-2932-7ea0-1dd285491b7b, 5, 0, 405, 30, 26.09
2026/09/08 20:42:19.703, GPU-ecc6a1f9-42fe-2932-7ea0-1dd285491b7b, 5, 0, 405, 30, 26.34
2026/09/08 20:42:19.907, GPU-ecc6a1f9-42fe-2932-7ea0-1dd285491b7b, 5, 0, 405, 30, 26.34
2026/09/08 20:42:20.110, GPU-ecc6a1f9-42fe-2932-7ea0-1dd285491b7b, 5, 0, 405, 30, 26.34
2026/09/08 20:42:20.316, GPU-ecc6a1f9-42fe-2932-7ea0-1dd285491b7b, 5, 0, 405, 30, 26.34
2026/09/08 20:42:20.519, GPU-ecc6a1f9-42fe-2932-7ea0-1dd285491b7b, 5, 0, 405, 30, 26.34
2026/09/08 20:42:20.723, GPU-ecc6a1f9-42fe-2932-7ea0-1dd285491b7b, 5, 0, 405, 30, 26.09
2026/09/08 20:42:20.927, GPU-ecc6a1f9-42fe-2932-7ea0-1dd285491b7b, 5, 0, 405, 30, 26.58
2026/09/08 20:42:21.130, GPU-ecc6a1f9-42fe-2932-7ea0-1dd285491b7b, 5, 0, 405, 30, 26.58
2026/09/08 20:42:21.334, GPU-ecc6a1f9-42fe-2932-7ea0-1dd285491b7b, 5, 0, 405, 30, 26.34
2026/09/08 20:42:21.537, GPU-ecc6a1f9-42fe-2932-7ea0-1dd285491b7b, 5, 0, 405, 30, 26.34
2026/09/08 20:42:21.741, GPU-ecc6a1f9-42fe-2932-7ea0-1dd285491b7b, 5, 0, 405, 30, 26.34
2026/09/08 20:42:21.945, GPU-ecc6a1f9-42fe-2932-7ea0-1dd285491b7b, 5, 0, 405, 30, 26.34
2026/09/08 20:42:22.149, GPU-ecc6a1f9-42fe-2932-7ea0-1dd285491b7b, 5, 0, 405, 30, 26.34
2026/09/08 20:42:22.352, GPU-ecc6a1f9-42fe-2932-7ea0-1dd285491b7b, 5, 0, 405, 30, 26.34
2026/09/08 20:42:22.556, GPU-ecc6a1f9-42fe-2932-7ea0-1dd285491b7b, 5, 0, 405, 30, 26.34
2026/09/08 20:42:22.759, GPU-ecc6a1f9-42fe-2932-7ea0-1dd285491b7b, 5, 0, 405, 30, 26.34
2026/09/08 20:42:22.964, GPU-ecc6a1f9-42fe-2932-7ea0-1dd285491b7b, 5, 0, 405, 30, 26.09
2026/09/08 20:42:23.168, GPU-ecc6a1f9-42fe-2932-7ea0-1dd285491b7b, 5, 0, 405, 30, 26.34
2026/09/08 20:42:23.371, GPU-ecc6a1f9-42fe-2932-7ea0-1dd285491b7b, 5, 0, 405, 30, 26.34
2026/09/08 20:42:23.575, GPU-ecc6a1f9-42fe-2932-7ea0-1dd285491b7b, 5, 0, 405, 30, 26.34
2026/09/08 20:42:23.778, GPU-ecc6a1f9-42fe-2932-7ea0-1dd285491b7b, 5, 0, 405, 30, 26.34
2026/09/08 20:42:23.984, GPU-ecc6a1f9-42fe-2932-7ea0-1dd285491b7b, 5, 0, 405, 30, 26.09
2026/09/08 20:42:24.188, GPU-ecc6a1f9-42fe-2932-7ea0-1dd285491b7b, 5, 0, 405, 30, 26.34
2026/09/08 20:42:24.391, GPU-ecc6a1f9-42fe-2932-7ea0-1dd285491b7b, 5, 0, 405, 30, 26.34
2026/09/08 20:42:24.595, GPU-ecc6a1f9-42fe-2932-7ea0-1dd285491b7b, 5, 0, 405, 30, 26.58
2026/09/08 20:42:24.798, GPU-ecc6a1f9-42fe-2932-7ea0-1dd285491b7b, 5, 0, 405, 30, 26.34
2026/09/08 20:42:25.005, GPU-ecc6a1f9-42fe-2932-7ea0-1dd285491b7b, 5, 0, 405, 30, 26.34
2026/09/08 20:42:25.208, GPU-ecc6a1f9-42fe-2932-7ea0-1dd285491b7b, 5, 0, 405, 30, 26.34
2026/09/08 20:42:25.412, GPU-ecc6a1f9-42fe-2932-7ea0-1dd285491b7b, 5, 0, 405, 30, 26.34
2026/09/08 20:42:25.616, GPU-ecc6a1f9-42fe-2932-7ea0-1dd285491b7b, 5, 0, 405, 30, 26.34
2026/09/08 20:42:25.819, GPU-ecc6a1f9-42fe-2932-7ea0-1dd285491b7b, 5, 0, 405, 30, 26.34
2026/09/08 20:42:26.025, GPU-ecc6a1f9-42fe-2932-7ea0-1dd285491b7b, 5, 0, 405, 30, 26.34
2026/09/08 20:42:26.228, GPU-ecc6a1f9-42fe-2932-7ea0-1dd285491b7b, 5, 0, 405, 30, 26.34
2026/09/08 20:42:26.432, GPU-ecc6a1f9-42fe-2932-7ea0-1dd285491b7b, 5, 0, 405, 30, 26.34
2026/09/08 20:42:26.635, GPU-ecc6a1f9-42fe-2932-7ea0-1dd285491b7b, 5, 0, 405, 30, 26.34
2026/09/08 20:42:26.839, GPU-ecc6a1f9-42fe-2932-7ea0-1dd285491b7b, 5, 0, 405, 30, 26.34
2026/09/08 20:42:27.044, GPU-ecc6a1f9-42fe-2932-7ea0-1dd285491b7b, 5, 0, 405, 30, 26.34
2026/09/08 20:42:27.248, GPU-ecc6a1f9-42fe-2932-7ea0-1dd285491b7b, 5, 0, 405, 30, 26.34
2026/09/08 20:42:27.451, GPU-ecc6a1f9-42fe-2932-7ea0-1dd285491b7b, 5, 0, 405, 30, 26.34
2026/09/08 20:42:27.655, GPU-ecc6a1f9-42fe-2932-7ea0-1dd285491b7b, 5, 0, 405, 30, 26.34
2026/09/08 20:42:27.858, GPU-ecc6a1f9-42fe-2932-7ea0-1dd285491b7b, 5, 0, 405, 30, 26.34
2026/09/08 20:42:28.064, GPU-ecc6a1f9-42fe-2932-7ea0-1dd285491b7b, 5, 0, 405, 30, 26.34
2026/09/08 20:42:28.267, GPU-ecc6a1f9-42fe-2932-7ea0-1dd285491b7b, 5, 0, 405, 30, 26.34
2026/09/08 20:42:28.471, GPU-ecc6a1f9-42fe-2932-7ea0-1dd285491b7b, 5, 0, 405, 30, 26.34
2026/09/08 20:42:28.674, GPU-ecc6a1f9-42fe-2932-7ea0-1dd285491b7b, 5, 0, 405, 30, 26.34
2026/09/08 20:42:28.878, GPU-ecc6a1f9-42fe-2932-7ea0-1dd285491b7b, 5, 0, 405, 30, 26.34
2026/09/08 20:42:29.083, GPU-ecc6a1f9-42fe-2932-7ea0-1dd285491b7b, 5, 0, 405, 30, 26.34
2026/09/08 20:42:29.287, GPU-ecc6a1f9-42fe-2932-7ea0-1dd285491b7b, 5, 0, 405, 30, 26.34
2026/09/08 20:42:29.490, GPU-ecc6a1f9-42fe-2932-7ea0-1dd285491b7b, 5, 0, 405, 30, 26.34
2026/09/08 20:42:29.694, GPU-ecc6a1f9-42fe-2932-7ea0-1dd285491b7b, 5, 0, 405, 30, 26.34
2026/09/08 20:42:29.897, GPU-ecc6a1f9-42fe-2932-7ea0-1dd285491b7b, 5, 0, 405, 30, 26.34
2026/09/08 20:42:30.103, GPU-ecc6a1f9-42fe-2932-7ea0-1dd285491b7b, 5, 0, 405, 30, 26.34
2026/09/08 20:42:30.306, GPU-ecc6a1f9-42fe-2932-7ea0-1dd285491b7b, 5, 0, 405, 30, 26.34
2026/09/08 20:42:30.510, GPU-ecc6a1f9-42fe-2932-7ea0-1dd285491b7b, 5, 0, 405, 30, 26.34
2026/09/08 20:42:30.713, GPU-ecc6a1f9-42fe-2932-7ea0-1dd285491b7b, 5, 0, 405, 30, 26.34
2026/09/08 20:42:30.917, GPU-ecc6a1f9-42fe-2932-7ea0-1dd285491b7b, 5, 0, 405, 30, 26.34
2026/09/08 20:42:31.120, GPU-ecc6a1f9-42fe-2932-7ea0-1dd285491b7b, 5, 0, 405, 30, 26.34
2026/09/08 20:42:31.325, GPU-ecc6a1f9-42fe-2932-7ea0-1dd285491b7b, 5, 0, 405, 30, 26.09
2026/09/08 20:42:31.529, GPU-ecc6a1f9-42fe-2932-7ea0-1dd285491b7b, 5, 0, 405, 30, 26.09
2026/09/08 20:42:31.732, GPU-ecc6a1f9-42fe-2932-7ea0-1dd285491b7b, 5, 0, 405, 30, 26.34
2026/09/08 20:42:31.936, GPU-ecc6a1f9-42fe-2932-7ea0-1dd285491b7b, 5, 0, 405, 30, 26.34
2026/09/08 20:42:32.139, GPU-ecc6a1f9-42fe-2932-7ea0-1dd285491b7b, 5, 0, 405, 30, 26.34
2026/09/08 20:42:32.343, GPU-ecc6a1f9-42fe-2932-7ea0-1dd285491b7b, 5, 0, 405, 30, 26.34
2026/09/08 20:42:32.549, GPU-ecc6a1f9-42fe-2932-7ea0-1dd285491b7b, 5, 0, 405, 30, 26.34
2026/09/08 20:42:32.752, GPU-ecc6a1f9-42fe-2932-7ea0-1dd285491b7b, 5, 0, 405, 30, 26.34
2026/09/08 20:42:32.956, GPU-ecc6a1f9-42fe-2932-7ea0-1dd285491b7b, 5, 0, 405, 30, 26.34
2026/09/08 20:42:33.159, GPU-ecc6a1f9-42fe-2932-7ea0-1dd285491b7b, 5, 0, 405, 30, 26.34
2026/09/08 20:42:33.363, GPU-ecc6a1f9-42fe-2932-7ea0-1dd285491b7b, 5, 0, 405, 30, 26.34
2026/09/08 20:42:33.566, GPU-ecc6a1f9-42fe-2932-7ea0-1dd285491b7b, 5, 0, 405, 30, 26.34
2026/09/08 20:42:33.770, GPU-ecc6a1f9-42fe-2932-7ea0-1dd285491b7b, 5, 0, 405, 29, 26.34
2026/09/08 20:42:33.974, GPU-ecc6a1f9-42fe-2932-7ea0-1dd285491b7b, 5, 0, 405, 30, 26.34
2026/09/08 20:42:34.177, GPU-ecc6a1f9-42fe-2932-7ea0-1dd285491b7b, 5, 0, 405, 29, 26.34
2026/09/08 20:42:34.381, GPU-ecc6a1f9-42fe-2932-7ea0-1dd285491b7b, 5, 0, 405, 30, 26.34
2026/09/08 20:42:34.584, GPU-ecc6a1f9-42fe-2932-7ea0-1dd285491b7b, 5, 0, 405, 30, 26.34
2026/09/08 20:42:34.790, GPU-ecc6a1f9-42fe-2932-7ea0-1dd285491b7b, 5, 0, 405, 30, 26.34
2026/09/08 20:42:34.993, GPU-ecc6a1f9-42fe-2932-7ea0-1dd285491b7b, 5, 0, 405, 30, 26.34
2026/09/08 20:42:35.197, GPU-ecc6a1f9-42fe-2932-7ea0-1dd285491b7b, 5, 0, 405, 30, 26.34
2026/09/08 20:42:35.400, GPU-ecc6a1f9-42fe-2932-7ea0-1dd285491b7b, 5, 0, 405, 30, 26.34
2026/09/08 20:42:35.604, GPU-ecc6a1f9-42fe-2932-7ea0-1dd285491b7b, 5, 0, 405, 30, 26.34
2026/09/08 20:42:35.809, GPU-ecc6a1f9-42fe-2932-7ea0-1dd285491b7b, 5, 0, 405, 30, 26.34
2026/09/08 20:42:36.013, GPU-ecc6a1f9-42fe-2932-7ea0-1dd285491b7b, 5, 0, 405, 30, 26.34
2026/09/08 20:42:36.216, GPU-ecc6a1f9-42fe-2932-7ea0-1dd285491b7b, 5, 0, 405, 30, 26.34
2026/09/08 20:42:36.420, GPU-ecc6a1f9-42fe-2932-7ea0-1dd285491b7b, 5, 0, 405, 30, 26.34
2026/09/08 20:42:36.623, GPU-ecc6a1f9-42fe-2932-7ea0-1dd285491b7b, 5, 0, 405, 30, 26.34
2026/09/08 20:42:36.829, GPU-ecc6a1f9-42fe-2932-7ea0-1dd285491b7b, 5, 0, 405, 29, 26.34
2026/09/08 20:42:37.032, GPU-ecc6a1f9-42fe-2932-7ea0-1dd285491b7b, 5, 0, 405, 30, 26.34
2026/09/08 20:42:37.236, GPU-ecc6a1f9-42fe-2932-7ea0-1dd285491b7b, 5, 0, 405, 30, 26.34
2026/09/08 20:42:37.439, GPU-ecc6a1f9-42fe-2932-7ea0-1dd285491b7b, 5, 0, 405, 30, 26.34
2026/09/08 20:42:37.643, GPU-ecc6a1f9-42fe-2932-7ea0-1dd285491b7b, 5, 0, 405, 30, 26.34
2026/09/08 20:42:37.848, GPU-ecc6a1f9-42fe-2932-7ea0-1dd285491b7b, 5, 0, 405, 29, 26.34
2026/09/08 20:42:38.052, GPU-ecc6a1f9-42fe-2932-7ea0-1dd285491b7b, 5, 0, 405, 29, 26.34
2026/09/08 20:42:38.255, GPU-ecc6a1f9-42fe-2932-7ea0-1dd285491b7b, 5, 0, 405, 30, 26.34
2026/09/08 20:42:38.459, GPU-ecc6a1f9-42fe-2932-7ea0-1dd285491b7b, 5, 0, 405, 29, 26.34
2026/09/08 20:42:38.662, GPU-ecc6a1f9-42fe-2932-7ea0-1dd285491b7b, 5, 0, 405, 30, 26.34
2026/09/08 20:42:38.867, GPU-ecc6a1f9-42fe-2932-7ea0-1dd285491b7b, 5, 0, 405, 30, 26.34
2026/09/08 20:42:39.071, GPU-ecc6a1f9-42fe-2932-7ea0-1dd285491b7b, 5, 0, 405, 29, 26.34
2026/09/08 20:42:39.274, GPU-ecc6a1f9-42fe-2932-7ea0-1dd285491b7b, 5, 0, 405, 30, 26.34
2026/09/08 20:42:39.478, GPU-ecc6a1f9-42fe-2932-7ea0-1dd285491b7b, 5, 0, 405, 29, 26.34
2026/09/08 20:42:39.681, GPU-ecc6a1f9-42fe-2932-7ea0-1dd285491b7b, 5, 0, 405, 30, 26.34
2026/09/08 20:42:39.887, GPU-ecc6a1f9-42fe-2932-7ea0-1dd285491b7b, 5, 0, 405, 30, 26.34
2026/09/08 20:42:40.090, GPU-ecc6a1f9-42fe-2932-7ea0-1dd285491b7b, 5, 0, 405, 30, 26.34
2026/09/08 20:42:40.294, GPU-ecc6a1f9-42fe-2932-7ea0-1dd285491b7b, 5, 0, 405, 29, 26.34
2026/09/08 20:42:40.497, GPU-ecc6a1f9-42fe-2932-7ea0-1dd285491b7b, 5, 0, 405, 29, 26.34
2026/09/08 20:42:40.701, GPU-ecc6a1f9-42fe-2932-7ea0-1dd285491b7b, 5, 0, 405, 29, 26.34
2026/09/08 20:42:40.906, GPU-ecc6a1f9-42fe-2932-7ea0-1dd285491b7b, 5, 0, 405, 29, 26.34
2026/09/08 20:42:41.110, GPU-ecc6a1f9-42fe-2932-7ea0-1dd285491b7b, 5, 0, 405, 29, 26.34
2026/09/08 20:42:41.313, GPU-ecc6a1f9-42fe-2932-7ea0-1dd285491b7b, 5, 0, 405, 30, 26.34
2026/09/08 20:42:41.517, GPU-ecc6a1f9-42fe-2932-7ea0-1dd285491b7b, 5, 0, 405, 29, 26.34
2026/09/08 20:42:41.721, GPU-ecc6a1f9-42fe-2932-7ea0-1dd285491b7b, 5, 0, 405, 30, 26.34
2026/09/08 20:42:41.926, GPU-ecc6a1f9-42fe-2932-7ea0-1dd285491b7b, 5, 0, 405, 29, 26.34
2026/09/08 20:42:42.129, GPU-ecc6a1f9-42fe-2932-7ea0-1dd285491b7b, 5, 0, 405, 29, 26.34
2026/09/08 20:42:42.333, GPU-ecc6a1f9-42fe-2932-7ea0-1dd285491b7b, 5, 0, 405, 29, 26.34
2026/09/08 20:42:42.537, GPU-ecc6a1f9-42fe-2932-7ea0-1dd285491b7b, 5, 0, 405, 29, 26.34
2026/09/08 20:42:42.741, GPU-ecc6a1f9-42fe-2932-7ea0-1dd285491b7b, 5, 0, 405, 29, 26.34
2026/09/08 20:42:42.946, GPU-ecc6a1f9-42fe-2932-7ea0-1dd285491b7b, 5, 0, 405, 29, 26.34
2026/09/08 20:42:43.149, GPU-ecc6a1f9-42fe-2932-7ea0-1dd285491b7b, 5, 0, 405, 29, 26.34
2026/09/08 20:42:43.353, GPU-ecc6a1f9-42fe-2932-7ea0-1dd285491b7b, 5, 0, 405, 30, 26.34
2026/09/08 20:42:43.556, GPU-ecc6a1f9-42fe-2932-7ea0-1dd285491b7b, 5, 0, 405, 29, 26.34
2026/09/08 20:42:43.760, GPU-ecc6a1f9-42fe-2932-7ea0-1dd285491b7b, 5, 0, 405, 29, 26.34
2026/09/08 20:42:43.965, GPU-ecc6a1f9-42fe-2932-7ea0-1dd285491b7b, 5, 0, 405, 29, 26.34
2026/09/08 20:42:44.168, GPU-ecc6a1f9-42fe-2932-7ea0-1dd285491b7b, 5, 0, 405, 30, 26.34
2026/09/08 20:42:44.372, GPU-ecc6a1f9-42fe-2932-7ea0-1dd285491b7b, 5, 0, 405, 29, 26.09
2026/09/08 20:42:44.575, GPU-ecc6a1f9-42fe-2932-7ea0-1dd285491b7b, 5, 0, 405, 30, 26.34
2026/09/08 20:42:44.779, GPU-ecc6a1f9-42fe-2932-7ea0-1dd285491b7b, 5, 0, 405, 30, 26.34
2026/09/08 20:42:44.984, GPU-ecc6a1f9-42fe-2932-7ea0-1dd285491b7b, 5, 0, 405, 30, 26.09
2026/09/08 20:42:45.187, GPU-ecc6a1f9-42fe-2932-7ea0-1dd285491b7b, 5, 0, 405, 29, 26.34
2026/09/08 20:42:45.391, GPU-ecc6a1f9-42fe-2932-7ea0-1dd285491b7b, 5, 0, 405, 29, 26.34
2026/09/08 20:42:45.594, GPU-ecc6a1f9-42fe-2932-7ea0-1dd285491b7b, 5, 0, 405, 29, 26.34
2026/09/08 20:42:45.798, GPU-ecc6a1f9-42fe-2932-7ea0-1dd285491b7b, 5, 0, 405, 29, 26.34
2026/09/08 20:42:46.004, GPU-ecc6a1f9-42fe-2932-7ea0-1dd285491b7b, 5, 0, 405, 29, 26.34
2026/09/08 20:42:46.207, GPU-ecc6a1f9-42fe-2932-7ea0-1dd285491b7b, 5, 0, 405, 29, 26.34
2026/09/08 20:42:46.411, GPU-ecc6a1f9-42fe-2932-7ea0-1dd285491b7b, 5, 0, 405, 29, 26.34
2026/09/08 20:42:46.614, GPU-ecc6a1f9-42fe-2932-7ea0-1dd285491b7b, 5, 0, 405, 29, 26.34
2026/09/08 20:42:46.818, GPU-ecc6a1f9-42fe-2932-7ea0-1dd285491b7b, 5, 0, 405, 29, 26.34
2026/09/08 20:42:47.024, GPU-ecc6a1f9-42fe-2932-7ea0-1dd285491b7b, 5, 0, 405, 29, 26.34
2026/09/08 20:42:47.228, GPU-ecc6a1f9-42fe-2932-7ea0-1dd285491b7b, 5, 0, 405, 29, 26.34
2026/09/08 20:42:47.431, GPU-ecc6a1f9-42fe-2932-7ea0-1dd285491b7b, 5, 0, 405, 29, 26.34
2026/09/08 20:42:47.635, GPU-ecc6a1f9-42fe-2932-7ea0-1dd285491b7b, 5, 0, 405, 29, 26.34
2026/09/08 20:42:47.839, GPU-ecc6a1f9-42fe-2932-7ea0-1dd285491b7b, 5, 0, 405, 29, 26.34
2026/09/08 20:42:48.044, GPU-ecc6a1f9-42fe-2932-7ea0-1dd285491b7b, 5, 0, 405, 30, 26.34
2026/09/08 20:42:48.248, GPU-ecc6a1f9-42fe-2932-7ea0-1dd285491b7b, 5, 0, 405, 29, 26.34
2026/09/08 20:42:48.451, GPU-ecc6a1f9-42fe-2932-7ea0-1dd285491b7b, 5, 0, 405, 29, 26.34
2026/09/08 20:42:48.655, GPU-ecc6a1f9-42fe-2932-7ea0-1dd285491b7b, 5, 0, 405, 29, 26.34
2026/09/08 20:42:48.858, GPU-ecc6a1f9-42fe-2932-7ea0-1dd285491b7b, 5, 0, 405, 29, 26.34
2026/09/08 20:42:49.064, GPU-ecc6a1f9-42fe-2932-7ea0-1dd285491b7b, 5, 0, 405, 29, 26.34
2026/09/08 20:42:49.267, GPU-ecc6a1f9-42fe-2932-7ea0-1dd285491b7b, 5, 0, 405, 29, 26.34
2026/09/08 20:42:49.471, GPU-ecc6a1f9-42fe-2932-7ea0-1dd285491b7b, 5, 0, 405, 29, 26.34
2026/09/08 20:42:49.675, GPU-ecc6a1f9-42fe-2932-7ea0-1dd285491b7b, 5, 0, 405, 29, 26.34
2026/09/08 20:42:49.878, GPU-ecc6a1f9-42fe-2932-7ea0-1dd285491b7b, 5, 0, 405, 29, 26.09
2026/09/08 20:42:50.083, GPU-ecc6a1f9-42fe-2932-7ea0-1dd285491b7b, 5, 0, 405, 29, 26.34
2026/09/08 20:42:50.287, GPU-ecc6a1f9-42fe-2932-7ea0-1dd285491b7b, 5, 0, 405, 29, 26.34
2026/09/08 20:42:50.491, GPU-ecc6a1f9-42fe-2932-7ea0-1dd285491b7b, 5, 0, 405, 29, 26.34
2026/09/08 20:42:50.694, GPU-ecc6a1f9-42fe-2932-7ea0-1dd285491b7b, 5, 0, 405, 29, 26.09
2026/09/08 20:42:50.898, GPU-ecc6a1f9-42fe-2932-7ea0-1dd285491b7b, 5, 0, 405, 29, 26.34
2026/09/08 20:42:51.103, GPU-ecc6a1f9-42fe-2932-7ea0-1dd285491b7b, 5, 0, 405, 29, 26.09
2026/09/08 20:42:51.307, GPU-ecc6a1f9-42fe-2932-7ea0-1dd285491b7b, 5, 0, 405, 29, 26.34
2026/09/08 20:42:51.510, GPU-ecc6a1f9-42fe-2932-7ea0-1dd285491b7b, 5, 0, 405, 29, 26.34
2026/09/08 20:42:51.714, GPU-ecc6a1f9-42fe-2932-7ea0-1dd285491b7b, 5, 0, 405, 29, 26.34
2026/09/08 20:42:51.917, GPU-ecc6a1f9-42fe-2932-7ea0-1dd285491b7b, 5, 0, 405, 29, 26.34
2026/09/08 20:42:52.123, GPU-ecc6a1f9-42fe-2932-7ea0-1dd285491b7b, 5, 0, 405, 29, 26.09
2026/09/08 20:42:52.326, GPU-ecc6a1f9-42fe-2932-7ea0-1dd285491b7b, 5, 0, 405, 29, 26.34
2026/09/08 20:42:52.530, GPU-ecc6a1f9-42fe-2932-7ea0-1dd285491b7b, 5, 0, 405, 29, 26.34
2026/09/08 20:42:52.733, GPU-ecc6a1f9-42fe-2932-7ea0-1dd285491b7b, 5, 0, 405, 29, 26.34
2026/09/08 20:42:52.937, GPU-ecc6a1f9-42fe-2932-7ea0-1dd285491b7b, 5, 0, 405, 29, 26.09
2026/09/08 20:42:53.140, GPU-ecc6a1f9-42fe-2932-7ea0-1dd285491b7b, 5, 0, 405, 29, 26.09
2026/09/08 20:42:53.345, GPU-ecc6a1f9-42fe-2932-7ea0-1dd285491b7b, 5, 0, 405, 29, 26.34
2026/09/08 20:42:53.548, GPU-ecc6a1f9-42fe-2932-7ea0-1dd285491b7b, 5, 0, 405, 29, 26.09
2026/09/08 20:42:53.752, GPU-ecc6a1f9-42fe-2932-7ea0-1dd285491b7b, 5, 0, 405, 29, 26.34
2026/09/08 20:42:53.955, GPU-ecc6a1f9-42fe-2932-7ea0-1dd285491b7b, 5, 0, 405, 29, 26.34
2026/09/08 20:42:54.159, GPU-ecc6a1f9-42fe-2932-7ea0-1dd285491b7b, 5, 0, 405, 29, 26.34
2026/09/08 20:42:54.362, GPU-ecc6a1f9-42fe-2932-7ea0-1dd285491b7b, 5, 0, 405, 29, 26.09
2026/09/08 20:42:54.568, GPU-ecc6a1f9-42fe-2932-7ea0-1dd285491b7b, 5, 0, 405, 29, 26.34
2026/09/08 20:42:54.771, GPU-ecc6a1f9-42fe-2932-7ea0-1dd285491b7b, 5, 0, 405, 29, 26.34
2026/09/08 20:42:54.975, GPU-ecc6a1f9-42fe-2932-7ea0-1dd285491b7b, 5, 0, 405, 29, 26.09
2026/09/08 20:42:55.178, GPU-ecc6a1f9-42fe-2932-7ea0-1dd285491b7b, 5, 0, 405, 29, 26.34
2026/09/08 20:42:55.382, GPU-ecc6a1f9-42fe-2932-7ea0-1dd285491b7b, 5, 0, 405, 29, 26.34
2026/09/08 20:42:55.585, GPU-ecc6a1f9-42fe-2932-7ea0-1dd285491b7b, 5, 0, 405, 29, 26.34
2026/09/08 20:42:55.791, GPU-ecc6a1f9-42fe-2932-7ea0-1dd285491b7b, 5, 0, 405, 29, 26.09
2026/09/08 20:42:55.994, GPU-ecc6a1f9-42fe-2932-7ea0-1dd285491b7b, 5, 0, 405, 29, 26.34
2026/09/08 20:42:56.198, GPU-ecc6a1f9-42fe-2932-7ea0-1dd285491b7b, 5, 0, 405, 29, 26.09
2026/09/08 20:42:56.401, GPU-ecc6a1f9-42fe-2932-7ea0-1dd285491b7b, 5, 0, 405, 29, 26.34
2026/09/08 20:42:56.605, GPU-ecc6a1f9-42fe-2932-7ea0-1dd285491b7b, 5, 0, 405, 29, 26.34
2026/09/08 20:42:56.810, GPU-ecc6a1f9-42fe-2932-7ea0-1dd285491b7b, 5, 0, 405, 29, 26.09
2026/09/08 20:42:57.014, GPU-ecc6a1f9-42fe-2932-7ea0-1dd285491b7b, 5, 0, 405, 29, 26.34
2026/09/08 20:42:57.217, GPU-ecc6a1f9-42fe-2932-7ea0-1dd285491b7b, 5, 0, 405, 29, 26.34
2026/09/08 20:42:57.421, GPU-ecc6a1f9-42fe-2932-7ea0-1dd285491b7b, 5, 0, 405, 29, 26.34
2026/09/08 20:42:57.624, GPU-ecc6a1f9-42fe-2932-7ea0-1dd285491b7b, 5, 0, 405, 29, 26.34
2026/09/08 20:42:57.830, GPU-ecc6a1f9-42fe-2932-7ea0-1dd285491b7b, 5, 0, 405, 29, 26.34
2026/09/08 20:42:58.033, GPU-ecc6a1f9-42fe-2932-7ea0-1dd285491b7b, 5, 0, 405, 29, 26.34
2026/09/08 20:42:58.237, GPU-ecc6a1f9-42fe-2932-7ea0-1dd285491b7b, 5, 0, 405, 29, 26.09
2026/09/08 20:42:58.441, GPU-ecc6a1f9-42fe-2932-7ea0-1dd285491b7b, 5, 0, 405, 29, 26.34
2026/09/08 20:42:58.644, GPU-ecc6a1f9-42fe-2932-7ea0-1dd285491b7b, 5, 0, 405, 29, 26.34
2026/09/08 20:42:58.850, GPU-ecc6a1f9-42fe-2932-7ea0-1dd285491b7b, 5, 0, 405, 29, 26.09
2026/09/08 20:42:59.053, GPU-ecc6a1f9-42fe-2932-7ea0-1dd285491b7b, 5, 0, 405, 29, 26.34
2026/09/08 20:42:59.257, GPU-ecc6a1f9-42fe-2932-7ea0-1dd285491b7b, 5, 0, 405, 29, 26.34
2026/09/08 20:42:59.460, GPU-ecc6a1f9-42fe-2932-7ea0-1dd285491b7b, 7, 0, 405, 29, 26.09
2026/09/08 20:42:59.664, GPU-ecc6a1f9-42fe-2932-7ea0-1dd285491b7b, 15, 0, 405, 29, 26.34
2026/09/08 20:42:59.929, GPU-ecc6a1f9-42fe-2932-7ea0-1dd285491b7b, 455, 14, 1189, 29, 66.65
2026/09/08 20:43:00.132, GPU-ecc6a1f9-42fe-2932-7ea0-1dd285491b7b, 557, 12, 1189, 29, 32.90
2026/09/08 20:43:00.336, GPU-ecc6a1f9-42fe-2932-7ea0-1dd285491b7b, 557, 27, 1189, 29, 31.70
2026/09/08 20:43:00.540, GPU-ecc6a1f9-42fe-2932-7ea0-1dd285491b7b, 557, 35, 1189, 30, 38.99
2026/09/08 20:43:00.743, GPU-ecc6a1f9-42fe-2932-7ea0-1dd285491b7b, 557, 40, 1227, 30, 51.39
2026/09/08 20:43:00.948, GPU-ecc6a1f9-42fe-2932-7ea0-1dd285491b7b, 557, 36, 1227, 30, 48.46
2026/09/08 20:43:01.152, GPU-ecc6a1f9-42fe-2932-7ea0-1dd285491b7b, 557, 33, 1227, 30, 35.82
2026/09/08 20:43:01.355, GPU-ecc6a1f9-42fe-2932-7ea0-1dd285491b7b, 557, 26, 1227, 30, 41.65
2026/09/08 20:43:01.559, GPU-ecc6a1f9-42fe-2932-7ea0-1dd285491b7b, 557, 34, 1227, 30, 42.38
2026/09/08 20:43:01.763, GPU-ecc6a1f9-42fe-2932-7ea0-1dd285491b7b, 557, 44, 1328, 31, 100.65
2026/09/08 20:43:01.968, GPU-ecc6a1f9-42fe-2932-7ea0-1dd285491b7b, 557, 33, 1328, 30, 49.93
2026/09/08 20:43:02.171, GPU-ecc6a1f9-42fe-2932-7ea0-1dd285491b7b, 557, 27, 1328, 30, 106.82
2026/09/08 20:43:02.375, GPU-ecc6a1f9-42fe-2932-7ea0-1dd285491b7b, 557, 41, 1328, 31, 64.46
2026/09/08 20:43:02.579, GPU-ecc6a1f9-42fe-2932-7ea0-1dd285491b7b, 557, 38, 1328, 31, 50.42
2026/09/08 20:43:02.782, GPU-ecc6a1f9-42fe-2932-7ea0-1dd285491b7b, 557, 39, 1328, 31, 60.60
2026/09/08 20:43:02.987, GPU-ecc6a1f9-42fe-2932-7ea0-1dd285491b7b, 557, 32, 1328, 31, 116.03
2026/09/08 20:43:03.191, GPU-ecc6a1f9-42fe-2932-7ea0-1dd285491b7b, 557, 31, 1328, 31, 53.31
2026/09/08 20:43:03.394, GPU-ecc6a1f9-42fe-2932-7ea0-1dd285491b7b, 557, 41, 1328, 31, 128.04
2026/09/08 20:43:03.599, GPU-ecc6a1f9-42fe-2932-7ea0-1dd285491b7b, 557, 34, 1328, 31, 85.23
2026/09/08 20:43:03.802, GPU-ecc6a1f9-42fe-2932-7ea0-1dd285491b7b, 557, 30, 1328, 32, 46.28
2026/09/08 20:43:04.007, GPU-ecc6a1f9-42fe-2932-7ea0-1dd285491b7b, 557, 35, 1328, 31, 103.68
2026/09/08 20:43:04.211, GPU-ecc6a1f9-42fe-2932-7ea0-1dd285491b7b, 557, 42, 1328, 32, 51.63
2026/09/08 20:43:04.414, GPU-ecc6a1f9-42fe-2932-7ea0-1dd285491b7b, 557, 33, 1328, 31, 49.93
2026/09/08 20:43:04.618, GPU-ecc6a1f9-42fe-2932-7ea0-1dd285491b7b, 557, 30, 1328, 32, 104.65
2026/09/08 20:43:04.822, GPU-ecc6a1f9-42fe-2932-7ea0-1dd285491b7b, 557, 36, 1328, 31, 51.87
2026/09/08 20:43:05.026, GPU-ecc6a1f9-42fe-2932-7ea0-1dd285491b7b, 557, 37, 1328, 32, 50.66
2026/09/08 20:43:05.230, GPU-ecc6a1f9-42fe-2932-7ea0-1dd285491b7b, 557, 32, 1328, 31, 58.66
2026/09/08 20:43:05.433, GPU-ecc6a1f9-42fe-2932-7ea0-1dd285491b7b, 557, 29, 1328, 32, 157.25
2026/09/08 20:43:05.637, GPU-ecc6a1f9-42fe-2932-7ea0-1dd285491b7b, 557, 41, 1328, 32, 50.17
2026/09/08 20:43:05.841, GPU-ecc6a1f9-42fe-2932-7ea0-1dd285491b7b, 557, 36, 1328, 32, 116.41
2026/09/08 20:43:06.045, GPU-ecc6a1f9-42fe-2932-7ea0-1dd285491b7b, 557, 29, 1328, 32, 106.29
2026/09/08 20:43:06.249, GPU-ecc6a1f9-42fe-2932-7ea0-1dd285491b7b, 557, 32, 1328, 32, 47.00
2026/09/08 20:43:06.453, GPU-ecc6a1f9-42fe-2932-7ea0-1dd285491b7b, 557, 42, 1328, 32, 91.35
2026/09/08 20:43:06.656, GPU-ecc6a1f9-42fe-2932-7ea0-1dd285491b7b, 557, 37, 1328, 32, 45.52
2026/09/08 20:43:06.860, GPU-ecc6a1f9-42fe-2932-7ea0-1dd285491b7b, 557, 34, 1328, 32, 58.38
2026/09/08 20:43:07.065, GPU-ecc6a1f9-42fe-2932-7ea0-1dd285491b7b, 557, 66, 1328, 33, 214.03
2026/09/08 20:43:07.268, GPU-ecc6a1f9-42fe-2932-7ea0-1dd285491b7b, 557, 100, 1328, 34, 199.81
2026/09/08 20:43:07.472, GPU-ecc6a1f9-42fe-2932-7ea0-1dd285491b7b, 557, 100, 1328, 35, 206.93
2026/09/08 20:43:07.703, GPU-ecc6a1f9-42fe-2932-7ea0-1dd285491b7b, 557, 100, 1328, 36, 203.19
2026/09/08 20:43:07.906, GPU-ecc6a1f9-42fe-2932-7ea0-1dd285491b7b, 557, 100, 1328, 36, 219.46
2026/09/08 20:43:08.109, GPU-ecc6a1f9-42fe-2932-7ea0-1dd285491b7b, 557, 100, 1328, 36, 214.27
2026/09/08 20:43:08.314, GPU-ecc6a1f9-42fe-2932-7ea0-1dd285491b7b, 557, 100, 1328, 37, 197.29
2026/09/08 20:43:08.517, GPU-ecc6a1f9-42fe-2932-7ea0-1dd285491b7b, 557, 100, 1328, 37, 186.18
2026/09/08 20:43:08.721, GPU-ecc6a1f9-42fe-2932-7ea0-1dd285491b7b, 557, 100, 1328, 37, 200.05
2026/09/08 20:43:08.924, GPU-ecc6a1f9-42fe-2932-7ea0-1dd285491b7b, 557, 100, 1328, 37, 189.29
2026/09/08 20:43:09.127, GPU-ecc6a1f9-42fe-2932-7ea0-1dd285491b7b, 557, 100, 1328, 38, 191.87
2026/09/08 20:43:09.334, GPU-ecc6a1f9-42fe-2932-7ea0-1dd285491b7b, 557, 100, 1328, 38, 197.16
2026/09/08 20:43:09.537, GPU-ecc6a1f9-42fe-2932-7ea0-1dd285491b7b, 557, 100, 1328, 38, 173.73
2026/09/08 20:43:09.740, GPU-ecc6a1f9-42fe-2932-7ea0-1dd285491b7b, 557, 100, 1328, 38, 145.72
2026/09/08 20:43:09.944, GPU-ecc6a1f9-42fe-2932-7ea0-1dd285491b7b, 557, 100, 1328, 38, 229.67
2026/09/08 20:43:10.147, GPU-ecc6a1f9-42fe-2932-7ea0-1dd285491b7b, 557, 100, 1328, 38, 204.26
2026/09/08 20:43:10.353, GPU-ecc6a1f9-42fe-2932-7ea0-1dd285491b7b, 557, 100, 1328, 38, 175.66
2026/09/08 20:43:10.557, GPU-ecc6a1f9-42fe-2932-7ea0-1dd285491b7b, 557, 100, 1328, 38, 200.63
2026/09/08 20:43:10.760, GPU-ecc6a1f9-42fe-2932-7ea0-1dd285491b7b, 557, 100, 1328, 39, 236.87
2026/09/08 20:43:10.964, GPU-ecc6a1f9-42fe-2932-7ea0-1dd285491b7b, 557, 100, 1328, 39, 214.03
2026/09/08 20:43:11.167, GPU-ecc6a1f9-42fe-2932-7ea0-1dd285491b7b, 557, 100, 1328, 39, 191.87
2026/09/08 20:43:11.373, GPU-ecc6a1f9-42fe-2932-7ea0-1dd285491b7b, 557, 100, 1328, 39, 221.59
2026/09/08 20:43:11.576, GPU-ecc6a1f9-42fe-2932-7ea0-1dd285491b7b, 557, 100, 1328, 39, 194.04
2026/09/08 20:43:11.780, GPU-ecc6a1f9-42fe-2932-7ea0-1dd285491b7b, 557, 100, 1328, 39, 231.55
2026/09/08 20:43:11.983, GPU-ecc6a1f9-42fe-2932-7ea0-1dd285491b7b, 557, 100, 1328, 40, 202.23
2026/09/08 20:43:12.186, GPU-ecc6a1f9-42fe-2932-7ea0-1dd285491b7b, 557, 100, 1328, 40, 219.94
2026/09/08 20:43:12.392, GPU-ecc6a1f9-42fe-2932-7ea0-1dd285491b7b, 557, 100, 1328, 40, 184.01
2026/09/08 20:43:12.596, GPU-ecc6a1f9-42fe-2932-7ea0-1dd285491b7b, 557, 100, 1328, 39, 209.57
2026/09/08 20:43:12.799, GPU-ecc6a1f9-42fe-2932-7ea0-1dd285491b7b, 557, 100, 1328, 40, 227.37
2026/09/08 20:43:13.002, GPU-ecc6a1f9-42fe-2932-7ea0-1dd285491b7b, 557, 100, 1328, 40, 221.11
2026/09/08 20:43:13.206, GPU-ecc6a1f9-42fe-2932-7ea0-1dd285491b7b, 557, 100, 1328, 40, 178.07
2026/09/08 20:43:13.409, GPU-ecc6a1f9-42fe-2932-7ea0-1dd285491b7b, 557, 100, 1328, 40, 208.36
2026/09/08 20:43:13.616, GPU-ecc6a1f9-42fe-2932-7ea0-1dd285491b7b, 557, 100, 1328, 41, 200.18
2026/09/08 20:43:13.819, GPU-ecc6a1f9-42fe-2932-7ea0-1dd285491b7b, 557, 100, 1328, 41, 236.25
2026/09/08 20:43:14.023, GPU-ecc6a1f9-42fe-2932-7ea0-1dd285491b7b, 557, 100, 1328, 41, 207.40
2026/09/08 20:43:14.226, GPU-ecc6a1f9-42fe-2932-7ea0-1dd285491b7b, 557, 100, 1328, 41, 231.35
2026/09/08 20:43:14.430, GPU-ecc6a1f9-42fe-2932-7ea0-1dd285491b7b, 557, 100, 1328, 41, 197.88
2026/09/08 20:43:14.635, GPU-ecc6a1f9-42fe-2932-7ea0-1dd285491b7b, 557, 100, 1328, 42, 238.05
2026/09/08 20:43:14.839, GPU-ecc6a1f9-42fe-2932-7ea0-1dd285491b7b, 557, 100, 1328, 41, 183.04
2026/09/08 20:43:15.042, GPU-ecc6a1f9-42fe-2932-7ea0-1dd285491b7b, 557, 100, 1328, 42, 220.05
2026/09/08 20:43:15.245, GPU-ecc6a1f9-42fe-2932-7ea0-1dd285491b7b, 557, 100, 1328, 41, 209.60
2026/09/08 20:43:15.449, GPU-ecc6a1f9-42fe-2932-7ea0-1dd285491b7b, 557, 100, 1328, 42, 232.80
2026/09/08 20:43:15.655, GPU-ecc6a1f9-42fe-2932-7ea0-1dd285491b7b, 557, 100, 1328, 42, 217.86
2026/09/08 20:43:15.858, GPU-ecc6a1f9-42fe-2932-7ea0-1dd285491b7b, 557, 100, 1328, 42, 232.55
2026/09/08 20:43:16.062, GPU-ecc6a1f9-42fe-2932-7ea0-1dd285491b7b, 557, 100, 1328, 41, 170.18
2026/09/08 20:43:16.265, GPU-ecc6a1f9-42fe-2932-7ea0-1dd285491b7b, 557, 100, 1328, 42, 204.74
2026/09/08 20:43:16.469, GPU-ecc6a1f9-42fe-2932-7ea0-1dd285491b7b, 557, 100, 1328, 42, 203.07
2026/09/08 20:43:16.674, GPU-ecc6a1f9-42fe-2932-7ea0-1dd285491b7b, 557, 100, 1328, 42, 243.95
2026/09/08 20:43:16.877, GPU-ecc6a1f9-42fe-2932-7ea0-1dd285491b7b, 557, 100, 1328, 42, 204.66
2026/09/08 20:43:17.081, GPU-ecc6a1f9-42fe-2932-7ea0-1dd285491b7b, 557, 100, 1328, 43, 235.40
2026/09/08 20:43:17.284, GPU-ecc6a1f9-42fe-2932-7ea0-1dd285491b7b, 557, 100, 1328, 43, 203.32
2026/09/08 20:43:17.488, GPU-ecc6a1f9-42fe-2932-7ea0-1dd285491b7b, 557, 100, 1328, 43, 239.05
2026/09/08 20:43:17.693, GPU-ecc6a1f9-42fe-2932-7ea0-1dd285491b7b, 557, 100, 1328, 43, 187.84
2026/09/08 20:43:17.897, GPU-ecc6a1f9-42fe-2932-7ea0-1dd285491b7b, 557, 100, 1328, 43, 221.83
2026/09/08 20:43:18.101, GPU-ecc6a1f9-42fe-2932-7ea0-1dd285491b7b, 557, 100, 1328, 43, 202.37
2026/09/08 20:43:18.304, GPU-ecc6a1f9-42fe-2932-7ea0-1dd285491b7b, 557, 100, 1328, 43, 227.02
2026/09/08 20:43:18.507, GPU-ecc6a1f9-42fe-2932-7ea0-1dd285491b7b, 557, 100, 1328, 43, 220.77
2026/09/08 20:43:18.713, GPU-ecc6a1f9-42fe-2932-7ea0-1dd285491b7b, 557, 100, 1328, 44, 239.38
2026/09/08 20:43:18.916, GPU-ecc6a1f9-42fe-2932-7ea0-1dd285491b7b, 557, 100, 1328, 44, 187.13
2026/09/08 20:43:19.120, GPU-ecc6a1f9-42fe-2932-7ea0-1dd285491b7b, 557, 100, 1328, 43, 177.97
2026/09/08 20:43:19.323, GPU-ecc6a1f9-42fe-2932-7ea0-1dd285491b7b, 557, 100, 1328, 44, 214.27
2026/09/08 20:43:19.527, GPU-ecc6a1f9-42fe-2932-7ea0-1dd285491b7b, 557, 100, 1328, 44, 213.67
2026/09/08 20:43:19.732, GPU-ecc6a1f9-42fe-2932-7ea0-1dd285491b7b, 557, 100, 1328, 44, 196.19
2026/09/08 20:43:19.936, GPU-ecc6a1f9-42fe-2932-7ea0-1dd285491b7b, 557, 100, 1328, 44, 218.94
2026/09/08 20:43:20.139, GPU-ecc6a1f9-42fe-2932-7ea0-1dd285491b7b, 557, 100, 1328, 44, 204.40
2026/09/08 20:43:20.343, GPU-ecc6a1f9-42fe-2932-7ea0-1dd285491b7b, 557, 100, 1328, 44, 211.01
2026/09/08 20:43:20.546, GPU-ecc6a1f9-42fe-2932-7ea0-1dd285491b7b, 557, 100, 1328, 45, 236.41
2026/09/08 20:43:20.752, GPU-ecc6a1f9-42fe-2932-7ea0-1dd285491b7b, 557, 100, 1328, 44, 205.23
2026/09/08 20:43:20.955, GPU-ecc6a1f9-42fe-2932-7ea0-1dd285491b7b, 557, 100, 1328, 45, 197.16
2026/09/08 20:43:21.159, GPU-ecc6a1f9-42fe-2932-7ea0-1dd285491b7b, 557, 100, 1328, 45, 244.43
2026/09/08 20:43:21.362, GPU-ecc6a1f9-42fe-2932-7ea0-1dd285491b7b, 557, 100, 1328, 44, 212.70
2026/09/08 20:43:21.565, GPU-ecc6a1f9-42fe-2932-7ea0-1dd285491b7b, 557, 100, 1328, 44, 236.85
2026/09/08 20:43:21.771, GPU-ecc6a1f9-42fe-2932-7ea0-1dd285491b7b, 557, 100, 1328, 45, 203.43
2026/09/08 20:43:21.974, GPU-ecc6a1f9-42fe-2932-7ea0-1dd285491b7b, 557, 100, 1328, 45, 232.31
2026/09/08 20:43:22.178, GPU-ecc6a1f9-42fe-2932-7ea0-1dd285491b7b, 557, 100, 1328, 45, 239.36
2026/09/08 20:43:22.381, GPU-ecc6a1f9-42fe-2932-7ea0-1dd285491b7b, 557, 100, 1328, 45, 213.79
2026/09/08 20:43:22.584, GPU-ecc6a1f9-42fe-2932-7ea0-1dd285491b7b, 557, 100, 1328, 45, 195.24
2026/09/08 20:43:22.788, GPU-ecc6a1f9-42fe-2932-7ea0-1dd285491b7b, 557, 100, 1328, 45, 215.95
2026/09/08 20:43:22.995, GPU-ecc6a1f9-42fe-2932-7ea0-1dd285491b7b, 557, 100, 1328, 45, 189.69
2026/09/08 20:43:23.198, GPU-ecc6a1f9-42fe-2932-7ea0-1dd285491b7b, 557, 100, 1328, 46, 230.26
2026/09/08 20:43:23.401, GPU-ecc6a1f9-42fe-2932-7ea0-1dd285491b7b, 557, 100, 1328, 46, 200.66
2026/09/08 20:43:23.605, GPU-ecc6a1f9-42fe-2932-7ea0-1dd285491b7b, 557, 100, 1328, 46, 214.03
2026/09/08 20:43:23.808, GPU-ecc6a1f9-42fe-2932-7ea0-1dd285491b7b, 557, 100, 1328, 46, 183.52
2026/09/08 20:43:24.014, GPU-ecc6a1f9-42fe-2932-7ea0-1dd285491b7b, 557, 100, 1328, 46, 245.87
2026/09/08 20:43:24.218, GPU-ecc6a1f9-42fe-2932-7ea0-1dd285491b7b, 557, 100, 1328, 46, 195.47
2026/09/08 20:43:24.421, GPU-ecc6a1f9-42fe-2932-7ea0-1dd285491b7b, 557, 100, 1328, 46, 236.51
2026/09/08 20:43:24.624, GPU-ecc6a1f9-42fe-2932-7ea0-1dd285491b7b, 557, 100, 1328, 46, 186.66
2026/09/08 20:43:24.828, GPU-ecc6a1f9-42fe-2932-7ea0-1dd285491b7b, 557, 100, 1328, 46, 237.37
2026/09/08 20:43:25.034, GPU-ecc6a1f9-42fe-2932-7ea0-1dd285491b7b, 557, 100, 1328, 46, 191.87
2026/09/08 20:43:25.237, GPU-ecc6a1f9-42fe-2932-7ea0-1dd285491b7b, 557, 100, 1328, 45, 70.30
2026/09/08 20:43:25.441, GPU-ecc6a1f9-42fe-2932-7ea0-1dd285491b7b, 557, 52, 1328, 44, 83.63
2026/09/08 20:43:25.645, GPU-ecc6a1f9-42fe-2932-7ea0-1dd285491b7b, 557, 60, 1328, 43, 102.94
2026/09/08 20:43:25.849, GPU-ecc6a1f9-42fe-2932-7ea0-1dd285491b7b, 557, 53, 1328, 44, 128.22
2026/09/08 20:43:26.053, GPU-ecc6a1f9-42fe-2932-7ea0-1dd285491b7b, 557, 61, 1328, 43, 81.44
2026/09/08 20:43:26.257, GPU-ecc6a1f9-42fe-2932-7ea0-1dd285491b7b, 557, 55, 1328, 43, 62.06
2026/09/08 20:43:26.461, GPU-ecc6a1f9-42fe-2932-7ea0-1dd285491b7b, 557, 60, 1328, 43, 83.38
2026/09/08 20:43:26.665, GPU-ecc6a1f9-42fe-2932-7ea0-1dd285491b7b, 557, 52, 1328, 43, 120.68
2026/09/08 20:43:26.868, GPU-ecc6a1f9-42fe-2932-7ea0-1dd285491b7b, 557, 62, 1328, 43, 94.02
2026/09/08 20:43:27.073, GPU-ecc6a1f9-42fe-2932-7ea0-1dd285491b7b, 557, 55, 1328, 43, 115.45
2026/09/08 20:43:27.276, GPU-ecc6a1f9-42fe-2932-7ea0-1dd285491b7b, 557, 56, 1328, 43, 101.50
2026/09/08 20:43:27.481, GPU-ecc6a1f9-42fe-2932-7ea0-1dd285491b7b, 265, 54, 1328, 42, 41.17
2026/09/08 20:43:27.684, GPU-ecc6a1f9-42fe-2932-7ea0-1dd285491b7b, 5, 12, 1328, 41, 39.97
2026/09/08 20:43:27.888, GPU-ecc6a1f9-42fe-2932-7ea0-1dd285491b7b, 5, 0, 1328, 41, 39.73
2026/09/08 20:43:28.091, GPU-ecc6a1f9-42fe-2932-7ea0-1dd285491b7b, 5, 0, 1328, 41, 39.24
2026/09/08 20:43:28.297, GPU-ecc6a1f9-42fe-2932-7ea0-1dd285491b7b, 5, 0, 1328, 41, 39.24
2026/09/08 20:43:28.500, GPU-ecc6a1f9-42fe-2932-7ea0-1dd285491b7b, 5, 0, 1328, 40, 38.99
2026/09/08 20:43:28.797, GPU-ecc6a1f9-42fe-2932-7ea0-1dd285491b7b, 5, 0, 1328, 40, 38.75
2026/09/08 20:43:29.000, GPU-ecc6a1f9-42fe-2932-7ea0-1dd285491b7b, 5, 0, 1328, 40, 38.75
2026/09/08 20:43:29.204, GPU-ecc6a1f9-42fe-2932-7ea0-1dd285491b7b, 5, 0, 1328, 40, 38.75
2026/09/08 20:43:29.407, GPU-ecc6a1f9-42fe-2932-7ea0-1dd285491b7b, 5, 0, 1328, 40, 38.75
2026/09/08 20:43:29.611, GPU-ecc6a1f9-42fe-2932-7ea0-1dd285491b7b, 5, 0, 1328, 40, 38.75
2026/09/08 20:43:29.814, GPU-ecc6a1f9-42fe-2932-7ea0-1dd285491b7b, 5, 0, 1328, 40, 38.75
2026/09/08 20:43:30.018, GPU-ecc6a1f9-42fe-2932-7ea0-1dd285491b7b, 5, 0, 1328, 40, 38.75
2026/09/08 20:43:30.221, GPU-ecc6a1f9-42fe-2932-7ea0-1dd285491b7b, 5, 0, 620, 40, 29.26
2026/09/08 20:43:30.427, GPU-ecc6a1f9-42fe-2932-7ea0-1dd285491b7b, 5, 0, 620, 39, 29.02
2026/09/08 20:43:30.631, GPU-ecc6a1f9-42fe-2932-7ea0-1dd285491b7b, 5, 0, 620, 39, 28.77
2026/09/08 20:43:30.834, GPU-ecc6a1f9-42fe-2932-7ea0-1dd285491b7b, 5, 0, 620, 39, 29.02
2026/09/08 20:43:31.038, GPU-ecc6a1f9-42fe-2932-7ea0-1dd285491b7b, 5, 0, 620, 39, 28.77
2026/09/08 20:43:31.241, GPU-ecc6a1f9-42fe-2932-7ea0-1dd285491b7b, 5, 0, 620, 39, 28.77
2026/09/08 20:43:31.447, GPU-ecc6a1f9-42fe-2932-7ea0-1dd285491b7b, 5, 0, 620, 39, 28.77
2026/09/08 20:43:31.651, GPU-ecc6a1f9-42fe-2932-7ea0-1dd285491b7b, 5, 0, 620, 39, 28.77
2026/09/08 20:43:31.854, GPU-ecc6a1f9-42fe-2932-7ea0-1dd285491b7b, 5, 0, 620, 39, 28.77
2026/09/08 20:43:32.058, GPU-ecc6a1f9-42fe-2932-7ea0-1dd285491b7b, 5, 0, 620, 39, 28.77
2026/09/08 20:43:32.261, GPU-ecc6a1f9-42fe-2932-7ea0-1dd285491b7b, 5, 0, 620, 39, 28.77
2026/09/08 20:43:32.467, GPU-ecc6a1f9-42fe-2932-7ea0-1dd285491b7b, 5, 0, 620, 39, 28.77
2026/09/08 20:43:32.671, GPU-ecc6a1f9-42fe-2932-7ea0-1dd285491b7b, 5, 0, 620, 39, 28.77
2026/09/08 20:43:32.874, GPU-ecc6a1f9-42fe-2932-7ea0-1dd285491b7b, 5, 0, 405, 38, 27.80
2026/09/08 20:43:33.078, GPU-ecc6a1f9-42fe-2932-7ea0-1dd285491b7b, 5, 0, 405, 38, 27.80
2026/09/08 20:43:33.281, GPU-ecc6a1f9-42fe-2932-7ea0-1dd285491b7b, 5, 0, 405, 38, 27.80
2026/09/08 20:43:33.485, GPU-ecc6a1f9-42fe-2932-7ea0-1dd285491b7b, 5, 0, 405, 38, 27.80
2026/09/08 20:43:33.689, GPU-ecc6a1f9-42fe-2932-7ea0-1dd285491b7b, 5, 0, 405, 38, 27.80
2026/09/08 20:43:33.893, GPU-ecc6a1f9-42fe-2932-7ea0-1dd285491b7b, 5, 0, 405, 38, 27.56
2026/09/08 20:43:34.096, GPU-ecc6a1f9-42fe-2932-7ea0-1dd285491b7b, 5, 0, 405, 38, 27.80
2026/09/08 20:43:34.300, GPU-ecc6a1f9-42fe-2932-7ea0-1dd285491b7b, 5, 0, 405, 38, 27.80
2026/09/08 20:43:34.503, GPU-ecc6a1f9-42fe-2932-7ea0-1dd285491b7b, 5, 0, 405, 38, 27.80
2026/09/08 20:43:34.709, GPU-ecc6a1f9-42fe-2932-7ea0-1dd285491b7b, 5, 0, 405, 38, 27.80
2026/09/08 20:43:34.912, GPU-ecc6a1f9-42fe-2932-7ea0-1dd285491b7b, 5, 0, 405, 38, 27.80
2026/09/08 20:43:35.116, GPU-ecc6a1f9-42fe-2932-7ea0-1dd285491b7b, 5, 0, 405, 38, 27.80
2026/09/08 20:43:35.319, GPU-ecc6a1f9-42fe-2932-7ea0-1dd285491b7b, 5, 0, 405, 38, 27.80
2026/09/08 20:43:35.523, GPU-ecc6a1f9-42fe-2932-7ea0-1dd285491b7b, 5, 0, 405, 38, 27.80
2026/09/08 20:43:35.728, GPU-ecc6a1f9-42fe-2932-7ea0-1dd285491b7b, 5, 0, 405, 38, 27.80
2026/09/08 20:43:35.931, GPU-ecc6a1f9-42fe-2932-7ea0-1dd285491b7b, 5, 0, 405, 38, 27.80
2026/09/08 20:43:36.135, GPU-ecc6a1f9-42fe-2932-7ea0-1dd285491b7b, 5, 0, 405, 38, 27.80
2026/09/08 20:43:36.338, GPU-ecc6a1f9-42fe-2932-7ea0-1dd285491b7b, 5, 0, 405, 38, 27.80
2026/09/08 20:43:36.542, GPU-ecc6a1f9-42fe-2932-7ea0-1dd285491b7b, 5, 0, 405, 38, 27.80
2026/09/08 20:43:36.747, GPU-ecc6a1f9-42fe-2932-7ea0-1dd285491b7b, 5, 0, 405, 38, 27.80
2026/09/08 20:43:36.951, GPU-ecc6a1f9-42fe-2932-7ea0-1dd285491b7b, 5, 0, 405, 38, 27.80
2026/09/08 20:43:37.154, GPU-ecc6a1f9-42fe-2932-7ea0-1dd285491b7b, 5, 0, 405, 38, 27.56
2026/09/08 20:43:37.358, GPU-ecc6a1f9-42fe-2932-7ea0-1dd285491b7b, 5, 0, 405, 38, 27.56
2026/09/08 20:43:37.561, GPU-ecc6a1f9-42fe-2932-7ea0-1dd285491b7b, 5, 0, 405, 38, 27.56
2026/09/08 20:43:37.767, GPU-ecc6a1f9-42fe-2932-7ea0-1dd285491b7b, 5, 0, 405, 38, 27.80
2026/09/08 20:43:37.970, GPU-ecc6a1f9-42fe-2932-7ea0-1dd285491b7b, 5, 0, 405, 38, 27.56
2026/09/08 20:43:38.174, GPU-ecc6a1f9-42fe-2932-7ea0-1dd285491b7b, 5, 0, 405, 37, 27.80
2026/09/08 20:43:38.377, GPU-ecc6a1f9-42fe-2932-7ea0-1dd285491b7b, 5, 0, 405, 37, 27.56
2026/09/08 20:43:38.581, GPU-ecc6a1f9-42fe-2932-7ea0-1dd285491b7b, 5, 0, 405, 37, 27.56
2026/09/08 20:43:38.786, GPU-ecc6a1f9-42fe-2932-7ea0-1dd285491b7b, 5, 0, 405, 37, 27.56
2026/09/08 20:43:38.989, GPU-ecc6a1f9-42fe-2932-7ea0-1dd285491b7b, 5, 0, 405, 37, 27.56
2026/09/08 20:43:39.193, GPU-ecc6a1f9-42fe-2932-7ea0-1dd285491b7b, 5, 0, 405, 37, 27.56
2026/09/08 20:43:39.396, GPU-ecc6a1f9-42fe-2932-7ea0-1dd285491b7b, 5, 0, 405, 37, 27.56
2026/09/08 20:43:39.600, GPU-ecc6a1f9-42fe-2932-7ea0-1dd285491b7b, 5, 0, 405, 37, 27.56
2026/09/08 20:43:39.805, GPU-ecc6a1f9-42fe-2932-7ea0-1dd285491b7b, 5, 0, 405, 37, 27.31
2026/09/08 20:43:40.009, GPU-ecc6a1f9-42fe-2932-7ea0-1dd285491b7b, 5, 0, 405, 37, 27.31
2026/09/08 20:43:40.212, GPU-ecc6a1f9-42fe-2932-7ea0-1dd285491b7b, 5, 0, 405, 37, 27.56
2026/09/08 20:43:40.416, GPU-ecc6a1f9-42fe-2932-7ea0-1dd285491b7b, 5, 0, 405, 37, 27.56
2026/09/08 20:43:40.619, GPU-ecc6a1f9-42fe-2932-7ea0-1dd285491b7b, 5, 0, 405, 37, 27.56
2026/09/08 20:43:40.825, GPU-ecc6a1f9-42fe-2932-7ea0-1dd285491b7b, 5, 0, 405, 37, 27.31
2026/09/08 20:43:41.028, GPU-ecc6a1f9-42fe-2932-7ea0-1dd285491b7b, 5, 0, 405, 37, 27.31
2026/09/08 20:43:41.232, GPU-ecc6a1f9-42fe-2932-7ea0-1dd285491b7b, 5, 0, 405, 37, 27.31
2026/09/08 20:43:41.435, GPU-ecc6a1f9-42fe-2932-7ea0-1dd285491b7b, 5, 0, 405, 37, 27.31
2026/09/08 20:43:41.639, GPU-ecc6a1f9-42fe-2932-7ea0-1dd285491b7b, 5, 0, 405, 37, 27.56
2026/09/08 20:43:41.844, GPU-ecc6a1f9-42fe-2932-7ea0-1dd285491b7b, 5, 0, 405, 37, 27.31
2026/09/08 20:43:42.047, GPU-ecc6a1f9-42fe-2932-7ea0-1dd285491b7b, 5, 0, 405, 37, 27.31
2026/09/08 20:43:42.251, GPU-ecc6a1f9-42fe-2932-7ea0-1dd285491b7b, 5, 0, 405, 37, 27.31
2026/09/08 20:43:42.454, GPU-ecc6a1f9-42fe-2932-7ea0-1dd285491b7b, 5, 0, 405, 37, 27.31
2026/09/08 20:43:42.658, GPU-ecc6a1f9-42fe-2932-7ea0-1dd285491b7b, 5, 0, 405, 37, 27.31
2026/09/08 20:43:42.863, GPU-ecc6a1f9-42fe-2932-7ea0-1dd285491b7b, 5, 0, 405, 37, 27.56
2026/09/08 20:43:43.067, GPU-ecc6a1f9-42fe-2932-7ea0-1dd285491b7b, 5, 0, 405, 37, 27.31
2026/09/08 20:43:43.270, GPU-ecc6a1f9-42fe-2932-7ea0-1dd285491b7b, 5, 0, 405, 37, 27.31
2026/09/08 20:43:43.474, GPU-ecc6a1f9-42fe-2932-7ea0-1dd285491b7b, 5, 0, 405, 37, 27.31
2026/09/08 20:43:43.677, GPU-ecc6a1f9-42fe-2932-7ea0-1dd285491b7b, 5, 0, 405, 37, 27.31
2026/09/08 20:43:43.882, GPU-ecc6a1f9-42fe-2932-7ea0-1dd285491b7b, 5, 0, 405, 37, 27.31
2026/09/08 20:43:44.086, GPU-ecc6a1f9-42fe-2932-7ea0-1dd285491b7b, 5, 0, 405, 37, 27.31
2026/09/08 20:43:44.290, GPU-ecc6a1f9-42fe-2932-7ea0-1dd285491b7b, 5, 0, 405, 37, 27.31
2026/09/08 20:43:44.493, GPU-ecc6a1f9-42fe-2932-7ea0-1dd285491b7b, 5, 0, 405, 36, 27.31
2026/09/08 20:43:44.697, GPU-ecc6a1f9-42fe-2932-7ea0-1dd285491b7b, 5, 0, 405, 36, 27.31
2026/09/08 20:43:44.902, GPU-ecc6a1f9-42fe-2932-7ea0-1dd285491b7b, 5, 0, 405, 36, 27.31
2026/09/08 20:43:45.105, GPU-ecc6a1f9-42fe-2932-7ea0-1dd285491b7b, 5, 0, 405, 36, 27.31
2026/09/08 20:43:45.309, GPU-ecc6a1f9-42fe-2932-7ea0-1dd285491b7b, 5, 0, 405, 37, 27.31
2026/09/08 20:43:45.513, GPU-ecc6a1f9-42fe-2932-7ea0-1dd285491b7b, 5, 0, 405, 37, 27.31
2026/09/08 20:43:45.716, GPU-ecc6a1f9-42fe-2932-7ea0-1dd285491b7b, 5, 0, 405, 36, 27.31
2026/09/08 20:43:45.921, GPU-ecc6a1f9-42fe-2932-7ea0-1dd285491b7b, 5, 0, 405, 36, 27.31
2026/09/08 20:43:46.125, GPU-ecc6a1f9-42fe-2932-7ea0-1dd285491b7b, 5, 0, 405, 36, 27.31
2026/09/08 20:43:46.329, GPU-ecc6a1f9-42fe-2932-7ea0-1dd285491b7b, 5, 0, 405, 36, 27.31
2026/09/08 20:43:46.532, GPU-ecc6a1f9-42fe-2932-7ea0-1dd285491b7b, 5, 0, 405, 36, 27.31
2026/09/08 20:43:46.736, GPU-ecc6a1f9-42fe-2932-7ea0-1dd285491b7b, 5, 0, 405, 36, 27.31
2026/09/08 20:43:46.941, GPU-ecc6a1f9-42fe-2932-7ea0-1dd285491b7b, 5, 0, 405, 36, 27.31
2026/09/08 20:43:47.144, GPU-ecc6a1f9-42fe-2932-7ea0-1dd285491b7b, 5, 0, 405, 36, 27.31
2026/09/08 20:43:47.348, GPU-ecc6a1f9-42fe-2932-7ea0-1dd285491b7b, 5, 0, 405, 36, 27.31
2026/09/08 20:43:47.551, GPU-ecc6a1f9-42fe-2932-7ea0-1dd285491b7b, 5, 0, 405, 36, 27.31
2026/09/08 20:43:47.755, GPU-ecc6a1f9-42fe-2932-7ea0-1dd285491b7b, 5, 0, 405, 36, 27.31
2026/09/08 20:43:47.960, GPU-ecc6a1f9-42fe-2932-7ea0-1dd285491b7b, 5, 0, 405, 36, 27.31
2026/09/08 20:43:48.163, GPU-ecc6a1f9-42fe-2932-7ea0-1dd285491b7b, 5, 0, 405, 36, 27.31
2026/09/08 20:43:48.367, GPU-ecc6a1f9-42fe-2932-7ea0-1dd285491b7b, 5, 0, 405, 36, 27.31
2026/09/08 20:43:48.570, GPU-ecc6a1f9-42fe-2932-7ea0-1dd285491b7b, 5, 0, 405, 36, 27.31
2026/09/08 20:43:48.774, GPU-ecc6a1f9-42fe-2932-7ea0-1dd285491b7b, 5, 0, 405, 36, 27.31
2026/09/08 20:43:48.979, GPU-ecc6a1f9-42fe-2932-7ea0-1dd285491b7b, 5, 0, 405, 36, 27.31
2026/09/08 20:43:49.184, GPU-ecc6a1f9-42fe-2932-7ea0-1dd285491b7b, 5, 0, 405, 36, 27.31
2026/09/08 20:43:49.388, GPU-ecc6a1f9-42fe-2932-7ea0-1dd285491b7b, 5, 0, 405, 36, 27.31
2026/09/08 20:43:49.591, GPU-ecc6a1f9-42fe-2932-7ea0-1dd285491b7b, 5, 0, 405, 36, 27.31
2026/09/08 20:43:49.795, GPU-ecc6a1f9-42fe-2932-7ea0-1dd285491b7b, 5, 0, 405, 36, 27.31
2026/09/08 20:43:49.999, GPU-ecc6a1f9-42fe-2932-7ea0-1dd285491b7b, 5, 0, 405, 36, 27.31
2026/09/08 20:43:50.202, GPU-ecc6a1f9-42fe-2932-7ea0-1dd285491b7b, 5, 0, 405, 36, 27.31
2026/09/08 20:43:50.406, GPU-ecc6a1f9-42fe-2932-7ea0-1dd285491b7b, 5, 0, 405, 36, 27.07
2026/09/08 20:43:50.609, GPU-ecc6a1f9-42fe-2932-7ea0-1dd285491b7b, 5, 0, 405, 36, 27.07
2026/09/08 20:43:50.813, GPU-ecc6a1f9-42fe-2932-7ea0-1dd285491b7b, 5, 0, 405, 36, 27.07
2026/09/08 20:43:51.019, GPU-ecc6a1f9-42fe-2932-7ea0-1dd285491b7b, 5, 0, 405, 36, 27.07
2026/09/08 20:43:51.222, GPU-ecc6a1f9-42fe-2932-7ea0-1dd285491b7b, 5, 0, 405, 36, 27.07
2026/09/08 20:43:51.426, GPU-ecc6a1f9-42fe-2932-7ea0-1dd285491b7b, 5, 0, 405, 36, 27.07
2026/09/08 20:43:51.629, GPU-ecc6a1f9-42fe-2932-7ea0-1dd285491b7b, 5, 0, 405, 36, 27.07
2026/09/08 20:43:51.833, GPU-ecc6a1f9-42fe-2932-7ea0-1dd285491b7b, 5, 0, 405, 36, 27.07
2026/09/08 20:43:52.036, GPU-ecc6a1f9-42fe-2932-7ea0-1dd285491b7b, 5, 0, 405, 36, 27.31
2026/09/08 20:43:52.241, GPU-ecc6a1f9-42fe-2932-7ea0-1dd285491b7b, 5, 0, 405, 36, 27.07
2026/09/08 20:43:52.445, GPU-ecc6a1f9-42fe-2932-7ea0-1dd285491b7b, 5, 0, 405, 36, 27.07
2026/09/08 20:43:52.648, GPU-ecc6a1f9-42fe-2932-7ea0-1dd285491b7b, 5, 0, 405, 36, 27.07
2026/09/08 20:43:52.852, GPU-ecc6a1f9-42fe-2932-7ea0-1dd285491b7b, 5, 0, 405, 35, 27.07
2026/09/08 20:43:53.055, GPU-ecc6a1f9-42fe-2932-7ea0-1dd285491b7b, 5, 0, 405, 36, 27.07
2026/09/08 20:43:53.259, GPU-ecc6a1f9-42fe-2932-7ea0-1dd285491b7b, 5, 0, 405, 35, 27.07
2026/09/08 20:43:53.466, GPU-ecc6a1f9-42fe-2932-7ea0-1dd285491b7b, 5, 0, 405, 35, 27.07
2026/09/08 20:43:53.669, GPU-ecc6a1f9-42fe-2932-7ea0-1dd285491b7b, 5, 0, 405, 35, 27.56
2026/09/08 20:43:53.873, GPU-ecc6a1f9-42fe-2932-7ea0-1dd285491b7b, 5, 0, 405, 35, 27.31
2026/09/08 20:43:54.076, GPU-ecc6a1f9-42fe-2932-7ea0-1dd285491b7b, 5, 0, 405, 35, 27.56
2026/09/08 20:43:54.280, GPU-ecc6a1f9-42fe-2932-7ea0-1dd285491b7b, 5, 0, 405, 35, 27.31
2026/09/08 20:43:54.483, GPU-ecc6a1f9-42fe-2932-7ea0-1dd285491b7b, 5, 0, 405, 35, 27.31
2026/09/08 20:43:54.688, GPU-ecc6a1f9-42fe-2932-7ea0-1dd285491b7b, 5, 0, 405, 35, 27.31
2026/09/08 20:43:54.891, GPU-ecc6a1f9-42fe-2932-7ea0-1dd285491b7b, 5, 0, 405, 35, 27.31
2026/09/08 20:43:55.095, GPU-ecc6a1f9-42fe-2932-7ea0-1dd285491b7b, 5, 0, 405, 35, 27.31
2026/09/08 20:43:55.298, GPU-ecc6a1f9-42fe-2932-7ea0-1dd285491b7b, 5, 0, 405, 35, 27.56
2026/09/08 20:43:55.502, GPU-ecc6a1f9-42fe-2932-7ea0-1dd285491b7b, 5, 0, 405, 35, 27.31
2026/09/08 20:43:55.707, GPU-ecc6a1f9-42fe-2932-7ea0-1dd285491b7b, 5, 0, 405, 35, 27.31
2026/09/08 20:43:55.911, GPU-ecc6a1f9-42fe-2932-7ea0-1dd285491b7b, 5, 0, 405, 35, 27.31
2026/09/08 20:43:56.114, GPU-ecc6a1f9-42fe-2932-7ea0-1dd285491b7b, 5, 0, 405, 35, 27.31
2026/09/08 20:43:56.318, GPU-ecc6a1f9-42fe-2932-7ea0-1dd285491b7b, 5, 0, 405, 35, 27.31
2026/09/08 20:43:56.521, GPU-ecc6a1f9-42fe-2932-7ea0-1dd285491b7b, 5, 0, 405, 35, 27.31
2026/09/08 20:43:56.728, GPU-ecc6a1f9-42fe-2932-7ea0-1dd285491b7b, 5, 0, 405, 35, 27.31
2026/09/08 20:43:56.932, GPU-ecc6a1f9-42fe-2932-7ea0-1dd285491b7b, 5, 0, 405, 35, 27.31
2026/09/08 20:43:57.135, GPU-ecc6a1f9-42fe-2932-7ea0-1dd285491b7b, 5, 0, 405, 35, 27.31
2026/09/08 20:43:57.339, GPU-ecc6a1f9-42fe-2932-7ea0-1dd285491b7b, 5, 0, 405, 35, 27.56
2026/09/08 20:43:57.542, GPU-ecc6a1f9-42fe-2932-7ea0-1dd285491b7b, 5, 0, 405, 35, 27.31
2026/09/08 20:43:57.746, GPU-ecc6a1f9-42fe-2932-7ea0-1dd285491b7b, 5, 0, 405, 35, 27.07
2026/09/08 20:43:57.952, GPU-ecc6a1f9-42fe-2932-7ea0-1dd285491b7b, 5, 0, 405, 35, 27.31
2026/09/08 20:43:58.155, GPU-ecc6a1f9-42fe-2932-7ea0-1dd285491b7b, 5, 0, 405, 35, 27.07
2026/09/08 20:43:58.359, GPU-ecc6a1f9-42fe-2932-7ea0-1dd285491b7b, 5, 0, 405, 35, 27.07
2026/09/08 20:43:58.562, GPU-ecc6a1f9-42fe-2932-7ea0-1dd285491b7b, 5, 0, 405, 35, 27.31
2026/09/08 20:43:58.766, GPU-ecc6a1f9-42fe-2932-7ea0-1dd285491b7b, 5, 0, 405, 35, 27.07
2026/09/08 20:43:58.969, GPU-ecc6a1f9-42fe-2932-7ea0-1dd285491b7b, 5, 0, 405, 35, 27.07
2026/09/08 20:43:59.175, GPU-ecc6a1f9-42fe-2932-7ea0-1dd285491b7b, 5, 0, 405, 35, 27.07
2026/09/08 20:43:59.378, GPU-ecc6a1f9-42fe-2932-7ea0-1dd285491b7b, 5, 0, 405, 35, 27.31
2026/09/08 20:43:59.582, GPU-ecc6a1f9-42fe-2932-7ea0-1dd285491b7b, 5, 0, 405, 35, 27.07
2026/09/08 20:43:59.785, GPU-ecc6a1f9-42fe-2932-7ea0-1dd285491b7b, 5, 0, 405, 35, 27.07
2026/09/08 20:43:59.989, GPU-ecc6a1f9-42fe-2932-7ea0-1dd285491b7b, 5, 0, 405, 35, 27.07
2026/09/08 20:44:00.195, GPU-ecc6a1f9-42fe-2932-7ea0-1dd285491b7b, 5, 0, 405, 35, 27.07
2026/09/08 20:44:00.398, GPU-ecc6a1f9-42fe-2932-7ea0-1dd285491b7b, 5, 0, 405, 35, 27.07
2026/09/08 20:44:00.602, GPU-ecc6a1f9-42fe-2932-7ea0-1dd285491b7b, 5, 0, 405, 35, 27.07
2026/09/08 20:44:00.805, GPU-ecc6a1f9-42fe-2932-7ea0-1dd285491b7b, 5, 0, 405, 35, 27.31
2026/09/08 20:44:01.009, GPU-ecc6a1f9-42fe-2932-7ea0-1dd285491b7b, 5, 0, 405, 35, 27.07
2026/09/08 20:44:01.215, GPU-ecc6a1f9-42fe-2932-7ea0-1dd285491b7b, 5, 0, 405, 35, 27.07
2026/09/08 20:44:01.418, GPU-ecc6a1f9-42fe-2932-7ea0-1dd285491b7b, 5, 0, 405, 35, 27.07
2026/09/08 20:44:01.622, GPU-ecc6a1f9-42fe-2932-7ea0-1dd285491b7b, 5, 0, 405, 35, 27.07
2026/09/08 20:44:01.825, GPU-ecc6a1f9-42fe-2932-7ea0-1dd285491b7b, 5, 0, 405, 35, 27.07
2026/09/08 20:44:02.029, GPU-ecc6a1f9-42fe-2932-7ea0-1dd285491b7b, 5, 0, 405, 35, 27.07
2026/09/08 20:44:02.234, GPU-ecc6a1f9-42fe-2932-7ea0-1dd285491b7b, 5, 0, 405, 35, 27.07
2026/09/08 20:44:02.437, GPU-ecc6a1f9-42fe-2932-7ea0-1dd285491b7b, 5, 0, 405, 34, 27.07
2026/09/08 20:44:02.641, GPU-ecc6a1f9-42fe-2932-7ea0-1dd285491b7b, 5, 0, 405, 34, 27.07
2026/09/08 20:44:02.844, GPU-ecc6a1f9-42fe-2932-7ea0-1dd285491b7b, 5, 0, 405, 34, 27.07
2026/09/08 20:44:03.048, GPU-ecc6a1f9-42fe-2932-7ea0-1dd285491b7b, 5, 0, 405, 34, 27.07
2026/09/08 20:44:03.253, GPU-ecc6a1f9-42fe-2932-7ea0-1dd285491b7b, 5, 0, 405, 34, 27.07
2026/09/08 20:44:03.457, GPU-ecc6a1f9-42fe-2932-7ea0-1dd285491b7b, 5, 0, 405, 34, 27.07
2026/09/08 20:44:03.660, GPU-ecc6a1f9-42fe-2932-7ea0-1dd285491b7b, 5, 0, 405, 34, 27.07
2026/09/08 20:44:03.864, GPU-ecc6a1f9-42fe-2932-7ea0-1dd285491b7b, 5, 0, 405, 34, 27.07
2026/09/08 20:44:04.067, GPU-ecc6a1f9-42fe-2932-7ea0-1dd285491b7b, 5, 0, 405, 34, 27.07
2026/09/08 20:44:04.273, GPU-ecc6a1f9-42fe-2932-7ea0-1dd285491b7b, 5, 0, 405, 34, 27.07
2026/09/08 20:44:04.476, GPU-ecc6a1f9-42fe-2932-7ea0-1dd285491b7b, 5, 0, 405, 34, 27.07
2026/09/08 20:44:04.680, GPU-ecc6a1f9-42fe-2932-7ea0-1dd285491b7b, 5, 0, 405, 34, 27.07
2026/09/08 20:44:04.883, GPU-ecc6a1f9-42fe-2932-7ea0-1dd285491b7b, 5, 0, 405, 34, 27.07
2026/09/08 20:44:05.087, GPU-ecc6a1f9-42fe-2932-7ea0-1dd285491b7b, 5, 0, 405, 34, 27.07
2026/09/08 20:44:05.292, GPU-ecc6a1f9-42fe-2932-7ea0-1dd285491b7b, 5, 0, 405, 34, 27.07
2026/09/08 20:44:05.496, GPU-ecc6a1f9-42fe-2932-7ea0-1dd285491b7b, 5, 0, 405, 34, 27.07
2026/09/08 20:44:05.699, GPU-ecc6a1f9-42fe-2932-7ea0-1dd285491b7b, 5, 0, 405, 34, 27.07
2026/09/08 20:44:05.903, GPU-ecc6a1f9-42fe-2932-7ea0-1dd285491b7b, 5, 0, 405, 34, 27.07
2026/09/08 20:44:06.106, GPU-ecc6a1f9-42fe-2932-7ea0-1dd285491b7b, 5, 0, 405, 34, 27.07
2026/09/08 20:44:06.311, GPU-ecc6a1f9-42fe-2932-7ea0-1dd285491b7b, 5, 0, 405, 34, 27.07
2026/09/08 20:44:06.515, GPU-ecc6a1f9-42fe-2932-7ea0-1dd285491b7b, 5, 0, 405, 34, 27.07
2026/09/08 20:44:06.719, GPU-ecc6a1f9-42fe-2932-7ea0-1dd285491b7b, 5, 0, 405, 34, 27.07
2026/09/08 20:44:06.922, GPU-ecc6a1f9-42fe-2932-7ea0-1dd285491b7b, 5, 0, 405, 34, 27.07
2026/09/08 20:44:07.126, GPU-ecc6a1f9-42fe-2932-7ea0-1dd285491b7b, 5, 0, 405, 34, 27.07
2026/09/08 20:44:07.331, GPU-ecc6a1f9-42fe-2932-7ea0-1dd285491b7b, 5, 0, 405, 34, 27.07
2026/09/08 20:44:07.534, GPU-ecc6a1f9-42fe-2932-7ea0-1dd285491b7b, 5, 0, 405, 34, 27.07
2026/09/08 20:44:07.738, GPU-ecc6a1f9-42fe-2932-7ea0-1dd285491b7b, 5, 0, 405, 34, 27.07
2026/09/08 20:44:07.941, GPU-ecc6a1f9-42fe-2932-7ea0-1dd285491b7b, 5, 0, 405, 34, 27.07
2026/09/08 20:44:08.145, GPU-ecc6a1f9-42fe-2932-7ea0-1dd285491b7b, 5, 0, 405, 34, 27.07
2026/09/08 20:44:08.350, GPU-ecc6a1f9-42fe-2932-7ea0-1dd285491b7b, 5, 0, 405, 34, 27.07
2026/09/08 20:44:08.554, GPU-ecc6a1f9-42fe-2932-7ea0-1dd285491b7b, 5, 0, 405, 34, 27.07
2026/09/08 20:44:08.758, GPU-ecc6a1f9-42fe-2932-7ea0-1dd285491b7b, 5, 0, 405, 34, 27.07
2026/09/08 20:44:08.961, GPU-ecc6a1f9-42fe-2932-7ea0-1dd285491b7b, 5, 0, 405, 34, 27.07
2026/09/08 20:44:09.165, GPU-ecc6a1f9-42fe-2932-7ea0-1dd285491b7b, 5, 0, 405, 34, 27.07
2026/09/08 20:44:09.370, GPU-ecc6a1f9-42fe-2932-7ea0-1dd285491b7b, 5, 0, 405, 34, 27.07
2026/09/08 20:44:09.573, GPU-ecc6a1f9-42fe-2932-7ea0-1dd285491b7b, 5, 0, 405, 34, 27.07
2026/09/08 20:44:09.777, GPU-ecc6a1f9-42fe-2932-7ea0-1dd285491b7b, 5, 0, 405, 34, 27.07
2026/09/08 20:44:09.981, GPU-ecc6a1f9-42fe-2932-7ea0-1dd285491b7b, 5, 0, 405, 34, 27.07
2026/09/08 20:44:10.185, GPU-ecc6a1f9-42fe-2932-7ea0-1dd285491b7b, 5, 0, 405, 34, 27.07
2026/09/08 20:44:10.389, GPU-ecc6a1f9-42fe-2932-7ea0-1dd285491b7b, 5, 0, 405, 34, 27.07
2026/09/08 20:44:10.593, GPU-ecc6a1f9-42fe-2932-7ea0-1dd285491b7b, 5, 0, 405, 34, 27.07
2026/09/08 20:44:10.796, GPU-ecc6a1f9-42fe-2932-7ea0-1dd285491b7b, 5, 0, 405, 34, 27.07
2026/09/08 20:44:11.000, GPU-ecc6a1f9-42fe-2932-7ea0-1dd285491b7b, 5, 0, 405, 34, 27.07
2026/09/08 20:44:11.203, GPU-ecc6a1f9-42fe-2932-7ea0-1dd285491b7b, 5, 0, 405, 34, 27.07
2026/09/08 20:44:11.408, GPU-ecc6a1f9-42fe-2932-7ea0-1dd285491b7b, 5, 0, 405, 34, 27.07
2026/09/08 20:44:11.612, GPU-ecc6a1f9-42fe-2932-7ea0-1dd285491b7b, 5, 0, 405, 34, 27.07
2026/09/08 20:44:11.815, GPU-ecc6a1f9-42fe-2932-7ea0-1dd285491b7b, 5, 0, 405, 34, 27.07
2026/09/08 20:44:12.019, GPU-ecc6a1f9-42fe-2932-7ea0-1dd285491b7b, 5, 0, 405, 34, 27.07
2026/09/08 20:44:12.222, GPU-ecc6a1f9-42fe-2932-7ea0-1dd285491b7b, 5, 0, 405, 34, 27.07
2026/09/08 20:44:12.428, GPU-ecc6a1f9-42fe-2932-7ea0-1dd285491b7b, 5, 0, 405, 34, 26.83
2026/09/08 20:44:12.631, GPU-ecc6a1f9-42fe-2932-7ea0-1dd285491b7b, 5, 0, 405, 34, 26.83
2026/09/08 20:44:12.835, GPU-ecc6a1f9-42fe-2932-7ea0-1dd285491b7b, 5, 0, 405, 34, 27.07
2026/09/08 20:44:13.038, GPU-ecc6a1f9-42fe-2932-7ea0-1dd285491b7b, 5, 0, 405, 34, 27.07
2026/09/08 20:44:13.242, GPU-ecc6a1f9-42fe-2932-7ea0-1dd285491b7b, 5, 0, 405, 33, 26.83
2026/09/08 20:44:13.448, GPU-ecc6a1f9-42fe-2932-7ea0-1dd285491b7b, 5, 0, 405, 33, 27.07
2026/09/08 20:44:13.651, GPU-ecc6a1f9-42fe-2932-7ea0-1dd285491b7b, 5, 0, 405, 33, 27.07
2026/09/08 20:44:13.855, GPU-ecc6a1f9-42fe-2932-7ea0-1dd285491b7b, 5, 0, 405, 34, 27.07
2026/09/08 20:44:14.059, GPU-ecc6a1f9-42fe-2932-7ea0-1dd285491b7b, 5, 0, 405, 33, 26.83
2026/09/08 20:44:14.262, GPU-ecc6a1f9-42fe-2932-7ea0-1dd285491b7b, 5, 0, 405, 33, 26.83
2026/09/08 20:44:14.467, GPU-ecc6a1f9-42fe-2932-7ea0-1dd285491b7b, 5, 0, 405, 33, 27.07
2026/09/08 20:44:14.671, GPU-ecc6a1f9-42fe-2932-7ea0-1dd285491b7b, 5, 0, 405, 33, 26.83
2026/09/08 20:44:14.874, GPU-ecc6a1f9-42fe-2932-7ea0-1dd285491b7b, 5, 0, 405, 33, 26.83
2026/09/08 20:44:15.078, GPU-ecc6a1f9-42fe-2932-7ea0-1dd285491b7b, 5, 0, 405, 33, 26.83
2026/09/08 20:44:15.281, GPU-ecc6a1f9-42fe-2932-7ea0-1dd285491b7b, 5, 0, 405, 33, 26.83
2026/09/08 20:44:15.487, GPU-ecc6a1f9-42fe-2932-7ea0-1dd285491b7b, 5, 0, 405, 33, 26.83
2026/09/08 20:44:15.691, GPU-ecc6a1f9-42fe-2932-7ea0-1dd285491b7b, 5, 0, 405, 33, 26.83
2026/09/08 20:44:15.894, GPU-ecc6a1f9-42fe-2932-7ea0-1dd285491b7b, 5, 0, 405, 33, 26.83
2026/09/08 20:44:16.098, GPU-ecc6a1f9-42fe-2932-7ea0-1dd285491b7b, 5, 0, 405, 33, 26.83
2026/09/08 20:44:16.301, GPU-ecc6a1f9-42fe-2932-7ea0-1dd285491b7b, 5, 0, 405, 33, 27.07
2026/09/08 20:44:16.507, GPU-ecc6a1f9-42fe-2932-7ea0-1dd285491b7b, 5, 0, 405, 33, 26.83
2026/09/08 20:44:16.711, GPU-ecc6a1f9-42fe-2932-7ea0-1dd285491b7b, 5, 0, 405, 33, 26.83
2026/09/08 20:44:16.914, GPU-ecc6a1f9-42fe-2932-7ea0-1dd285491b7b, 5, 0, 405, 33, 26.83
2026/09/08 20:44:17.118, GPU-ecc6a1f9-42fe-2932-7ea0-1dd285491b7b, 5, 0, 405, 33, 26.83
2026/09/08 20:44:17.321, GPU-ecc6a1f9-42fe-2932-7ea0-1dd285491b7b, 5, 0, 405, 33, 26.83
2026/09/08 20:44:17.528, GPU-ecc6a1f9-42fe-2932-7ea0-1dd285491b7b, 5, 0, 405, 33, 26.83
2026/09/08 20:44:17.731, GPU-ecc6a1f9-42fe-2932-7ea0-1dd285491b7b, 5, 0, 405, 33, 26.83
2026/09/08 20:44:17.935, GPU-ecc6a1f9-42fe-2932-7ea0-1dd285491b7b, 5, 0, 405, 33, 26.83
2026/09/08 20:44:18.138, GPU-ecc6a1f9-42fe-2932-7ea0-1dd285491b7b, 5, 0, 405, 33, 26.83
2026/09/08 20:44:18.342, GPU-ecc6a1f9-42fe-2932-7ea0-1dd285491b7b, 5, 0, 405, 33, 26.83
2026/09/08 20:44:18.547, GPU-ecc6a1f9-42fe-2932-7ea0-1dd285491b7b, 5, 0, 405, 33, 26.83
2026/09/08 20:44:18.751, GPU-ecc6a1f9-42fe-2932-7ea0-1dd285491b7b, 5, 0, 405, 33, 26.83
2026/09/08 20:44:18.954, GPU-ecc6a1f9-42fe-2932-7ea0-1dd285491b7b, 5, 0, 405, 33, 26.83
2026/09/08 20:44:19.158, GPU-ecc6a1f9-42fe-2932-7ea0-1dd285491b7b, 5, 0, 405, 33, 26.83
2026/09/08 20:44:19.361, GPU-ecc6a1f9-42fe-2932-7ea0-1dd285491b7b, 5, 0, 405, 33, 26.83
2026/09/08 20:44:19.565, GPU-ecc6a1f9-42fe-2932-7ea0-1dd285491b7b, 5, 0, 405, 33, 26.83
2026/09/08 20:44:19.771, GPU-ecc6a1f9-42fe-2932-7ea0-1dd285491b7b, 5, 0, 405, 33, 26.83
2026/09/08 20:44:19.975, GPU-ecc6a1f9-42fe-2932-7ea0-1dd285491b7b, 5, 0, 405, 33, 26.83
2026/09/08 20:44:20.178, GPU-ecc6a1f9-42fe-2932-7ea0-1dd285491b7b, 5, 0, 405, 33, 26.83
2026/09/08 20:44:20.382, GPU-ecc6a1f9-42fe-2932-7ea0-1dd285491b7b, 5, 0, 405, 33, 26.83
2026/09/08 20:44:20.585, GPU-ecc6a1f9-42fe-2932-7ea0-1dd285491b7b, 5, 0, 405, 33, 26.83
2026/09/08 20:44:20.789, GPU-ecc6a1f9-42fe-2932-7ea0-1dd285491b7b, 5, 0, 405, 33, 26.83
2026/09/08 20:44:20.994, GPU-ecc6a1f9-42fe-2932-7ea0-1dd285491b7b, 5, 0, 405, 33, 26.83
2026/09/08 20:44:21.198, GPU-ecc6a1f9-42fe-2932-7ea0-1dd285491b7b, 5, 0, 405, 33, 26.83
2026/09/08 20:44:21.401, GPU-ecc6a1f9-42fe-2932-7ea0-1dd285491b7b, 5, 0, 405, 33, 26.83
2026/09/08 20:44:21.604, GPU-ecc6a1f9-42fe-2932-7ea0-1dd285491b7b, 5, 0, 405, 33, 26.83
2026/09/08 20:44:21.808, GPU-ecc6a1f9-42fe-2932-7ea0-1dd285491b7b, 5, 0, 405, 33, 26.83
2026/09/08 20:44:22.015, GPU-ecc6a1f9-42fe-2932-7ea0-1dd285491b7b, 5, 0, 405, 33, 26.83
2026/09/08 20:44:22.218, GPU-ecc6a1f9-42fe-2932-7ea0-1dd285491b7b, 5, 0, 405, 33, 26.83
2026/09/08 20:44:22.422, GPU-ecc6a1f9-42fe-2932-7ea0-1dd285491b7b, 5, 0, 405, 33, 26.83
2026/09/08 20:44:22.625, GPU-ecc6a1f9-42fe-2932-7ea0-1dd285491b7b, 5, 0, 405, 33, 26.83
2026/09/08 20:44:22.829, GPU-ecc6a1f9-42fe-2932-7ea0-1dd285491b7b, 5, 0, 405, 33, 26.83
2026/09/08 20:44:23.034, GPU-ecc6a1f9-42fe-2932-7ea0-1dd285491b7b, 5, 0, 405, 33, 26.83
2026/09/08 20:44:23.238, GPU-ecc6a1f9-42fe-2932-7ea0-1dd285491b7b, 5, 0, 405, 33, 26.83
2026/09/08 20:44:23.441, GPU-ecc6a1f9-42fe-2932-7ea0-1dd285491b7b, 5, 0, 405, 33, 26.83
2026/09/08 20:44:23.645, GPU-ecc6a1f9-42fe-2932-7ea0-1dd285491b7b, 5, 0, 405, 33, 26.83
2026/09/08 20:44:23.848, GPU-ecc6a1f9-42fe-2932-7ea0-1dd285491b7b, 5, 0, 405, 33, 26.83
2026/09/08 20:44:24.054, GPU-ecc6a1f9-42fe-2932-7ea0-1dd285491b7b, 5, 0, 405, 33, 26.83
2026/09/08 20:44:24.257, GPU-ecc6a1f9-42fe-2932-7ea0-1dd285491b7b, 5, 0, 405, 33, 26.83
2026/09/08 20:44:24.461, GPU-ecc6a1f9-42fe-2932-7ea0-1dd285491b7b, 5, 0, 405, 33, 26.83
2026/09/08 20:44:24.664, GPU-ecc6a1f9-42fe-2932-7ea0-1dd285491b7b, 5, 0, 405, 33, 26.83
2026/09/08 20:44:24.868, GPU-ecc6a1f9-42fe-2932-7ea0-1dd285491b7b, 5, 0, 405, 33, 26.83
2026/09/08 20:44:25.073, GPU-ecc6a1f9-42fe-2932-7ea0-1dd285491b7b, 5, 0, 405, 33, 26.83
2026/09/08 20:44:25.277, GPU-ecc6a1f9-42fe-2932-7ea0-1dd285491b7b, 5, 0, 405, 33, 26.83
2026/09/08 20:44:25.481, GPU-ecc6a1f9-42fe-2932-7ea0-1dd285491b7b, 5, 0, 405, 33, 26.83
2026/09/08 20:44:25.685, GPU-ecc6a1f9-42fe-2932-7ea0-1dd285491b7b, 5, 0, 405, 33, 26.83
2026/09/08 20:44:25.888, GPU-ecc6a1f9-42fe-2932-7ea0-1dd285491b7b, 5, 0, 405, 33, 26.83
2026/09/08 20:44:26.093, GPU-ecc6a1f9-42fe-2932-7ea0-1dd285491b7b, 5, 0, 405, 33, 26.83
2026/09/08 20:44:26.296, GPU-ecc6a1f9-42fe-2932-7ea0-1dd285491b7b, 5, 0, 405, 33, 26.83
2026/09/08 20:44:26.500, GPU-ecc6a1f9-42fe-2932-7ea0-1dd285491b7b, 5, 0, 405, 33, 26.83
2026/09/08 20:44:26.703, GPU-ecc6a1f9-42fe-2932-7ea0-1dd285491b7b, 5, 0, 405, 33, 26.83
2026/09/08 20:44:26.907, GPU-ecc6a1f9-42fe-2932-7ea0-1dd285491b7b, 5, 0, 405, 33, 26.83
2026/09/08 20:44:27.112, GPU-ecc6a1f9-42fe-2932-7ea0-1dd285491b7b, 5, 0, 405, 33, 26.83
2026/09/08 20:44:27.316, GPU-ecc6a1f9-42fe-2932-7ea0-1dd285491b7b, 5, 0, 405, 32, 26.83
2026/09/08 20:44:27.519, GPU-ecc6a1f9-42fe-2932-7ea0-1dd285491b7b, 5, 0, 405, 32, 26.83
2026/09/08 20:44:27.723, GPU-ecc6a1f9-42fe-2932-7ea0-1dd285491b7b, 5, 0, 405, 32, 26.83
2026/09/08 20:44:27.926, GPU-ecc6a1f9-42fe-2932-7ea0-1dd285491b7b, 5, 0, 405, 33, 26.83
2026/09/08 20:44:28.131, GPU-ecc6a1f9-42fe-2932-7ea0-1dd285491b7b, 5, 0, 405, 33, 26.83
2026/09/08 20:44:28.335, GPU-ecc6a1f9-42fe-2932-7ea0-1dd285491b7b, 5, 0, 405, 32, 26.83
2026/09/08 20:44:28.538, GPU-ecc6a1f9-42fe-2932-7ea0-1dd285491b7b, 5, 0, 405, 32, 26.83
2026/09/08 20:44:28.742, GPU-ecc6a1f9-42fe-2932-7ea0-1dd285491b7b, 5, 0, 405, 33, 26.83
2026/09/08 20:44:28.945, GPU-ecc6a1f9-42fe-2932-7ea0-1dd285491b7b, 5, 0, 405, 32, 26.83
2026/09/08 20:44:29.151, GPU-ecc6a1f9-42fe-2932-7ea0-1dd285491b7b, 5, 0, 405, 33, 26.83
2026/09/08 20:44:29.354, GPU-ecc6a1f9-42fe-2932-7ea0-1dd285491b7b, 5, 0, 405, 32, 26.83
2026/09/08 20:44:29.558, GPU-ecc6a1f9-42fe-2932-7ea0-1dd285491b7b, 5, 0, 405, 32, 26.83
2026/09/08 20:44:29.761, GPU-ecc6a1f9-42fe-2932-7ea0-1dd285491b7b, 5, 0, 405, 32, 26.58
2026/09/08 20:44:29.965, GPU-ecc6a1f9-42fe-2932-7ea0-1dd285491b7b, 5, 0, 405, 32, 26.83
2026/09/08 20:44:30.170, GPU-ecc6a1f9-42fe-2932-7ea0-1dd285491b7b, 5, 0, 405, 32, 26.83
2026/09/08 20:44:30.374, GPU-ecc6a1f9-42fe-2932-7ea0-1dd285491b7b, 5, 0, 405, 32, 26.58
2026/09/08 20:44:30.577, GPU-ecc6a1f9-42fe-2932-7ea0-1dd285491b7b, 5, 0, 405, 32, 26.58
2026/09/08 20:44:30.781, GPU-ecc6a1f9-42fe-2932-7ea0-1dd285491b7b, 5, 0, 405, 32, 26.58
2026/09/08 20:44:30.985, GPU-ecc6a1f9-42fe-2932-7ea0-1dd285491b7b, 5, 0, 405, 32, 26.83
2026/09/08 20:44:31.190, GPU-ecc6a1f9-42fe-2932-7ea0-1dd285491b7b, 5, 0, 405, 32, 26.83
2026/09/08 20:44:31.393, GPU-ecc6a1f9-42fe-2932-7ea0-1dd285491b7b, 5, 0, 405, 32, 26.83
2026/09/08 20:44:31.597, GPU-ecc6a1f9-42fe-2932-7ea0-1dd285491b7b, 5, 0, 405, 32, 26.83
2026/09/08 20:44:31.800, GPU-ecc6a1f9-42fe-2932-7ea0-1dd285491b7b, 5, 0, 405, 32, 26.83
2026/09/08 20:44:32.004, GPU-ecc6a1f9-42fe-2932-7ea0-1dd285491b7b, 5, 0, 405, 32, 26.83
2026/09/08 20:44:32.209, GPU-ecc6a1f9-42fe-2932-7ea0-1dd285491b7b, 5, 0, 405, 32, 26.58
2026/09/08 20:44:32.413, GPU-ecc6a1f9-42fe-2932-7ea0-1dd285491b7b, 5, 0, 405, 32, 26.83
2026/09/08 20:44:32.616, GPU-ecc6a1f9-42fe-2932-7ea0-1dd285491b7b, 5, 0, 405, 32, 26.83
2026/09/08 20:44:32.820, GPU-ecc6a1f9-42fe-2932-7ea0-1dd285491b7b, 5, 0, 405, 32, 26.58
2026/09/08 20:44:33.023, GPU-ecc6a1f9-42fe-2932-7ea0-1dd285491b7b, 5, 0, 405, 32, 26.83
2026/09/08 20:44:33.229, GPU-ecc6a1f9-42fe-2932-7ea0-1dd285491b7b, 5, 0, 405, 32, 26.58
2026/09/08 20:44:33.432, GPU-ecc6a1f9-42fe-2932-7ea0-1dd285491b7b, 5, 0, 405, 32, 26.58
2026/09/08 20:44:33.636, GPU-ecc6a1f9-42fe-2932-7ea0-1dd285491b7b, 5, 0, 405, 32, 26.83
2026/09/08 20:44:33.839, GPU-ecc6a1f9-42fe-2932-7ea0-1dd285491b7b, 5, 0, 405, 32, 26.83
2026/09/08 20:44:34.043, GPU-ecc6a1f9-42fe-2932-7ea0-1dd285491b7b, 5, 0, 405, 32, 26.58
2026/09/08 20:44:34.248, GPU-ecc6a1f9-42fe-2932-7ea0-1dd285491b7b, 5, 0, 405, 32, 26.83
2026/09/08 20:44:34.452, GPU-ecc6a1f9-42fe-2932-7ea0-1dd285491b7b, 5, 0, 405, 32, 26.58
2026/09/08 20:44:34.655, GPU-ecc6a1f9-42fe-2932-7ea0-1dd285491b7b, 5, 0, 405, 32, 26.58
2026/09/08 20:44:34.859, GPU-ecc6a1f9-42fe-2932-7ea0-1dd285491b7b, 5, 0, 405, 32, 26.58
2026/09/08 20:44:35.062, GPU-ecc6a1f9-42fe-2932-7ea0-1dd285491b7b, 5, 0, 405, 32, 26.83
2026/09/08 20:44:35.267, GPU-ecc6a1f9-42fe-2932-7ea0-1dd285491b7b, 5, 0, 405, 32, 26.83
2026/09/08 20:44:35.471, GPU-ecc6a1f9-42fe-2932-7ea0-1dd285491b7b, 5, 0, 405, 32, 26.58
2026/09/08 20:44:35.674, GPU-ecc6a1f9-42fe-2932-7ea0-1dd285491b7b, 5, 0, 405, 32, 26.58
2026/09/08 20:44:35.878, GPU-ecc6a1f9-42fe-2932-7ea0-1dd285491b7b, 5, 0, 405, 32, 26.83
2026/09/08 20:44:36.082, GPU-ecc6a1f9-42fe-2932-7ea0-1dd285491b7b, 5, 0, 405, 32, 26.83
2026/09/08 20:44:36.287, GPU-ecc6a1f9-42fe-2932-7ea0-1dd285491b7b, 5, 0, 405, 32, 26.58
2026/09/08 20:44:36.491, GPU-ecc6a1f9-42fe-2932-7ea0-1dd285491b7b, 5, 0, 405, 32, 26.58
2026/09/08 20:44:36.694, GPU-ecc6a1f9-42fe-2932-7ea0-1dd285491b7b, 5, 0, 405, 32, 26.58
2026/09/08 20:44:36.898, GPU-ecc6a1f9-42fe-2932-7ea0-1dd285491b7b, 5, 0, 405, 32, 26.58
2026/09/08 20:44:37.101, GPU-ecc6a1f9-42fe-2932-7ea0-1dd285491b7b, 5, 0, 405, 32, 26.58
2026/09/08 20:44:37.307, GPU-ecc6a1f9-42fe-2932-7ea0-1dd285491b7b, 5, 0, 405, 32, 26.83
2026/09/08 20:44:37.510, GPU-ecc6a1f9-42fe-2932-7ea0-1dd285491b7b, 5, 0, 405, 32, 26.58
2026/09/08 20:44:37.714, GPU-ecc6a1f9-42fe-2932-7ea0-1dd285491b7b, 5, 0, 405, 32, 26.58
2026/09/08 20:44:37.917, GPU-ecc6a1f9-42fe-2932-7ea0-1dd285491b7b, 5, 0, 405, 32, 26.58
2026/09/08 20:44:38.121, GPU-ecc6a1f9-42fe-2932-7ea0-1dd285491b7b, 5, 0, 405, 32, 26.58
2026/09/08 20:44:38.327, GPU-ecc6a1f9-42fe-2932-7ea0-1dd285491b7b, 5, 0, 405, 32, 26.58
2026/09/08 20:44:38.531, GPU-ecc6a1f9-42fe-2932-7ea0-1dd285491b7b, 5, 0, 405, 32, 26.58
2026/09/08 20:44:38.734, GPU-ecc6a1f9-42fe-2932-7ea0-1dd285491b7b, 5, 0, 405, 32, 26.58
2026/09/08 20:44:38.938, GPU-ecc6a1f9-42fe-2932-7ea0-1dd285491b7b, 5, 0, 405, 32, 26.58
2026/09/08 20:44:39.141, GPU-ecc6a1f9-42fe-2932-7ea0-1dd285491b7b, 5, 0, 405, 32, 26.58
2026/09/08 20:44:39.348, GPU-ecc6a1f9-42fe-2932-7ea0-1dd285491b7b, 5, 0, 405, 32, 26.58
2026/09/08 20:44:39.551, GPU-ecc6a1f9-42fe-2932-7ea0-1dd285491b7b, 5, 0, 405, 32, 26.58
2026/09/08 20:44:39.755, GPU-ecc6a1f9-42fe-2932-7ea0-1dd285491b7b, 5, 0, 405, 32, 26.58
2026/09/08 20:44:39.958, GPU-ecc6a1f9-42fe-2932-7ea0-1dd285491b7b, 5, 0, 405, 32, 26.58
2026/09/08 20:44:40.162, GPU-ecc6a1f9-42fe-2932-7ea0-1dd285491b7b, 5, 0, 405, 32, 26.58
2026/09/08 20:44:40.367, GPU-ecc6a1f9-42fe-2932-7ea0-1dd285491b7b, 5, 0, 405, 32, 26.58
2026/09/08 20:44:40.570, GPU-ecc6a1f9-42fe-2932-7ea0-1dd285491b7b, 5, 0, 405, 32, 26.58
2026/09/08 20:44:40.774, GPU-ecc6a1f9-42fe-2932-7ea0-1dd285491b7b, 5, 0, 405, 32, 26.58
2026/09/08 20:44:40.977, GPU-ecc6a1f9-42fe-2932-7ea0-1dd285491b7b, 5, 0, 405, 32, 26.58
2026/09/08 20:44:41.181, GPU-ecc6a1f9-42fe-2932-7ea0-1dd285491b7b, 5, 0, 405, 32, 26.58
2026/09/08 20:44:41.389, GPU-ecc6a1f9-42fe-2932-7ea0-1dd285491b7b, 5, 0, 405, 32, 26.58
2026/09/08 20:44:41.592, GPU-ecc6a1f9-42fe-2932-7ea0-1dd285491b7b, 5, 0, 405, 32, 26.58
2026/09/08 20:44:41.796, GPU-ecc6a1f9-42fe-2932-7ea0-1dd285491b7b, 5, 0, 405, 32, 26.58
2026/09/08 20:44:41.999, GPU-ecc6a1f9-42fe-2932-7ea0-1dd285491b7b, 5, 0, 405, 32, 26.58
2026/09/08 20:44:42.203, GPU-ecc6a1f9-42fe-2932-7ea0-1dd285491b7b, 5, 0, 405, 32, 26.58
2026/09/08 20:44:42.406, GPU-ecc6a1f9-42fe-2932-7ea0-1dd285491b7b, 5, 0, 405, 31, 26.58
2026/09/08 20:44:42.612, GPU-ecc6a1f9-42fe-2932-7ea0-1dd285491b7b, 5, 0, 405, 32, 26.58
2026/09/08 20:44:42.816, GPU-ecc6a1f9-42fe-2932-7ea0-1dd285491b7b, 5, 0, 405, 32, 26.58
2026/09/08 20:44:43.019, GPU-ecc6a1f9-42fe-2932-7ea0-1dd285491b7b, 5, 0, 405, 32, 26.58
2026/09/08 20:44:43.223, GPU-ecc6a1f9-42fe-2932-7ea0-1dd285491b7b, 5, 0, 405, 31, 26.58
2026/09/08 20:44:43.426, GPU-ecc6a1f9-42fe-2932-7ea0-1dd285491b7b, 5, 0, 405, 32, 26.58
2026/09/08 20:44:43.630, GPU-ecc6a1f9-42fe-2932-7ea0-1dd285491b7b, 5, 0, 405, 31, 26.58
2026/09/08 20:44:43.834, GPU-ecc6a1f9-42fe-2932-7ea0-1dd285491b7b, 5, 0, 405, 32, 26.58
2026/09/08 20:44:44.038, GPU-ecc6a1f9-42fe-2932-7ea0-1dd285491b7b, 5, 0, 405, 32, 26.58
2026/09/08 20:44:44.241, GPU-ecc6a1f9-42fe-2932-7ea0-1dd285491b7b, 5, 0, 405, 31, 26.58
2026/09/08 20:44:44.445, GPU-ecc6a1f9-42fe-2932-7ea0-1dd285491b7b, 5, 0, 405, 32, 26.58
2026/09/08 20:44:44.648, GPU-ecc6a1f9-42fe-2932-7ea0-1dd285491b7b, 5, 0, 405, 31, 26.58
2026/09/08 20:44:44.854, GPU-ecc6a1f9-42fe-2932-7ea0-1dd285491b7b, 5, 0, 405, 31, 26.58
2026/09/08 20:44:45.058, GPU-ecc6a1f9-42fe-2932-7ea0-1dd285491b7b, 5, 0, 405, 32, 26.58
2026/09/08 20:44:45.261, GPU-ecc6a1f9-42fe-2932-7ea0-1dd285491b7b, 5, 0, 405, 32, 26.58
2026/09/08 20:44:45.465, GPU-ecc6a1f9-42fe-2932-7ea0-1dd285491b7b, 5, 0, 405, 32, 26.58
2026/09/08 20:44:45.668, GPU-ecc6a1f9-42fe-2932-7ea0-1dd285491b7b, 5, 0, 405, 31, 26.58
2026/09/08 20:44:45.874, GPU-ecc6a1f9-42fe-2932-7ea0-1dd285491b7b, 5, 0, 405, 31, 26.58
2026/09/08 20:44:46.077, GPU-ecc6a1f9-42fe-2932-7ea0-1dd285491b7b, 5, 0, 405, 31, 26.58
2026/09/08 20:44:46.281, GPU-ecc6a1f9-42fe-2932-7ea0-1dd285491b7b, 5, 0, 405, 31, 26.58
2026/09/08 20:44:46.484, GPU-ecc6a1f9-42fe-2932-7ea0-1dd285491b7b, 5, 0, 405, 31, 26.58
2026/09/08 20:44:46.688, GPU-ecc6a1f9-42fe-2932-7ea0-1dd285491b7b, 5, 0, 405, 31, 26.58
2026/09/08 20:44:46.893, GPU-ecc6a1f9-42fe-2932-7ea0-1dd285491b7b, 5, 0, 405, 31, 26.58
2026/09/08 20:44:47.097, GPU-ecc6a1f9-42fe-2932-7ea0-1dd285491b7b, 5, 0, 405, 31, 26.58
2026/09/08 20:44:47.300, GPU-ecc6a1f9-42fe-2932-7ea0-1dd285491b7b, 5, 0, 405, 31, 26.58
2026/09/08 20:44:47.504, GPU-ecc6a1f9-42fe-2932-7ea0-1dd285491b7b, 5, 0, 405, 31, 26.58
2026/09/08 20:44:47.708, GPU-ecc6a1f9-42fe-2932-7ea0-1dd285491b7b, 5, 0, 405, 31, 26.58
2026/09/08 20:44:47.913, GPU-ecc6a1f9-42fe-2932-7ea0-1dd285491b7b, 5, 0, 405, 31, 26.58
2026/09/08 20:44:48.116, GPU-ecc6a1f9-42fe-2932-7ea0-1dd285491b7b, 5, 0, 405, 31, 26.58
2026/09/08 20:44:48.320, GPU-ecc6a1f9-42fe-2932-7ea0-1dd285491b7b, 5, 0, 405, 31, 26.58
2026/09/08 20:44:48.523, GPU-ecc6a1f9-42fe-2932-7ea0-1dd285491b7b, 5, 0, 405, 31, 26.58
2026/09/08 20:44:48.727, GPU-ecc6a1f9-42fe-2932-7ea0-1dd285491b7b, 5, 0, 405, 31, 26.58
2026/09/08 20:44:48.932, GPU-ecc6a1f9-42fe-2932-7ea0-1dd285491b7b, 5, 0, 405, 31, 26.58
2026/09/08 20:44:49.136, GPU-ecc6a1f9-42fe-2932-7ea0-1dd285491b7b, 5, 0, 405, 31, 26.58
2026/09/08 20:44:49.339, GPU-ecc6a1f9-42fe-2932-7ea0-1dd285491b7b, 5, 0, 405, 31, 26.58
2026/09/08 20:44:49.543, GPU-ecc6a1f9-42fe-2932-7ea0-1dd285491b7b, 5, 0, 405, 31, 26.58
2026/09/08 20:44:49.746, GPU-ecc6a1f9-42fe-2932-7ea0-1dd285491b7b, 5, 0, 405, 31, 26.58
2026/09/08 20:44:49.952, GPU-ecc6a1f9-42fe-2932-7ea0-1dd285491b7b, 5, 0, 405, 31, 26.58
2026/09/08 20:44:50.155, GPU-ecc6a1f9-42fe-2932-7ea0-1dd285491b7b, 5, 0, 405, 31, 26.58
2026/09/08 20:44:50.359, GPU-ecc6a1f9-42fe-2932-7ea0-1dd285491b7b, 5, 0, 405, 31, 26.58
2026/09/08 20:44:50.562, GPU-ecc6a1f9-42fe-2932-7ea0-1dd285491b7b, 5, 0, 405, 31, 26.58
2026/09/08 20:44:50.766, GPU-ecc6a1f9-42fe-2932-7ea0-1dd285491b7b, 5, 0, 405, 31, 26.58
2026/09/08 20:44:50.971, GPU-ecc6a1f9-42fe-2932-7ea0-1dd285491b7b, 5, 0, 405, 31, 26.58
2026/09/08 20:44:51.175, GPU-ecc6a1f9-42fe-2932-7ea0-1dd285491b7b, 5, 0, 405, 31, 26.58
2026/09/08 20:44:51.378, GPU-ecc6a1f9-42fe-2932-7ea0-1dd285491b7b, 5, 0, 405, 31, 26.58
2026/09/08 20:44:51.582, GPU-ecc6a1f9-42fe-2932-7ea0-1dd285491b7b, 5, 0, 405, 31, 26.58
2026/09/08 20:44:51.785, GPU-ecc6a1f9-42fe-2932-7ea0-1dd285491b7b, 5, 0, 405, 31, 26.58
2026/09/08 20:44:51.990, GPU-ecc6a1f9-42fe-2932-7ea0-1dd285491b7b, 5, 0, 405, 31, 26.58
2026/09/08 20:44:52.194, GPU-ecc6a1f9-42fe-2932-7ea0-1dd285491b7b, 5, 0, 405, 31, 26.58
2026/09/08 20:44:52.397, GPU-ecc6a1f9-42fe-2932-7ea0-1dd285491b7b, 5, 0, 405, 31, 26.58
2026/09/08 20:44:52.601, GPU-ecc6a1f9-42fe-2932-7ea0-1dd285491b7b, 5, 0, 405, 31, 26.58
2026/09/08 20:44:52.804, GPU-ecc6a1f9-42fe-2932-7ea0-1dd285491b7b, 5, 0, 405, 31, 26.58
2026/09/08 20:44:53.010, GPU-ecc6a1f9-42fe-2932-7ea0-1dd285491b7b, 5, 0, 405, 31, 26.58
2026/09/08 20:44:53.213, GPU-ecc6a1f9-42fe-2932-7ea0-1dd285491b7b, 5, 0, 405, 31, 26.58
2026/09/08 20:44:53.417, GPU-ecc6a1f9-42fe-2932-7ea0-1dd285491b7b, 5, 0, 405, 31, 26.58
2026/09/08 20:44:53.620, GPU-ecc6a1f9-42fe-2932-7ea0-1dd285491b7b, 5, 0, 405, 31, 26.58
2026/09/08 20:44:53.824, GPU-ecc6a1f9-42fe-2932-7ea0-1dd285491b7b, 5, 0, 405, 31, 26.58
2026/09/08 20:44:54.029, GPU-ecc6a1f9-42fe-2932-7ea0-1dd285491b7b, 5, 0, 405, 31, 26.58
2026/09/08 20:44:54.233, GPU-ecc6a1f9-42fe-2932-7ea0-1dd285491b7b, 5, 0, 405, 31, 26.58
2026/09/08 20:44:54.436, GPU-ecc6a1f9-42fe-2932-7ea0-1dd285491b7b, 5, 0, 405, 31, 26.58
2026/09/08 20:44:54.640, GPU-ecc6a1f9-42fe-2932-7ea0-1dd285491b7b, 5, 0, 405, 31, 26.58
2026/09/08 20:44:54.843, GPU-ecc6a1f9-42fe-2932-7ea0-1dd285491b7b, 5, 0, 405, 31, 26.58
2026/09/08 20:44:55.049, GPU-ecc6a1f9-42fe-2932-7ea0-1dd285491b7b, 5, 0, 405, 31, 26.58
2026/09/08 20:44:55.252, GPU-ecc6a1f9-42fe-2932-7ea0-1dd285491b7b, 5, 0, 405, 31, 26.58
2026/09/08 20:44:55.456, GPU-ecc6a1f9-42fe-2932-7ea0-1dd285491b7b, 5, 0, 405, 31, 26.58
2026/09/08 20:44:55.659, GPU-ecc6a1f9-42fe-2932-7ea0-1dd285491b7b, 5, 0, 405, 31, 26.58
2026/09/08 20:44:55.863, GPU-ecc6a1f9-42fe-2932-7ea0-1dd285491b7b, 5, 0, 405, 31, 26.58
2026/09/08 20:44:56.068, GPU-ecc6a1f9-42fe-2932-7ea0-1dd285491b7b, 5, 0, 405, 31, 26.58
2026/09/08 20:44:56.272, GPU-ecc6a1f9-42fe-2932-7ea0-1dd285491b7b, 5, 0, 405, 31, 26.58
2026/09/08 20:44:56.475, GPU-ecc6a1f9-42fe-2932-7ea0-1dd285491b7b, 5, 0, 405, 31, 26.58
2026/09/08 20:44:56.679, GPU-ecc6a1f9-42fe-2932-7ea0-1dd285491b7b, 5, 0, 405, 31, 26.58
2026/09/08 20:44:56.882, GPU-ecc6a1f9-42fe-2932-7ea0-1dd285491b7b, 5, 0, 405, 31, 26.58
2026/09/08 20:44:57.087, GPU-ecc6a1f9-42fe-2932-7ea0-1dd285491b7b, 5, 0, 405, 31, 26.58
2026/09/08 20:44:57.291, GPU-ecc6a1f9-42fe-2932-7ea0-1dd285491b7b, 5, 0, 405, 31, 26.58
2026/09/08 20:44:57.494, GPU-ecc6a1f9-42fe-2932-7ea0-1dd285491b7b, 5, 0, 405, 31, 26.58
2026/09/08 20:44:57.698, GPU-ecc6a1f9-42fe-2932-7ea0-1dd285491b7b, 5, 0, 405, 31, 26.58
2026/09/08 20:44:57.902, GPU-ecc6a1f9-42fe-2932-7ea0-1dd285491b7b, 5, 0, 405, 31, 26.58
2026/09/08 20:44:58.107, GPU-ecc6a1f9-42fe-2932-7ea0-1dd285491b7b, 5, 0, 405, 31, 26.58
2026/09/08 20:44:58.311, GPU-ecc6a1f9-42fe-2932-7ea0-1dd285491b7b, 5, 0, 405, 31, 26.58
2026/09/08 20:44:58.514, GPU-ecc6a1f9-42fe-2932-7ea0-1dd285491b7b, 5, 0, 405, 31, 26.58
2026/09/08 20:44:58.718, GPU-ecc6a1f9-42fe-2932-7ea0-1dd285491b7b, 5, 0, 405, 31, 26.58
2026/09/08 20:44:58.921, GPU-ecc6a1f9-42fe-2932-7ea0-1dd285491b7b, 5, 0, 405, 31, 26.58
2026/09/08 20:44:59.127, GPU-ecc6a1f9-42fe-2932-7ea0-1dd285491b7b, 5, 0, 405, 31, 26.58
2026/09/08 20:44:59.330, GPU-ecc6a1f9-42fe-2932-7ea0-1dd285491b7b, 5, 0, 405, 31, 26.58
2026/09/08 20:44:59.534, GPU-ecc6a1f9-42fe-2932-7ea0-1dd285491b7b, 5, 0, 405, 31, 26.58
2026/09/08 20:44:59.737, GPU-ecc6a1f9-42fe-2932-7ea0-1dd285491b7b, 5, 0, 405, 31, 26.34
2026/09/08 20:44:59.941, GPU-ecc6a1f9-42fe-2932-7ea0-1dd285491b7b, 5, 0, 405, 31, 26.58
2026/09/08 20:45:00.147, GPU-ecc6a1f9-42fe-2932-7ea0-1dd285491b7b, 5, 0, 405, 31, 26.58
2026/09/08 20:45:00.351, GPU-ecc6a1f9-42fe-2932-7ea0-1dd285491b7b, 5, 0, 405, 31, 26.58
2026/09/08 20:45:00.554, GPU-ecc6a1f9-42fe-2932-7ea0-1dd285491b7b, 5, 0, 405, 31, 26.58
2026/09/08 20:45:00.758, GPU-ecc6a1f9-42fe-2932-7ea0-1dd285491b7b, 5, 0, 405, 31, 26.58
2026/09/08 20:45:00.961, GPU-ecc6a1f9-42fe-2932-7ea0-1dd285491b7b, 5, 0, 405, 31, 26.58
2026/09/08 20:45:01.167, GPU-ecc6a1f9-42fe-2932-7ea0-1dd285491b7b, 5, 0, 405, 31, 26.58
2026/09/08 20:45:01.371, GPU-ecc6a1f9-42fe-2932-7ea0-1dd285491b7b, 5, 0, 405, 31, 26.58
2026/09/08 20:45:01.574, GPU-ecc6a1f9-42fe-2932-7ea0-1dd285491b7b, 5, 0, 405, 31, 26.58
2026/09/08 20:45:01.778, GPU-ecc6a1f9-42fe-2932-7ea0-1dd285491b7b, 5, 0, 405, 31, 26.58
2026/09/08 20:45:01.981, GPU-ecc6a1f9-42fe-2932-7ea0-1dd285491b7b, 5, 0, 405, 31, 26.58
2026/09/08 20:45:02.187, GPU-ecc6a1f9-42fe-2932-7ea0-1dd285491b7b, 5, 0, 405, 31, 26.58
2026/09/08 20:45:02.390, GPU-ecc6a1f9-42fe-2932-7ea0-1dd285491b7b, 5, 0, 405, 31, 26.58
2026/09/08 20:45:02.594, GPU-ecc6a1f9-42fe-2932-7ea0-1dd285491b7b, 5, 0, 405, 31, 26.58
2026/09/08 20:45:02.797, GPU-ecc6a1f9-42fe-2932-7ea0-1dd285491b7b, 5, 0, 405, 31, 26.58
2026/09/08 20:45:03.001, GPU-ecc6a1f9-42fe-2932-7ea0-1dd285491b7b, 5, 0, 405, 31, 26.58
2026/09/08 20:45:03.208, GPU-ecc6a1f9-42fe-2932-7ea0-1dd285491b7b, 5, 0, 405, 31, 26.58
2026/09/08 20:45:03.412, GPU-ecc6a1f9-42fe-2932-7ea0-1dd285491b7b, 5, 0, 405, 30, 26.58
2026/09/08 20:45:03.615, GPU-ecc6a1f9-42fe-2932-7ea0-1dd285491b7b, 5, 0, 405, 31, 26.58
2026/09/08 20:45:03.819, GPU-ecc6a1f9-42fe-2932-7ea0-1dd285491b7b, 5, 0, 405, 31, 26.58
2026/09/08 20:45:04.022, GPU-ecc6a1f9-42fe-2932-7ea0-1dd285491b7b, 5, 0, 405, 31, 26.58
2026/09/08 20:45:04.226, GPU-ecc6a1f9-42fe-2932-7ea0-1dd285491b7b, 5, 0, 405, 31, 26.58
2026/09/08 20:45:04.431, GPU-ecc6a1f9-42fe-2932-7ea0-1dd285491b7b, 5, 0, 405, 31, 26.58
2026/09/08 20:45:04.634, GPU-ecc6a1f9-42fe-2932-7ea0-1dd285491b7b, 5, 0, 405, 30, 26.58
2026/09/08 20:45:04.838, GPU-ecc6a1f9-42fe-2932-7ea0-1dd285491b7b, 5, 0, 405, 31, 26.34
2026/09/08 20:45:05.041, GPU-ecc6a1f9-42fe-2932-7ea0-1dd285491b7b, 5, 0, 405, 30, 26.58
2026/09/08 20:45:05.245, GPU-ecc6a1f9-42fe-2932-7ea0-1dd285491b7b, 5, 0, 405, 30, 26.58
2026/09/08 20:45:05.448, GPU-ecc6a1f9-42fe-2932-7ea0-1dd285491b7b, 5, 0, 405, 31, 26.58
2026/09/08 20:45:05.653, GPU-ecc6a1f9-42fe-2932-7ea0-1dd285491b7b, 5, 0, 405, 30, 26.58
2026/09/08 20:45:05.857, GPU-ecc6a1f9-42fe-2932-7ea0-1dd285491b7b, 5, 0, 405, 31, 26.58
2026/09/08 20:45:06.060, GPU-ecc6a1f9-42fe-2932-7ea0-1dd285491b7b, 5, 0, 405, 31, 26.58
2026/09/08 20:45:06.264, GPU-ecc6a1f9-42fe-2932-7ea0-1dd285491b7b, 5, 0, 405, 31, 26.58
2026/09/08 20:45:06.467, GPU-ecc6a1f9-42fe-2932-7ea0-1dd285491b7b, 5, 0, 405, 30, 26.58
2026/09/08 20:45:06.674, GPU-ecc6a1f9-42fe-2932-7ea0-1dd285491b7b, 5, 0, 405, 30, 26.58
2026/09/08 20:45:06.877, GPU-ecc6a1f9-42fe-2932-7ea0-1dd285491b7b, 5, 0, 405, 31, 26.34
2026/09/08 20:45:07.081, GPU-ecc6a1f9-42fe-2932-7ea0-1dd285491b7b, 5, 0, 405, 30, 26.58
2026/09/08 20:45:07.284, GPU-ecc6a1f9-42fe-2932-7ea0-1dd285491b7b, 5, 0, 405, 30, 26.34
2026/09/08 20:45:07.488, GPU-ecc6a1f9-42fe-2932-7ea0-1dd285491b7b, 5, 0, 405, 30, 26.58
2026/09/08 20:45:07.691, GPU-ecc6a1f9-42fe-2932-7ea0-1dd285491b7b, 5, 0, 405, 30, 26.58
2026/09/08 20:45:07.898, GPU-ecc6a1f9-42fe-2932-7ea0-1dd285491b7b, 5, 0, 405, 31, 26.58
2026/09/08 20:45:08.101, GPU-ecc6a1f9-42fe-2932-7ea0-1dd285491b7b, 5, 0, 405, 30, 26.58
2026/09/08 20:45:08.305, GPU-ecc6a1f9-42fe-2932-7ea0-1dd285491b7b, 5, 0, 405, 31, 26.58
2026/09/08 20:45:08.508, GPU-ecc6a1f9-42fe-2932-7ea0-1dd285491b7b, 5, 0, 405, 31, 26.58
2026/09/08 20:45:08.712, GPU-ecc6a1f9-42fe-2932-7ea0-1dd285491b7b, 5, 0, 405, 31, 26.58
2026/09/08 20:45:08.917, GPU-ecc6a1f9-42fe-2932-7ea0-1dd285491b7b, 5, 0, 405, 30, 26.58
2026/09/08 20:45:09.120, GPU-ecc6a1f9-42fe-2932-7ea0-1dd285491b7b, 5, 0, 405, 30, 26.58
2026/09/08 20:45:09.324, GPU-ecc6a1f9-42fe-2932-7ea0-1dd285491b7b, 5, 0, 405, 30, 26.58
2026/09/08 20:45:09.527, GPU-ecc6a1f9-42fe-2932-7ea0-1dd285491b7b, 5, 0, 405, 30, 26.58
2026/09/08 20:45:09.731, GPU-ecc6a1f9-42fe-2932-7ea0-1dd285491b7b, 5, 0, 405, 30, 26.58
2026/09/08 20:45:09.936, GPU-ecc6a1f9-42fe-2932-7ea0-1dd285491b7b, 5, 0, 405, 31, 26.34
2026/09/08 20:45:10.140, GPU-ecc6a1f9-42fe-2932-7ea0-1dd285491b7b, 5, 0, 405, 30, 26.58
2026/09/08 20:45:10.344, GPU-ecc6a1f9-42fe-2932-7ea0-1dd285491b7b, 5, 0, 405, 31, 26.58
2026/09/08 20:45:10.547, GPU-ecc6a1f9-42fe-2932-7ea0-1dd285491b7b, 5, 0, 405, 30, 26.34
2026/09/08 20:45:10.751, GPU-ecc6a1f9-42fe-2932-7ea0-1dd285491b7b, 5, 0, 405, 30, 26.58
2026/09/08 20:45:10.956, GPU-ecc6a1f9-42fe-2932-7ea0-1dd285491b7b, 5, 0, 405, 30, 26.58
2026/09/08 20:45:11.159, GPU-ecc6a1f9-42fe-2932-7ea0-1dd285491b7b, 5, 0, 405, 30, 26.58
2026/09/08 20:45:11.363, GPU-ecc6a1f9-42fe-2932-7ea0-1dd285491b7b, 5, 0, 405, 30, 26.58
2026/09/08 20:45:11.566, GPU-ecc6a1f9-42fe-2932-7ea0-1dd285491b7b, 5, 0, 405, 31, 26.58
2026/09/08 20:45:11.770, GPU-ecc6a1f9-42fe-2932-7ea0-1dd285491b7b, 5, 0, 405, 30, 26.58
2026/09/08 20:45:11.975, GPU-ecc6a1f9-42fe-2932-7ea0-1dd285491b7b, 5, 0, 405, 30, 26.58
2026/09/08 20:45:12.178, GPU-ecc6a1f9-42fe-2932-7ea0-1dd285491b7b, 5, 0, 405, 30, 26.58
2026/09/08 20:45:12.382, GPU-ecc6a1f9-42fe-2932-7ea0-1dd285491b7b, 5, 0, 405, 30, 26.34
2026/09/08 20:45:12.586, GPU-ecc6a1f9-42fe-2932-7ea0-1dd285491b7b, 5, 0, 405, 30, 26.58
2026/09/08 20:45:12.789, GPU-ecc6a1f9-42fe-2932-7ea0-1dd285491b7b, 5, 0, 405, 30, 26.58
2026/09/08 20:45:12.995, GPU-ecc6a1f9-42fe-2932-7ea0-1dd285491b7b, 5, 0, 405, 30, 26.58
2026/09/08 20:45:13.198, GPU-ecc6a1f9-42fe-2932-7ea0-1dd285491b7b, 5, 0, 405, 30, 26.58
2026/09/08 20:45:13.402, GPU-ecc6a1f9-42fe-2932-7ea0-1dd285491b7b, 5, 0, 405, 30, 26.34
2026/09/08 20:45:13.605, GPU-ecc6a1f9-42fe-2932-7ea0-1dd285491b7b, 5, 0, 405, 30, 26.58
2026/09/08 20:45:13.809, GPU-ecc6a1f9-42fe-2932-7ea0-1dd285491b7b, 5, 0, 405, 30, 26.58
2026/09/08 20:45:14.014, GPU-ecc6a1f9-42fe-2932-7ea0-1dd285491b7b, 5, 0, 405, 30, 26.34
2026/09/08 20:45:14.217, GPU-ecc6a1f9-42fe-2932-7ea0-1dd285491b7b, 5, 0, 405, 30, 26.34
2026/09/08 20:45:14.421, GPU-ecc6a1f9-42fe-2932-7ea0-1dd285491b7b, 5, 0, 405, 30, 26.34
2026/09/08 20:45:14.624, GPU-ecc6a1f9-42fe-2932-7ea0-1dd285491b7b, 5, 0, 405, 30, 26.34
2026/09/08 20:45:14.828, GPU-ecc6a1f9-42fe-2932-7ea0-1dd285491b7b, 5, 0, 405, 30, 26.34
2026/09/08 20:45:15.033, GPU-ecc6a1f9-42fe-2932-7ea0-1dd285491b7b, 5, 0, 405, 30, 26.34
2026/09/08 20:45:15.237, GPU-ecc6a1f9-42fe-2932-7ea0-1dd285491b7b, 5, 0, 405, 30, 26.58
2026/09/08 20:45:15.440, GPU-ecc6a1f9-42fe-2932-7ea0-1dd285491b7b, 5, 0, 405, 30, 26.34
2026/09/08 20:45:15.644, GPU-ecc6a1f9-42fe-2932-7ea0-1dd285491b7b, 5, 0, 405, 30, 26.34
2026/09/08 20:45:15.848, GPU-ecc6a1f9-42fe-2932-7ea0-1dd285491b7b, 5, 0, 405, 30, 26.34
2026/09/08 20:45:16.053, GPU-ecc6a1f9-42fe-2932-7ea0-1dd285491b7b, 5, 0, 405, 30, 26.34
2026/09/08 20:45:16.256, GPU-ecc6a1f9-42fe-2932-7ea0-1dd285491b7b, 5, 0, 405, 30, 26.34
2026/09/08 20:45:16.460, GPU-ecc6a1f9-42fe-2932-7ea0-1dd285491b7b, 5, 0, 405, 30, 26.34
2026/09/08 20:45:16.663, GPU-ecc6a1f9-42fe-2932-7ea0-1dd285491b7b, 5, 0, 405, 30, 26.34
2026/09/08 20:45:16.867, GPU-ecc6a1f9-42fe-2932-7ea0-1dd285491b7b, 5, 0, 405, 30, 26.34
2026/09/08 20:45:17.072, GPU-ecc6a1f9-42fe-2932-7ea0-1dd285491b7b, 5, 0, 405, 30, 26.34
2026/09/08 20:45:17.276, GPU-ecc6a1f9-42fe-2932-7ea0-1dd285491b7b, 5, 0, 405, 30, 26.34
2026/09/08 20:45:17.479, GPU-ecc6a1f9-42fe-2932-7ea0-1dd285491b7b, 5, 0, 405, 30, 26.58
2026/09/08 20:45:17.684, GPU-ecc6a1f9-42fe-2932-7ea0-1dd285491b7b, 5, 0, 405, 30, 26.34
2026/09/08 20:45:17.888, GPU-ecc6a1f9-42fe-2932-7ea0-1dd285491b7b, 5, 0, 405, 30, 26.34
2026/09/08 20:45:18.092, GPU-ecc6a1f9-42fe-2932-7ea0-1dd285491b7b, 5, 0, 405, 30, 26.58
2026/09/08 20:45:18.295, GPU-ecc6a1f9-42fe-2932-7ea0-1dd285491b7b, 5, 0, 405, 30, 26.34
2026/09/08 20:45:18.499, GPU-ecc6a1f9-42fe-2932-7ea0-1dd285491b7b, 5, 0, 405, 30, 26.58
2026/09/08 20:45:18.702, GPU-ecc6a1f9-42fe-2932-7ea0-1dd285491b7b, 5, 0, 405, 30, 26.34
2026/09/08 20:45:18.906, GPU-ecc6a1f9-42fe-2932-7ea0-1dd285491b7b, 5, 0, 405, 30, 26.58
2026/09/08 20:45:19.111, GPU-ecc6a1f9-42fe-2932-7ea0-1dd285491b7b, 5, 0, 405, 30, 26.34
2026/09/08 20:45:19.314, GPU-ecc6a1f9-42fe-2932-7ea0-1dd285491b7b, 5, 0, 405, 30, 26.58
2026/09/08 20:45:19.518, GPU-ecc6a1f9-42fe-2932-7ea0-1dd285491b7b, 5, 0, 405, 30, 26.34
2026/09/08 20:45:19.721, GPU-ecc6a1f9-42fe-2932-7ea0-1dd285491b7b, 5, 0, 405, 30, 26.58
2026/09/08 20:45:19.925, GPU-ecc6a1f9-42fe-2932-7ea0-1dd285491b7b, 5, 0, 405, 30, 26.34
2026/09/08 20:45:20.130, GPU-ecc6a1f9-42fe-2932-7ea0-1dd285491b7b, 5, 0, 405, 30, 26.58
2026/09/08 20:45:20.334, GPU-ecc6a1f9-42fe-2932-7ea0-1dd285491b7b, 5, 0, 405, 30, 26.58
2026/09/08 20:45:20.537, GPU-ecc6a1f9-42fe-2932-7ea0-1dd285491b7b, 5, 0, 405, 30, 26.34
2026/09/08 20:45:20.741, GPU-ecc6a1f9-42fe-2932-7ea0-1dd285491b7b, 5, 0, 405, 30, 26.34
2026/09/08 20:45:20.944, GPU-ecc6a1f9-42fe-2932-7ea0-1dd285491b7b, 5, 0, 405, 30, 26.34
2026/09/08 20:45:21.148, GPU-ecc6a1f9-42fe-2932-7ea0-1dd285491b7b, 5, 0, 405, 30, 26.58
2026/09/08 20:45:21.353, GPU-ecc6a1f9-42fe-2932-7ea0-1dd285491b7b, 5, 0, 405, 30, 26.34
2026/09/08 20:45:21.557, GPU-ecc6a1f9-42fe-2932-7ea0-1dd285491b7b, 5, 0, 405, 30, 26.34
2026/09/08 20:45:21.760, GPU-ecc6a1f9-42fe-2932-7ea0-1dd285491b7b, 5, 0, 405, 30, 26.34
2026/09/08 20:45:21.964, GPU-ecc6a1f9-42fe-2932-7ea0-1dd285491b7b, 5, 0, 405, 30, 26.34
2026/09/08 20:45:22.167, GPU-ecc6a1f9-42fe-2932-7ea0-1dd285491b7b, 7, 0, 405, 30, 26.34
2026/09/08 20:45:22.371, GPU-ecc6a1f9-42fe-2932-7ea0-1dd285491b7b, 15, 0, 405, 30, 26.58
2026/09/08 20:45:22.579, GPU-ecc6a1f9-42fe-2932-7ea0-1dd285491b7b, 565, 0, 1189, 31, 87.96
2026/09/08 20:45:22.783, GPU-ecc6a1f9-42fe-2932-7ea0-1dd285491b7b, 565, 24, 1189, 30, 31.92
2026/09/08 20:45:22.987, GPU-ecc6a1f9-42fe-2932-7ea0-1dd285491b7b, 717, 13, 1189, 30, 32.66
2026/09/08 20:45:23.190, GPU-ecc6a1f9-42fe-2932-7ea0-1dd285491b7b, 717, 2, 1189, 30, 32.19
2026/09/08 20:45:23.394, GPU-ecc6a1f9-42fe-2932-7ea0-1dd285491b7b, 717, 0, 1189, 31, 157.25
2026/09/08 20:45:23.600, GPU-ecc6a1f9-42fe-2932-7ea0-1dd285491b7b, 717, 50, 1316, 31, 39.97
2026/09/08 20:45:23.804, GPU-ecc6a1f9-42fe-2932-7ea0-1dd285491b7b, 717, 35, 1328, 32, 74.60
2026/09/08 20:45:24.007, GPU-ecc6a1f9-42fe-2932-7ea0-1dd285491b7b, 717, 48, 1328, 32, 105.49
2026/09/08 20:45:24.211, GPU-ecc6a1f9-42fe-2932-7ea0-1dd285491b7b, 717, 20, 1328, 32, 40.94
2026/09/08 20:45:24.414, GPU-ecc6a1f9-42fe-2932-7ea0-1dd285491b7b, 717, 38, 1328, 32, 186.80
2026/09/08 20:45:24.618, GPU-ecc6a1f9-42fe-2932-7ea0-1dd285491b7b, 717, 36, 1328, 32, 147.03
2026/09/08 20:45:24.823, GPU-ecc6a1f9-42fe-2932-7ea0-1dd285491b7b, 717, 37, 1328, 33, 94.50
2026/09/08 20:45:25.027, GPU-ecc6a1f9-42fe-2932-7ea0-1dd285491b7b, 717, 31, 1328, 32, 40.70
2026/09/08 20:45:25.230, GPU-ecc6a1f9-42fe-2932-7ea0-1dd285491b7b, 717, 30, 1328, 32, 56.67
2026/09/08 20:45:25.434, GPU-ecc6a1f9-42fe-2932-7ea0-1dd285491b7b, 717, 29, 1328, 32, 165.27
2026/09/08 20:45:25.637, GPU-ecc6a1f9-42fe-2932-7ea0-1dd285491b7b, 717, 47, 1328, 33, 43.11
2026/09/08 20:45:25.844, GPU-ecc6a1f9-42fe-2932-7ea0-1dd285491b7b, 717, 48, 1328, 33, 112.76
2026/09/08 20:45:26.047, GPU-ecc6a1f9-42fe-2932-7ea0-1dd285491b7b, 717, 30, 1328, 32, 59.39
2026/09/08 20:45:26.251, GPU-ecc6a1f9-42fe-2932-7ea0-1dd285491b7b, 717, 28, 1328, 32, 40.70
2026/09/08 20:45:26.454, GPU-ecc6a1f9-42fe-2932-7ea0-1dd285491b7b, 717, 37, 1328, 33, 45.77
2026/09/08 20:45:26.658, GPU-ecc6a1f9-42fe-2932-7ea0-1dd285491b7b, 717, 23, 1328, 33, 44.32
2026/09/08 20:45:26.862, GPU-ecc6a1f9-42fe-2932-7ea0-1dd285491b7b, 717, 16, 1328, 32, 37.53
2026/09/08 20:45:27.066, GPU-ecc6a1f9-42fe-2932-7ea0-1dd285491b7b, 717, 16, 1328, 33, 60.12
2026/09/08 20:45:27.269, GPU-ecc6a1f9-42fe-2932-7ea0-1dd285491b7b, 717, 23, 1328, 32, 44.57
2026/09/08 20:45:27.473, GPU-ecc6a1f9-42fe-2932-7ea0-1dd285491b7b, 717, 13, 1328, 32, 39.73
2026/09/08 20:45:27.676, GPU-ecc6a1f9-42fe-2932-7ea0-1dd285491b7b, 717, 20, 1328, 32, 37.53
2026/09/08 20:45:27.882, GPU-ecc6a1f9-42fe-2932-7ea0-1dd285491b7b, 717, 17, 1328, 32, 38.51
2026/09/08 20:45:28.085, GPU-ecc6a1f9-42fe-2932-7ea0-1dd285491b7b, 717, 31, 1328, 33, 145.24
2026/09/08 20:45:28.289, GPU-ecc6a1f9-42fe-2932-7ea0-1dd285491b7b, 717, 48, 1328, 33, 55.01
2026/09/08 20:45:28.492, GPU-ecc6a1f9-42fe-2932-7ea0-1dd285491b7b, 717, 33, 1328, 33, 110.35
2026/09/08 20:45:28.695, GPU-ecc6a1f9-42fe-2932-7ea0-1dd285491b7b, 717, 31, 1328, 33, 43.38
2026/09/08 20:45:28.901, GPU-ecc6a1f9-42fe-2932-7ea0-1dd285491b7b, 717, 30, 1328, 33, 69.82
2026/09/08 20:45:29.104, GPU-ecc6a1f9-42fe-2932-7ea0-1dd285491b7b, 717, 26, 1328, 33, 41.19
2026/09/08 20:45:29.308, GPU-ecc6a1f9-42fe-2932-7ea0-1dd285491b7b, 717, 35, 1328, 33, 146.93
2026/09/08 20:45:29.511, GPU-ecc6a1f9-42fe-2932-7ea0-1dd285491b7b, 717, 34, 1328, 33, 98.04
2026/09/08 20:45:29.715, GPU-ecc6a1f9-42fe-2932-7ea0-1dd285491b7b, 717, 33, 1328, 33, 128.45
2026/09/08 20:45:29.920, GPU-ecc6a1f9-42fe-2932-7ea0-1dd285491b7b, 717, 34, 1328, 33, 107.57
2026/09/08 20:45:30.124, GPU-ecc6a1f9-42fe-2932-7ea0-1dd285491b7b, 717, 31, 1328, 34, 80.95
2026/09/08 20:45:30.327, GPU-ecc6a1f9-42fe-2932-7ea0-1dd285491b7b, 717, 49, 1328, 33, 83.38
2026/09/08 20:45:30.531, GPU-ecc6a1f9-42fe-2932-7ea0-1dd285491b7b, 717, 35, 1328, 34, 67.87
2026/09/08 20:45:30.734, GPU-ecc6a1f9-42fe-2932-7ea0-1dd285491b7b, 717, 43, 1328, 33, 47.00
2026/09/08 20:45:30.940, GPU-ecc6a1f9-42fe-2932-7ea0-1dd285491b7b, 717, 20, 1328, 33, 44.81
2026/09/08 20:45:31.144, GPU-ecc6a1f9-42fe-2932-7ea0-1dd285491b7b, 717, 30, 1328, 33, 145.39
2026/09/08 20:45:31.347, GPU-ecc6a1f9-42fe-2932-7ea0-1dd285491b7b, 717, 42, 1328, 34, 149.26
2026/09/08 20:45:31.551, GPU-ecc6a1f9-42fe-2932-7ea0-1dd285491b7b, 717, 43, 1328, 33, 160.29
2026/09/08 20:45:31.754, GPU-ecc6a1f9-42fe-2932-7ea0-1dd285491b7b, 717, 31, 1328, 33, 43.11
2026/09/08 20:45:31.959, GPU-ecc6a1f9-42fe-2932-7ea0-1dd285491b7b, 717, 29, 1328, 33, 83.34
2026/09/08 20:45:32.163, GPU-ecc6a1f9-42fe-2932-7ea0-1dd285491b7b, 717, 91, 1328, 35, 194.76
2026/09/08 20:45:32.366, GPU-ecc6a1f9-42fe-2932-7ea0-1dd285491b7b, 717, 100, 1328, 36, 185.70
2026/09/08 20:45:32.570, GPU-ecc6a1f9-42fe-2932-7ea0-1dd285491b7b, 717, 100, 1328, 36, 190.98
2026/09/08 20:45:32.773, GPU-ecc6a1f9-42fe-2932-7ea0-1dd285491b7b, 717, 100, 1328, 37, 196.80
2026/09/08 20:45:32.977, GPU-ecc6a1f9-42fe-2932-7ea0-1dd285491b7b, 717, 100, 1328, 37, 212.10
2026/09/08 20:45:33.183, GPU-ecc6a1f9-42fe-2932-7ea0-1dd285491b7b, 717, 100, 1328, 37, 196.18
2026/09/08 20:45:33.387, GPU-ecc6a1f9-42fe-2932-7ea0-1dd285491b7b, 717, 100, 1328, 38, 193.78
2026/09/08 20:45:33.590, GPU-ecc6a1f9-42fe-2932-7ea0-1dd285491b7b, 717, 100, 1328, 38, 198.97
2026/09/08 20:45:33.794, GPU-ecc6a1f9-42fe-2932-7ea0-1dd285491b7b, 717, 100, 1328, 38, 205.95
2026/09/08 20:45:33.997, GPU-ecc6a1f9-42fe-2932-7ea0-1dd285491b7b, 717, 100, 1328, 39, 199.21
2026/09/08 20:45:34.203, GPU-ecc6a1f9-42fe-2932-7ea0-1dd285491b7b, 717, 100, 1328, 39, 196.43
2026/09/08 20:45:34.406, GPU-ecc6a1f9-42fe-2932-7ea0-1dd285491b7b, 717, 100, 1328, 39, 213.30
2026/09/08 20:45:34.610, GPU-ecc6a1f9-42fe-2932-7ea0-1dd285491b7b, 717, 100, 1328, 39, 217.40
2026/09/08 20:45:34.814, GPU-ecc6a1f9-42fe-2932-7ea0-1dd285491b7b, 717, 100, 1328, 39, 196.42
2026/09/08 20:45:35.017, GPU-ecc6a1f9-42fe-2932-7ea0-1dd285491b7b, 717, 100, 1328, 40, 186.91
2026/09/08 20:45:35.222, GPU-ecc6a1f9-42fe-2932-7ea0-1dd285491b7b, 717, 100, 1328, 40, 219.66
2026/09/08 20:45:35.426, GPU-ecc6a1f9-42fe-2932-7ea0-1dd285491b7b, 717, 100, 1328, 40, 210.77
2026/09/08 20:45:35.630, GPU-ecc6a1f9-42fe-2932-7ea0-1dd285491b7b, 717, 100, 1328, 40, 202.35
2026/09/08 20:45:35.833, GPU-ecc6a1f9-42fe-2932-7ea0-1dd285491b7b, 717, 100, 1328, 40, 212.58
2026/09/08 20:45:36.036, GPU-ecc6a1f9-42fe-2932-7ea0-1dd285491b7b, 717, 100, 1328, 40, 214.99
2026/09/08 20:45:36.242, GPU-ecc6a1f9-42fe-2932-7ea0-1dd285491b7b, 717, 100, 1328, 40, 198.38
2026/09/08 20:45:36.445, GPU-ecc6a1f9-42fe-2932-7ea0-1dd285491b7b, 717, 100, 1328, 40, 195.47
2026/09/08 20:45:36.648, GPU-ecc6a1f9-42fe-2932-7ea0-1dd285491b7b, 717, 100, 1328, 40, 195.23
2026/09/08 20:45:36.852, GPU-ecc6a1f9-42fe-2932-7ea0-1dd285491b7b, 717, 100, 1328, 41, 215.23
2026/09/08 20:45:37.056, GPU-ecc6a1f9-42fe-2932-7ea0-1dd285491b7b, 717, 100, 1328, 41, 245.63
2026/09/08 20:45:37.261, GPU-ecc6a1f9-42fe-2932-7ea0-1dd285491b7b, 717, 100, 1328, 40, 170.10
2026/09/08 20:45:37.465, GPU-ecc6a1f9-42fe-2932-7ea0-1dd285491b7b, 717, 100, 1328, 41, 202.83
2026/09/08 20:45:37.668, GPU-ecc6a1f9-42fe-2932-7ea0-1dd285491b7b, 717, 100, 1328, 40, 144.99
2026/09/08 20:45:37.872, GPU-ecc6a1f9-42fe-2932-7ea0-1dd285491b7b, 717, 100, 1328, 41, 237.57
2026/09/08 20:45:38.075, GPU-ecc6a1f9-42fe-2932-7ea0-1dd285491b7b, 717, 100, 1328, 42, 210.41
2026/09/08 20:45:38.279, GPU-ecc6a1f9-42fe-2932-7ea0-1dd285491b7b, 717, 100, 1328, 42, 186.42
2026/09/08 20:45:38.485, GPU-ecc6a1f9-42fe-2932-7ea0-1dd285491b7b, 717, 100, 1328, 42, 205.23
2026/09/08 20:45:38.689, GPU-ecc6a1f9-42fe-2932-7ea0-1dd285491b7b, 717, 100, 1328, 42, 232.07
2026/09/08 20:45:38.892, GPU-ecc6a1f9-42fe-2932-7ea0-1dd285491b7b, 717, 100, 1328, 41, 175.31
2026/09/08 20:45:39.095, GPU-ecc6a1f9-42fe-2932-7ea0-1dd285491b7b, 717, 100, 1328, 42, 192.91
2026/09/08 20:45:39.299, GPU-ecc6a1f9-42fe-2932-7ea0-1dd285491b7b, 717, 100, 1328, 41, 201.59
2026/09/08 20:45:39.504, GPU-ecc6a1f9-42fe-2932-7ea0-1dd285491b7b, 717, 100, 1328, 42, 230.87
2026/09/08 20:45:39.708, GPU-ecc6a1f9-42fe-2932-7ea0-1dd285491b7b, 717, 100, 1328, 43, 242.97
2026/09/08 20:45:39.911, GPU-ecc6a1f9-42fe-2932-7ea0-1dd285491b7b, 717, 100, 1328, 42, 186.18
2026/09/08 20:45:40.115, GPU-ecc6a1f9-42fe-2932-7ea0-1dd285491b7b, 717, 100, 1328, 43, 239.38
2026/09/08 20:45:40.318, GPU-ecc6a1f9-42fe-2932-7ea0-1dd285491b7b, 717, 100, 1328, 43, 228.94
2026/09/08 20:45:40.524, GPU-ecc6a1f9-42fe-2932-7ea0-1dd285491b7b, 717, 100, 1328, 42, 168.18
2026/09/08 20:45:40.727, GPU-ecc6a1f9-42fe-2932-7ea0-1dd285491b7b, 717, 100, 1328, 43, 196.92
2026/09/08 20:45:40.931, GPU-ecc6a1f9-42fe-2932-7ea0-1dd285491b7b, 717, 100, 1328, 42, 217.98
2026/09/08 20:45:41.134, GPU-ecc6a1f9-42fe-2932-7ea0-1dd285491b7b, 717, 99, 1328, 43, 238.90
2026/09/08 20:45:41.338, GPU-ecc6a1f9-42fe-2932-7ea0-1dd285491b7b, 717, 100, 1328, 43, 176.87
2026/09/08 20:45:41.541, GPU-ecc6a1f9-42fe-2932-7ea0-1dd285491b7b, 717, 100, 1328, 43, 212.82
2026/09/08 20:45:41.745, GPU-ecc6a1f9-42fe-2932-7ea0-1dd285491b7b, 717, 100, 1328, 43, 209.45
2026/09/08 20:45:41.951, GPU-ecc6a1f9-42fe-2932-7ea0-1dd285491b7b, 717, 100, 1328, 44, 240.58
2026/09/08 20:45:42.154, GPU-ecc6a1f9-42fe-2932-7ea0-1dd285491b7b, 717, 100, 1328, 44, 239.40
2026/09/08 20:45:42.358, GPU-ecc6a1f9-42fe-2932-7ea0-1dd285491b7b, 717, 100, 1328, 44, 190.67
2026/09/08 20:45:42.561, GPU-ecc6a1f9-42fe-2932-7ea0-1dd285491b7b, 717, 100, 1328, 44, 207.88
2026/09/08 20:45:42.765, GPU-ecc6a1f9-42fe-2932-7ea0-1dd285491b7b, 717, 100, 1328, 44, 220.87
2026/09/08 20:45:42.968, GPU-ecc6a1f9-42fe-2932-7ea0-1dd285491b7b, 717, 100, 1316, 44, 190.53
2026/09/08 20:45:43.172, GPU-ecc6a1f9-42fe-2932-7ea0-1dd285491b7b, 717, 100, 1328, 44, 228.22
2026/09/08 20:45:43.378, GPU-ecc6a1f9-42fe-2932-7ea0-1dd285491b7b, 717, 100, 1328, 43, 139.68
2026/09/08 20:45:43.582, GPU-ecc6a1f9-42fe-2932-7ea0-1dd285491b7b, 717, 100, 1328, 44, 238.41
2026/09/08 20:45:43.785, GPU-ecc6a1f9-42fe-2932-7ea0-1dd285491b7b, 717, 100, 1328, 45, 215.95
2026/09/08 20:45:43.989, GPU-ecc6a1f9-42fe-2932-7ea0-1dd285491b7b, 717, 100, 1316, 44, 180.23
2026/09/08 20:45:44.192, GPU-ecc6a1f9-42fe-2932-7ea0-1dd285491b7b, 717, 100, 1328, 45, 208.12
2026/09/08 20:45:44.398, GPU-ecc6a1f9-42fe-2932-7ea0-1dd285491b7b, 717, 100, 1328, 45, 228.09
2026/09/08 20:45:44.601, GPU-ecc6a1f9-42fe-2932-7ea0-1dd285491b7b, 717, 100, 1328, 44, 160.06
2026/09/08 20:45:44.805, GPU-ecc6a1f9-42fe-2932-7ea0-1dd285491b7b, 717, 100, 1328, 45, 196.05
2026/09/08 20:45:45.008, GPU-ecc6a1f9-42fe-2932-7ea0-1dd285491b7b, 717, 100, 1328, 44, 210.41
2026/09/08 20:45:45.212, GPU-ecc6a1f9-42fe-2932-7ea0-1dd285491b7b, 717, 100, 1328, 45, 231.47
2026/09/08 20:45:45.418, GPU-ecc6a1f9-42fe-2932-7ea0-1dd285491b7b, 717, 100, 1328, 45, 247.05
2026/09/08 20:45:45.622, GPU-ecc6a1f9-42fe-2932-7ea0-1dd285491b7b, 717, 100, 1328, 45, 200.18
2026/09/08 20:45:45.825, GPU-ecc6a1f9-42fe-2932-7ea0-1dd285491b7b, 717, 100, 1328, 46, 244.43
2026/09/08 20:45:46.028, GPU-ecc6a1f9-42fe-2932-7ea0-1dd285491b7b, 717, 100, 1316, 46, 217.16
2026/09/08 20:45:46.232, GPU-ecc6a1f9-42fe-2932-7ea0-1dd285491b7b, 717, 100, 1328, 45, 171.55
2026/09/08 20:45:46.438, GPU-ecc6a1f9-42fe-2932-7ea0-1dd285491b7b, 717, 100, 1328, 45, 196.43
2026/09/08 20:45:46.642, GPU-ecc6a1f9-42fe-2932-7ea0-1dd285491b7b, 717, 100, 1328, 45, 223.28
2026/09/08 20:45:46.845, GPU-ecc6a1f9-42fe-2932-7ea0-1dd285491b7b, 717, 100, 1328, 46, 230.26
2026/09/08 20:45:47.049, GPU-ecc6a1f9-42fe-2932-7ea0-1dd285491b7b, 717, 100, 1328, 45, 166.59
2026/09/08 20:45:47.253, GPU-ecc6a1f9-42fe-2932-7ea0-1dd285491b7b, 717, 100, 1328, 45, 219.18
2026/09/08 20:45:47.458, GPU-ecc6a1f9-42fe-2932-7ea0-1dd285491b7b, 717, 100, 1328, 46, 203.20
2026/09/08 20:45:47.662, GPU-ecc6a1f9-42fe-2932-7ea0-1dd285491b7b, 717, 100, 1328, 46, 237.21
2026/09/08 20:45:47.865, GPU-ecc6a1f9-42fe-2932-7ea0-1dd285491b7b, 717, 100, 1328, 46, 238.17
2026/09/08 20:45:48.069, GPU-ecc6a1f9-42fe-2932-7ea0-1dd285491b7b, 717, 100, 1328, 46, 190.29
2026/09/08 20:45:48.285, GPU-ecc6a1f9-42fe-2932-7ea0-1dd285491b7b, 717, 100, 1328, 46, 202.82
2026/09/08 20:45:48.489, GPU-ecc6a1f9-42fe-2932-7ea0-1dd285491b7b, 717, 100, 1328, 47, 221.15
2026/09/08 20:45:48.692, GPU-ecc6a1f9-42fe-2932-7ea0-1dd285491b7b, 717, 100, 1328, 47, 208.60
2026/09/08 20:45:48.896, GPU-ecc6a1f9-42fe-2932-7ea0-1dd285491b7b, 717, 100, 1328, 47, 234.00
2026/09/08 20:45:49.099, GPU-ecc6a1f9-42fe-2932-7ea0-1dd285491b7b, 717, 100, 1328, 47, 244.19
2026/09/08 20:45:49.305, GPU-ecc6a1f9-42fe-2932-7ea0-1dd285491b7b, 717, 100, 1328, 47, 184.25
2026/09/08 20:45:49.509, GPU-ecc6a1f9-42fe-2932-7ea0-1dd285491b7b, 717, 100, 1328, 46, 214.03
2026/09/08 20:45:49.712, GPU-ecc6a1f9-42fe-2932-7ea0-1dd285491b7b, 717, 100, 1328, 47, 215.61
2026/09/08 20:45:49.915, GPU-ecc6a1f9-42fe-2932-7ea0-1dd285491b7b, 717, 100, 1328, 47, 216.21
2026/09/08 20:45:50.119, GPU-ecc6a1f9-42fe-2932-7ea0-1dd285491b7b, 717, 100, 1328, 47, 237.13
2026/09/08 20:45:50.324, GPU-ecc6a1f9-42fe-2932-7ea0-1dd285491b7b, 717, 100, 1328, 48, 224.04
2026/09/08 20:45:50.528, GPU-ecc6a1f9-42fe-2932-7ea0-1dd285491b7b, 717, 100, 1328, 46, 161.75
2026/09/08 20:45:50.731, GPU-ecc6a1f9-42fe-2932-7ea0-1dd285491b7b, 717, 100, 1328, 47, 229.54
2026/09/08 20:45:50.935, GPU-ecc6a1f9-42fe-2932-7ea0-1dd285491b7b, 717, 100, 1328, 47, 214.99
2026/09/08 20:45:51.139, GPU-ecc6a1f9-42fe-2932-7ea0-1dd285491b7b, 717, 100, 1328, 48, 219.09
2026/09/08 20:45:51.344, GPU-ecc6a1f9-42fe-2932-7ea0-1dd285491b7b, 717, 100, 1316, 48, 195.24
2026/09/08 20:45:51.549, GPU-ecc6a1f9-42fe-2932-7ea0-1dd285491b7b, 717, 100, 1328, 48, 223.80
2026/09/08 20:45:51.752, GPU-ecc6a1f9-42fe-2932-7ea0-1dd285491b7b, 717, 100, 1328, 48, 245.87
2026/09/08 20:45:51.956, GPU-ecc6a1f9-42fe-2932-7ea0-1dd285491b7b, 717, 100, 1328, 48, 166.49
2026/09/08 20:45:52.159, GPU-ecc6a1f9-42fe-2932-7ea0-1dd285491b7b, 717, 100, 1328, 47, 212.58
2026/09/08 20:45:52.364, GPU-ecc6a1f9-42fe-2932-7ea0-1dd285491b7b, 717, 100, 1328, 48, 154.36
2026/09/08 20:45:52.567, GPU-ecc6a1f9-42fe-2932-7ea0-1dd285491b7b, 717, 100, 1328, 48, 231.95
2026/09/08 20:45:52.771, GPU-ecc6a1f9-42fe-2932-7ea0-1dd285491b7b, 717, 100, 1328, 48, 232.29
2026/09/08 20:45:52.974, GPU-ecc6a1f9-42fe-2932-7ea0-1dd285491b7b, 717, 100, 1328, 47, 174.93
2026/09/08 20:45:53.178, GPU-ecc6a1f9-42fe-2932-7ea0-1dd285491b7b, 717, 100, 1328, 48, 195.47
2026/09/08 20:45:53.383, GPU-ecc6a1f9-42fe-2932-7ea0-1dd285491b7b, 717, 100, 1328, 48, 211.98
2026/09/08 20:45:53.586, GPU-ecc6a1f9-42fe-2932-7ea0-1dd285491b7b, 717, 100, 1328, 49, 231.71
2026/09/08 20:45:53.790, GPU-ecc6a1f9-42fe-2932-7ea0-1dd285491b7b, 717, 100, 1316, 49, 195.47
2026/09/08 20:45:53.993, GPU-ecc6a1f9-42fe-2932-7ea0-1dd285491b7b, 717, 100, 1328, 49, 228.23
2026/09/08 20:45:54.197, GPU-ecc6a1f9-42fe-2932-7ea0-1dd285491b7b, 717, 100, 1328, 49, 214.51
2026/09/08 20:45:54.402, GPU-ecc6a1f9-42fe-2932-7ea0-1dd285491b7b, 717, 100, 1328, 49, 234.22
2026/09/08 20:45:54.606, GPU-ecc6a1f9-42fe-2932-7ea0-1dd285491b7b, 717, 100, 1328, 49, 186.91
2026/09/08 20:45:54.809, GPU-ecc6a1f9-42fe-2932-7ea0-1dd285491b7b, 717, 100, 1328, 49, 197.88
2026/09/08 20:45:55.013, GPU-ecc6a1f9-42fe-2932-7ea0-1dd285491b7b, 717, 100, 1328, 50, 245.87
2026/09/08 20:45:55.217, GPU-ecc6a1f9-42fe-2932-7ea0-1dd285491b7b, 717, 100, 1328, 49, 168.41
2026/09/08 20:45:55.422, GPU-ecc6a1f9-42fe-2932-7ea0-1dd285491b7b, 717, 100, 1328, 49, 209.57
2026/09/08 20:45:55.625, GPU-ecc6a1f9-42fe-2932-7ea0-1dd285491b7b, 717, 100, 1328, 48, 142.82
2026/09/08 20:45:55.829, GPU-ecc6a1f9-42fe-2932-7ea0-1dd285491b7b, 717, 100, 1328, 50, 240.58
2026/09/08 20:45:56.032, GPU-ecc6a1f9-42fe-2932-7ea0-1dd285491b7b, 717, 100, 1328, 50, 216.33
2026/09/08 20:45:56.236, GPU-ecc6a1f9-42fe-2932-7ea0-1dd285491b7b, 717, 100, 1316, 50, 224.02
2026/09/08 20:45:56.441, GPU-ecc6a1f9-42fe-2932-7ea0-1dd285491b7b, 717, 100, 1328, 49, 162.48
2026/09/08 20:45:56.645, GPU-ecc6a1f9-42fe-2932-7ea0-1dd285491b7b, 717, 100, 1328, 50, 197.64
2026/09/08 20:45:56.848, GPU-ecc6a1f9-42fe-2932-7ea0-1dd285491b7b, 717, 100, 1328, 50, 221.11
2026/09/08 20:45:57.053, GPU-ecc6a1f9-42fe-2932-7ea0-1dd285491b7b, 717, 100, 1328, 50, 232.80
2026/09/08 20:45:57.256, GPU-ecc6a1f9-42fe-2932-7ea0-1dd285491b7b, 717, 100, 1328, 51, 225.93
2026/09/08 20:45:57.461, GPU-ecc6a1f9-42fe-2932-7ea0-1dd285491b7b, 717, 100, 1328, 50, 219.07
2026/09/08 20:45:57.665, GPU-ecc6a1f9-42fe-2932-7ea0-1dd285491b7b, 717, 100, 1316, 51, 235.68
2026/09/08 20:45:57.868, GPU-ecc6a1f9-42fe-2932-7ea0-1dd285491b7b, 717, 100, 1328, 51, 216.31
2026/09/08 20:45:58.072, GPU-ecc6a1f9-42fe-2932-7ea0-1dd285491b7b, 717, 100, 1328, 50, 161.51
2026/09/08 20:45:58.275, GPU-ecc6a1f9-42fe-2932-7ea0-1dd285491b7b, 717, 100, 1328, 50, 230.87
2026/09/08 20:45:58.481, GPU-ecc6a1f9-42fe-2932-7ea0-1dd285491b7b, 717, 100, 1328, 50, 220.27
2026/09/08 20:45:58.685, GPU-ecc6a1f9-42fe-2932-7ea0-1dd285491b7b, 717, 100, 1328, 51, 237.37
2026/09/08 20:45:58.888, GPU-ecc6a1f9-42fe-2932-7ea0-1dd285491b7b, 717, 100, 1328, 50, 181.11
2026/09/08 20:45:59.091, GPU-ecc6a1f9-42fe-2932-7ea0-1dd285491b7b, 717, 100, 1328, 50, 196.68
2026/09/08 20:45:59.295, GPU-ecc6a1f9-42fe-2932-7ea0-1dd285491b7b, 717, 100, 1328, 51, 223.28
2026/09/08 20:45:59.498, GPU-ecc6a1f9-42fe-2932-7ea0-1dd285491b7b, 717, 100, 1328, 51, 246.11
2026/09/08 20:45:59.704, GPU-ecc6a1f9-42fe-2932-7ea0-1dd285491b7b, 717, 100, 1328, 52, 249.58
2026/09/08 20:45:59.907, GPU-ecc6a1f9-42fe-2932-7ea0-1dd285491b7b, 717, 100, 1328, 51, 188.60
2026/09/08 20:46:00.111, GPU-ecc6a1f9-42fe-2932-7ea0-1dd285491b7b, 717, 100, 1328, 52, 211.17
2026/09/08 20:46:00.314, GPU-ecc6a1f9-42fe-2932-7ea0-1dd285491b7b, 717, 100, 1328, 52, 210.76
2026/09/08 20:46:00.517, GPU-ecc6a1f9-42fe-2932-7ea0-1dd285491b7b, 717, 100, 1328, 52, 199.09
2026/09/08 20:46:00.721, GPU-ecc6a1f9-42fe-2932-7ea0-1dd285491b7b, 717, 100, 1328, 52, 224.96
2026/09/08 20:46:00.924, GPU-ecc6a1f9-42fe-2932-7ea0-1dd285491b7b, 717, 100, 1316, 52, 230.99
2026/09/08 20:46:01.128, GPU-ecc6a1f9-42fe-2932-7ea0-1dd285491b7b, 717, 100, 1328, 52, 162.48
2026/09/08 20:46:01.333, GPU-ecc6a1f9-42fe-2932-7ea0-1dd285491b7b, 717, 100, 1328, 51, 216.20
2026/09/08 20:46:01.537, GPU-ecc6a1f9-42fe-2932-7ea0-1dd285491b7b, 717, 100, 1328, 52, 154.12
2026/09/08 20:46:01.740, GPU-ecc6a1f9-42fe-2932-7ea0-1dd285491b7b, 717, 100, 1328, 52, 238.90
2026/09/08 20:46:01.944, GPU-ecc6a1f9-42fe-2932-7ea0-1dd285491b7b, 717, 100, 1328, 52, 224.48
2026/09/08 20:46:02.148, GPU-ecc6a1f9-42fe-2932-7ea0-1dd285491b7b, 717, 100, 1316, 52, 196.92
2026/09/08 20:46:02.353, GPU-ecc6a1f9-42fe-2932-7ea0-1dd285491b7b, 717, 100, 1328, 52, 229.43
2026/09/08 20:46:02.557, GPU-ecc6a1f9-42fe-2932-7ea0-1dd285491b7b, 717, 100, 1328, 53, 234.96
2026/09/08 20:46:02.760, GPU-ecc6a1f9-42fe-2932-7ea0-1dd285491b7b, 717, 100, 1328, 53, 232.80
2026/09/08 20:46:02.964, GPU-ecc6a1f9-42fe-2932-7ea0-1dd285491b7b, 717, 100, 1328, 53, 246.21
2026/09/08 20:46:03.167, GPU-ecc6a1f9-42fe-2932-7ea0-1dd285491b7b, 717, 100, 1328, 53, 186.18
2026/09/08 20:46:03.372, GPU-ecc6a1f9-42fe-2932-7ea0-1dd285491b7b, 717, 100, 1328, 53, 240.58
2026/09/08 20:46:03.576, GPU-ecc6a1f9-42fe-2932-7ea0-1dd285491b7b, 717, 100, 1316, 53, 219.92
2026/09/08 20:46:03.780, GPU-ecc6a1f9-42fe-2932-7ea0-1dd285491b7b, 717, 100, 1328, 52, 157.88
2026/09/08 20:46:03.984, GPU-ecc6a1f9-42fe-2932-7ea0-1dd285491b7b, 717, 100, 1328, 53, 196.92
2026/09/08 20:46:04.187, GPU-ecc6a1f9-42fe-2932-7ea0-1dd285491b7b, 717, 100, 1328, 52, 214.75
2026/09/08 20:46:04.392, GPU-ecc6a1f9-42fe-2932-7ea0-1dd285491b7b, 717, 100, 1328, 53, 240.58
2026/09/08 20:46:04.596, GPU-ecc6a1f9-42fe-2932-7ea0-1dd285491b7b, 717, 100, 1328, 53, 183.75
2026/09/08 20:46:04.799, GPU-ecc6a1f9-42fe-2932-7ea0-1dd285491b7b, 717, 100, 1328, 53, 213.89
2026/09/08 20:46:05.003, GPU-ecc6a1f9-42fe-2932-7ea0-1dd285491b7b, 717, 100, 1328, 53, 172.52
2026/09/08 20:46:05.206, GPU-ecc6a1f9-42fe-2932-7ea0-1dd285491b7b, 717, 100, 1328, 54, 246.60
2026/09/08 20:46:05.412, GPU-ecc6a1f9-42fe-2932-7ea0-1dd285491b7b, 717, 100, 1328, 54, 237.71
2026/09/08 20:46:05.615, GPU-ecc6a1f9-42fe-2932-7ea0-1dd285491b7b, 717, 100, 1328, 53, 187.87
2026/09/08 20:46:05.824, GPU-ecc6a1f9-42fe-2932-7ea0-1dd285491b7b, 717, 100, 1328, 54, 209.57
2026/09/08 20:46:06.027, GPU-ecc6a1f9-42fe-2932-7ea0-1dd285491b7b, 717, 100, 1328, 54, 231.99
2026/09/08 20:46:06.231, GPU-ecc6a1f9-42fe-2932-7ea0-1dd285491b7b, 717, 100, 1328, 54, 214.39
2026/09/08 20:46:06.435, GPU-ecc6a1f9-42fe-2932-7ea0-1dd285491b7b, 717, 100, 1328, 54, 225.93
2026/09/08 20:46:06.638, GPU-ecc6a1f9-42fe-2932-7ea0-1dd285491b7b, 717, 100, 1316, 54, 232.80
2026/09/08 20:46:06.842, GPU-ecc6a1f9-42fe-2932-7ea0-1dd285491b7b, 717, 100, 1328, 54, 226.19
2026/09/08 20:46:07.045, GPU-ecc6a1f9-42fe-2932-7ea0-1dd285491b7b, 717, 100, 1328, 53, 161.27
2026/09/08 20:46:07.251, GPU-ecc6a1f9-42fe-2932-7ea0-1dd285491b7b, 717, 100, 1328, 54, 232.04
2026/09/08 20:46:07.455, GPU-ecc6a1f9-42fe-2932-7ea0-1dd285491b7b, 717, 100, 1328, 53, 222.07
2026/09/08 20:46:07.658, GPU-ecc6a1f9-42fe-2932-7ea0-1dd285491b7b, 717, 100, 1316, 54, 224.52
2026/09/08 20:46:07.862, GPU-ecc6a1f9-42fe-2932-7ea0-1dd285491b7b, 717, 100, 1328, 54, 245.85
2026/09/08 20:46:08.065, GPU-ecc6a1f9-42fe-2932-7ea0-1dd285491b7b, 717, 100, 1328, 54, 222.70
2026/09/08 20:46:08.272, GPU-ecc6a1f9-42fe-2932-7ea0-1dd285491b7b, 717, 100, 1328, 54, 235.44
2026/09/08 20:46:08.475, GPU-ecc6a1f9-42fe-2932-7ea0-1dd285491b7b, 717, 100, 1328, 55, 221.37
2026/09/08 20:46:08.679, GPU-ecc6a1f9-42fe-2932-7ea0-1dd285491b7b, 717, 100, 1328, 54, 166.10
2026/09/08 20:46:08.882, GPU-ecc6a1f9-42fe-2932-7ea0-1dd285491b7b, 717, 100, 1328, 54, 228.61
2026/09/08 20:46:09.086, GPU-ecc6a1f9-42fe-2932-7ea0-1dd285491b7b, 717, 100, 1328, 53, 206.83
2026/09/08 20:46:09.291, GPU-ecc6a1f9-42fe-2932-7ea0-1dd285491b7b, 717, 77, 1328, 53, 120.78
2026/09/08 20:46:09.495, GPU-ecc6a1f9-42fe-2932-7ea0-1dd285491b7b, 717, 53, 1328, 53, 95.67
2026/09/08 20:46:09.698, GPU-ecc6a1f9-42fe-2932-7ea0-1dd285491b7b, 717, 69, 1328, 53, 85.57
2026/09/08 20:46:09.902, GPU-ecc6a1f9-42fe-2932-7ea0-1dd285491b7b, 717, 63, 1328, 53, 95.96
2026/09/08 20:46:10.105, GPU-ecc6a1f9-42fe-2932-7ea0-1dd285491b7b, 717, 68, 1328, 52, 135.65
2026/09/08 20:46:10.310, GPU-ecc6a1f9-42fe-2932-7ea0-1dd285491b7b, 717, 68, 1328, 52, 148.78
2026/09/08 20:46:10.514, GPU-ecc6a1f9-42fe-2932-7ea0-1dd285491b7b, 717, 66, 1328, 52, 116.72
2026/09/08 20:46:10.717, GPU-ecc6a1f9-42fe-2932-7ea0-1dd285491b7b, 717, 59, 1328, 52, 127.90
2026/09/08 20:46:10.921, GPU-ecc6a1f9-42fe-2932-7ea0-1dd285491b7b, 717, 76, 1328, 52, 130.56
2026/09/08 20:46:11.124, GPU-ecc6a1f9-42fe-2932-7ea0-1dd285491b7b, 717, 68, 1328, 52, 114.16
2026/09/08 20:46:11.330, GPU-ecc6a1f9-42fe-2932-7ea0-1dd285491b7b, 717, 73, 1328, 52, 93.98
2026/09/08 20:46:11.533, GPU-ecc6a1f9-42fe-2932-7ea0-1dd285491b7b, 717, 66, 1328, 52, 157.64
2026/09/08 20:46:11.737, GPU-ecc6a1f9-42fe-2932-7ea0-1dd285491b7b, 717, 69, 1328, 52, 72.46
2026/09/08 20:46:11.940, GPU-ecc6a1f9-42fe-2932-7ea0-1dd285491b7b, 717, 62, 1328, 52, 149.51
2026/09/08 20:46:12.144, GPU-ecc6a1f9-42fe-2932-7ea0-1dd285491b7b, 367, 57, 1328, 51, 52.58
2026/09/08 20:46:12.349, GPU-ecc6a1f9-42fe-2932-7ea0-1dd285491b7b, 5, 15, 1328, 50, 43.38
2026/09/08 20:46:12.553, GPU-ecc6a1f9-42fe-2932-7ea0-1dd285491b7b, 5, 0, 1328, 50, 42.90
2026/09/08 20:46:12.756, GPU-ecc6a1f9-42fe-2932-7ea0-1dd285491b7b, 5, 0, 1328, 49, 42.90
2026/09/08 20:46:12.960, GPU-ecc6a1f9-42fe-2932-7ea0-1dd285491b7b, 5, 0, 1328, 49, 42.65
2026/09/08 20:46:13.163, GPU-ecc6a1f9-42fe-2932-7ea0-1dd285491b7b, 5, 0, 1328, 49, 42.40
2026/09/08 20:46:13.368, GPU-ecc6a1f9-42fe-2932-7ea0-1dd285491b7b, 5, 0, 1328, 49, 42.41
2026/09/08 20:46:13.572, GPU-ecc6a1f9-42fe-2932-7ea0-1dd285491b7b, 5, 0, 1328, 49, 42.41
2026/09/08 20:46:13.775, GPU-ecc6a1f9-42fe-2932-7ea0-1dd285491b7b, 5, 0, 1328, 48, 42.41
2026/09/08 20:46:13.979, GPU-ecc6a1f9-42fe-2932-7ea0-1dd285491b7b, 5, 0, 1328, 48, 42.16
2026/09/08 20:46:14.182, GPU-ecc6a1f9-42fe-2932-7ea0-1dd285491b7b, 5, 0, 1328, 48, 41.43
2026/09/08 20:46:14.390, GPU-ecc6a1f9-42fe-2932-7ea0-1dd285491b7b, 5, 0, 1328, 48, 41.67
2026/09/08 20:46:14.593, GPU-ecc6a1f9-42fe-2932-7ea0-1dd285491b7b, 5, 0, 1328, 48, 41.67
2026/09/08 20:46:14.797, GPU-ecc6a1f9-42fe-2932-7ea0-1dd285491b7b, 5, 0, 1328, 48, 41.67
2026/09/08 20:46:15.000, GPU-ecc6a1f9-42fe-2932-7ea0-1dd285491b7b, 5, 0, 670, 48, 30.97
2026/09/08 20:46:15.204, GPU-ecc6a1f9-42fe-2932-7ea0-1dd285491b7b, 5, 0, 670, 47, 30.97
2026/09/08 20:46:15.407, GPU-ecc6a1f9-42fe-2932-7ea0-1dd285491b7b, 5, 0, 670, 47, 30.97
2026/09/08 20:46:15.612, GPU-ecc6a1f9-42fe-2932-7ea0-1dd285491b7b, 5, 0, 670, 47, 30.97
2026/09/08 20:46:15.816, GPU-ecc6a1f9-42fe-2932-7ea0-1dd285491b7b, 5, 0, 670, 47, 30.73
2026/09/08 20:46:16.019, GPU-ecc6a1f9-42fe-2932-7ea0-1dd285491b7b, 5, 0, 670, 47, 30.48
2026/09/08 20:46:16.223, GPU-ecc6a1f9-42fe-2932-7ea0-1dd285491b7b, 5, 0, 670, 47, 30.73
2026/09/08 20:46:16.426, GPU-ecc6a1f9-42fe-2932-7ea0-1dd285491b7b, 5, 0, 670, 47, 30.48
2026/09/08 20:46:16.630, GPU-ecc6a1f9-42fe-2932-7ea0-1dd285491b7b, 5, 0, 670, 47, 30.48
2026/09/08 20:46:16.833, GPU-ecc6a1f9-42fe-2932-7ea0-1dd285491b7b, 5, 0, 670, 46, 30.48
2026/09/08 20:46:17.037, GPU-ecc6a1f9-42fe-2932-7ea0-1dd285491b7b, 5, 0, 670, 46, 30.48
2026/09/08 20:46:17.241, GPU-ecc6a1f9-42fe-2932-7ea0-1dd285491b7b, 5, 0, 670, 46, 30.48
2026/09/08 20:46:17.444, GPU-ecc6a1f9-42fe-2932-7ea0-1dd285491b7b, 5, 0, 670, 46, 30.48
2026/09/08 20:46:17.648, GPU-ecc6a1f9-42fe-2932-7ea0-1dd285491b7b, 5, 0, 405, 46, 29.26
2026/09/08 20:46:17.851, GPU-ecc6a1f9-42fe-2932-7ea0-1dd285491b7b, 5, 0, 405, 46, 29.51
2026/09/08 20:46:18.055, GPU-ecc6a1f9-42fe-2932-7ea0-1dd285491b7b, 5, 0, 405, 46, 29.51
2026/09/08 20:46:18.259, GPU-ecc6a1f9-42fe-2932-7ea0-1dd285491b7b, 5, 0, 405, 46, 29.51
2026/09/08 20:46:18.462, GPU-ecc6a1f9-42fe-2932-7ea0-1dd285491b7b, 5, 0, 405, 46, 29.51
2026/09/08 20:46:18.666, GPU-ecc6a1f9-42fe-2932-7ea0-1dd285491b7b, 5, 0, 405, 46, 29.51
2026/09/08 20:46:18.869, GPU-ecc6a1f9-42fe-2932-7ea0-1dd285491b7b, 5, 0, 405, 46, 29.51
2026/09/08 20:46:19.073, GPU-ecc6a1f9-42fe-2932-7ea0-1dd285491b7b, 5, 0, 405, 46, 29.51
2026/09/08 20:46:19.278, GPU-ecc6a1f9-42fe-2932-7ea0-1dd285491b7b, 5, 0, 405, 45, 29.26
2026/09/08 20:46:19.482, GPU-ecc6a1f9-42fe-2932-7ea0-1dd285491b7b, 5, 0, 405, 45, 29.26
2026/09/08 20:46:19.685, GPU-ecc6a1f9-42fe-2932-7ea0-1dd285491b7b, 5, 0, 405, 46, 29.26
2026/09/08 20:46:19.889, GPU-ecc6a1f9-42fe-2932-7ea0-1dd285491b7b, 5, 0, 405, 45, 29.26
2026/09/08 20:46:20.093, GPU-ecc6a1f9-42fe-2932-7ea0-1dd285491b7b, 5, 0, 405, 45, 29.26
2026/09/08 20:46:20.298, GPU-ecc6a1f9-42fe-2932-7ea0-1dd285491b7b, 5, 0, 405, 45, 29.02
2026/09/08 20:46:20.501, GPU-ecc6a1f9-42fe-2932-7ea0-1dd285491b7b, 5, 0, 405, 45, 29.02
2026/09/08 20:46:20.705, GPU-ecc6a1f9-42fe-2932-7ea0-1dd285491b7b, 5, 0, 405, 45, 29.02
2026/09/08 20:46:20.908, GPU-ecc6a1f9-42fe-2932-7ea0-1dd285491b7b, 5, 0, 405, 45, 29.02
2026/09/08 20:46:21.112, GPU-ecc6a1f9-42fe-2932-7ea0-1dd285491b7b, 5, 0, 405, 45, 29.02
2026/09/08 20:46:21.317, GPU-ecc6a1f9-42fe-2932-7ea0-1dd285491b7b, 5, 0, 405, 45, 29.02
2026/09/08 20:46:21.521, GPU-ecc6a1f9-42fe-2932-7ea0-1dd285491b7b, 5, 0, 405, 45, 29.02
2026/09/08 20:46:21.724, GPU-ecc6a1f9-42fe-2932-7ea0-1dd285491b7b, 5, 0, 405, 45, 29.02
2026/09/08 20:46:21.928, GPU-ecc6a1f9-42fe-2932-7ea0-1dd285491b7b, 5, 0, 405, 45, 29.02
2026/09/08 20:46:22.131, GPU-ecc6a1f9-42fe-2932-7ea0-1dd285491b7b, 5, 0, 405, 45, 29.02
2026/09/08 20:46:22.336, GPU-ecc6a1f9-42fe-2932-7ea0-1dd285491b7b, 5, 0, 405, 45, 29.02
2026/09/08 20:46:22.540, GPU-ecc6a1f9-42fe-2932-7ea0-1dd285491b7b, 5, 0, 405, 45, 29.02
2026/09/08 20:46:22.743, GPU-ecc6a1f9-42fe-2932-7ea0-1dd285491b7b, 5, 0, 405, 45, 29.02
2026/09/08 20:46:22.947, GPU-ecc6a1f9-42fe-2932-7ea0-1dd285491b7b, 5, 0, 405, 45, 29.02
2026/09/08 20:46:23.150, GPU-ecc6a1f9-42fe-2932-7ea0-1dd285491b7b, 5, 0, 405, 44, 29.02
2026/09/08 20:46:23.356, GPU-ecc6a1f9-42fe-2932-7ea0-1dd285491b7b, 5, 0, 405, 44, 29.02
2026/09/08 20:46:23.559, GPU-ecc6a1f9-42fe-2932-7ea0-1dd285491b7b, 5, 0, 405, 44, 29.02
2026/09/08 20:46:23.763, GPU-ecc6a1f9-42fe-2932-7ea0-1dd285491b7b, 5, 0, 405, 44, 29.02
2026/09/08 20:46:23.966, GPU-ecc6a1f9-42fe-2932-7ea0-1dd285491b7b, 5, 0, 405, 44, 29.02
2026/09/08 20:46:24.170, GPU-ecc6a1f9-42fe-2932-7ea0-1dd285491b7b, 5, 0, 405, 44, 29.02
2026/09/08 20:46:24.375, GPU-ecc6a1f9-42fe-2932-7ea0-1dd285491b7b, 5, 0, 405, 44, 29.02
2026/09/08 20:46:24.579, GPU-ecc6a1f9-42fe-2932-7ea0-1dd285491b7b, 5, 0, 405, 44, 29.02
2026/09/08 20:46:24.782, GPU-ecc6a1f9-42fe-2932-7ea0-1dd285491b7b, 5, 0, 405, 44, 28.77
2026/09/08 20:46:24.986, GPU-ecc6a1f9-42fe-2932-7ea0-1dd285491b7b, 5, 0, 405, 44, 28.77
2026/09/08 20:46:25.189, GPU-ecc6a1f9-42fe-2932-7ea0-1dd285491b7b, 5, 0, 405, 44, 28.77
2026/09/08 20:46:25.394, GPU-ecc6a1f9-42fe-2932-7ea0-1dd285491b7b, 5, 0, 405, 44, 28.77
2026/09/08 20:46:25.598, GPU-ecc6a1f9-42fe-2932-7ea0-1dd285491b7b, 5, 0, 405, 44, 28.77
2026/09/08 20:46:25.802, GPU-ecc6a1f9-42fe-2932-7ea0-1dd285491b7b, 5, 0, 405, 44, 28.77
2026/09/08 20:46:26.005, GPU-ecc6a1f9-42fe-2932-7ea0-1dd285491b7b, 5, 0, 405, 44, 28.77
2026/09/08 20:46:26.209, GPU-ecc6a1f9-42fe-2932-7ea0-1dd285491b7b, 5, 0, 405, 44, 28.77
2026/09/08 20:46:26.414, GPU-ecc6a1f9-42fe-2932-7ea0-1dd285491b7b, 5, 0, 405, 44, 28.77
2026/09/08 20:46:26.617, GPU-ecc6a1f9-42fe-2932-7ea0-1dd285491b7b, 5, 0, 405, 44, 28.77
2026/09/08 20:46:26.821, GPU-ecc6a1f9-42fe-2932-7ea0-1dd285491b7b, 5, 0, 405, 43, 28.77
2026/09/08 20:46:27.024, GPU-ecc6a1f9-42fe-2932-7ea0-1dd285491b7b, 5, 0, 405, 43, 28.77
2026/09/08 20:46:27.228, GPU-ecc6a1f9-42fe-2932-7ea0-1dd285491b7b, 5, 0, 405, 43, 28.77
2026/09/08 20:46:27.433, GPU-ecc6a1f9-42fe-2932-7ea0-1dd285491b7b, 5, 0, 405, 43, 28.77
2026/09/08 20:46:27.637, GPU-ecc6a1f9-42fe-2932-7ea0-1dd285491b7b, 5, 0, 405, 43, 28.77
2026/09/08 20:46:27.840, GPU-ecc6a1f9-42fe-2932-7ea0-1dd285491b7b, 5, 0, 405, 43, 28.77
2026/09/08 20:46:28.044, GPU-ecc6a1f9-42fe-2932-7ea0-1dd285491b7b, 5, 0, 405, 43, 28.77
2026/09/08 20:46:28.247, GPU-ecc6a1f9-42fe-2932-7ea0-1dd285491b7b, 5, 0, 405, 43, 28.77
2026/09/08 20:46:28.453, GPU-ecc6a1f9-42fe-2932-7ea0-1dd285491b7b, 5, 0, 405, 43, 28.77
2026/09/08 20:46:28.656, GPU-ecc6a1f9-42fe-2932-7ea0-1dd285491b7b, 5, 0, 405, 43, 28.77
2026/09/08 20:46:28.860, GPU-ecc6a1f9-42fe-2932-7ea0-1dd285491b7b, 5, 0, 405, 43, 28.53
2026/09/08 20:46:29.063, GPU-ecc6a1f9-42fe-2932-7ea0-1dd285491b7b, 5, 0, 405, 43, 28.77
2026/09/08 20:46:29.267, GPU-ecc6a1f9-42fe-2932-7ea0-1dd285491b7b, 5, 0, 405, 43, 28.77
2026/09/08 20:46:29.473, GPU-ecc6a1f9-42fe-2932-7ea0-1dd285491b7b, 5, 0, 405, 43, 28.77
2026/09/08 20:46:29.677, GPU-ecc6a1f9-42fe-2932-7ea0-1dd285491b7b, 5, 0, 405, 43, 28.53
2026/09/08 20:46:29.880, GPU-ecc6a1f9-42fe-2932-7ea0-1dd285491b7b, 5, 0, 405, 43, 28.77
2026/09/08 20:46:30.084, GPU-ecc6a1f9-42fe-2932-7ea0-1dd285491b7b, 5, 0, 405, 43, 28.77
2026/09/08 20:46:30.287, GPU-ecc6a1f9-42fe-2932-7ea0-1dd285491b7b, 5, 0, 405, 43, 28.53
2026/09/08 20:46:30.494, GPU-ecc6a1f9-42fe-2932-7ea0-1dd285491b7b, 5, 0, 405, 43, 28.53
2026/09/08 20:46:30.697, GPU-ecc6a1f9-42fe-2932-7ea0-1dd285491b7b, 5, 0, 405, 43, 28.77
2026/09/08 20:46:30.901, GPU-ecc6a1f9-42fe-2932-7ea0-1dd285491b7b, 5, 0, 405, 43, 28.53
2026/09/08 20:46:31.105, GPU-ecc6a1f9-42fe-2932-7ea0-1dd285491b7b, 5, 0, 405, 42, 28.53
2026/09/08 20:46:31.308, GPU-ecc6a1f9-42fe-2932-7ea0-1dd285491b7b, 5, 0, 405, 42, 28.53
2026/09/08 20:46:31.513, GPU-ecc6a1f9-42fe-2932-7ea0-1dd285491b7b, 5, 0, 405, 42, 28.53
2026/09/08 20:46:31.717, GPU-ecc6a1f9-42fe-2932-7ea0-1dd285491b7b, 5, 0, 405, 42, 28.53
2026/09/08 20:46:31.920, GPU-ecc6a1f9-42fe-2932-7ea0-1dd285491b7b, 5, 0, 405, 42, 28.53
2026/09/08 20:46:32.124, GPU-ecc6a1f9-42fe-2932-7ea0-1dd285491b7b, 5, 0, 405, 42, 28.53
2026/09/08 20:46:32.327, GPU-ecc6a1f9-42fe-2932-7ea0-1dd285491b7b, 5, 0, 405, 42, 28.53
2026/09/08 20:46:32.533, GPU-ecc6a1f9-42fe-2932-7ea0-1dd285491b7b, 5, 0, 405, 42, 28.53
2026/09/08 20:46:32.737, GPU-ecc6a1f9-42fe-2932-7ea0-1dd285491b7b, 5, 0, 405, 42, 28.53
2026/09/08 20:46:32.940, GPU-ecc6a1f9-42fe-2932-7ea0-1dd285491b7b, 5, 0, 405, 42, 28.53
2026/09/08 20:46:33.144, GPU-ecc6a1f9-42fe-2932-7ea0-1dd285491b7b, 5, 0, 405, 42, 28.53
2026/09/08 20:46:33.347, GPU-ecc6a1f9-42fe-2932-7ea0-1dd285491b7b, 5, 0, 405, 42, 28.53
2026/09/08 20:46:33.552, GPU-ecc6a1f9-42fe-2932-7ea0-1dd285491b7b, 5, 0, 405, 42, 28.53
2026/09/08 20:46:33.756, GPU-ecc6a1f9-42fe-2932-7ea0-1dd285491b7b, 5, 0, 405, 42, 28.53
2026/09/08 20:46:33.960, GPU-ecc6a1f9-42fe-2932-7ea0-1dd285491b7b, 5, 0, 405, 42, 28.53
2026/09/08 20:46:34.163, GPU-ecc6a1f9-42fe-2932-7ea0-1dd285491b7b, 5, 0, 405, 42, 28.53
2026/09/08 20:46:34.367, GPU-ecc6a1f9-42fe-2932-7ea0-1dd285491b7b, 5, 0, 405, 42, 28.53
2026/09/08 20:46:34.572, GPU-ecc6a1f9-42fe-2932-7ea0-1dd285491b7b, 5, 0, 405, 42, 28.77
2026/09/08 20:46:34.776, GPU-ecc6a1f9-42fe-2932-7ea0-1dd285491b7b, 5, 0, 405, 42, 28.53
2026/09/08 20:46:34.979, GPU-ecc6a1f9-42fe-2932-7ea0-1dd285491b7b, 5, 0, 405, 42, 28.53
2026/09/08 20:46:35.183, GPU-ecc6a1f9-42fe-2932-7ea0-1dd285491b7b, 5, 0, 405, 42, 28.53
2026/09/08 20:46:35.386, GPU-ecc6a1f9-42fe-2932-7ea0-1dd285491b7b, 5, 0, 405, 42, 28.53
2026/09/08 20:46:35.590, GPU-ecc6a1f9-42fe-2932-7ea0-1dd285491b7b, 5, 0, 405, 42, 28.53
2026/09/08 20:46:35.795, GPU-ecc6a1f9-42fe-2932-7ea0-1dd285491b7b, 5, 0, 405, 42, 28.53
2026/09/08 20:46:35.998, GPU-ecc6a1f9-42fe-2932-7ea0-1dd285491b7b, 5, 0, 405, 41, 28.53
2026/09/08 20:46:36.202, GPU-ecc6a1f9-42fe-2932-7ea0-1dd285491b7b, 5, 0, 405, 41, 28.53
2026/09/08 20:46:36.405, GPU-ecc6a1f9-42fe-2932-7ea0-1dd285491b7b, 5, 0, 405, 41, 28.53
2026/09/08 20:46:36.609, GPU-ecc6a1f9-42fe-2932-7ea0-1dd285491b7b, 5, 0, 405, 41, 28.53
2026/09/08 20:46:36.814, GPU-ecc6a1f9-42fe-2932-7ea0-1dd285491b7b, 5, 0, 405, 41, 28.53
2026/09/08 20:46:37.018, GPU-ecc6a1f9-42fe-2932-7ea0-1dd285491b7b, 5, 0, 405, 41, 28.53
2026/09/08 20:46:37.221, GPU-ecc6a1f9-42fe-2932-7ea0-1dd285491b7b, 5, 0, 405, 41, 28.53
2026/09/08 20:46:37.425, GPU-ecc6a1f9-42fe-2932-7ea0-1dd285491b7b, 5, 0, 405, 41, 28.53
2026/09/08 20:46:37.628, GPU-ecc6a1f9-42fe-2932-7ea0-1dd285491b7b, 5, 0, 405, 41, 28.53
2026/09/08 20:46:37.834, GPU-ecc6a1f9-42fe-2932-7ea0-1dd285491b7b, 5, 0, 405, 41, 28.53
2026/09/08 20:46:38.037, GPU-ecc6a1f9-42fe-2932-7ea0-1dd285491b7b, 5, 0, 405, 41, 28.53
2026/09/08 20:46:38.241, GPU-ecc6a1f9-42fe-2932-7ea0-1dd285491b7b, 5, 0, 405, 41, 28.53
2026/09/08 20:46:38.444, GPU-ecc6a1f9-42fe-2932-7ea0-1dd285491b7b, 5, 0, 405, 41, 28.53
2026/09/08 20:46:38.648, GPU-ecc6a1f9-42fe-2932-7ea0-1dd285491b7b, 5, 0, 405, 41, 28.29
2026/09/08 20:46:38.853, GPU-ecc6a1f9-42fe-2932-7ea0-1dd285491b7b, 5, 0, 405, 41, 28.53
2026/09/08 20:46:39.057, GPU-ecc6a1f9-42fe-2932-7ea0-1dd285491b7b, 5, 0, 405, 41, 28.29
2026/09/08 20:46:39.260, GPU-ecc6a1f9-42fe-2932-7ea0-1dd285491b7b, 5, 0, 405, 41, 28.29
2026/09/08 20:46:39.464, GPU-ecc6a1f9-42fe-2932-7ea0-1dd285491b7b, 5, 0, 405, 41, 28.29
2026/09/08 20:46:39.667, GPU-ecc6a1f9-42fe-2932-7ea0-1dd285491b7b, 5, 0, 405, 41, 28.29
2026/09/08 20:46:39.872, GPU-ecc6a1f9-42fe-2932-7ea0-1dd285491b7b, 5, 0, 405, 41, 28.29
2026/09/08 20:46:40.076, GPU-ecc6a1f9-42fe-2932-7ea0-1dd285491b7b, 5, 0, 405, 41, 28.53
2026/09/08 20:46:40.279, GPU-ecc6a1f9-42fe-2932-7ea0-1dd285491b7b, 5, 0, 405, 41, 28.29
2026/09/08 20:46:40.483, GPU-ecc6a1f9-42fe-2932-7ea0-1dd285491b7b, 5, 0, 405, 41, 28.29
2026/09/08 20:46:40.686, GPU-ecc6a1f9-42fe-2932-7ea0-1dd285491b7b, 5, 0, 405, 40, 28.29
2026/09/08 20:46:40.892, GPU-ecc6a1f9-42fe-2932-7ea0-1dd285491b7b, 5, 0, 405, 41, 28.29
2026/09/08 20:46:41.095, GPU-ecc6a1f9-42fe-2932-7ea0-1dd285491b7b, 5, 0, 405, 40, 28.29
2026/09/08 20:46:41.299, GPU-ecc6a1f9-42fe-2932-7ea0-1dd285491b7b, 5, 0, 405, 40, 28.29
2026/09/08 20:46:41.502, GPU-ecc6a1f9-42fe-2932-7ea0-1dd285491b7b, 5, 0, 405, 40, 28.29
2026/09/08 20:46:41.706, GPU-ecc6a1f9-42fe-2932-7ea0-1dd285491b7b, 5, 0, 405, 40, 28.29
2026/09/08 20:46:41.911, GPU-ecc6a1f9-42fe-2932-7ea0-1dd285491b7b, 5, 0, 405, 40, 28.29
2026/09/08 20:46:42.115, GPU-ecc6a1f9-42fe-2932-7ea0-1dd285491b7b, 5, 0, 405, 40, 28.29
2026/09/08 20:46:42.318, GPU-ecc6a1f9-42fe-2932-7ea0-1dd285491b7b, 5, 0, 405, 40, 28.29
2026/09/08 20:46:42.522, GPU-ecc6a1f9-42fe-2932-7ea0-1dd285491b7b, 5, 0, 405, 40, 28.29
2026/09/08 20:46:42.725, GPU-ecc6a1f9-42fe-2932-7ea0-1dd285491b7b, 5, 0, 405, 40, 28.29
2026/09/08 20:46:42.930, GPU-ecc6a1f9-42fe-2932-7ea0-1dd285491b7b, 5, 0, 405, 40, 28.29
2026/09/08 20:46:43.134, GPU-ecc6a1f9-42fe-2932-7ea0-1dd285491b7b, 5, 0, 405, 40, 28.29
2026/09/08 20:46:43.337, GPU-ecc6a1f9-42fe-2932-7ea0-1dd285491b7b, 5, 0, 405, 40, 28.29
2026/09/08 20:46:43.541, GPU-ecc6a1f9-42fe-2932-7ea0-1dd285491b7b, 5, 0, 405, 40, 28.29
2026/09/08 20:46:43.745, GPU-ecc6a1f9-42fe-2932-7ea0-1dd285491b7b, 5, 0, 405, 40, 28.29
2026/09/08 20:46:43.950, GPU-ecc6a1f9-42fe-2932-7ea0-1dd285491b7b, 5, 0, 405, 40, 28.29
2026/09/08 20:46:44.153, GPU-ecc6a1f9-42fe-2932-7ea0-1dd285491b7b, 5, 0, 405, 40, 28.29
2026/09/08 20:46:44.357, GPU-ecc6a1f9-42fe-2932-7ea0-1dd285491b7b, 5, 0, 405, 40, 28.29
2026/09/08 20:46:44.560, GPU-ecc6a1f9-42fe-2932-7ea0-1dd285491b7b, 5, 0, 405, 40, 28.29
2026/09/08 20:46:44.764, GPU-ecc6a1f9-42fe-2932-7ea0-1dd285491b7b, 5, 0, 405, 40, 28.29
2026/09/08 20:46:44.969, GPU-ecc6a1f9-42fe-2932-7ea0-1dd285491b7b, 5, 0, 405, 40, 28.29
2026/09/08 20:46:45.173, GPU-ecc6a1f9-42fe-2932-7ea0-1dd285491b7b, 5, 0, 405, 40, 28.29
2026/09/08 20:46:45.376, GPU-ecc6a1f9-42fe-2932-7ea0-1dd285491b7b, 5, 0, 405, 40, 28.29
2026/09/08 20:46:45.580, GPU-ecc6a1f9-42fe-2932-7ea0-1dd285491b7b, 5, 0, 405, 40, 28.29
2026/09/08 20:46:45.783, GPU-ecc6a1f9-42fe-2932-7ea0-1dd285491b7b, 5, 0, 405, 40, 28.29
2026/09/08 20:46:45.989, GPU-ecc6a1f9-42fe-2932-7ea0-1dd285491b7b, 5, 0, 405, 40, 28.29
2026/09/08 20:46:46.192, GPU-ecc6a1f9-42fe-2932-7ea0-1dd285491b7b, 5, 0, 405, 40, 28.29
2026/09/08 20:46:46.396, GPU-ecc6a1f9-42fe-2932-7ea0-1dd285491b7b, 5, 0, 405, 40, 28.29
2026/09/08 20:46:46.599, GPU-ecc6a1f9-42fe-2932-7ea0-1dd285491b7b, 5, 0, 405, 40, 28.29
2026/09/08 20:46:46.803, GPU-ecc6a1f9-42fe-2932-7ea0-1dd285491b7b, 5, 0, 405, 39, 28.04
2026/09/08 20:46:47.008, GPU-ecc6a1f9-42fe-2932-7ea0-1dd285491b7b, 5, 0, 405, 39, 28.29
2026/09/08 20:46:47.212, GPU-ecc6a1f9-42fe-2932-7ea0-1dd285491b7b, 5, 0, 405, 39, 28.04
2026/09/08 20:46:47.415, GPU-ecc6a1f9-42fe-2932-7ea0-1dd285491b7b, 5, 0, 405, 39, 28.29
2026/09/08 20:46:47.619, GPU-ecc6a1f9-42fe-2932-7ea0-1dd285491b7b, 5, 0, 405, 39, 28.04
2026/09/08 20:46:47.822, GPU-ecc6a1f9-42fe-2932-7ea0-1dd285491b7b, 5, 0, 405, 39, 28.04
2026/09/08 20:46:48.027, GPU-ecc6a1f9-42fe-2932-7ea0-1dd285491b7b, 5, 0, 405, 39, 28.04
2026/09/08 20:46:48.231, GPU-ecc6a1f9-42fe-2932-7ea0-1dd285491b7b, 5, 0, 405, 39, 28.04
2026/09/08 20:46:48.435, GPU-ecc6a1f9-42fe-2932-7ea0-1dd285491b7b, 5, 0, 405, 39, 28.04
2026/09/08 20:46:48.638, GPU-ecc6a1f9-42fe-2932-7ea0-1dd285491b7b, 5, 0, 405, 39, 28.04
2026/09/08 20:46:48.842, GPU-ecc6a1f9-42fe-2932-7ea0-1dd285491b7b, 5, 0, 405, 39, 28.04
2026/09/08 20:46:49.047, GPU-ecc6a1f9-42fe-2932-7ea0-1dd285491b7b, 5, 0, 405, 39, 28.04
2026/09/08 20:46:49.251, GPU-ecc6a1f9-42fe-2932-7ea0-1dd285491b7b, 5, 0, 405, 39, 28.04
2026/09/08 20:46:49.454, GPU-ecc6a1f9-42fe-2932-7ea0-1dd285491b7b, 5, 0, 405, 39, 28.04
2026/09/08 20:46:49.658, GPU-ecc6a1f9-42fe-2932-7ea0-1dd285491b7b, 5, 0, 405, 39, 28.04
2026/09/08 20:46:49.861, GPU-ecc6a1f9-42fe-2932-7ea0-1dd285491b7b, 5, 0, 405, 39, 28.04
2026/09/08 20:46:50.065, GPU-ecc6a1f9-42fe-2932-7ea0-1dd285491b7b, 5, 0, 405, 39, 28.04
2026/09/08 20:46:50.269, GPU-ecc6a1f9-42fe-2932-7ea0-1dd285491b7b, 5, 0, 405, 39, 28.04
2026/09/08 20:46:50.472, GPU-ecc6a1f9-42fe-2932-7ea0-1dd285491b7b, 5, 0, 405, 39, 28.04
2026/09/08 20:46:50.676, GPU-ecc6a1f9-42fe-2932-7ea0-1dd285491b7b, 5, 0, 405, 39, 28.04
2026/09/08 20:46:50.879, GPU-ecc6a1f9-42fe-2932-7ea0-1dd285491b7b, 5, 0, 405, 39, 28.04
2026/09/08 20:46:51.083, GPU-ecc6a1f9-42fe-2932-7ea0-1dd285491b7b, 5, 0, 405, 39, 28.04
2026/09/08 20:46:51.287, GPU-ecc6a1f9-42fe-2932-7ea0-1dd285491b7b, 5, 0, 405, 39, 28.04
2026/09/08 20:46:51.493, GPU-ecc6a1f9-42fe-2932-7ea0-1dd285491b7b, 5, 0, 405, 39, 28.04
2026/09/08 20:46:51.697, GPU-ecc6a1f9-42fe-2932-7ea0-1dd285491b7b, 5, 0, 405, 39, 28.04
2026/09/08 20:46:51.900, GPU-ecc6a1f9-42fe-2932-7ea0-1dd285491b7b, 5, 0, 405, 39, 28.04
2026/09/08 20:46:52.104, GPU-ecc6a1f9-42fe-2932-7ea0-1dd285491b7b, 5, 0, 405, 38, 28.04
2026/09/08 20:46:52.307, GPU-ecc6a1f9-42fe-2932-7ea0-1dd285491b7b, 5, 0, 405, 38, 28.04
2026/09/08 20:46:52.511, GPU-ecc6a1f9-42fe-2932-7ea0-1dd285491b7b, 5, 0, 405, 38, 28.04
2026/09/08 20:46:52.717, GPU-ecc6a1f9-42fe-2932-7ea0-1dd285491b7b, 5, 0, 405, 38, 28.04
2026/09/08 20:46:52.921, GPU-ecc6a1f9-42fe-2932-7ea0-1dd285491b7b, 5, 0, 405, 38, 28.04
2026/09/08 20:46:53.124, GPU-ecc6a1f9-42fe-2932-7ea0-1dd285491b7b, 5, 0, 405, 38, 28.04
2026/09/08 20:46:53.328, GPU-ecc6a1f9-42fe-2932-7ea0-1dd285491b7b, 5, 0, 405, 38, 28.04
2026/09/08 20:46:53.531, GPU-ecc6a1f9-42fe-2932-7ea0-1dd285491b7b, 5, 0, 405, 38, 28.04
2026/09/08 20:46:53.737, GPU-ecc6a1f9-42fe-2932-7ea0-1dd285491b7b, 5, 0, 405, 38, 28.04
2026/09/08 20:46:53.940, GPU-ecc6a1f9-42fe-2932-7ea0-1dd285491b7b, 5, 0, 405, 38, 28.04
2026/09/08 20:46:54.144, GPU-ecc6a1f9-42fe-2932-7ea0-1dd285491b7b, 5, 0, 405, 38, 28.04
2026/09/08 20:46:54.347, GPU-ecc6a1f9-42fe-2932-7ea0-1dd285491b7b, 5, 0, 405, 38, 28.04
2026/09/08 20:46:54.551, GPU-ecc6a1f9-42fe-2932-7ea0-1dd285491b7b, 5, 0, 405, 38, 28.04
2026/09/08 20:46:54.756, GPU-ecc6a1f9-42fe-2932-7ea0-1dd285491b7b, 5, 0, 405, 38, 27.80
2026/09/08 20:46:54.960, GPU-ecc6a1f9-42fe-2932-7ea0-1dd285491b7b, 5, 0, 405, 38, 27.80
2026/09/08 20:46:55.163, GPU-ecc6a1f9-42fe-2932-7ea0-1dd285491b7b, 5, 0, 405, 38, 27.80
2026/09/08 20:46:55.367, GPU-ecc6a1f9-42fe-2932-7ea0-1dd285491b7b, 5, 0, 405, 38, 28.04
2026/09/08 20:46:55.570, GPU-ecc6a1f9-42fe-2932-7ea0-1dd285491b7b, 5, 0, 405, 38, 28.04
2026/09/08 20:46:55.776, GPU-ecc6a1f9-42fe-2932-7ea0-1dd285491b7b, 5, 0, 405, 38, 27.80
2026/09/08 20:46:55.979, GPU-ecc6a1f9-42fe-2932-7ea0-1dd285491b7b, 5, 0, 405, 38, 27.80
2026/09/08 20:46:56.184, GPU-ecc6a1f9-42fe-2932-7ea0-1dd285491b7b, 5, 0, 405, 38, 27.80
2026/09/08 20:46:56.388, GPU-ecc6a1f9-42fe-2932-7ea0-1dd285491b7b, 5, 0, 405, 38, 27.56
2026/09/08 20:46:56.591, GPU-ecc6a1f9-42fe-2932-7ea0-1dd285491b7b, 5, 0, 405, 38, 27.80
2026/09/08 20:46:56.795, GPU-ecc6a1f9-42fe-2932-7ea0-1dd285491b7b, 5, 0, 405, 38, 27.80
2026/09/08 20:46:56.999, GPU-ecc6a1f9-42fe-2932-7ea0-1dd285491b7b, 5, 0, 405, 38, 27.80
2026/09/08 20:46:57.202, GPU-ecc6a1f9-42fe-2932-7ea0-1dd285491b7b, 5, 0, 405, 38, 27.56
2026/09/08 20:46:57.406, GPU-ecc6a1f9-42fe-2932-7ea0-1dd285491b7b, 5, 0, 405, 38, 27.80
2026/09/08 20:46:57.609, GPU-ecc6a1f9-42fe-2932-7ea0-1dd285491b7b, 5, 0, 405, 38, 27.80
2026/09/08 20:46:57.814, GPU-ecc6a1f9-42fe-2932-7ea0-1dd285491b7b, 5, 0, 405, 38, 27.80
2026/09/08 20:46:58.018, GPU-ecc6a1f9-42fe-2932-7ea0-1dd285491b7b, 5, 0, 405, 38, 27.56
2026/09/08 20:46:58.222, GPU-ecc6a1f9-42fe-2932-7ea0-1dd285491b7b, 5, 0, 405, 38, 27.80
2026/09/08 20:46:58.425, GPU-ecc6a1f9-42fe-2932-7ea0-1dd285491b7b, 5, 0, 405, 38, 27.56
2026/09/08 20:46:58.629, GPU-ecc6a1f9-42fe-2932-7ea0-1dd285491b7b, 5, 0, 405, 38, 27.56
2026/09/08 20:46:58.834, GPU-ecc6a1f9-42fe-2932-7ea0-1dd285491b7b, 5, 0, 405, 38, 27.56
2026/09/08 20:46:59.037, GPU-ecc6a1f9-42fe-2932-7ea0-1dd285491b7b, 5, 0, 405, 38, 27.56
2026/09/08 20:46:59.241, GPU-ecc6a1f9-42fe-2932-7ea0-1dd285491b7b, 5, 0, 405, 38, 27.80
2026/09/08 20:46:59.444, GPU-ecc6a1f9-42fe-2932-7ea0-1dd285491b7b, 5, 0, 405, 37, 27.56
2026/09/08 20:46:59.648, GPU-ecc6a1f9-42fe-2932-7ea0-1dd285491b7b, 5, 0, 405, 38, 27.56
2026/09/08 20:46:59.853, GPU-ecc6a1f9-42fe-2932-7ea0-1dd285491b7b, 5, 0, 405, 37, 27.56
2026/09/08 20:47:00.057, GPU-ecc6a1f9-42fe-2932-7ea0-1dd285491b7b, 5, 0, 405, 38, 27.56
2026/09/08 20:47:00.261, GPU-ecc6a1f9-42fe-2932-7ea0-1dd285491b7b, 5, 0, 405, 37, 27.56
2026/09/08 20:47:00.464, GPU-ecc6a1f9-42fe-2932-7ea0-1dd285491b7b, 5, 0, 405, 37, 27.56
2026/09/08 20:47:00.668, GPU-ecc6a1f9-42fe-2932-7ea0-1dd285491b7b, 5, 0, 405, 37, 27.56
2026/09/08 20:47:00.873, GPU-ecc6a1f9-42fe-2932-7ea0-1dd285491b7b, 5, 0, 405, 37, 27.56
2026/09/08 20:47:01.076, GPU-ecc6a1f9-42fe-2932-7ea0-1dd285491b7b, 5, 0, 405, 37, 27.56
2026/09/08 20:47:01.280, GPU-ecc6a1f9-42fe-2932-7ea0-1dd285491b7b, 5, 0, 405, 37, 27.56
2026/09/08 20:47:01.483, GPU-ecc6a1f9-42fe-2932-7ea0-1dd285491b7b, 5, 0, 405, 37, 27.56
2026/09/08 20:47:01.687, GPU-ecc6a1f9-42fe-2932-7ea0-1dd285491b7b, 5, 0, 405, 37, 27.56
2026/09/08 20:47:01.892, GPU-ecc6a1f9-42fe-2932-7ea0-1dd285491b7b, 5, 0, 405, 37, 27.56
2026/09/08 20:47:02.096, GPU-ecc6a1f9-42fe-2932-7ea0-1dd285491b7b, 5, 0, 405, 37, 27.56
2026/09/08 20:47:02.299, GPU-ecc6a1f9-42fe-2932-7ea0-1dd285491b7b, 5, 0, 405, 37, 27.56
2026/09/08 20:47:02.503, GPU-ecc6a1f9-42fe-2932-7ea0-1dd285491b7b, 5, 0, 405, 37, 27.56
2026/09/08 20:47:02.706, GPU-ecc6a1f9-42fe-2932-7ea0-1dd285491b7b, 5, 0, 405, 37, 27.56
2026/09/08 20:47:02.912, GPU-ecc6a1f9-42fe-2932-7ea0-1dd285491b7b, 5, 0, 405, 37, 27.56
2026/09/08 20:47:03.115, GPU-ecc6a1f9-42fe-2932-7ea0-1dd285491b7b, 5, 0, 405, 37, 27.56
2026/09/08 20:47:03.319, GPU-ecc6a1f9-42fe-2932-7ea0-1dd285491b7b, 5, 0, 405, 37, 27.56
2026/09/08 20:47:03.522, GPU-ecc6a1f9-42fe-2932-7ea0-1dd285491b7b, 5, 0, 405, 37, 27.56
2026/09/08 20:47:03.726, GPU-ecc6a1f9-42fe-2932-7ea0-1dd285491b7b, 5, 0, 405, 37, 27.56
2026/09/08 20:47:03.931, GPU-ecc6a1f9-42fe-2932-7ea0-1dd285491b7b, 5, 0, 405, 37, 27.56
2026/09/08 20:47:04.135, GPU-ecc6a1f9-42fe-2932-7ea0-1dd285491b7b, 5, 0, 405, 37, 27.56
2026/09/08 20:47:04.338, GPU-ecc6a1f9-42fe-2932-7ea0-1dd285491b7b, 5, 0, 405, 37, 27.56
2026/09/08 20:47:04.542, GPU-ecc6a1f9-42fe-2932-7ea0-1dd285491b7b, 5, 0, 405, 37, 27.56
2026/09/08 20:47:04.745, GPU-ecc6a1f9-42fe-2932-7ea0-1dd285491b7b, 5, 0, 405, 37, 27.56
2026/09/08 20:47:04.950, GPU-ecc6a1f9-42fe-2932-7ea0-1dd285491b7b, 5, 0, 405, 37, 27.31
2026/09/08 20:47:05.154, GPU-ecc6a1f9-42fe-2932-7ea0-1dd285491b7b, 5, 0, 405, 37, 27.56
2026/09/08 20:47:05.357, GPU-ecc6a1f9-42fe-2932-7ea0-1dd285491b7b, 5, 0, 405, 37, 27.56
2026/09/08 20:47:05.561, GPU-ecc6a1f9-42fe-2932-7ea0-1dd285491b7b, 5, 0, 405, 37, 27.56
2026/09/08 20:47:05.765, GPU-ecc6a1f9-42fe-2932-7ea0-1dd285491b7b, 5, 0, 405, 37, 27.56
2026/09/08 20:47:05.970, GPU-ecc6a1f9-42fe-2932-7ea0-1dd285491b7b, 7, 0, 405, 37, 27.56
2026/09/08 20:47:06.257, GPU-ecc6a1f9-42fe-2932-7ea0-1dd285491b7b, 15, 0, 405, 37, 27.31
2026/09/08 20:47:06.568, GPU-ecc6a1f9-42fe-2932-7ea0-1dd285491b7b, 565, 7, 1189, 37, 34.36
2026/09/08 20:47:06.774, GPU-ecc6a1f9-42fe-2932-7ea0-1dd285491b7b, 565, 16, 1189, 37, 33.63
2026/09/08 20:47:06.977, GPU-ecc6a1f9-42fe-2932-7ea0-1dd285491b7b, 723, 13, 1189, 37, 33.63
2026/09/08 20:47:07.181, GPU-ecc6a1f9-42fe-2932-7ea0-1dd285491b7b, 723, 2, 1189, 37, 33.63
2026/09/08 20:47:07.385, GPU-ecc6a1f9-42fe-2932-7ea0-1dd285491b7b, 723, 0, 1189, 37, 34.12
2026/09/08 20:47:07.588, GPU-ecc6a1f9-42fe-2932-7ea0-1dd285491b7b, 723, 40, 1189, 37, 102.40
2026/09/08 20:47:07.793, GPU-ecc6a1f9-42fe-2932-7ea0-1dd285491b7b, 723, 47, 1328, 38, 98.53
2026/09/08 20:47:07.996, GPU-ecc6a1f9-42fe-2932-7ea0-1dd285491b7b, 723, 31, 1328, 38, 39.24
2026/09/08 20:47:08.200, GPU-ecc6a1f9-42fe-2932-7ea0-1dd285491b7b, 723, 28, 1328, 38, 117.07
2026/09/08 20:47:08.403, GPU-ecc6a1f9-42fe-2932-7ea0-1dd285491b7b, 723, 33, 1328, 38, 41.68
2026/09/08 20:47:08.607, GPU-ecc6a1f9-42fe-2932-7ea0-1dd285491b7b, 723, 32, 1328, 38, 62.31
2026/09/08 20:47:08.812, GPU-ecc6a1f9-42fe-2932-7ea0-1dd285491b7b, 723, 37, 1328, 38, 92.99
2026/09/08 20:47:09.016, GPU-ecc6a1f9-42fe-2932-7ea0-1dd285491b7b, 723, 34, 1328, 38, 133.30
2026/09/08 20:47:09.219, GPU-ecc6a1f9-42fe-2932-7ea0-1dd285491b7b, 723, 33, 1328, 39, 46.49
2026/09/08 20:47:09.423, GPU-ecc6a1f9-42fe-2932-7ea0-1dd285491b7b, 723, 35, 1328, 38, 40.94
2026/09/08 20:47:09.626, GPU-ecc6a1f9-42fe-2932-7ea0-1dd285491b7b, 723, 31, 1328, 38, 132.90
2026/09/08 20:47:09.832, GPU-ecc6a1f9-42fe-2932-7ea0-1dd285491b7b, 723, 34, 1328, 39, 137.33
2026/09/08 20:47:10.036, GPU-ecc6a1f9-42fe-2932-7ea0-1dd285491b7b, 723, 35, 1328, 39, 70.06
2026/09/08 20:47:10.239, GPU-ecc6a1f9-42fe-2932-7ea0-1dd285491b7b, 723, 48, 1328, 39, 177.47
2026/09/08 20:47:10.443, GPU-ecc6a1f9-42fe-2932-7ea0-1dd285491b7b, 723, 36, 1328, 39, 103.38
2026/09/08 20:47:10.646, GPU-ecc6a1f9-42fe-2932-7ea0-1dd285491b7b, 723, 23, 1328, 39, 84.02
2026/09/08 20:47:10.851, GPU-ecc6a1f9-42fe-2932-7ea0-1dd285491b7b, 723, 38, 1328, 38, 42.62
2026/09/08 20:47:11.055, GPU-ecc6a1f9-42fe-2932-7ea0-1dd285491b7b, 723, 39, 1328, 39, 51.14
2026/09/08 20:47:11.258, GPU-ecc6a1f9-42fe-2932-7ea0-1dd285491b7b, 723, 35, 1328, 39, 78.28
2026/09/08 20:47:11.461, GPU-ecc6a1f9-42fe-2932-7ea0-1dd285491b7b, 723, 35, 1328, 39, 132.02
2026/09/08 20:47:11.665, GPU-ecc6a1f9-42fe-2932-7ea0-1dd285491b7b, 723, 24, 1328, 38, 43.84
2026/09/08 20:47:11.871, GPU-ecc6a1f9-42fe-2932-7ea0-1dd285491b7b, 723, 22, 1328, 39, 41.19
2026/09/08 20:47:12.074, GPU-ecc6a1f9-42fe-2932-7ea0-1dd285491b7b, 723, 39, 1328, 40, 51.39
2026/09/08 20:47:12.277, GPU-ecc6a1f9-42fe-2932-7ea0-1dd285491b7b, 723, 38, 1328, 39, 135.81
2026/09/08 20:47:12.481, GPU-ecc6a1f9-42fe-2932-7ea0-1dd285491b7b, 723, 34, 1328, 39, 44.57
2026/09/08 20:47:12.685, GPU-ecc6a1f9-42fe-2932-7ea0-1dd285491b7b, 723, 32, 1328, 39, 49.68
2026/09/08 20:47:12.890, GPU-ecc6a1f9-42fe-2932-7ea0-1dd285491b7b, 723, 39, 1328, 39, 112.84
2026/09/08 20:47:13.094, GPU-ecc6a1f9-42fe-2932-7ea0-1dd285491b7b, 723, 26, 1328, 40, 175.76
2026/09/08 20:47:13.297, GPU-ecc6a1f9-42fe-2932-7ea0-1dd285491b7b, 723, 29, 1328, 39, 99.01
2026/09/08 20:47:13.501, GPU-ecc6a1f9-42fe-2932-7ea0-1dd285491b7b, 723, 46, 1328, 39, 70.54
2026/09/08 20:47:13.704, GPU-ecc6a1f9-42fe-2932-7ea0-1dd285491b7b, 723, 45, 1328, 39, 79.25
2026/09/08 20:47:13.911, GPU-ecc6a1f9-42fe-2932-7ea0-1dd285491b7b, 723, 25, 1328, 39, 64.95
2026/09/08 20:47:14.114, GPU-ecc6a1f9-42fe-2932-7ea0-1dd285491b7b, 723, 34, 1328, 39, 55.50
2026/09/08 20:47:14.317, GPU-ecc6a1f9-42fe-2932-7ea0-1dd285491b7b, 723, 45, 1328, 39, 184.25
2026/09/08 20:47:14.521, GPU-ecc6a1f9-42fe-2932-7ea0-1dd285491b7b, 723, 44, 1328, 39, 61.79
2026/09/08 20:47:14.724, GPU-ecc6a1f9-42fe-2932-7ea0-1dd285491b7b, 723, 34, 1328, 39, 44.81
2026/09/08 20:47:14.931, GPU-ecc6a1f9-42fe-2932-7ea0-1dd285491b7b, 723, 31, 1328, 39, 41.19
2026/09/08 20:47:15.134, GPU-ecc6a1f9-42fe-2932-7ea0-1dd285491b7b, 723, 29, 1328, 39, 113.50
2026/09/08 20:47:15.338, GPU-ecc6a1f9-42fe-2932-7ea0-1dd285491b7b, 723, 37, 1328, 39, 43.11
2026/09/08 20:47:15.542, GPU-ecc6a1f9-42fe-2932-7ea0-1dd285491b7b, 723, 35, 1328, 40, 53.34
2026/09/08 20:47:15.745, GPU-ecc6a1f9-42fe-2932-7ea0-1dd285491b7b, 723, 38, 1328, 39, 79.98
2026/09/08 20:47:15.951, GPU-ecc6a1f9-42fe-2932-7ea0-1dd285491b7b, 723, 40, 1328, 39, 39.97
2026/09/08 20:47:16.154, GPU-ecc6a1f9-42fe-2932-7ea0-1dd285491b7b, 723, 22, 1328, 39, 127.47
2026/09/08 20:47:16.358, GPU-ecc6a1f9-42fe-2932-7ea0-1dd285491b7b, 723, 45, 1328, 40, 193.55
2026/09/08 20:47:16.561, GPU-ecc6a1f9-42fe-2932-7ea0-1dd285491b7b, 723, 100, 1328, 41, 226.89
2026/09/08 20:47:16.765, GPU-ecc6a1f9-42fe-2932-7ea0-1dd285491b7b, 723, 100, 1328, 43, 195.73
2026/09/08 20:47:16.977, GPU-ecc6a1f9-42fe-2932-7ea0-1dd285491b7b, 723, 100, 1328, 43, 217.88
2026/09/08 20:47:17.181, GPU-ecc6a1f9-42fe-2932-7ea0-1dd285491b7b, 723, 100, 1328, 44, 194.04
2026/09/08 20:47:17.385, GPU-ecc6a1f9-42fe-2932-7ea0-1dd285491b7b, 723, 100, 1328, 44, 228.46
2026/09/08 20:47:17.588, GPU-ecc6a1f9-42fe-2932-7ea0-1dd285491b7b, 723, 100, 1328, 44, 239.26
2026/09/08 20:47:17.794, GPU-ecc6a1f9-42fe-2932-7ea0-1dd285491b7b, 723, 100, 1328, 44, 219.46
2026/09/08 20:47:17.997, GPU-ecc6a1f9-42fe-2932-7ea0-1dd285491b7b, 723, 100, 1328, 45, 194.76
2026/09/08 20:47:18.201, GPU-ecc6a1f9-42fe-2932-7ea0-1dd285491b7b, 723, 100, 1328, 45, 229.30
2026/09/08 20:47:18.404, GPU-ecc6a1f9-42fe-2932-7ea0-1dd285491b7b, 723, 100, 1328, 45, 221.50
2026/09/08 20:47:18.608, GPU-ecc6a1f9-42fe-2932-7ea0-1dd285491b7b, 723, 100, 1328, 45, 221.39
2026/09/08 20:47:18.813, GPU-ecc6a1f9-42fe-2932-7ea0-1dd285491b7b, 723, 100, 1328, 45, 210.76
2026/09/08 20:47:19.017, GPU-ecc6a1f9-42fe-2932-7ea0-1dd285491b7b, 723, 100, 1328, 45, 227.85
2026/09/08 20:47:19.220, GPU-ecc6a1f9-42fe-2932-7ea0-1dd285491b7b, 723, 100, 1328, 45, 236.17
2026/09/08 20:47:19.424, GPU-ecc6a1f9-42fe-2932-7ea0-1dd285491b7b, 723, 100, 1328, 46, 219.46
2026/09/08 20:47:19.627, GPU-ecc6a1f9-42fe-2932-7ea0-1dd285491b7b, 723, 100, 1328, 46, 217.40
2026/09/08 20:47:19.832, GPU-ecc6a1f9-42fe-2932-7ea0-1dd285491b7b, 723, 100, 1328, 45, 240.10
2026/09/08 20:47:20.036, GPU-ecc6a1f9-42fe-2932-7ea0-1dd285491b7b, 723, 100, 1328, 46, 232.05
2026/09/08 20:47:20.239, GPU-ecc6a1f9-42fe-2932-7ea0-1dd285491b7b, 723, 100, 1328, 46, 223.80
2026/09/08 20:47:20.443, GPU-ecc6a1f9-42fe-2932-7ea0-1dd285491b7b, 723, 100, 1328, 46, 229.78
2026/09/08 20:47:20.646, GPU-ecc6a1f9-42fe-2932-7ea0-1dd285491b7b, 723, 100, 1328, 46, 228.70
2026/09/08 20:47:20.852, GPU-ecc6a1f9-42fe-2932-7ea0-1dd285491b7b, 723, 100, 1328, 46, 231.83
2026/09/08 20:47:21.055, GPU-ecc6a1f9-42fe-2932-7ea0-1dd285491b7b, 723, 100, 1328, 46, 222.59
2026/09/08 20:47:21.259, GPU-ecc6a1f9-42fe-2932-7ea0-1dd285491b7b, 723, 100, 1328, 47, 247.08
2026/09/08 20:47:21.462, GPU-ecc6a1f9-42fe-2932-7ea0-1dd285491b7b, 723, 100, 1316, 47, 212.34
2026/09/08 20:47:21.666, GPU-ecc6a1f9-42fe-2932-7ea0-1dd285491b7b, 723, 100, 1328, 46, 156.75
2026/09/08 20:47:21.872, GPU-ecc6a1f9-42fe-2932-7ea0-1dd285491b7b, 723, 100, 1328, 47, 219.90
2026/09/08 20:47:22.076, GPU-ecc6a1f9-42fe-2932-7ea0-1dd285491b7b, 723, 100, 1328, 46, 219.46
2026/09/08 20:47:22.279, GPU-ecc6a1f9-42fe-2932-7ea0-1dd285491b7b, 723, 100, 1328, 47, 240.12
2026/09/08 20:47:22.483, GPU-ecc6a1f9-42fe-2932-7ea0-1dd285491b7b, 723, 100, 1316, 47, 239.40
2026/09/08 20:47:22.686, GPU-ecc6a1f9-42fe-2932-7ea0-1dd285491b7b, 723, 100, 1328, 47, 194.50
2026/09/08 20:47:22.890, GPU-ecc6a1f9-42fe-2932-7ea0-1dd285491b7b, 723, 100, 1328, 47, 230.63
2026/09/08 20:47:23.096, GPU-ecc6a1f9-42fe-2932-7ea0-1dd285491b7b, 723, 100, 1328, 48, 221.85
2026/09/08 20:47:23.300, GPU-ecc6a1f9-42fe-2932-7ea0-1dd285491b7b, 723, 100, 1328, 47, 163.68
2026/09/08 20:47:23.503, GPU-ecc6a1f9-42fe-2932-7ea0-1dd285491b7b, 723, 100, 1328, 47, 205.97
2026/09/08 20:47:23.707, GPU-ecc6a1f9-42fe-2932-7ea0-1dd285491b7b, 723, 100, 1328, 47, 217.64
2026/09/08 20:47:23.910, GPU-ecc6a1f9-42fe-2932-7ea0-1dd285491b7b, 723, 100, 1328, 48, 229.91
2026/09/08 20:47:24.114, GPU-ecc6a1f9-42fe-2932-7ea0-1dd285491b7b, 723, 100, 1328, 48, 226.21
2026/09/08 20:47:24.320, GPU-ecc6a1f9-42fe-2932-7ea0-1dd285491b7b, 723, 100, 1328, 48, 212.46
2026/09/08 20:47:24.524, GPU-ecc6a1f9-42fe-2932-7ea0-1dd285491b7b, 723, 100, 1328, 48, 246.60
2026/09/08 20:47:24.727, GPU-ecc6a1f9-42fe-2932-7ea0-1dd285491b7b, 723, 100, 1328, 48, 224.26
2026/09/08 20:47:24.931, GPU-ecc6a1f9-42fe-2932-7ea0-1dd285491b7b, 723, 100, 1328, 47, 163.44
2026/09/08 20:47:25.134, GPU-ecc6a1f9-42fe-2932-7ea0-1dd285491b7b, 723, 100, 1328, 48, 218.12
2026/09/08 20:47:25.340, GPU-ecc6a1f9-42fe-2932-7ea0-1dd285491b7b, 723, 100, 1328, 47, 218.60
2026/09/08 20:47:25.543, GPU-ecc6a1f9-42fe-2932-7ea0-1dd285491b7b, 723, 100, 1328, 48, 239.86
2026/09/08 20:47:25.747, GPU-ecc6a1f9-42fe-2932-7ea0-1dd285491b7b, 723, 100, 1328, 48, 165.62
2026/09/08 20:47:25.950, GPU-ecc6a1f9-42fe-2932-7ea0-1dd285491b7b, 723, 100, 1328, 48, 198.37
2026/09/08 20:47:26.154, GPU-ecc6a1f9-42fe-2932-7ea0-1dd285491b7b, 723, 100, 1328, 48, 213.34
2026/09/08 20:47:26.359, GPU-ecc6a1f9-42fe-2932-7ea0-1dd285491b7b, 723, 100, 1328, 49, 239.38
2026/09/08 20:47:26.563, GPU-ecc6a1f9-42fe-2932-7ea0-1dd285491b7b, 723, 100, 1328, 49, 245.87
2026/09/08 20:47:26.766, GPU-ecc6a1f9-42fe-2932-7ea0-1dd285491b7b, 723, 100, 1328, 49, 183.52
2026/09/08 20:47:26.970, GPU-ecc6a1f9-42fe-2932-7ea0-1dd285491b7b, 723, 100, 1328, 49, 199.57
2026/09/08 20:47:27.173, GPU-ecc6a1f9-42fe-2932-7ea0-1dd285491b7b, 723, 100, 1328, 50, 222.83
2026/09/08 20:47:27.378, GPU-ecc6a1f9-42fe-2932-7ea0-1dd285491b7b, 723, 100, 1316, 50, 194.12
2026/09/08 20:47:27.583, GPU-ecc6a1f9-42fe-2932-7ea0-1dd285491b7b, 723, 100, 1328, 49, 221.26
2026/09/08 20:47:27.787, GPU-ecc6a1f9-42fe-2932-7ea0-1dd285491b7b, 723, 100, 1328, 49, 142.10
2026/09/08 20:47:27.990, GPU-ecc6a1f9-42fe-2932-7ea0-1dd285491b7b, 723, 100, 1328, 49, 238.68
2026/09/08 20:47:28.194, GPU-ecc6a1f9-42fe-2932-7ea0-1dd285491b7b, 723, 100, 1328, 50, 222.46
2026/09/08 20:47:28.398, GPU-ecc6a1f9-42fe-2932-7ea0-1dd285491b7b, 723, 100, 1328, 50, 187.87
2026/09/08 20:47:28.602, GPU-ecc6a1f9-42fe-2932-7ea0-1dd285491b7b, 723, 100, 1328, 50, 214.15
2026/09/08 20:47:28.805, GPU-ecc6a1f9-42fe-2932-7ea0-1dd285491b7b, 723, 100, 1328, 51, 241.30
2026/09/08 20:47:29.008, GPU-ecc6a1f9-42fe-2932-7ea0-1dd285491b7b, 723, 100, 1328, 50, 165.38
2026/09/08 20:47:29.212, GPU-ecc6a1f9-42fe-2932-7ea0-1dd285491b7b, 723, 100, 1328, 50, 204.28
2026/09/08 20:47:29.417, GPU-ecc6a1f9-42fe-2932-7ea0-1dd285491b7b, 723, 100, 1328, 49, 162.96
2026/09/08 20:47:29.621, GPU-ecc6a1f9-42fe-2932-7ea0-1dd285491b7b, 723, 100, 1328, 50, 230.63
2026/09/08 20:47:29.824, GPU-ecc6a1f9-42fe-2932-7ea0-1dd285491b7b, 723, 100, 1328, 50, 243.25
2026/09/08 20:47:30.028, GPU-ecc6a1f9-42fe-2932-7ea0-1dd285491b7b, 723, 100, 1328, 50, 186.66
2026/09/08 20:47:30.232, GPU-ecc6a1f9-42fe-2932-7ea0-1dd285491b7b, 723, 100, 1328, 51, 196.92
2026/09/08 20:47:30.437, GPU-ecc6a1f9-42fe-2932-7ea0-1dd285491b7b, 723, 100, 1316, 51, 236.41
2026/09/08 20:47:30.640, GPU-ecc6a1f9-42fe-2932-7ea0-1dd285491b7b, 723, 100, 1328, 50, 174.21
2026/09/08 20:47:30.844, GPU-ecc6a1f9-42fe-2932-7ea0-1dd285491b7b, 723, 100, 1328, 50, 199.09
2026/09/08 20:47:31.047, GPU-ecc6a1f9-42fe-2932-7ea0-1dd285491b7b, 723, 100, 1328, 50, 153.87
2026/09/08 20:47:31.251, GPU-ecc6a1f9-42fe-2932-7ea0-1dd285491b7b, 723, 100, 1328, 51, 240.60
2026/09/08 20:47:31.457, GPU-ecc6a1f9-42fe-2932-7ea0-1dd285491b7b, 723, 100, 1328, 51, 190.16
2026/09/08 20:47:31.660, GPU-ecc6a1f9-42fe-2932-7ea0-1dd285491b7b, 723, 100, 1328, 50, 221.13
2026/09/08 20:47:31.864, GPU-ecc6a1f9-42fe-2932-7ea0-1dd285491b7b, 723, 100, 1328, 51, 188.00
2026/09/08 20:47:32.067, GPU-ecc6a1f9-42fe-2932-7ea0-1dd285491b7b, 723, 99, 1328, 51, 242.51
2026/09/08 20:47:32.271, GPU-ecc6a1f9-42fe-2932-7ea0-1dd285491b7b, 723, 100, 1328, 52, 222.55
2026/09/08 20:47:32.476, GPU-ecc6a1f9-42fe-2932-7ea0-1dd285491b7b, 723, 100, 1316, 51, 192.82
2026/09/08 20:47:32.680, GPU-ecc6a1f9-42fe-2932-7ea0-1dd285491b7b, 723, 100, 1328, 52, 230.87
2026/09/08 20:47:32.883, GPU-ecc6a1f9-42fe-2932-7ea0-1dd285491b7b, 723, 100, 1328, 52, 229.30
2026/09/08 20:47:33.086, GPU-ecc6a1f9-42fe-2932-7ea0-1dd285491b7b, 723, 100, 1328, 52, 237.95
2026/09/08 20:47:33.290, GPU-ecc6a1f9-42fe-2932-7ea0-1dd285491b7b, 723, 100, 1328, 52, 183.28
2026/09/08 20:47:33.496, GPU-ecc6a1f9-42fe-2932-7ea0-1dd285491b7b, 723, 100, 1328, 52, 222.83
2026/09/08 20:47:33.699, GPU-ecc6a1f9-42fe-2932-7ea0-1dd285491b7b, 723, 100, 1316, 52, 223.54
2026/09/08 20:47:33.903, GPU-ecc6a1f9-42fe-2932-7ea0-1dd285491b7b, 723, 100, 1328, 51, 160.78
2026/09/08 20:47:34.106, GPU-ecc6a1f9-42fe-2932-7ea0-1dd285491b7b, 723, 100, 1328, 52, 200.54
2026/09/08 20:47:34.309, GPU-ecc6a1f9-42fe-2932-7ea0-1dd285491b7b, 723, 100, 1328, 52, 187.15
2026/09/08 20:47:34.515, GPU-ecc6a1f9-42fe-2932-7ea0-1dd285491b7b, 723, 100, 1328, 52, 211.50
2026/09/08 20:47:34.719, GPU-ecc6a1f9-42fe-2932-7ea0-1dd285491b7b, 723, 100, 1328, 53, 234.96
2026/09/08 20:47:34.922, GPU-ecc6a1f9-42fe-2932-7ea0-1dd285491b7b, 723, 100, 1328, 52, 163.20
2026/09/08 20:47:35.126, GPU-ecc6a1f9-42fe-2932-7ea0-1dd285491b7b, 723, 100, 1328, 52, 205.24
2026/09/08 20:47:35.329, GPU-ecc6a1f9-42fe-2932-7ea0-1dd285491b7b, 723, 100, 1328, 52, 168.52
2026/09/08 20:47:35.533, GPU-ecc6a1f9-42fe-2932-7ea0-1dd285491b7b, 723, 100, 1328, 53, 234.72
2026/09/08 20:47:35.739, GPU-ecc6a1f9-42fe-2932-7ea0-1dd285491b7b, 723, 100, 1328, 53, 248.13
2026/09/08 20:47:35.942, GPU-ecc6a1f9-42fe-2932-7ea0-1dd285491b7b, 723, 100, 1328, 53, 184.73
2026/09/08 20:47:36.145, GPU-ecc6a1f9-42fe-2932-7ea0-1dd285491b7b, 723, 100, 1328, 53, 197.64
2026/09/08 20:47:36.349, GPU-ecc6a1f9-42fe-2932-7ea0-1dd285491b7b, 723, 100, 1316, 53, 225.24
2026/09/08 20:47:36.552, GPU-ecc6a1f9-42fe-2932-7ea0-1dd285491b7b, 723, 100, 1328, 52, 174.45
2026/09/08 20:47:36.756, GPU-ecc6a1f9-42fe-2932-7ea0-1dd285491b7b, 723, 100, 1328, 53, 201.87
2026/09/08 20:47:36.960, GPU-ecc6a1f9-42fe-2932-7ea0-1dd285491b7b, 723, 100, 1328, 52, 155.06
2026/09/08 20:47:37.164, GPU-ecc6a1f9-42fe-2932-7ea0-1dd285491b7b, 723, 100, 1328, 53, 233.76
2026/09/08 20:47:37.367, GPU-ecc6a1f9-42fe-2932-7ea0-1dd285491b7b, 723, 100, 1328, 53, 188.58
2026/09/08 20:47:37.571, GPU-ecc6a1f9-42fe-2932-7ea0-1dd285491b7b, 723, 100, 1328, 53, 224.00
2026/09/08 20:47:37.774, GPU-ecc6a1f9-42fe-2932-7ea0-1dd285491b7b, 723, 100, 1328, 53, 186.89
2026/09/08 20:47:37.979, GPU-ecc6a1f9-42fe-2932-7ea0-1dd285491b7b, 723, 100, 1328, 53, 243.59
2026/09/08 20:47:38.183, GPU-ecc6a1f9-42fe-2932-7ea0-1dd285491b7b, 723, 100, 1328, 54, 226.41
2026/09/08 20:47:38.386, GPU-ecc6a1f9-42fe-2932-7ea0-1dd285491b7b, 723, 100, 1316, 54, 197.88
2026/09/08 20:47:38.590, GPU-ecc6a1f9-42fe-2932-7ea0-1dd285491b7b, 723, 100, 1328, 54, 221.87
2026/09/08 20:47:38.793, GPU-ecc6a1f9-42fe-2932-7ea0-1dd285491b7b, 723, 100, 1328, 54, 232.19
2026/09/08 20:47:38.996, GPU-ecc6a1f9-42fe-2932-7ea0-1dd285491b7b, 723, 100, 1328, 54, 242.04
2026/09/08 20:47:39.202, GPU-ecc6a1f9-42fe-2932-7ea0-1dd285491b7b, 723, 100, 1328, 54, 185.94
2026/09/08 20:47:39.405, GPU-ecc6a1f9-42fe-2932-7ea0-1dd285491b7b, 723, 100, 1328, 54, 230.15
2026/09/08 20:47:39.609, GPU-ecc6a1f9-42fe-2932-7ea0-1dd285491b7b, 723, 100, 1328, 54, 230.61
2026/09/08 20:47:39.812, GPU-ecc6a1f9-42fe-2932-7ea0-1dd285491b7b, 723, 100, 1328, 53, 165.14
2026/09/08 20:47:40.016, GPU-ecc6a1f9-42fe-2932-7ea0-1dd285491b7b, 723, 100, 1328, 54, 195.23
2026/09/08 20:47:40.221, GPU-ecc6a1f9-42fe-2932-7ea0-1dd285491b7b, 723, 100, 1328, 53, 146.20
2026/09/08 20:47:40.425, GPU-ecc6a1f9-42fe-2932-7ea0-1dd285491b7b, 723, 100, 1328, 54, 240.34
2026/09/08 20:47:40.628, GPU-ecc6a1f9-42fe-2932-7ea0-1dd285491b7b, 723, 100, 1328, 55, 248.13
2026/09/08 20:47:40.832, GPU-ecc6a1f9-42fe-2932-7ea0-1dd285491b7b, 723, 100, 1316, 55, 224.98
2026/09/08 20:47:41.035, GPU-ecc6a1f9-42fe-2932-7ea0-1dd285491b7b, 723, 100, 1328, 54, 176.62
2026/09/08 20:47:41.241, GPU-ecc6a1f9-42fe-2932-7ea0-1dd285491b7b, 723, 100, 1328, 54, 198.12
2026/09/08 20:47:41.444, GPU-ecc6a1f9-42fe-2932-7ea0-1dd285491b7b, 723, 100, 1328, 54, 231.35
2026/09/08 20:47:41.648, GPU-ecc6a1f9-42fe-2932-7ea0-1dd285491b7b, 723, 100, 1328, 55, 237.37
2026/09/08 20:47:41.851, GPU-ecc6a1f9-42fe-2932-7ea0-1dd285491b7b, 723, 100, 1316, 55, 241.56
2026/09/08 20:47:42.055, GPU-ecc6a1f9-42fe-2932-7ea0-1dd285491b7b, 723, 100, 1316, 55, 200.78
2026/09/08 20:47:42.260, GPU-ecc6a1f9-42fe-2932-7ea0-1dd285491b7b, 723, 100, 1316, 55, 240.36
2026/09/08 20:47:42.467, GPU-ecc6a1f9-42fe-2932-7ea0-1dd285491b7b, 723, 100, 1328, 55, 227.13
2026/09/08 20:47:42.671, GPU-ecc6a1f9-42fe-2932-7ea0-1dd285491b7b, 723, 100, 1328, 54, 174.69
2026/09/08 20:47:42.874, GPU-ecc6a1f9-42fe-2932-7ea0-1dd285491b7b, 723, 100, 1328, 55, 197.64
2026/09/08 20:47:43.080, GPU-ecc6a1f9-42fe-2932-7ea0-1dd285491b7b, 723, 100, 1328, 54, 226.78
2026/09/08 20:47:43.283, GPU-ecc6a1f9-42fe-2932-7ea0-1dd285491b7b, 723, 100, 1328, 55, 241.54
2026/09/08 20:47:43.487, GPU-ecc6a1f9-42fe-2932-7ea0-1dd285491b7b, 723, 100, 1328, 55, 173.97
2026/09/08 20:47:43.690, GPU-ecc6a1f9-42fe-2932-7ea0-1dd285491b7b, 723, 100, 1328, 55, 210.31
2026/09/08 20:47:43.894, GPU-ecc6a1f9-42fe-2932-7ea0-1dd285491b7b, 723, 100, 1328, 55, 178.23
2026/09/08 20:47:44.099, GPU-ecc6a1f9-42fe-2932-7ea0-1dd285491b7b, 723, 100, 1328, 56, 245.15
2026/09/08 20:47:44.303, GPU-ecc6a1f9-42fe-2932-7ea0-1dd285491b7b, 723, 100, 1328, 56, 237.67
2026/09/08 20:47:44.506, GPU-ecc6a1f9-42fe-2932-7ea0-1dd285491b7b, 723, 100, 1328, 56, 189.80
2026/09/08 20:47:44.709, GPU-ecc6a1f9-42fe-2932-7ea0-1dd285491b7b, 723, 100, 1328, 56, 205.47
2026/09/08 20:47:44.913, GPU-ecc6a1f9-42fe-2932-7ea0-1dd285491b7b, 723, 100, 1328, 56, 224.28
2026/09/08 20:47:45.119, GPU-ecc6a1f9-42fe-2932-7ea0-1dd285491b7b, 723, 100, 1316, 56, 198.12
2026/09/08 20:47:45.325, GPU-ecc6a1f9-42fe-2932-7ea0-1dd285491b7b, 723, 100, 1328, 56, 225.69
2026/09/08 20:47:45.528, GPU-ecc6a1f9-42fe-2932-7ea0-1dd285491b7b, 723, 100, 1316, 56, 231.81
2026/09/08 20:47:45.732, GPU-ecc6a1f9-42fe-2932-7ea0-1dd285491b7b, 723, 100, 1316, 56, 229.16
2026/09/08 20:47:45.938, GPU-ecc6a1f9-42fe-2932-7ea0-1dd285491b7b, 723, 100, 1328, 55, 162.22
2026/09/08 20:47:46.142, GPU-ecc6a1f9-42fe-2932-7ea0-1dd285491b7b, 723, 100, 1328, 56, 226.17
2026/09/08 20:47:46.345, GPU-ecc6a1f9-42fe-2932-7ea0-1dd285491b7b, 723, 100, 1328, 56, 224.96
2026/09/08 20:47:46.549, GPU-ecc6a1f9-42fe-2932-7ea0-1dd285491b7b, 723, 100, 1316, 56, 231.83
2026/09/08 20:47:46.753, GPU-ecc6a1f9-42fe-2932-7ea0-1dd285491b7b, 723, 100, 1316, 57, 236.75
2026/09/08 20:47:46.958, GPU-ecc6a1f9-42fe-2932-7ea0-1dd285491b7b, 723, 100, 1328, 56, 215.71
2026/09/08 20:47:47.161, GPU-ecc6a1f9-42fe-2932-7ea0-1dd285491b7b, 723, 100, 1328, 57, 240.36
2026/09/08 20:47:47.365, GPU-ecc6a1f9-42fe-2932-7ea0-1dd285491b7b, 723, 100, 1328, 57, 234.72
2026/09/08 20:47:47.568, GPU-ecc6a1f9-42fe-2932-7ea0-1dd285491b7b, 723, 100, 1328, 57, 218.36
2026/09/08 20:47:47.772, GPU-ecc6a1f9-42fe-2932-7ea0-1dd285491b7b, 723, 100, 1316, 57, 185.70
2026/09/08 20:47:47.977, GPU-ecc6a1f9-42fe-2932-7ea0-1dd285491b7b, 723, 100, 1328, 57, 211.86
2026/09/08 20:47:48.181, GPU-ecc6a1f9-42fe-2932-7ea0-1dd285491b7b, 723, 100, 1316, 57, 232.78
2026/09/08 20:47:48.385, GPU-ecc6a1f9-42fe-2932-7ea0-1dd285491b7b, 723, 100, 1328, 57, 176.28
2026/09/08 20:47:48.588, GPU-ecc6a1f9-42fe-2932-7ea0-1dd285491b7b, 723, 100, 1328, 57, 221.39
2026/09/08 20:47:48.792, GPU-ecc6a1f9-42fe-2932-7ea0-1dd285491b7b, 723, 100, 1328, 57, 155.32
2026/09/08 20:47:48.995, GPU-ecc6a1f9-42fe-2932-7ea0-1dd285491b7b, 723, 100, 1328, 57, 241.06
2026/09/08 20:47:49.200, GPU-ecc6a1f9-42fe-2932-7ea0-1dd285491b7b, 723, 100, 1328, 57, 225.22
2026/09/08 20:47:49.404, GPU-ecc6a1f9-42fe-2932-7ea0-1dd285491b7b, 723, 100, 1328, 57, 169.39
2026/09/08 20:47:49.607, GPU-ecc6a1f9-42fe-2932-7ea0-1dd285491b7b, 723, 100, 1328, 57, 222.70
2026/09/08 20:47:49.811, GPU-ecc6a1f9-42fe-2932-7ea0-1dd285491b7b, 723, 100, 1328, 57, 240.34
2026/09/08 20:47:50.014, GPU-ecc6a1f9-42fe-2932-7ea0-1dd285491b7b, 723, 100, 1316, 58, 216.68
2026/09/08 20:47:50.218, GPU-ecc6a1f9-42fe-2932-7ea0-1dd285491b7b, 723, 100, 1328, 58, 204.04
2026/09/08 20:47:50.421, GPU-ecc6a1f9-42fe-2932-7ea0-1dd285491b7b, 723, 100, 1328, 58, 241.78
2026/09/08 20:47:50.627, GPU-ecc6a1f9-42fe-2932-7ea0-1dd285491b7b, 723, 100, 1328, 58, 229.78
2026/09/08 20:47:50.831, GPU-ecc6a1f9-42fe-2932-7ea0-1dd285491b7b, 723, 100, 1328, 58, 242.16
2026/09/08 20:47:51.034, GPU-ecc6a1f9-42fe-2932-7ea0-1dd285491b7b, 723, 100, 1316, 58, 178.33
2026/09/08 20:47:51.238, GPU-ecc6a1f9-42fe-2932-7ea0-1dd285491b7b, 723, 100, 1328, 58, 198.61
2026/09/08 20:47:51.441, GPU-ecc6a1f9-42fe-2932-7ea0-1dd285491b7b, 723, 100, 1316, 58, 244.19
2026/09/08 20:47:51.645, GPU-ecc6a1f9-42fe-2932-7ea0-1dd285491b7b, 723, 100, 1328, 57, 159.92
2026/09/08 20:47:51.849, GPU-ecc6a1f9-42fe-2932-7ea0-1dd285491b7b, 723, 100, 1328, 58, 214.78
2026/09/08 20:47:52.053, GPU-ecc6a1f9-42fe-2932-7ea0-1dd285491b7b, 723, 100, 1328, 57, 150.80
2026/09/08 20:47:52.256, GPU-ecc6a1f9-42fe-2932-7ea0-1dd285491b7b, 723, 100, 1328, 58, 248.76
2026/09/08 20:47:52.460, GPU-ecc6a1f9-42fe-2932-7ea0-1dd285491b7b, 723, 100, 1328, 58, 220.57
2026/09/08 20:47:52.663, GPU-ecc6a1f9-42fe-2932-7ea0-1dd285491b7b, 723, 100, 1316, 58, 194.87
2026/09/08 20:47:52.870, GPU-ecc6a1f9-42fe-2932-7ea0-1dd285491b7b, 723, 100, 1328, 58, 223.18
2026/09/08 20:47:53.073, GPU-ecc6a1f9-42fe-2932-7ea0-1dd285491b7b, 723, 100, 1328, 59, 237.63
2026/09/08 20:47:53.277, GPU-ecc6a1f9-42fe-2932-7ea0-1dd285491b7b, 723, 100, 1328, 58, 172.63
2026/09/08 20:47:53.481, GPU-ecc6a1f9-42fe-2932-7ea0-1dd285491b7b, 723, 100, 1328, 58, 229.45
2026/09/08 20:47:53.685, GPU-ecc6a1f9-42fe-2932-7ea0-1dd285491b7b, 723, 100, 1328, 58, 166.10
2026/09/08 20:47:53.890, GPU-ecc6a1f9-42fe-2932-7ea0-1dd285491b7b, 723, 85, 1328, 57, 113.57
2026/09/08 20:47:54.093, GPU-ecc6a1f9-42fe-2932-7ea0-1dd285491b7b, 723, 61, 1328, 57, 67.87
2026/09/08 20:47:54.297, GPU-ecc6a1f9-42fe-2932-7ea0-1dd285491b7b, 723, 64, 1328, 56, 210.17
2026/09/08 20:47:54.500, GPU-ecc6a1f9-42fe-2932-7ea0-1dd285491b7b, 723, 71, 1328, 56, 70.26
2026/09/08 20:47:54.704, GPU-ecc6a1f9-42fe-2932-7ea0-1dd285491b7b, 723, 56, 1328, 56, 151.78
2026/09/08 20:47:54.909, GPU-ecc6a1f9-42fe-2932-7ea0-1dd285491b7b, 723, 65, 1328, 56, 102.96
2026/09/08 20:47:55.113, GPU-ecc6a1f9-42fe-2932-7ea0-1dd285491b7b, 723, 60, 1328, 56, 79.98
2026/09/08 20:47:55.316, GPU-ecc6a1f9-42fe-2932-7ea0-1dd285491b7b, 723, 70, 1328, 56, 131.13
2026/09/08 20:47:55.520, GPU-ecc6a1f9-42fe-2932-7ea0-1dd285491b7b, 723, 57, 1328, 56, 161.01
2026/09/08 20:47:55.723, GPU-ecc6a1f9-42fe-2932-7ea0-1dd285491b7b, 723, 65, 1328, 56, 137.50
2026/09/08 20:47:55.929, GPU-ecc6a1f9-42fe-2932-7ea0-1dd285491b7b, 723, 73, 1328, 55, 193.91
2026/09/08 20:47:56.132, GPU-ecc6a1f9-42fe-2932-7ea0-1dd285491b7b, 723, 67, 1328, 56, 192.59
2026/09/08 20:47:56.336, GPU-ecc6a1f9-42fe-2932-7ea0-1dd285491b7b, 723, 65, 1328, 55, 74.67
2026/09/08 20:47:56.539, GPU-ecc6a1f9-42fe-2932-7ea0-1dd285491b7b, 723, 65, 1328, 55, 183.04
2026/09/08 20:47:56.743, GPU-ecc6a1f9-42fe-2932-7ea0-1dd285491b7b, 723, 65, 1328, 55, 116.82
2026/09/08 20:47:56.949, GPU-ecc6a1f9-42fe-2932-7ea0-1dd285491b7b, 723, 58, 1328, 56, 125.13
2026/09/08 20:47:57.152, GPU-ecc6a1f9-42fe-2932-7ea0-1dd285491b7b, 453, 56, 1328, 55, 54.53
2026/09/08 20:47:57.356, GPU-ecc6a1f9-42fe-2932-7ea0-1dd285491b7b, 5, 20, 1328, 54, 44.82
2026/09/08 20:47:57.559, GPU-ecc6a1f9-42fe-2932-7ea0-1dd285491b7b, 5, 0, 1328, 54, 44.60
2026/09/08 20:47:57.763, GPU-ecc6a1f9-42fe-2932-7ea0-1dd285491b7b, 5, 0, 1328, 53, 44.35
2026/09/08 20:47:57.966, GPU-ecc6a1f9-42fe-2932-7ea0-1dd285491b7b, 5, 0, 1328, 53, 44.11
2026/09/08 20:47:58.173, GPU-ecc6a1f9-42fe-2932-7ea0-1dd285491b7b, 5, 0, 1328, 53, 44.11
2026/09/08 20:47:58.376, GPU-ecc6a1f9-42fe-2932-7ea0-1dd285491b7b, 5, 0, 1328, 53, 44.11
2026/09/08 20:47:58.580, GPU-ecc6a1f9-42fe-2932-7ea0-1dd285491b7b, 5, 0, 1328, 52, 42.90
2026/09/08 20:47:58.783, GPU-ecc6a1f9-42fe-2932-7ea0-1dd285491b7b, 5, 0, 1328, 52, 43.38
2026/09/08 20:47:58.987, GPU-ecc6a1f9-42fe-2932-7ea0-1dd285491b7b, 5, 0, 1328, 52, 43.14
2026/09/08 20:47:59.190, GPU-ecc6a1f9-42fe-2932-7ea0-1dd285491b7b, 5, 0, 1328, 52, 42.65
2026/09/08 20:47:59.394, GPU-ecc6a1f9-42fe-2932-7ea0-1dd285491b7b, 5, 0, 1328, 52, 43.14
2026/09/08 20:47:59.600, GPU-ecc6a1f9-42fe-2932-7ea0-1dd285491b7b, 5, 0, 1328, 52, 43.14
2026/09/08 20:47:59.803, GPU-ecc6a1f9-42fe-2932-7ea0-1dd285491b7b, 5, 0, 835, 52, 40.94
2026/09/08 20:48:00.012, GPU-ecc6a1f9-42fe-2932-7ea0-1dd285491b7b, 5, 0, 835, 51, 32.68
2026/09/08 20:48:00.219, GPU-ecc6a1f9-42fe-2932-7ea0-1dd285491b7b, 5, 0, 835, 51, 32.43
2026/09/08 20:48:00.423, GPU-ecc6a1f9-42fe-2932-7ea0-1dd285491b7b, 5, 0, 835, 51, 32.43
2026/09/08 20:48:00.626, GPU-ecc6a1f9-42fe-2932-7ea0-1dd285491b7b, 5, 0, 835, 51, 32.43
2026/09/08 20:48:00.830, GPU-ecc6a1f9-42fe-2932-7ea0-1dd285491b7b, 5, 0, 835, 51, 32.43
2026/09/08 20:48:01.033, GPU-ecc6a1f9-42fe-2932-7ea0-1dd285491b7b, 5, 0, 835, 50, 32.43
2026/09/08 20:48:01.239, GPU-ecc6a1f9-42fe-2932-7ea0-1dd285491b7b, 5, 0, 835, 50, 32.43
2026/09/08 20:48:01.442, GPU-ecc6a1f9-42fe-2932-7ea0-1dd285491b7b, 5, 0, 835, 50, 32.43
2026/09/08 20:48:01.646, GPU-ecc6a1f9-42fe-2932-7ea0-1dd285491b7b, 5, 0, 835, 50, 32.43
2026/09/08 20:48:01.849, GPU-ecc6a1f9-42fe-2932-7ea0-1dd285491b7b, 5, 0, 835, 50, 32.19
2026/09/08 20:48:02.053, GPU-ecc6a1f9-42fe-2932-7ea0-1dd285491b7b, 5, 0, 835, 50, 32.19
2026/09/08 20:48:02.258, GPU-ecc6a1f9-42fe-2932-7ea0-1dd285491b7b, 5, 0, 835, 50, 32.43
2026/09/08 20:48:02.462, GPU-ecc6a1f9-42fe-2932-7ea0-1dd285491b7b, 5, 0, 835, 50, 31.95
2026/09/08 20:48:02.665, GPU-ecc6a1f9-42fe-2932-7ea0-1dd285491b7b, 5, 0, 405, 50, 30.48
2026/09/08 20:48:02.869, GPU-ecc6a1f9-42fe-2932-7ea0-1dd285491b7b, 5, 0, 405, 50, 30.48
2026/09/08 20:48:03.072, GPU-ecc6a1f9-42fe-2932-7ea0-1dd285491b7b, 5, 0, 405, 50, 30.48
2026/09/08 20:48:03.278, GPU-ecc6a1f9-42fe-2932-7ea0-1dd285491b7b, 5, 0, 405, 49, 30.48
2026/09/08 20:48:03.481, GPU-ecc6a1f9-42fe-2932-7ea0-1dd285491b7b, 5, 0, 405, 49, 30.48
2026/09/08 20:48:03.685, GPU-ecc6a1f9-42fe-2932-7ea0-1dd285491b7b, 5, 0, 405, 49, 30.48
2026/09/08 20:48:03.888, GPU-ecc6a1f9-42fe-2932-7ea0-1dd285491b7b, 5, 0, 405, 49, 30.24
2026/09/08 20:48:04.092, GPU-ecc6a1f9-42fe-2932-7ea0-1dd285491b7b, 5, 0, 405, 49, 30.24
2026/09/08 20:48:04.297, GPU-ecc6a1f9-42fe-2932-7ea0-1dd285491b7b, 5, 0, 405, 49, 30.24
2026/09/08 20:48:04.500, GPU-ecc6a1f9-42fe-2932-7ea0-1dd285491b7b, 5, 0, 405, 49, 30.24
2026/09/08 20:48:04.704, GPU-ecc6a1f9-42fe-2932-7ea0-1dd285491b7b, 5, 0, 405, 49, 30.24
2026/09/08 20:48:04.907, GPU-ecc6a1f9-42fe-2932-7ea0-1dd285491b7b, 5, 0, 405, 49, 30.24
2026/09/08 20:48:05.111, GPU-ecc6a1f9-42fe-2932-7ea0-1dd285491b7b, 5, 0, 405, 49, 30.24
2026/09/08 20:48:05.317, GPU-ecc6a1f9-42fe-2932-7ea0-1dd285491b7b, 5, 0, 405, 49, 30.24
2026/09/08 20:48:05.520, GPU-ecc6a1f9-42fe-2932-7ea0-1dd285491b7b, 5, 0, 405, 49, 30.24
2026/09/08 20:48:05.724, GPU-ecc6a1f9-42fe-2932-7ea0-1dd285491b7b, 5, 0, 405, 49, 30.24
2026/09/08 20:48:05.927, GPU-ecc6a1f9-42fe-2932-7ea0-1dd285491b7b, 5, 0, 405, 49, 30.24
2026/09/08 20:48:06.131, GPU-ecc6a1f9-42fe-2932-7ea0-1dd285491b7b, 5, 0, 405, 49, 30.24
2026/09/08 20:48:06.336, GPU-ecc6a1f9-42fe-2932-7ea0-1dd285491b7b, 5, 0, 405, 49, 30.24
2026/09/08 20:48:06.539, GPU-ecc6a1f9-42fe-2932-7ea0-1dd285491b7b, 5, 0, 405, 49, 30.24
2026/09/08 20:48:06.743, GPU-ecc6a1f9-42fe-2932-7ea0-1dd285491b7b, 5, 0, 405, 48, 30.00
2026/09/08 20:48:06.946, GPU-ecc6a1f9-42fe-2932-7ea0-1dd285491b7b, 5, 0, 405, 48, 30.24
2026/09/08 20:48:07.150, GPU-ecc6a1f9-42fe-2932-7ea0-1dd285491b7b, 5, 0, 405, 48, 30.00
2026/09/08 20:48:07.355, GPU-ecc6a1f9-42fe-2932-7ea0-1dd285491b7b, 5, 0, 405, 48, 30.00
2026/09/08 20:48:07.559, GPU-ecc6a1f9-42fe-2932-7ea0-1dd285491b7b, 5, 0, 405, 48, 30.00
2026/09/08 20:48:07.763, GPU-ecc6a1f9-42fe-2932-7ea0-1dd285491b7b, 5, 0, 405, 48, 30.00
2026/09/08 20:48:07.966, GPU-ecc6a1f9-42fe-2932-7ea0-1dd285491b7b, 5, 0, 405, 48, 30.00
2026/09/08 20:48:08.170, GPU-ecc6a1f9-42fe-2932-7ea0-1dd285491b7b, 5, 0, 405, 48, 30.00
2026/09/08 20:48:08.375, GPU-ecc6a1f9-42fe-2932-7ea0-1dd285491b7b, 5, 0, 405, 48, 30.00
2026/09/08 20:48:08.578, GPU-ecc6a1f9-42fe-2932-7ea0-1dd285491b7b, 5, 0, 405, 48, 30.00
2026/09/08 20:48:08.782, GPU-ecc6a1f9-42fe-2932-7ea0-1dd285491b7b, 5, 0, 405, 48, 30.00
2026/09/08 20:48:08.986, GPU-ecc6a1f9-42fe-2932-7ea0-1dd285491b7b, 5, 0, 405, 48, 30.00
2026/09/08 20:48:09.189, GPU-ecc6a1f9-42fe-2932-7ea0-1dd285491b7b, 5, 0, 405, 48, 30.00
2026/09/08 20:48:09.394, GPU-ecc6a1f9-42fe-2932-7ea0-1dd285491b7b, 5, 0, 405, 48, 30.00
2026/09/08 20:48:09.598, GPU-ecc6a1f9-42fe-2932-7ea0-1dd285491b7b, 5, 0, 405, 48, 30.00
2026/09/08 20:48:09.801, GPU-ecc6a1f9-42fe-2932-7ea0-1dd285491b7b, 5, 0, 405, 48, 30.00
2026/09/08 20:48:10.005, GPU-ecc6a1f9-42fe-2932-7ea0-1dd285491b7b, 5, 0, 405, 47, 30.00
2026/09/08 20:48:10.208, GPU-ecc6a1f9-42fe-2932-7ea0-1dd285491b7b, 5, 0, 405, 47, 29.75
2026/09/08 20:48:10.414, GPU-ecc6a1f9-42fe-2932-7ea0-1dd285491b7b, 5, 0, 405, 47, 29.75
2026/09/08 20:48:10.728, GPU-ecc6a1f9-42fe-2932-7ea0-1dd285491b7b, 5, 0, 405, 47, 30.00
2026/09/08 20:48:10.931, GPU-ecc6a1f9-42fe-2932-7ea0-1dd285491b7b, 5, 0, 405, 47, 29.75
2026/09/08 20:48:11.135, GPU-ecc6a1f9-42fe-2932-7ea0-1dd285491b7b, 5, 0, 405, 47, 29.75
2026/09/08 20:48:11.338, GPU-ecc6a1f9-42fe-2932-7ea0-1dd285491b7b, 5, 0, 405, 47, 29.75
2026/09/08 20:48:11.542, GPU-ecc6a1f9-42fe-2932-7ea0-1dd285491b7b, 5, 0, 405, 47, 29.75
2026/09/08 20:48:11.746, GPU-ecc6a1f9-42fe-2932-7ea0-1dd285491b7b, 5, 0, 405, 47, 29.75
2026/09/08 20:48:11.949, GPU-ecc6a1f9-42fe-2932-7ea0-1dd285491b7b, 5, 0, 405, 47, 29.75
2026/09/08 20:48:12.153, GPU-ecc6a1f9-42fe-2932-7ea0-1dd285491b7b, 5, 0, 405, 47, 29.75
2026/09/08 20:48:12.356, GPU-ecc6a1f9-42fe-2932-7ea0-1dd285491b7b, 5, 0, 405, 47, 29.75
2026/09/08 20:48:12.560, GPU-ecc6a1f9-42fe-2932-7ea0-1dd285491b7b, 5, 0, 405, 47, 29.75
2026/09/08 20:48:12.765, GPU-ecc6a1f9-42fe-2932-7ea0-1dd285491b7b, 5, 0, 405, 47, 29.75
2026/09/08 20:48:12.968, GPU-ecc6a1f9-42fe-2932-7ea0-1dd285491b7b, 5, 0, 405, 47, 29.75
2026/09/08 20:48:13.172, GPU-ecc6a1f9-42fe-2932-7ea0-1dd285491b7b, 5, 0, 405, 47, 29.75
2026/09/08 20:48:13.375, GPU-ecc6a1f9-42fe-2932-7ea0-1dd285491b7b, 5, 0, 405, 47, 29.75
2026/09/08 20:48:13.579, GPU-ecc6a1f9-42fe-2932-7ea0-1dd285491b7b, 5, 0, 405, 46, 29.75
2026/09/08 20:48:13.784, GPU-ecc6a1f9-42fe-2932-7ea0-1dd285491b7b, 5, 0, 405, 46, 29.75
2026/09/08 20:48:13.987, GPU-ecc6a1f9-42fe-2932-7ea0-1dd285491b7b, 5, 0, 405, 46, 29.75
2026/09/08 20:48:14.191, GPU-ecc6a1f9-42fe-2932-7ea0-1dd285491b7b, 5, 0, 405, 46, 29.75
2026/09/08 20:48:14.394, GPU-ecc6a1f9-42fe-2932-7ea0-1dd285491b7b, 5, 0, 405, 46, 29.75
2026/09/08 20:48:14.598, GPU-ecc6a1f9-42fe-2932-7ea0-1dd285491b7b, 5, 0, 405, 46, 29.75
2026/09/08 20:48:14.803, GPU-ecc6a1f9-42fe-2932-7ea0-1dd285491b7b, 5, 0, 405, 46, 29.75
2026/09/08 20:48:15.007, GPU-ecc6a1f9-42fe-2932-7ea0-1dd285491b7b, 5, 0, 405, 46, 29.51
2026/09/08 20:48:15.210, GPU-ecc6a1f9-42fe-2932-7ea0-1dd285491b7b, 5, 0, 405, 46, 29.26
2026/09/08 20:48:15.414, GPU-ecc6a1f9-42fe-2932-7ea0-1dd285491b7b, 5, 0, 405, 46, 29.26
2026/09/08 20:48:15.617, GPU-ecc6a1f9-42fe-2932-7ea0-1dd285491b7b, 5, 0, 405, 46, 29.51
2026/09/08 20:48:15.823, GPU-ecc6a1f9-42fe-2932-7ea0-1dd285491b7b, 5, 0, 405, 46, 29.26
2026/09/08 20:48:16.027, GPU-ecc6a1f9-42fe-2932-7ea0-1dd285491b7b, 5, 0, 405, 46, 29.26
2026/09/08 20:48:16.230, GPU-ecc6a1f9-42fe-2932-7ea0-1dd285491b7b, 5, 0, 405, 46, 29.26
2026/09/08 20:48:16.434, GPU-ecc6a1f9-42fe-2932-7ea0-1dd285491b7b, 5, 0, 405, 46, 29.26
2026/09/08 20:48:16.637, GPU-ecc6a1f9-42fe-2932-7ea0-1dd285491b7b, 5, 0, 405, 46, 29.26
2026/09/08 20:48:16.843, GPU-ecc6a1f9-42fe-2932-7ea0-1dd285491b7b, 5, 0, 405, 46, 29.26
2026/09/08 20:48:17.046, GPU-ecc6a1f9-42fe-2932-7ea0-1dd285491b7b, 5, 0, 405, 45, 29.26
2026/09/08 20:48:17.250, GPU-ecc6a1f9-42fe-2932-7ea0-1dd285491b7b, 5, 0, 405, 45, 29.26
2026/09/08 20:48:17.453, GPU-ecc6a1f9-42fe-2932-7ea0-1dd285491b7b, 5, 0, 405, 45, 29.26
2026/09/08 20:48:17.657, GPU-ecc6a1f9-42fe-2932-7ea0-1dd285491b7b, 5, 0, 405, 45, 29.26
2026/09/08 20:48:17.862, GPU-ecc6a1f9-42fe-2932-7ea0-1dd285491b7b, 5, 0, 405, 45, 29.26
2026/09/08 20:48:18.065, GPU-ecc6a1f9-42fe-2932-7ea0-1dd285491b7b, 5, 0, 405, 45, 29.26
2026/09/08 20:48:18.269, GPU-ecc6a1f9-42fe-2932-7ea0-1dd285491b7b, 5, 0, 405, 45, 29.26
2026/09/08 20:48:18.472, GPU-ecc6a1f9-42fe-2932-7ea0-1dd285491b7b, 5, 0, 405, 45, 29.26
2026/09/08 20:48:18.676, GPU-ecc6a1f9-42fe-2932-7ea0-1dd285491b7b, 5, 0, 405, 45, 29.26
2026/09/08 20:48:18.881, GPU-ecc6a1f9-42fe-2932-7ea0-1dd285491b7b, 5, 0, 405, 45, 29.26
2026/09/08 20:48:19.085, GPU-ecc6a1f9-42fe-2932-7ea0-1dd285491b7b, 5, 0, 405, 45, 29.26
2026/09/08 20:48:19.288, GPU-ecc6a1f9-42fe-2932-7ea0-1dd285491b7b, 5, 0, 405, 45, 29.26
2026/09/08 20:48:19.492, GPU-ecc6a1f9-42fe-2932-7ea0-1dd285491b7b, 5, 0, 405, 45, 29.02
2026/09/08 20:48:19.695, GPU-ecc6a1f9-42fe-2932-7ea0-1dd285491b7b, 5, 0, 405, 45, 29.02
2026/09/08 20:48:19.901, GPU-ecc6a1f9-42fe-2932-7ea0-1dd285491b7b, 5, 0, 405, 45, 29.02
2026/09/08 20:48:20.105, GPU-ecc6a1f9-42fe-2932-7ea0-1dd285491b7b, 5, 0, 405, 45, 29.02
2026/09/08 20:48:20.308, GPU-ecc6a1f9-42fe-2932-7ea0-1dd285491b7b, 5, 0, 405, 45, 29.02
2026/09/08 20:48:20.512, GPU-ecc6a1f9-42fe-2932-7ea0-1dd285491b7b, 5, 0, 405, 45, 29.02
2026/09/08 20:48:20.716, GPU-ecc6a1f9-42fe-2932-7ea0-1dd285491b7b, 5, 0, 405, 45, 29.02
2026/09/08 20:48:20.921, GPU-ecc6a1f9-42fe-2932-7ea0-1dd285491b7b, 5, 0, 405, 44, 29.02
2026/09/08 20:48:21.125, GPU-ecc6a1f9-42fe-2932-7ea0-1dd285491b7b, 5, 0, 405, 44, 29.02
2026/09/08 20:48:21.328, GPU-ecc6a1f9-42fe-2932-7ea0-1dd285491b7b, 5, 0, 405, 44, 29.02
2026/09/08 20:48:21.532, GPU-ecc6a1f9-42fe-2932-7ea0-1dd285491b7b, 5, 0, 405, 44, 29.02
2026/09/08 20:48:21.736, GPU-ecc6a1f9-42fe-2932-7ea0-1dd285491b7b, 5, 0, 405, 44, 29.02
2026/09/08 20:48:21.942, GPU-ecc6a1f9-42fe-2932-7ea0-1dd285491b7b, 5, 0, 405, 44, 29.02
2026/09/08 20:48:22.145, GPU-ecc6a1f9-42fe-2932-7ea0-1dd285491b7b, 5, 0, 405, 44, 29.02
2026/09/08 20:48:22.349, GPU-ecc6a1f9-42fe-2932-7ea0-1dd285491b7b, 5, 0, 405, 44, 29.02
2026/09/08 20:48:22.552, GPU-ecc6a1f9-42fe-2932-7ea0-1dd285491b7b, 5, 0, 405, 44, 29.02
2026/09/08 20:48:22.756, GPU-ecc6a1f9-42fe-2932-7ea0-1dd285491b7b, 5, 0, 405, 44, 29.02
2026/09/08 20:48:22.961, GPU-ecc6a1f9-42fe-2932-7ea0-1dd285491b7b, 5, 0, 405, 44, 29.02
2026/09/08 20:48:23.165, GPU-ecc6a1f9-42fe-2932-7ea0-1dd285491b7b, 5, 0, 405, 44, 28.77
2026/09/08 20:48:23.368, GPU-ecc6a1f9-42fe-2932-7ea0-1dd285491b7b, 5, 0, 405, 44, 29.02
2026/09/08 20:48:23.572, GPU-ecc6a1f9-42fe-2932-7ea0-1dd285491b7b, 5, 0, 405, 44, 28.77
2026/09/08 20:48:23.775, GPU-ecc6a1f9-42fe-2932-7ea0-1dd285491b7b, 5, 0, 405, 44, 28.77
2026/09/08 20:48:23.981, GPU-ecc6a1f9-42fe-2932-7ea0-1dd285491b7b, 5, 0, 405, 44, 29.02
2026/09/08 20:48:24.185, GPU-ecc6a1f9-42fe-2932-7ea0-1dd285491b7b, 5, 0, 405, 44, 28.77
2026/09/08 20:48:24.388, GPU-ecc6a1f9-42fe-2932-7ea0-1dd285491b7b, 5, 0, 405, 44, 28.77
2026/09/08 20:48:24.592, GPU-ecc6a1f9-42fe-2932-7ea0-1dd285491b7b, 5, 0, 405, 44, 28.77
2026/09/08 20:48:24.795, GPU-ecc6a1f9-42fe-2932-7ea0-1dd285491b7b, 5, 0, 405, 44, 28.77
2026/09/08 20:48:25.000, GPU-ecc6a1f9-42fe-2932-7ea0-1dd285491b7b, 5, 0, 405, 44, 28.77
2026/09/08 20:48:25.204, GPU-ecc6a1f9-42fe-2932-7ea0-1dd285491b7b, 5, 0, 405, 43, 28.77
2026/09/08 20:48:25.407, GPU-ecc6a1f9-42fe-2932-7ea0-1dd285491b7b, 5, 0, 405, 43, 28.77
2026/09/08 20:48:25.611, GPU-ecc6a1f9-42fe-2932-7ea0-1dd285491b7b, 5, 0, 405, 43, 28.77
2026/09/08 20:48:25.814, GPU-ecc6a1f9-42fe-2932-7ea0-1dd285491b7b, 5, 0, 405, 43, 28.77
2026/09/08 20:48:26.019, GPU-ecc6a1f9-42fe-2932-7ea0-1dd285491b7b, 5, 0, 405, 43, 28.77
2026/09/08 20:48:26.223, GPU-ecc6a1f9-42fe-2932-7ea0-1dd285491b7b, 5, 0, 405, 43, 28.77
2026/09/08 20:48:26.427, GPU-ecc6a1f9-42fe-2932-7ea0-1dd285491b7b, 5, 0, 405, 43, 28.77
2026/09/08 20:48:26.630, GPU-ecc6a1f9-42fe-2932-7ea0-1dd285491b7b, 5, 0, 405, 43, 28.77
2026/09/08 20:48:26.834, GPU-ecc6a1f9-42fe-2932-7ea0-1dd285491b7b, 5, 0, 405, 43, 28.77
2026/09/08 20:48:27.039, GPU-ecc6a1f9-42fe-2932-7ea0-1dd285491b7b, 5, 0, 405, 43, 28.77
2026/09/08 20:48:27.243, GPU-ecc6a1f9-42fe-2932-7ea0-1dd285491b7b, 5, 0, 405, 43, 28.77
2026/09/08 20:48:27.446, GPU-ecc6a1f9-42fe-2932-7ea0-1dd285491b7b, 5, 0, 405, 43, 28.77
2026/09/08 20:48:27.650, GPU-ecc6a1f9-42fe-2932-7ea0-1dd285491b7b, 5, 0, 405, 43, 28.77
2026/09/08 20:48:27.853, GPU-ecc6a1f9-42fe-2932-7ea0-1dd285491b7b, 5, 0, 405, 43, 28.77
2026/09/08 20:48:28.059, GPU-ecc6a1f9-42fe-2932-7ea0-1dd285491b7b, 5, 0, 405, 43, 28.77
2026/09/08 20:48:28.262, GPU-ecc6a1f9-42fe-2932-7ea0-1dd285491b7b, 5, 0, 405, 43, 28.77
2026/09/08 20:48:28.466, GPU-ecc6a1f9-42fe-2932-7ea0-1dd285491b7b, 5, 0, 405, 43, 28.77
2026/09/08 20:48:28.669, GPU-ecc6a1f9-42fe-2932-7ea0-1dd285491b7b, 5, 0, 405, 43, 28.53
2026/09/08 20:48:28.873, GPU-ecc6a1f9-42fe-2932-7ea0-1dd285491b7b, 5, 0, 405, 43, 28.77
2026/09/08 20:48:29.076, GPU-ecc6a1f9-42fe-2932-7ea0-1dd285491b7b, 5, 0, 405, 43, 28.77
2026/09/08 20:48:29.282, GPU-ecc6a1f9-42fe-2932-7ea0-1dd285491b7b, 5, 0, 405, 43, 28.77
2026/09/08 20:48:29.486, GPU-ecc6a1f9-42fe-2932-7ea0-1dd285491b7b, 5, 0, 405, 43, 28.53
2026/09/08 20:48:29.689, GPU-ecc6a1f9-42fe-2932-7ea0-1dd285491b7b, 5, 0, 405, 43, 28.53
2026/09/08 20:48:29.893, GPU-ecc6a1f9-42fe-2932-7ea0-1dd285491b7b, 5, 0, 405, 43, 28.53
2026/09/08 20:48:30.096, GPU-ecc6a1f9-42fe-2932-7ea0-1dd285491b7b, 5, 0, 405, 43, 28.77
2026/09/08 20:48:30.300, GPU-ecc6a1f9-42fe-2932-7ea0-1dd285491b7b, 5, 0, 405, 42, 28.53
2026/09/08 20:48:30.506, GPU-ecc6a1f9-42fe-2932-7ea0-1dd285491b7b, 5, 0, 405, 42, 28.53
2026/09/08 20:48:30.709, GPU-ecc6a1f9-42fe-2932-7ea0-1dd285491b7b, 5, 0, 405, 42, 28.53
2026/09/08 20:48:30.913, GPU-ecc6a1f9-42fe-2932-7ea0-1dd285491b7b, 5, 0, 405, 42, 28.53
2026/09/08 20:48:31.116, GPU-ecc6a1f9-42fe-2932-7ea0-1dd285491b7b, 5, 0, 405, 42, 28.53
2026/09/08 20:48:31.320, GPU-ecc6a1f9-42fe-2932-7ea0-1dd285491b7b, 5, 0, 405, 42, 28.53
2026/09/08 20:48:31.526, GPU-ecc6a1f9-42fe-2932-7ea0-1dd285491b7b, 5, 0, 405, 42, 28.53
2026/09/08 20:48:31.729, GPU-ecc6a1f9-42fe-2932-7ea0-1dd285491b7b, 5, 0, 405, 42, 28.53
2026/09/08 20:48:31.959, GPU-ecc6a1f9-42fe-2932-7ea0-1dd285491b7b, 5, 0, 405, 42, 28.77
2026/09/08 20:48:32.162, GPU-ecc6a1f9-42fe-2932-7ea0-1dd285491b7b, 5, 0, 405, 42, 28.77
2026/09/08 20:48:32.366, GPU-ecc6a1f9-42fe-2932-7ea0-1dd285491b7b, 5, 0, 405, 42, 28.77
2026/09/08 20:48:32.571, GPU-ecc6a1f9-42fe-2932-7ea0-1dd285491b7b, 5, 0, 405, 42, 28.77
2026/09/08 20:48:32.775, GPU-ecc6a1f9-42fe-2932-7ea0-1dd285491b7b, 5, 0, 405, 42, 28.77
2026/09/08 20:48:32.978, GPU-ecc6a1f9-42fe-2932-7ea0-1dd285491b7b, 5, 0, 405, 42, 28.77
2026/09/08 20:48:33.182, GPU-ecc6a1f9-42fe-2932-7ea0-1dd285491b7b, 5, 0, 405, 42, 28.77
2026/09/08 20:48:33.385, GPU-ecc6a1f9-42fe-2932-7ea0-1dd285491b7b, 5, 0, 405, 42, 28.77
2026/09/08 20:48:33.591, GPU-ecc6a1f9-42fe-2932-7ea0-1dd285491b7b, 5, 0, 405, 42, 28.77
2026/09/08 20:48:33.794, GPU-ecc6a1f9-42fe-2932-7ea0-1dd285491b7b, 5, 0, 405, 42, 28.53
2026/09/08 20:48:33.998, GPU-ecc6a1f9-42fe-2932-7ea0-1dd285491b7b, 5, 0, 405, 42, 28.53
2026/09/08 20:48:34.201, GPU-ecc6a1f9-42fe-2932-7ea0-1dd285491b7b, 5, 0, 405, 42, 28.53
2026/09/08 20:48:34.405, GPU-ecc6a1f9-42fe-2932-7ea0-1dd285491b7b, 5, 0, 405, 42, 28.53
2026/09/08 20:48:34.610, GPU-ecc6a1f9-42fe-2932-7ea0-1dd285491b7b, 5, 0, 405, 42, 28.77
2026/09/08 20:48:34.813, GPU-ecc6a1f9-42fe-2932-7ea0-1dd285491b7b, 5, 0, 405, 42, 28.77
2026/09/08 20:48:35.017, GPU-ecc6a1f9-42fe-2932-7ea0-1dd285491b7b, 5, 0, 405, 42, 28.77
2026/09/08 20:48:35.220, GPU-ecc6a1f9-42fe-2932-7ea0-1dd285491b7b, 5, 0, 405, 41, 28.53
2026/09/08 20:48:35.424, GPU-ecc6a1f9-42fe-2932-7ea0-1dd285491b7b, 5, 0, 405, 41, 28.53
2026/09/08 20:48:35.629, GPU-ecc6a1f9-42fe-2932-7ea0-1dd285491b7b, 5, 0, 405, 41, 28.53
2026/09/08 20:48:35.833, GPU-ecc6a1f9-42fe-2932-7ea0-1dd285491b7b, 5, 0, 405, 41, 28.53
2026/09/08 20:48:36.036, GPU-ecc6a1f9-42fe-2932-7ea0-1dd285491b7b, 5, 0, 405, 41, 28.53
2026/09/08 20:48:36.240, GPU-ecc6a1f9-42fe-2932-7ea0-1dd285491b7b, 5, 0, 405, 41, 28.53
2026/09/08 20:48:36.444, GPU-ecc6a1f9-42fe-2932-7ea0-1dd285491b7b, 5, 0, 405, 41, 28.53
2026/09/08 20:48:36.649, GPU-ecc6a1f9-42fe-2932-7ea0-1dd285491b7b, 5, 0, 405, 41, 28.53
2026/09/08 20:48:36.852, GPU-ecc6a1f9-42fe-2932-7ea0-1dd285491b7b, 5, 0, 405, 41, 28.53
2026/09/08 20:48:37.056, GPU-ecc6a1f9-42fe-2932-7ea0-1dd285491b7b, 5, 0, 405, 41, 28.53
2026/09/08 20:48:37.260, GPU-ecc6a1f9-42fe-2932-7ea0-1dd285491b7b, 5, 0, 405, 41, 28.53
2026/09/08 20:48:37.463, GPU-ecc6a1f9-42fe-2932-7ea0-1dd285491b7b, 5, 0, 405, 41, 28.53
2026/09/08 20:48:37.668, GPU-ecc6a1f9-42fe-2932-7ea0-1dd285491b7b, 5, 0, 405, 41, 28.53
2026/09/08 20:48:37.872, GPU-ecc6a1f9-42fe-2932-7ea0-1dd285491b7b, 5, 0, 405, 41, 28.53
2026/09/08 20:48:38.075, GPU-ecc6a1f9-42fe-2932-7ea0-1dd285491b7b, 5, 0, 405, 41, 28.53
2026/09/08 20:48:38.279, GPU-ecc6a1f9-42fe-2932-7ea0-1dd285491b7b, 5, 0, 405, 41, 28.53
2026/09/08 20:48:38.483, GPU-ecc6a1f9-42fe-2932-7ea0-1dd285491b7b, 5, 0, 405, 41, 28.53
2026/09/08 20:48:38.688, GPU-ecc6a1f9-42fe-2932-7ea0-1dd285491b7b, 5, 0, 405, 41, 28.53
2026/09/08 20:48:38.891, GPU-ecc6a1f9-42fe-2932-7ea0-1dd285491b7b, 5, 0, 405, 41, 28.53
2026/09/08 20:48:39.095, GPU-ecc6a1f9-42fe-2932-7ea0-1dd285491b7b, 5, 0, 405, 41, 28.53
2026/09/08 20:48:39.298, GPU-ecc6a1f9-42fe-2932-7ea0-1dd285491b7b, 5, 0, 405, 41, 28.53
2026/09/08 20:48:39.502, GPU-ecc6a1f9-42fe-2932-7ea0-1dd285491b7b, 5, 0, 405, 41, 28.53
2026/09/08 20:48:39.707, GPU-ecc6a1f9-42fe-2932-7ea0-1dd285491b7b, 5, 0, 405, 41, 28.29
2026/09/08 20:48:39.911, GPU-ecc6a1f9-42fe-2932-7ea0-1dd285491b7b, 5, 0, 405, 41, 28.53
2026/09/08 20:48:40.115, GPU-ecc6a1f9-42fe-2932-7ea0-1dd285491b7b, 5, 0, 405, 41, 28.29
2026/09/08 20:48:40.318, GPU-ecc6a1f9-42fe-2932-7ea0-1dd285491b7b, 5, 0, 405, 41, 28.29
2026/09/08 20:48:40.522, GPU-ecc6a1f9-42fe-2932-7ea0-1dd285491b7b, 5, 0, 405, 40, 28.53
2026/09/08 20:48:40.727, GPU-ecc6a1f9-42fe-2932-7ea0-1dd285491b7b, 5, 0, 405, 40, 28.29
2026/09/08 20:48:40.930, GPU-ecc6a1f9-42fe-2932-7ea0-1dd285491b7b, 5, 0, 405, 40, 28.29
2026/09/08 20:48:41.134, GPU-ecc6a1f9-42fe-2932-7ea0-1dd285491b7b, 5, 0, 405, 40, 28.53
2026/09/08 20:48:41.337, GPU-ecc6a1f9-42fe-2932-7ea0-1dd285491b7b, 5, 0, 405, 40, 28.29
2026/09/08 20:48:41.541, GPU-ecc6a1f9-42fe-2932-7ea0-1dd285491b7b, 5, 0, 405, 40, 28.29
2026/09/08 20:48:41.746, GPU-ecc6a1f9-42fe-2932-7ea0-1dd285491b7b, 5, 0, 405, 40, 28.29
2026/09/08 20:48:41.950, GPU-ecc6a1f9-42fe-2932-7ea0-1dd285491b7b, 5, 0, 405, 40, 28.29
2026/09/08 20:48:42.153, GPU-ecc6a1f9-42fe-2932-7ea0-1dd285491b7b, 5, 0, 405, 40, 28.29
2026/09/08 20:48:42.357, GPU-ecc6a1f9-42fe-2932-7ea0-1dd285491b7b, 5, 0, 405, 40, 28.29
2026/09/08 20:48:42.560, GPU-ecc6a1f9-42fe-2932-7ea0-1dd285491b7b, 5, 0, 405, 40, 28.29
2026/09/08 20:48:42.764, GPU-ecc6a1f9-42fe-2932-7ea0-1dd285491b7b, 5, 0, 405, 40, 28.29
2026/09/08 20:48:42.969, GPU-ecc6a1f9-42fe-2932-7ea0-1dd285491b7b, 5, 0, 405, 40, 28.29
2026/09/08 20:48:43.172, GPU-ecc6a1f9-42fe-2932-7ea0-1dd285491b7b, 5, 0, 405, 40, 28.29
2026/09/08 20:48:43.376, GPU-ecc6a1f9-42fe-2932-7ea0-1dd285491b7b, 5, 0, 405, 40, 28.29
2026/09/08 20:48:43.579, GPU-ecc6a1f9-42fe-2932-7ea0-1dd285491b7b, 5, 0, 405, 40, 28.29
2026/09/08 20:48:43.783, GPU-ecc6a1f9-42fe-2932-7ea0-1dd285491b7b, 5, 0, 405, 40, 28.29
2026/09/08 20:48:43.986, GPU-ecc6a1f9-42fe-2932-7ea0-1dd285491b7b, 5, 0, 405, 40, 28.29
2026/09/08 20:48:44.192, GPU-ecc6a1f9-42fe-2932-7ea0-1dd285491b7b, 5, 0, 405, 40, 28.29
2026/09/08 20:48:44.396, GPU-ecc6a1f9-42fe-2932-7ea0-1dd285491b7b, 5, 0, 405, 40, 28.29
2026/09/08 20:48:44.599, GPU-ecc6a1f9-42fe-2932-7ea0-1dd285491b7b, 5, 0, 405, 40, 28.29
2026/09/08 20:48:44.803, GPU-ecc6a1f9-42fe-2932-7ea0-1dd285491b7b, 5, 0, 405, 40, 28.29
2026/09/08 20:48:45.006, GPU-ecc6a1f9-42fe-2932-7ea0-1dd285491b7b, 5, 0, 405, 40, 28.29
2026/09/08 20:48:45.210, GPU-ecc6a1f9-42fe-2932-7ea0-1dd285491b7b, 5, 0, 405, 40, 28.29
2026/09/08 20:48:45.414, GPU-ecc6a1f9-42fe-2932-7ea0-1dd285491b7b, 5, 0, 405, 40, 28.29
2026/09/08 20:48:45.618, GPU-ecc6a1f9-42fe-2932-7ea0-1dd285491b7b, 5, 0, 405, 40, 28.29
2026/09/08 20:48:45.821, GPU-ecc6a1f9-42fe-2932-7ea0-1dd285491b7b, 5, 0, 405, 40, 28.29
2026/09/08 20:48:46.025, GPU-ecc6a1f9-42fe-2932-7ea0-1dd285491b7b, 5, 0, 405, 40, 28.29
2026/09/08 20:48:46.228, GPU-ecc6a1f9-42fe-2932-7ea0-1dd285491b7b, 5, 0, 405, 40, 28.29
2026/09/08 20:48:46.434, GPU-ecc6a1f9-42fe-2932-7ea0-1dd285491b7b, 5, 0, 405, 40, 28.29
2026/09/08 20:48:46.638, GPU-ecc6a1f9-42fe-2932-7ea0-1dd285491b7b, 5, 0, 405, 40, 28.04
2026/09/08 20:48:46.841, GPU-ecc6a1f9-42fe-2932-7ea0-1dd285491b7b, 5, 0, 405, 39, 28.29
2026/09/08 20:48:47.045, GPU-ecc6a1f9-42fe-2932-7ea0-1dd285491b7b, 5, 0, 405, 39, 28.29
2026/09/08 20:48:47.248, GPU-ecc6a1f9-42fe-2932-7ea0-1dd285491b7b, 5, 0, 405, 39, 28.04
2026/09/08 20:48:47.454, GPU-ecc6a1f9-42fe-2932-7ea0-1dd285491b7b, 5, 0, 405, 39, 28.29
2026/09/08 20:48:47.657, GPU-ecc6a1f9-42fe-2932-7ea0-1dd285491b7b, 5, 0, 405, 39, 28.29
2026/09/08 20:48:47.861, GPU-ecc6a1f9-42fe-2932-7ea0-1dd285491b7b, 5, 0, 405, 39, 28.29
2026/09/08 20:48:48.064, GPU-ecc6a1f9-42fe-2932-7ea0-1dd285491b7b, 5, 0, 405, 39, 28.29
2026/09/08 20:48:48.268, GPU-ecc6a1f9-42fe-2932-7ea0-1dd285491b7b, 5, 0, 405, 39, 28.04
2026/09/08 20:48:48.473, GPU-ecc6a1f9-42fe-2932-7ea0-1dd285491b7b, 5, 0, 405, 39, 28.04
2026/09/08 20:48:48.677, GPU-ecc6a1f9-42fe-2932-7ea0-1dd285491b7b, 5, 0, 405, 39, 28.04
2026/09/08 20:48:48.880, GPU-ecc6a1f9-42fe-2932-7ea0-1dd285491b7b, 5, 0, 405, 39, 28.04
2026/09/08 20:48:49.084, GPU-ecc6a1f9-42fe-2932-7ea0-1dd285491b7b, 5, 0, 405, 39, 28.04
2026/09/08 20:48:49.287, GPU-ecc6a1f9-42fe-2932-7ea0-1dd285491b7b, 5, 0, 405, 39, 28.04
2026/09/08 20:48:49.493, GPU-ecc6a1f9-42fe-2932-7ea0-1dd285491b7b, 5, 0, 405, 39, 28.04
2026/09/08 20:48:49.696, GPU-ecc6a1f9-42fe-2932-7ea0-1dd285491b7b, 5, 0, 405, 39, 28.04
2026/09/08 20:48:49.900, GPU-ecc6a1f9-42fe-2932-7ea0-1dd285491b7b, 5, 0, 405, 39, 28.04
2026/09/08 20:48:50.103, GPU-ecc6a1f9-42fe-2932-7ea0-1dd285491b7b, 5, 0, 405, 39, 27.80
2026/09/08 20:48:50.307, GPU-ecc6a1f9-42fe-2932-7ea0-1dd285491b7b, 5, 0, 405, 39, 28.04
2026/09/08 20:48:50.512, GPU-ecc6a1f9-42fe-2932-7ea0-1dd285491b7b, 5, 0, 405, 39, 28.04
2026/09/08 20:48:50.715, GPU-ecc6a1f9-42fe-2932-7ea0-1dd285491b7b, 5, 0, 405, 39, 28.04
2026/09/08 20:48:50.919, GPU-ecc6a1f9-42fe-2932-7ea0-1dd285491b7b, 5, 0, 405, 39, 28.04
2026/09/08 20:48:51.122, GPU-ecc6a1f9-42fe-2932-7ea0-1dd285491b7b, 5, 0, 405, 39, 28.04
2026/09/08 20:48:51.326, GPU-ecc6a1f9-42fe-2932-7ea0-1dd285491b7b, 5, 0, 405, 39, 28.04
2026/09/08 20:48:51.531, GPU-ecc6a1f9-42fe-2932-7ea0-1dd285491b7b, 5, 0, 405, 39, 28.04
2026/09/08 20:48:51.735, GPU-ecc6a1f9-42fe-2932-7ea0-1dd285491b7b, 5, 0, 405, 39, 28.04
2026/09/08 20:48:51.938, GPU-ecc6a1f9-42fe-2932-7ea0-1dd285491b7b, 5, 0, 405, 39, 28.04
2026/09/08 20:48:52.142, GPU-ecc6a1f9-42fe-2932-7ea0-1dd285491b7b, 5, 0, 405, 39, 28.04
2026/09/08 20:48:52.345, GPU-ecc6a1f9-42fe-2932-7ea0-1dd285491b7b, 5, 0, 405, 39, 28.04
2026/09/08 20:48:52.550, GPU-ecc6a1f9-42fe-2932-7ea0-1dd285491b7b, 5, 0, 405, 39, 28.04
2026/09/08 20:48:52.754, GPU-ecc6a1f9-42fe-2932-7ea0-1dd285491b7b, 5, 0, 405, 39, 28.04
2026/09/08 20:48:52.958, GPU-ecc6a1f9-42fe-2932-7ea0-1dd285491b7b, 5, 0, 405, 38, 28.04
2026/09/08 20:48:53.161, GPU-ecc6a1f9-42fe-2932-7ea0-1dd285491b7b, 5, 0, 405, 38, 28.04
2026/09/08 20:48:53.365, GPU-ecc6a1f9-42fe-2932-7ea0-1dd285491b7b, 5, 0, 405, 39, 28.04
2026/09/08 20:48:53.570, GPU-ecc6a1f9-42fe-2932-7ea0-1dd285491b7b, 5, 0, 405, 38, 28.04
2026/09/08 20:48:53.773, GPU-ecc6a1f9-42fe-2932-7ea0-1dd285491b7b, 5, 0, 405, 39, 28.04
2026/09/08 20:48:53.977, GPU-ecc6a1f9-42fe-2932-7ea0-1dd285491b7b, 5, 0, 405, 38, 28.04
2026/09/08 20:48:54.182, GPU-ecc6a1f9-42fe-2932-7ea0-1dd285491b7b, 5, 0, 405, 38, 28.04
2026/09/08 20:48:54.385, GPU-ecc6a1f9-42fe-2932-7ea0-1dd285491b7b, 5, 0, 405, 38, 28.04
2026/09/08 20:48:54.589, GPU-ecc6a1f9-42fe-2932-7ea0-1dd285491b7b, 5, 0, 405, 38, 27.80
2026/09/08 20:48:54.793, GPU-ecc6a1f9-42fe-2932-7ea0-1dd285491b7b, 5, 0, 405, 38, 28.04
2026/09/08 20:48:54.996, GPU-ecc6a1f9-42fe-2932-7ea0-1dd285491b7b, 5, 0, 405, 38, 28.04
2026/09/08 20:48:55.200, GPU-ecc6a1f9-42fe-2932-7ea0-1dd285491b7b, 5, 0, 405, 38, 27.80
2026/09/08 20:48:55.403, GPU-ecc6a1f9-42fe-2932-7ea0-1dd285491b7b, 5, 0, 405, 38, 28.04
2026/09/08 20:48:55.609, GPU-ecc6a1f9-42fe-2932-7ea0-1dd285491b7b, 5, 0, 405, 38, 28.04
2026/09/08 20:48:55.812, GPU-ecc6a1f9-42fe-2932-7ea0-1dd285491b7b, 5, 0, 405, 38, 27.80
2026/09/08 20:48:56.016, GPU-ecc6a1f9-42fe-2932-7ea0-1dd285491b7b, 5, 0, 405, 38, 28.04
2026/09/08 20:48:56.219, GPU-ecc6a1f9-42fe-2932-7ea0-1dd285491b7b, 5, 0, 405, 38, 27.80
2026/09/08 20:48:56.423, GPU-ecc6a1f9-42fe-2932-7ea0-1dd285491b7b, 5, 0, 405, 38, 27.80
2026/09/08 20:48:56.628, GPU-ecc6a1f9-42fe-2932-7ea0-1dd285491b7b, 5, 0, 405, 38, 28.04
2026/09/08 20:48:56.832, GPU-ecc6a1f9-42fe-2932-7ea0-1dd285491b7b, 5, 0, 405, 38, 27.80
2026/09/08 20:48:57.035, GPU-ecc6a1f9-42fe-2932-7ea0-1dd285491b7b, 5, 0, 405, 38, 27.80
2026/09/08 20:48:57.239, GPU-ecc6a1f9-42fe-2932-7ea0-1dd285491b7b, 5, 0, 405, 38, 27.80
2026/09/08 20:48:57.442, GPU-ecc6a1f9-42fe-2932-7ea0-1dd285491b7b, 5, 0, 405, 38, 28.04
2026/09/08 20:48:57.647, GPU-ecc6a1f9-42fe-2932-7ea0-1dd285491b7b, 5, 0, 405, 38, 27.56
2026/09/08 20:48:57.851, GPU-ecc6a1f9-42fe-2932-7ea0-1dd285491b7b, 5, 0, 405, 38, 27.56
2026/09/08 20:48:58.054, GPU-ecc6a1f9-42fe-2932-7ea0-1dd285491b7b, 5, 0, 405, 38, 27.80
2026/09/08 20:48:58.258, GPU-ecc6a1f9-42fe-2932-7ea0-1dd285491b7b, 5, 0, 405, 38, 27.80
2026/09/08 20:48:58.462, GPU-ecc6a1f9-42fe-2932-7ea0-1dd285491b7b, 5, 0, 405, 38, 27.80
2026/09/08 20:48:58.667, GPU-ecc6a1f9-42fe-2932-7ea0-1dd285491b7b, 5, 0, 405, 38, 27.56
2026/09/08 20:48:58.870, GPU-ecc6a1f9-42fe-2932-7ea0-1dd285491b7b, 5, 0, 405, 38, 27.80
2026/09/08 20:48:59.074, GPU-ecc6a1f9-42fe-2932-7ea0-1dd285491b7b, 5, 0, 405, 38, 27.56
2026/09/08 20:48:59.278, GPU-ecc6a1f9-42fe-2932-7ea0-1dd285491b7b, 5, 0, 405, 38, 27.80
2026/09/08 20:48:59.481, GPU-ecc6a1f9-42fe-2932-7ea0-1dd285491b7b, 5, 0, 405, 38, 27.80
2026/09/08 20:48:59.687, GPU-ecc6a1f9-42fe-2932-7ea0-1dd285491b7b, 5, 0, 405, 38, 27.80
2026/09/08 20:48:59.890, GPU-ecc6a1f9-42fe-2932-7ea0-1dd285491b7b, 5, 0, 405, 38, 27.80
2026/09/08 20:49:00.094, GPU-ecc6a1f9-42fe-2932-7ea0-1dd285491b7b, 5, 0, 405, 38, 27.56
2026/09/08 20:49:00.297, GPU-ecc6a1f9-42fe-2932-7ea0-1dd285491b7b, 5, 0, 405, 38, 27.56
2026/09/08 20:49:00.501, GPU-ecc6a1f9-42fe-2932-7ea0-1dd285491b7b, 5, 0, 405, 38, 27.56
2026/09/08 20:49:00.706, GPU-ecc6a1f9-42fe-2932-7ea0-1dd285491b7b, 5, 0, 405, 38, 27.80
2026/09/08 20:49:00.909, GPU-ecc6a1f9-42fe-2932-7ea0-1dd285491b7b, 5, 0, 405, 38, 27.56
2026/09/08 20:49:01.113, GPU-ecc6a1f9-42fe-2932-7ea0-1dd285491b7b, 5, 0, 405, 38, 27.56
2026/09/08 20:49:01.316, GPU-ecc6a1f9-42fe-2932-7ea0-1dd285491b7b, 5, 0, 405, 38, 27.80
2026/09/08 20:49:01.520, GPU-ecc6a1f9-42fe-2932-7ea0-1dd285491b7b, 5, 0, 405, 37, 27.56
2026/09/08 20:49:01.725, GPU-ecc6a1f9-42fe-2932-7ea0-1dd285491b7b, 5, 0, 405, 38, 27.56
2026/09/08 20:49:01.929, GPU-ecc6a1f9-42fe-2932-7ea0-1dd285491b7b, 5, 0, 405, 37, 27.56
2026/09/08 20:49:02.133, GPU-ecc6a1f9-42fe-2932-7ea0-1dd285491b7b, 5, 0, 405, 37, 27.56
2026/09/08 20:49:02.336, GPU-ecc6a1f9-42fe-2932-7ea0-1dd285491b7b, 5, 0, 405, 37, 27.56
2026/09/08 20:49:02.540, GPU-ecc6a1f9-42fe-2932-7ea0-1dd285491b7b, 5, 0, 405, 37, 27.56
2026/09/08 20:49:02.744, GPU-ecc6a1f9-42fe-2932-7ea0-1dd285491b7b, 5, 0, 405, 37, 27.56
2026/09/08 20:49:02.948, GPU-ecc6a1f9-42fe-2932-7ea0-1dd285491b7b, 5, 0, 405, 37, 27.80
2026/09/08 20:49:03.151, GPU-ecc6a1f9-42fe-2932-7ea0-1dd285491b7b, 5, 0, 405, 37, 27.56
2026/09/08 20:49:03.355, GPU-ecc6a1f9-42fe-2932-7ea0-1dd285491b7b, 5, 0, 405, 37, 27.56
2026/09/08 20:49:03.558, GPU-ecc6a1f9-42fe-2932-7ea0-1dd285491b7b, 5, 0, 405, 37, 27.56
2026/09/08 20:49:03.764, GPU-ecc6a1f9-42fe-2932-7ea0-1dd285491b7b, 5, 0, 405, 37, 27.56
2026/09/08 20:49:03.968, GPU-ecc6a1f9-42fe-2932-7ea0-1dd285491b7b, 5, 0, 405, 37, 27.56
2026/09/08 20:49:04.171, GPU-ecc6a1f9-42fe-2932-7ea0-1dd285491b7b, 5, 0, 405, 37, 27.56
2026/09/08 20:49:04.375, GPU-ecc6a1f9-42fe-2932-7ea0-1dd285491b7b, 5, 0, 405, 37, 27.56
2026/09/08 20:49:04.578, GPU-ecc6a1f9-42fe-2932-7ea0-1dd285491b7b, 5, 0, 405, 37, 27.56
2026/09/08 20:49:04.784, GPU-ecc6a1f9-42fe-2932-7ea0-1dd285491b7b, 5, 0, 405, 37, 27.56
2026/09/08 20:49:04.988, GPU-ecc6a1f9-42fe-2932-7ea0-1dd285491b7b, 5, 0, 405, 37, 27.56
2026/09/08 20:49:05.191, GPU-ecc6a1f9-42fe-2932-7ea0-1dd285491b7b, 5, 0, 405, 37, 27.56
2026/09/08 20:49:05.395, GPU-ecc6a1f9-42fe-2932-7ea0-1dd285491b7b, 5, 0, 405, 37, 27.56
2026/09/08 20:49:05.599, GPU-ecc6a1f9-42fe-2932-7ea0-1dd285491b7b, 5, 0, 405, 37, 27.56
2026/09/08 20:49:05.805, GPU-ecc6a1f9-42fe-2932-7ea0-1dd285491b7b, 5, 0, 405, 37, 27.56
2026/09/08 20:49:06.008, GPU-ecc6a1f9-42fe-2932-7ea0-1dd285491b7b, 5, 0, 405, 37, 27.56
2026/09/08 20:49:06.212, GPU-ecc6a1f9-42fe-2932-7ea0-1dd285491b7b, 5, 0, 405, 37, 27.56
2026/09/08 20:49:06.415, GPU-ecc6a1f9-42fe-2932-7ea0-1dd285491b7b, 5, 0, 405, 37, 27.56
2026/09/08 20:49:06.619, GPU-ecc6a1f9-42fe-2932-7ea0-1dd285491b7b, 5, 0, 405, 37, 27.56
2026/09/08 20:49:06.825, GPU-ecc6a1f9-42fe-2932-7ea0-1dd285491b7b, 5, 0, 405, 37, 27.56
2026/09/08 20:49:07.029, GPU-ecc6a1f9-42fe-2932-7ea0-1dd285491b7b, 5, 0, 405, 37, 27.56
2026/09/08 20:49:07.232, GPU-ecc6a1f9-42fe-2932-7ea0-1dd285491b7b, 5, 0, 405, 37, 27.56
2026/09/08 20:49:07.436, GPU-ecc6a1f9-42fe-2932-7ea0-1dd285491b7b, 5, 0, 405, 37, 27.56
2026/09/08 20:49:07.639, GPU-ecc6a1f9-42fe-2932-7ea0-1dd285491b7b, 5, 0, 405, 37, 27.56
2026/09/08 20:49:07.843, GPU-ecc6a1f9-42fe-2932-7ea0-1dd285491b7b, 5, 0, 405, 37, 27.56
2026/09/08 20:49:08.049, GPU-ecc6a1f9-42fe-2932-7ea0-1dd285491b7b, 5, 0, 405, 37, 27.56
2026/09/08 20:49:08.252, GPU-ecc6a1f9-42fe-2932-7ea0-1dd285491b7b, 5, 0, 405, 37, 27.56
2026/09/08 20:49:08.456, GPU-ecc6a1f9-42fe-2932-7ea0-1dd285491b7b, 5, 0, 405, 37, 27.56
2026/09/08 20:49:08.659, GPU-ecc6a1f9-42fe-2932-7ea0-1dd285491b7b, 5, 0, 405, 37, 27.31
2026/09/08 20:49:08.863, GPU-ecc6a1f9-42fe-2932-7ea0-1dd285491b7b, 5, 0, 405, 37, 27.56
2026/09/08 20:49:09.066, GPU-ecc6a1f9-42fe-2932-7ea0-1dd285491b7b, 5, 0, 405, 36, 27.56
2026/09/08 20:49:09.272, GPU-ecc6a1f9-42fe-2932-7ea0-1dd285491b7b, 5, 0, 405, 37, 27.31
2026/09/08 20:49:09.475, GPU-ecc6a1f9-42fe-2932-7ea0-1dd285491b7b, 5, 0, 405, 37, 27.31
2026/09/08 20:49:09.679, GPU-ecc6a1f9-42fe-2932-7ea0-1dd285491b7b, 5, 0, 405, 37, 27.31
2026/09/08 20:49:09.882, GPU-ecc6a1f9-42fe-2932-7ea0-1dd285491b7b, 5, 0, 405, 37, 27.31
2026/09/08 20:49:10.086, GPU-ecc6a1f9-42fe-2932-7ea0-1dd285491b7b, 5, 0, 405, 37, 27.31
2026/09/08 20:49:10.292, GPU-ecc6a1f9-42fe-2932-7ea0-1dd285491b7b, 5, 0, 405, 37, 27.31
2026/09/08 20:49:10.495, GPU-ecc6a1f9-42fe-2932-7ea0-1dd285491b7b, 5, 0, 405, 36, 27.31
2026/09/08 20:49:10.699, GPU-ecc6a1f9-42fe-2932-7ea0-1dd285491b7b, 5, 0, 405, 36, 27.31
2026/09/08 20:49:10.902, GPU-ecc6a1f9-42fe-2932-7ea0-1dd285491b7b, 5, 0, 405, 36, 27.31
2026/09/08 20:49:11.106, GPU-ecc6a1f9-42fe-2932-7ea0-1dd285491b7b, 5, 0, 405, 36, 27.56
2026/09/08 20:49:11.311, GPU-ecc6a1f9-42fe-2932-7ea0-1dd285491b7b, 5, 0, 405, 36, 27.31
2026/09/08 20:49:11.515, GPU-ecc6a1f9-42fe-2932-7ea0-1dd285491b7b, 5, 0, 405, 36, 27.31
2026/09/08 20:49:11.718, GPU-ecc6a1f9-42fe-2932-7ea0-1dd285491b7b, 5, 0, 405, 36, 27.31
2026/09/08 20:49:11.922, GPU-ecc6a1f9-42fe-2932-7ea0-1dd285491b7b, 5, 0, 405, 36, 27.31
2026/09/08 20:49:12.125, GPU-ecc6a1f9-42fe-2932-7ea0-1dd285491b7b, 5, 0, 405, 36, 27.31
2026/09/08 20:49:12.331, GPU-ecc6a1f9-42fe-2932-7ea0-1dd285491b7b, 5, 0, 405, 36, 27.31
2026/09/08 20:49:12.534, GPU-ecc6a1f9-42fe-2932-7ea0-1dd285491b7b, 5, 0, 405, 36, 27.31
2026/09/08 20:49:12.738, GPU-ecc6a1f9-42fe-2932-7ea0-1dd285491b7b, 5, 0, 405, 36, 27.31
2026/09/08 20:49:12.941, GPU-ecc6a1f9-42fe-2932-7ea0-1dd285491b7b, 5, 0, 405, 36, 27.31
2026/09/08 20:49:13.145, GPU-ecc6a1f9-42fe-2932-7ea0-1dd285491b7b, 5, 0, 405, 36, 27.31
2026/09/08 20:49:13.350, GPU-ecc6a1f9-42fe-2932-7ea0-1dd285491b7b, 5, 0, 405, 36, 27.31
2026/09/08 20:49:13.553, GPU-ecc6a1f9-42fe-2932-7ea0-1dd285491b7b, 5, 0, 405, 36, 27.31
2026/09/08 20:49:13.757, GPU-ecc6a1f9-42fe-2932-7ea0-1dd285491b7b, 5, 0, 405, 36, 27.31
2026/09/08 20:49:13.960, GPU-ecc6a1f9-42fe-2932-7ea0-1dd285491b7b, 5, 0, 405, 36, 27.31
2026/09/08 20:49:14.164, GPU-ecc6a1f9-42fe-2932-7ea0-1dd285491b7b, 5, 0, 405, 36, 27.31
2026/09/08 20:49:14.369, GPU-ecc6a1f9-42fe-2932-7ea0-1dd285491b7b, 5, 0, 405, 36, 27.31
2026/09/08 20:49:14.573, GPU-ecc6a1f9-42fe-2932-7ea0-1dd285491b7b, 5, 0, 405, 36, 27.31
2026/09/08 20:49:14.776, GPU-ecc6a1f9-42fe-2932-7ea0-1dd285491b7b, 5, 0, 405, 36, 27.31
2026/09/08 20:49:14.980, GPU-ecc6a1f9-42fe-2932-7ea0-1dd285491b7b, 5, 0, 405, 36, 27.31
2026/09/08 20:49:15.185, GPU-ecc6a1f9-42fe-2932-7ea0-1dd285491b7b, 5, 0, 405, 36, 27.31
2026/09/08 20:49:15.389, GPU-ecc6a1f9-42fe-2932-7ea0-1dd285491b7b, 5, 0, 405, 36, 27.31
2026/09/08 20:49:15.592, GPU-ecc6a1f9-42fe-2932-7ea0-1dd285491b7b, 5, 0, 405, 36, 27.31
2026/09/08 20:49:15.796, GPU-ecc6a1f9-42fe-2932-7ea0-1dd285491b7b, 5, 0, 405, 36, 27.31
2026/09/08 20:49:15.999, GPU-ecc6a1f9-42fe-2932-7ea0-1dd285491b7b, 5, 0, 405, 36, 27.31
2026/09/08 20:49:16.203, GPU-ecc6a1f9-42fe-2932-7ea0-1dd285491b7b, 5, 0, 405, 36, 27.31
2026/09/08 20:49:16.408, GPU-ecc6a1f9-42fe-2932-7ea0-1dd285491b7b, 5, 0, 405, 36, 27.31
2026/09/08 20:49:16.612, GPU-ecc6a1f9-42fe-2932-7ea0-1dd285491b7b, 5, 0, 405, 36, 27.31
2026/09/08 20:49:16.816, GPU-ecc6a1f9-42fe-2932-7ea0-1dd285491b7b, 5, 0, 405, 36, 27.31
2026/09/08 20:49:17.019, GPU-ecc6a1f9-42fe-2932-7ea0-1dd285491b7b, 5, 0, 405, 36, 27.31
2026/09/08 20:49:17.223, GPU-ecc6a1f9-42fe-2932-7ea0-1dd285491b7b, 5, 0, 405, 36, 27.31
2026/09/08 20:49:17.428, GPU-ecc6a1f9-42fe-2932-7ea0-1dd285491b7b, 5, 0, 405, 36, 27.31
2026/09/08 20:49:17.631, GPU-ecc6a1f9-42fe-2932-7ea0-1dd285491b7b, 5, 0, 405, 36, 27.31
2026/09/08 20:49:17.835, GPU-ecc6a1f9-42fe-2932-7ea0-1dd285491b7b, 5, 0, 405, 36, 27.31
2026/09/08 20:49:18.038, GPU-ecc6a1f9-42fe-2932-7ea0-1dd285491b7b, 5, 0, 405, 36, 27.31
2026/09/08 20:49:18.242, GPU-ecc6a1f9-42fe-2932-7ea0-1dd285491b7b, 5, 0, 405, 36, 27.31
2026/09/08 20:49:18.447, GPU-ecc6a1f9-42fe-2932-7ea0-1dd285491b7b, 5, 0, 405, 36, 27.31
2026/09/08 20:49:18.651, GPU-ecc6a1f9-42fe-2932-7ea0-1dd285491b7b, 5, 0, 405, 36, 27.31
2026/09/08 20:49:18.854, GPU-ecc6a1f9-42fe-2932-7ea0-1dd285491b7b, 5, 0, 405, 36, 27.31
2026/09/08 20:49:19.058, GPU-ecc6a1f9-42fe-2932-7ea0-1dd285491b7b, 5, 0, 405, 36, 27.31
2026/09/08 20:49:19.261, GPU-ecc6a1f9-42fe-2932-7ea0-1dd285491b7b, 5, 0, 405, 36, 27.31
2026/09/08 20:49:19.467, GPU-ecc6a1f9-42fe-2932-7ea0-1dd285491b7b, 5, 0, 405, 35, 27.31
2026/09/08 20:49:19.670, GPU-ecc6a1f9-42fe-2932-7ea0-1dd285491b7b, 5, 0, 405, 36, 27.07
2026/09/08 20:49:19.874, GPU-ecc6a1f9-42fe-2932-7ea0-1dd285491b7b, 5, 0, 405, 36, 27.31
2026/09/08 20:49:20.077, GPU-ecc6a1f9-42fe-2932-7ea0-1dd285491b7b, 5, 0, 405, 36, 27.31
2026/09/08 20:49:20.281, GPU-ecc6a1f9-42fe-2932-7ea0-1dd285491b7b, 5, 0, 405, 36, 27.31
2026/09/08 20:49:20.486, GPU-ecc6a1f9-42fe-2932-7ea0-1dd285491b7b, 5, 0, 405, 36, 27.31
2026/09/08 20:49:20.690, GPU-ecc6a1f9-42fe-2932-7ea0-1dd285491b7b, 5, 0, 405, 36, 27.31
2026/09/08 20:49:20.893, GPU-ecc6a1f9-42fe-2932-7ea0-1dd285491b7b, 5, 0, 405, 36, 27.31
2026/09/08 20:49:21.097, GPU-ecc6a1f9-42fe-2932-7ea0-1dd285491b7b, 5, 0, 405, 35, 27.07
2026/09/08 20:49:21.300, GPU-ecc6a1f9-42fe-2932-7ea0-1dd285491b7b, 5, 0, 405, 35, 27.31
2026/09/08 20:49:21.505, GPU-ecc6a1f9-42fe-2932-7ea0-1dd285491b7b, 5, 0, 405, 36, 27.31
2026/09/08 20:49:21.709, GPU-ecc6a1f9-42fe-2932-7ea0-1dd285491b7b, 5, 0, 405, 36, 27.31
2026/09/08 20:49:21.912, GPU-ecc6a1f9-42fe-2932-7ea0-1dd285491b7b, 5, 0, 405, 36, 27.31
2026/09/08 20:49:22.116, GPU-ecc6a1f9-42fe-2932-7ea0-1dd285491b7b, 5, 0, 405, 35, 27.31
2026/09/08 20:49:22.320, GPU-ecc6a1f9-42fe-2932-7ea0-1dd285491b7b, 5, 0, 405, 35, 27.31
2026/09/08 20:49:22.525, GPU-ecc6a1f9-42fe-2932-7ea0-1dd285491b7b, 5, 0, 405, 35, 27.07
2026/09/08 20:49:22.728, GPU-ecc6a1f9-42fe-2932-7ea0-1dd285491b7b, 5, 0, 405, 35, 27.07
2026/09/08 20:49:22.932, GPU-ecc6a1f9-42fe-2932-7ea0-1dd285491b7b, 5, 0, 405, 35, 27.07
2026/09/08 20:49:23.135, GPU-ecc6a1f9-42fe-2932-7ea0-1dd285491b7b, 5, 0, 405, 35, 27.31
2026/09/08 20:49:23.339, GPU-ecc6a1f9-42fe-2932-7ea0-1dd285491b7b, 5, 0, 405, 35, 27.31
2026/09/08 20:49:23.544, GPU-ecc6a1f9-42fe-2932-7ea0-1dd285491b7b, 5, 0, 405, 35, 27.31
2026/09/08 20:49:23.748, GPU-ecc6a1f9-42fe-2932-7ea0-1dd285491b7b, 5, 0, 405, 35, 27.07
2026/09/08 20:49:23.951, GPU-ecc6a1f9-42fe-2932-7ea0-1dd285491b7b, 5, 0, 405, 35, 27.31
2026/09/08 20:49:24.155, GPU-ecc6a1f9-42fe-2932-7ea0-1dd285491b7b, 5, 0, 405, 35, 27.07
2026/09/08 20:49:24.358, GPU-ecc6a1f9-42fe-2932-7ea0-1dd285491b7b, 5, 0, 405, 35, 27.31
2026/09/08 20:49:24.564, GPU-ecc6a1f9-42fe-2932-7ea0-1dd285491b7b, 5, 0, 405, 35, 27.07
2026/09/08 20:49:24.767, GPU-ecc6a1f9-42fe-2932-7ea0-1dd285491b7b, 5, 0, 405, 35, 27.07
2026/09/08 20:49:24.971, GPU-ecc6a1f9-42fe-2932-7ea0-1dd285491b7b, 5, 0, 405, 35, 27.07
2026/09/08 20:49:25.174, GPU-ecc6a1f9-42fe-2932-7ea0-1dd285491b7b, 5, 0, 405, 35, 27.07
2026/09/08 20:49:25.378, GPU-ecc6a1f9-42fe-2932-7ea0-1dd285491b7b, 5, 0, 405, 35, 27.07
2026/09/08 20:49:25.583, GPU-ecc6a1f9-42fe-2932-7ea0-1dd285491b7b, 5, 0, 405, 35, 27.07
2026/09/08 20:49:25.787, GPU-ecc6a1f9-42fe-2932-7ea0-1dd285491b7b, 5, 0, 405, 35, 27.07
2026/09/08 20:49:25.990, GPU-ecc6a1f9-42fe-2932-7ea0-1dd285491b7b, 5, 0, 405, 35, 27.07
2026/09/08 20:49:26.194, GPU-ecc6a1f9-42fe-2932-7ea0-1dd285491b7b, 5, 0, 405, 35, 27.07
2026/09/08 20:49:26.397, GPU-ecc6a1f9-42fe-2932-7ea0-1dd285491b7b, 5, 0, 405, 35, 27.07
2026/09/08 20:49:26.603, GPU-ecc6a1f9-42fe-2932-7ea0-1dd285491b7b, 5, 0, 405, 35, 27.07
2026/09/08 20:49:26.806, GPU-ecc6a1f9-42fe-2932-7ea0-1dd285491b7b, 5, 0, 405, 35, 27.07
2026/09/08 20:49:27.010, GPU-ecc6a1f9-42fe-2932-7ea0-1dd285491b7b, 5, 0, 405, 35, 27.07
2026/09/08 20:49:27.214, GPU-ecc6a1f9-42fe-2932-7ea0-1dd285491b7b, 5, 0, 405, 35, 27.07
2026/09/08 20:49:27.417, GPU-ecc6a1f9-42fe-2932-7ea0-1dd285491b7b, 5, 0, 405, 35, 27.07
2026/09/08 20:49:27.624, GPU-ecc6a1f9-42fe-2932-7ea0-1dd285491b7b, 5, 0, 405, 35, 27.07
2026/09/08 20:49:27.827, GPU-ecc6a1f9-42fe-2932-7ea0-1dd285491b7b, 5, 0, 405, 35, 27.07
2026/09/08 20:49:28.031, GPU-ecc6a1f9-42fe-2932-7ea0-1dd285491b7b, 5, 0, 405, 35, 27.07
2026/09/08 20:49:28.234, GPU-ecc6a1f9-42fe-2932-7ea0-1dd285491b7b, 5, 0, 405, 35, 27.07
2026/09/08 20:49:28.438, GPU-ecc6a1f9-42fe-2932-7ea0-1dd285491b7b, 5, 0, 405, 35, 27.07
2026/09/08 20:49:28.643, GPU-ecc6a1f9-42fe-2932-7ea0-1dd285491b7b, 5, 0, 405, 35, 27.07
2026/09/08 20:49:28.847, GPU-ecc6a1f9-42fe-2932-7ea0-1dd285491b7b, 5, 0, 405, 35, 27.07
2026/09/08 20:49:29.050, GPU-ecc6a1f9-42fe-2932-7ea0-1dd285491b7b, 5, 0, 405, 35, 27.07
2026/09/08 20:49:29.254, GPU-ecc6a1f9-42fe-2932-7ea0-1dd285491b7b, 5, 0, 405, 35, 27.07
2026/09/08 20:49:29.457, GPU-ecc6a1f9-42fe-2932-7ea0-1dd285491b7b, 5, 0, 405, 35, 27.07
2026/09/08 20:49:29.661, GPU-ecc6a1f9-42fe-2932-7ea0-1dd285491b7b, 5, 0, 405, 35, 27.07
2026/09/08 20:49:29.866, GPU-ecc6a1f9-42fe-2932-7ea0-1dd285491b7b, 5, 0, 405, 35, 27.07
2026/09/08 20:49:30.070, GPU-ecc6a1f9-42fe-2932-7ea0-1dd285491b7b, 5, 0, 405, 35, 27.07
2026/09/08 20:49:30.273, GPU-ecc6a1f9-42fe-2932-7ea0-1dd285491b7b, 5, 0, 405, 35, 27.07
2026/09/08 20:49:30.477, GPU-ecc6a1f9-42fe-2932-7ea0-1dd285491b7b, 5, 0, 405, 34, 27.07
2026/09/08 20:49:30.681, GPU-ecc6a1f9-42fe-2932-7ea0-1dd285491b7b, 5, 0, 405, 35, 27.07
2026/09/08 20:49:30.885, GPU-ecc6a1f9-42fe-2932-7ea0-1dd285491b7b, 5, 0, 405, 35, 27.07
2026/09/08 20:49:31.090, GPU-ecc6a1f9-42fe-2932-7ea0-1dd285491b7b, 5, 0, 405, 35, 27.07
2026/09/08 20:49:31.294, GPU-ecc6a1f9-42fe-2932-7ea0-1dd285491b7b, 5, 0, 405, 35, 27.07
2026/09/08 20:49:31.497, GPU-ecc6a1f9-42fe-2932-7ea0-1dd285491b7b, 5, 0, 405, 34, 27.07
2026/09/08 20:49:31.701, GPU-ecc6a1f9-42fe-2932-7ea0-1dd285491b7b, 5, 0, 405, 34, 27.07
2026/09/08 20:49:31.904, GPU-ecc6a1f9-42fe-2932-7ea0-1dd285491b7b, 5, 0, 405, 34, 27.07
2026/09/08 20:49:32.111, GPU-ecc6a1f9-42fe-2932-7ea0-1dd285491b7b, 5, 0, 405, 34, 27.07
2026/09/08 20:49:32.314, GPU-ecc6a1f9-42fe-2932-7ea0-1dd285491b7b, 5, 0, 405, 35, 27.07
2026/09/08 20:49:32.518, GPU-ecc6a1f9-42fe-2932-7ea0-1dd285491b7b, 5, 0, 405, 34, 27.07
2026/09/08 20:49:32.721, GPU-ecc6a1f9-42fe-2932-7ea0-1dd285491b7b, 5, 0, 405, 34, 27.07
2026/09/08 20:49:32.925, GPU-ecc6a1f9-42fe-2932-7ea0-1dd285491b7b, 5, 0, 405, 34, 27.07
2026/09/08 20:49:33.131, GPU-ecc6a1f9-42fe-2932-7ea0-1dd285491b7b, 5, 0, 405, 34, 27.07
2026/09/08 20:49:33.334, GPU-ecc6a1f9-42fe-2932-7ea0-1dd285491b7b, 5, 0, 405, 34, 27.07
2026/09/08 20:49:33.538, GPU-ecc6a1f9-42fe-2932-7ea0-1dd285491b7b, 5, 0, 405, 34, 27.07
2026/09/08 20:49:33.741, GPU-ecc6a1f9-42fe-2932-7ea0-1dd285491b7b, 5, 0, 405, 34, 27.07
2026/09/08 20:49:33.945, GPU-ecc6a1f9-42fe-2932-7ea0-1dd285491b7b, 5, 0, 405, 34, 27.07
2026/09/08 20:49:34.150, GPU-ecc6a1f9-42fe-2932-7ea0-1dd285491b7b, 5, 0, 405, 34, 27.07
2026/09/08 20:49:34.353, GPU-ecc6a1f9-42fe-2932-7ea0-1dd285491b7b, 5, 0, 405, 34, 27.07
2026/09/08 20:49:34.557, GPU-ecc6a1f9-42fe-2932-7ea0-1dd285491b7b, 5, 0, 405, 34, 27.07
2026/09/08 20:49:34.761, GPU-ecc6a1f9-42fe-2932-7ea0-1dd285491b7b, 5, 0, 405, 34, 27.07
2026/09/08 20:49:34.964, GPU-ecc6a1f9-42fe-2932-7ea0-1dd285491b7b, 5, 0, 405, 34, 27.07
2026/09/08 20:49:35.169, GPU-ecc6a1f9-42fe-2932-7ea0-1dd285491b7b, 5, 0, 405, 34, 27.07
2026/09/08 20:49:35.373, GPU-ecc6a1f9-42fe-2932-7ea0-1dd285491b7b, 5, 0, 405, 34, 27.07
2026/09/08 20:49:35.577, GPU-ecc6a1f9-42fe-2932-7ea0-1dd285491b7b, 5, 0, 405, 34, 27.07
2026/09/08 20:49:35.780, GPU-ecc6a1f9-42fe-2932-7ea0-1dd285491b7b, 5, 0, 405, 34, 27.07
2026/09/08 20:49:35.984, GPU-ecc6a1f9-42fe-2932-7ea0-1dd285491b7b, 5, 0, 405, 34, 27.07
2026/09/08 20:49:36.189, GPU-ecc6a1f9-42fe-2932-7ea0-1dd285491b7b, 5, 0, 405, 34, 27.07
2026/09/08 20:49:36.392, GPU-ecc6a1f9-42fe-2932-7ea0-1dd285491b7b, 5, 0, 405, 34, 27.07
2026/09/08 20:49:36.596, GPU-ecc6a1f9-42fe-2932-7ea0-1dd285491b7b, 5, 0, 405, 34, 27.07
2026/09/08 20:49:36.799, GPU-ecc6a1f9-42fe-2932-7ea0-1dd285491b7b, 5, 0, 405, 34, 27.07
2026/09/08 20:49:37.003, GPU-ecc6a1f9-42fe-2932-7ea0-1dd285491b7b, 5, 0, 405, 34, 27.07
2026/09/08 20:49:37.208, GPU-ecc6a1f9-42fe-2932-7ea0-1dd285491b7b, 5, 0, 405, 34, 27.07
2026/09/08 20:49:37.412, GPU-ecc6a1f9-42fe-2932-7ea0-1dd285491b7b, 5, 0, 405, 34, 27.07
2026/09/08 20:49:37.615, GPU-ecc6a1f9-42fe-2932-7ea0-1dd285491b7b, 5, 0, 405, 34, 27.07
2026/09/08 20:49:37.819, GPU-ecc6a1f9-42fe-2932-7ea0-1dd285491b7b, 5, 0, 405, 34, 27.07
2026/09/08 20:49:38.022, GPU-ecc6a1f9-42fe-2932-7ea0-1dd285491b7b, 5, 0, 405, 34, 27.07
2026/09/08 20:49:38.228, GPU-ecc6a1f9-42fe-2932-7ea0-1dd285491b7b, 5, 0, 405, 34, 27.07
2026/09/08 20:49:38.432, GPU-ecc6a1f9-42fe-2932-7ea0-1dd285491b7b, 5, 0, 405, 34, 26.83
2026/09/08 20:49:38.635, GPU-ecc6a1f9-42fe-2932-7ea0-1dd285491b7b, 5, 0, 405, 34, 26.83
2026/09/08 20:49:38.839, GPU-ecc6a1f9-42fe-2932-7ea0-1dd285491b7b, 5, 0, 405, 34, 27.07
2026/09/08 20:49:39.042, GPU-ecc6a1f9-42fe-2932-7ea0-1dd285491b7b, 5, 0, 405, 34, 27.07
2026/09/08 20:49:39.247, GPU-ecc6a1f9-42fe-2932-7ea0-1dd285491b7b, 5, 0, 405, 34, 26.83
2026/09/08 20:49:39.451, GPU-ecc6a1f9-42fe-2932-7ea0-1dd285491b7b, 5, 0, 405, 34, 27.07
2026/09/08 20:49:39.654, GPU-ecc6a1f9-42fe-2932-7ea0-1dd285491b7b, 5, 0, 405, 34, 27.07
2026/09/08 20:49:39.858, GPU-ecc6a1f9-42fe-2932-7ea0-1dd285491b7b, 5, 0, 405, 34, 27.07
2026/09/08 20:49:40.061, GPU-ecc6a1f9-42fe-2932-7ea0-1dd285491b7b, 5, 0, 405, 34, 27.07
2026/09/08 20:49:40.267, GPU-ecc6a1f9-42fe-2932-7ea0-1dd285491b7b, 5, 0, 405, 34, 27.07
2026/09/08 20:49:40.470, GPU-ecc6a1f9-42fe-2932-7ea0-1dd285491b7b, 5, 0, 405, 34, 27.07
2026/09/08 20:49:40.674, GPU-ecc6a1f9-42fe-2932-7ea0-1dd285491b7b, 5, 0, 405, 34, 27.07
2026/09/08 20:49:40.877, GPU-ecc6a1f9-42fe-2932-7ea0-1dd285491b7b, 5, 0, 405, 34, 26.83
2026/09/08 20:49:41.081, GPU-ecc6a1f9-42fe-2932-7ea0-1dd285491b7b, 5, 0, 405, 34, 26.83
2026/09/08 20:49:41.286, GPU-ecc6a1f9-42fe-2932-7ea0-1dd285491b7b, 5, 0, 405, 34, 26.83
2026/09/08 20:49:41.490, GPU-ecc6a1f9-42fe-2932-7ea0-1dd285491b7b, 5, 0, 405, 34, 26.83
2026/09/08 20:49:41.693, GPU-ecc6a1f9-42fe-2932-7ea0-1dd285491b7b, 5, 0, 405, 34, 27.07
2026/09/08 20:49:41.897, GPU-ecc6a1f9-42fe-2932-7ea0-1dd285491b7b, 5, 0, 405, 34, 26.83
2026/09/08 20:49:42.100, GPU-ecc6a1f9-42fe-2932-7ea0-1dd285491b7b, 5, 0, 405, 34, 26.83
2026/09/08 20:49:42.305, GPU-ecc6a1f9-42fe-2932-7ea0-1dd285491b7b, 5, 0, 405, 34, 26.83
2026/09/08 20:49:42.509, GPU-ecc6a1f9-42fe-2932-7ea0-1dd285491b7b, 5, 0, 405, 34, 26.83
2026/09/08 20:49:42.712, GPU-ecc6a1f9-42fe-2932-7ea0-1dd285491b7b, 5, 0, 405, 34, 26.83
2026/09/08 20:49:42.916, GPU-ecc6a1f9-42fe-2932-7ea0-1dd285491b7b, 5, 0, 405, 34, 26.83
2026/09/08 20:49:43.119, GPU-ecc6a1f9-42fe-2932-7ea0-1dd285491b7b, 5, 0, 405, 34, 26.83
2026/09/08 20:49:43.325, GPU-ecc6a1f9-42fe-2932-7ea0-1dd285491b7b, 5, 0, 405, 34, 27.07
2026/09/08 20:49:43.528, GPU-ecc6a1f9-42fe-2932-7ea0-1dd285491b7b, 5, 0, 405, 34, 27.07
2026/09/08 20:49:43.732, GPU-ecc6a1f9-42fe-2932-7ea0-1dd285491b7b, 5, 0, 405, 34, 26.83
2026/09/08 20:49:43.935, GPU-ecc6a1f9-42fe-2932-7ea0-1dd285491b7b, 5, 0, 405, 34, 26.83
2026/09/08 20:49:44.139, GPU-ecc6a1f9-42fe-2932-7ea0-1dd285491b7b, 5, 0, 405, 34, 26.83
2026/09/08 20:49:44.344, GPU-ecc6a1f9-42fe-2932-7ea0-1dd285491b7b, 5, 0, 405, 34, 26.83
2026/09/08 20:49:44.548, GPU-ecc6a1f9-42fe-2932-7ea0-1dd285491b7b, 5, 0, 405, 34, 26.83
2026/09/08 20:49:44.751, GPU-ecc6a1f9-42fe-2932-7ea0-1dd285491b7b, 5, 0, 405, 34, 26.83
2026/09/08 20:49:44.955, GPU-ecc6a1f9-42fe-2932-7ea0-1dd285491b7b, 5, 0, 405, 34, 26.83
2026/09/08 20:49:45.158, GPU-ecc6a1f9-42fe-2932-7ea0-1dd285491b7b, 5, 0, 405, 34, 26.83
2026/09/08 20:49:45.364, GPU-ecc6a1f9-42fe-2932-7ea0-1dd285491b7b, 5, 0, 405, 34, 26.83
2026/09/08 20:49:45.567, GPU-ecc6a1f9-42fe-2932-7ea0-1dd285491b7b, 5, 0, 405, 34, 26.83
2026/09/08 20:49:45.771, GPU-ecc6a1f9-42fe-2932-7ea0-1dd285491b7b, 5, 0, 405, 34, 26.83
2026/09/08 20:49:45.974, GPU-ecc6a1f9-42fe-2932-7ea0-1dd285491b7b, 5, 0, 405, 34, 26.83
2026/09/08 20:49:46.178, GPU-ecc6a1f9-42fe-2932-7ea0-1dd285491b7b, 5, 0, 405, 34, 26.83
2026/09/08 20:49:46.383, GPU-ecc6a1f9-42fe-2932-7ea0-1dd285491b7b, 5, 0, 405, 34, 26.83
2026/09/08 20:49:46.587, GPU-ecc6a1f9-42fe-2932-7ea0-1dd285491b7b, 5, 0, 405, 34, 26.83
2026/09/08 20:49:46.790, GPU-ecc6a1f9-42fe-2932-7ea0-1dd285491b7b, 5, 0, 405, 34, 26.83
2026/09/08 20:49:46.994, GPU-ecc6a1f9-42fe-2932-7ea0-1dd285491b7b, 5, 0, 405, 34, 26.83
2026/09/08 20:49:47.197, GPU-ecc6a1f9-42fe-2932-7ea0-1dd285491b7b, 5, 0, 405, 34, 26.83
2026/09/08 20:49:47.403, GPU-ecc6a1f9-42fe-2932-7ea0-1dd285491b7b, 5, 0, 405, 33, 26.83
2026/09/08 20:49:47.606, GPU-ecc6a1f9-42fe-2932-7ea0-1dd285491b7b, 5, 0, 405, 33, 26.83
2026/09/08 20:49:47.810, GPU-ecc6a1f9-42fe-2932-7ea0-1dd285491b7b, 5, 0, 405, 33, 26.83
2026/09/08 20:49:48.013, GPU-ecc6a1f9-42fe-2932-7ea0-1dd285491b7b, 5, 0, 405, 33, 26.83
2026/09/08 20:49:48.217, GPU-ecc6a1f9-42fe-2932-7ea0-1dd285491b7b, 5, 0, 405, 34, 26.83
2026/09/08 20:49:48.423, GPU-ecc6a1f9-42fe-2932-7ea0-1dd285491b7b, 5, 0, 405, 33, 26.83
2026/09/08 20:49:48.626, GPU-ecc6a1f9-42fe-2932-7ea0-1dd285491b7b, 5, 0, 405, 33, 26.83
2026/09/08 20:49:48.830, GPU-ecc6a1f9-42fe-2932-7ea0-1dd285491b7b, 5, 0, 405, 33, 26.83
2026/09/08 20:49:49.033, GPU-ecc6a1f9-42fe-2932-7ea0-1dd285491b7b, 5, 0, 405, 33, 26.83
2026/09/08 20:49:49.237, GPU-ecc6a1f9-42fe-2932-7ea0-1dd285491b7b, 5, 0, 405, 33, 26.83
2026/09/08 20:49:49.443, GPU-ecc6a1f9-42fe-2932-7ea0-1dd285491b7b, 5, 0, 405, 33, 26.83
2026/09/08 20:49:49.646, GPU-ecc6a1f9-42fe-2932-7ea0-1dd285491b7b, 5, 0, 405, 33, 26.83
2026/09/08 20:49:49.850, GPU-ecc6a1f9-42fe-2932-7ea0-1dd285491b7b, 5, 0, 405, 33, 26.83
2026/09/08 20:49:50.053, GPU-ecc6a1f9-42fe-2932-7ea0-1dd285491b7b, 5, 0, 405, 33, 26.83
2026/09/08 20:49:50.257, GPU-ecc6a1f9-42fe-2932-7ea0-1dd285491b7b, 5, 0, 405, 33, 26.83
2026/09/08 20:49:50.463, GPU-ecc6a1f9-42fe-2932-7ea0-1dd285491b7b, 5, 0, 405, 33, 26.83
2026/09/08 20:49:50.666, GPU-ecc6a1f9-42fe-2932-7ea0-1dd285491b7b, 5, 0, 405, 33, 26.83
2026/09/08 20:49:50.870, GPU-ecc6a1f9-42fe-2932-7ea0-1dd285491b7b, 5, 0, 405, 33, 26.83
2026/09/08 20:49:51.073, GPU-ecc6a1f9-42fe-2932-7ea0-1dd285491b7b, 5, 0, 405, 33, 26.83
2026/09/08 20:49:51.277, GPU-ecc6a1f9-42fe-2932-7ea0-1dd285491b7b, 5, 0, 405, 33, 26.83
2026/09/08 20:49:51.481, GPU-ecc6a1f9-42fe-2932-7ea0-1dd285491b7b, 5, 0, 405, 33, 26.83
2026/09/08 20:49:51.685, GPU-ecc6a1f9-42fe-2932-7ea0-1dd285491b7b, 5, 0, 405, 33, 26.83
2026/09/08 20:49:51.889, GPU-ecc6a1f9-42fe-2932-7ea0-1dd285491b7b, 5, 0, 405, 33, 26.83
2026/09/08 20:49:52.092, GPU-ecc6a1f9-42fe-2932-7ea0-1dd285491b7b, 5, 0, 405, 33, 26.83
2026/09/08 20:49:52.296, GPU-ecc6a1f9-42fe-2932-7ea0-1dd285491b7b, 5, 0, 405, 33, 26.83
2026/09/08 20:49:52.499, GPU-ecc6a1f9-42fe-2932-7ea0-1dd285491b7b, 5, 0, 405, 33, 26.83
2026/09/08 20:49:52.703, GPU-ecc6a1f9-42fe-2932-7ea0-1dd285491b7b, 5, 0, 405, 33, 26.83
2026/09/08 20:49:52.908, GPU-ecc6a1f9-42fe-2932-7ea0-1dd285491b7b, 5, 0, 405, 33, 26.83
2026/09/08 20:49:53.112, GPU-ecc6a1f9-42fe-2932-7ea0-1dd285491b7b, 5, 0, 405, 33, 26.83
2026/09/08 20:49:53.315, GPU-ecc6a1f9-42fe-2932-7ea0-1dd285491b7b, 5, 0, 405, 33, 26.83
2026/09/08 20:49:53.519, GPU-ecc6a1f9-42fe-2932-7ea0-1dd285491b7b, 5, 0, 405, 33, 26.83
2026/09/08 20:49:53.722, GPU-ecc6a1f9-42fe-2932-7ea0-1dd285491b7b, 5, 0, 405, 33, 26.83
2026/09/08 20:49:53.926, GPU-ecc6a1f9-42fe-2932-7ea0-1dd285491b7b, 5, 0, 405, 33, 26.58
2026/09/08 20:49:54.131, GPU-ecc6a1f9-42fe-2932-7ea0-1dd285491b7b, 5, 0, 405, 33, 26.83
2026/09/08 20:49:54.334, GPU-ecc6a1f9-42fe-2932-7ea0-1dd285491b7b, 5, 0, 405, 33, 26.83
2026/09/08 20:49:54.538, GPU-ecc6a1f9-42fe-2932-7ea0-1dd285491b7b, 5, 0, 405, 33, 26.83
2026/09/08 20:49:54.741, GPU-ecc6a1f9-42fe-2932-7ea0-1dd285491b7b, 5, 0, 405, 33, 26.83
2026/09/08 20:49:54.945, GPU-ecc6a1f9-42fe-2932-7ea0-1dd285491b7b, 5, 0, 405, 33, 26.83
2026/09/08 20:49:55.151, GPU-ecc6a1f9-42fe-2932-7ea0-1dd285491b7b, 5, 0, 405, 33, 26.83
2026/09/08 20:49:55.355, GPU-ecc6a1f9-42fe-2932-7ea0-1dd285491b7b, 5, 0, 405, 33, 26.83
2026/09/08 20:49:55.558, GPU-ecc6a1f9-42fe-2932-7ea0-1dd285491b7b, 5, 0, 405, 33, 26.83
2026/09/08 20:49:55.762, GPU-ecc6a1f9-42fe-2932-7ea0-1dd285491b7b, 5, 0, 405, 33, 26.83
2026/09/08 20:49:55.965, GPU-ecc6a1f9-42fe-2932-7ea0-1dd285491b7b, 5, 0, 405, 33, 26.83
2026/09/08 20:49:56.170, GPU-ecc6a1f9-42fe-2932-7ea0-1dd285491b7b, 5, 0, 405, 33, 26.83
2026/09/08 20:49:56.374, GPU-ecc6a1f9-42fe-2932-7ea0-1dd285491b7b, 5, 0, 405, 33, 26.83
2026/09/08 20:49:56.577, GPU-ecc6a1f9-42fe-2932-7ea0-1dd285491b7b, 5, 0, 405, 33, 26.83
2026/09/08 20:49:56.781, GPU-ecc6a1f9-42fe-2932-7ea0-1dd285491b7b, 5, 0, 405, 33, 26.83
2026/09/08 20:49:56.984, GPU-ecc6a1f9-42fe-2932-7ea0-1dd285491b7b, 5, 0, 405, 33, 26.83
2026/09/08 20:49:57.190, GPU-ecc6a1f9-42fe-2932-7ea0-1dd285491b7b, 5, 0, 405, 33, 26.83
2026/09/08 20:49:57.393, GPU-ecc6a1f9-42fe-2932-7ea0-1dd285491b7b, 5, 0, 405, 33, 26.83
2026/09/08 20:49:57.597, GPU-ecc6a1f9-42fe-2932-7ea0-1dd285491b7b, 5, 0, 405, 33, 26.83
2026/09/08 20:49:57.800, GPU-ecc6a1f9-42fe-2932-7ea0-1dd285491b7b, 5, 0, 405, 33, 26.83
2026/09/08 20:49:58.004, GPU-ecc6a1f9-42fe-2932-7ea0-1dd285491b7b, 5, 0, 405, 33, 26.83
2026/09/08 20:49:58.209, GPU-ecc6a1f9-42fe-2932-7ea0-1dd285491b7b, 5, 0, 405, 33, 26.83
2026/09/08 20:49:58.413, GPU-ecc6a1f9-42fe-2932-7ea0-1dd285491b7b, 5, 0, 405, 33, 26.83
2026/09/08 20:49:58.616, GPU-ecc6a1f9-42fe-2932-7ea0-1dd285491b7b, 5, 0, 405, 33, 26.58
2026/09/08 20:49:58.820, GPU-ecc6a1f9-42fe-2932-7ea0-1dd285491b7b, 5, 0, 405, 33, 26.83
2026/09/08 20:49:59.024, GPU-ecc6a1f9-42fe-2932-7ea0-1dd285491b7b, 5, 0, 405, 33, 26.83
2026/09/08 20:49:59.229, GPU-ecc6a1f9-42fe-2932-7ea0-1dd285491b7b, 5, 0, 405, 33, 26.83
2026/09/08 20:49:59.432, GPU-ecc6a1f9-42fe-2932-7ea0-1dd285491b7b, 5, 0, 405, 33, 26.83
2026/09/08 20:49:59.636, GPU-ecc6a1f9-42fe-2932-7ea0-1dd285491b7b, 5, 0, 405, 33, 26.58
2026/09/08 20:49:59.839, GPU-ecc6a1f9-42fe-2932-7ea0-1dd285491b7b, 5, 0, 405, 33, 26.83
2026/09/08 20:50:00.043, GPU-ecc6a1f9-42fe-2932-7ea0-1dd285491b7b, 5, 0, 405, 33, 26.83
2026/09/08 20:50:00.248, GPU-ecc6a1f9-42fe-2932-7ea0-1dd285491b7b, 5, 0, 405, 33, 26.58
2026/09/08 20:50:00.452, GPU-ecc6a1f9-42fe-2932-7ea0-1dd285491b7b, 5, 0, 405, 33, 26.83
2026/09/08 20:50:00.655, GPU-ecc6a1f9-42fe-2932-7ea0-1dd285491b7b, 5, 0, 405, 33, 26.83
2026/09/08 20:50:00.859, GPU-ecc6a1f9-42fe-2932-7ea0-1dd285491b7b, 5, 0, 405, 33, 26.83
2026/09/08 20:50:01.062, GPU-ecc6a1f9-42fe-2932-7ea0-1dd285491b7b, 5, 0, 405, 33, 26.83
2026/09/08 20:50:01.267, GPU-ecc6a1f9-42fe-2932-7ea0-1dd285491b7b, 5, 0, 405, 33, 26.58
2026/09/08 20:50:01.471, GPU-ecc6a1f9-42fe-2932-7ea0-1dd285491b7b, 5, 0, 405, 33, 26.58
2026/09/08 20:50:01.674, GPU-ecc6a1f9-42fe-2932-7ea0-1dd285491b7b, 5, 0, 405, 33, 26.58
2026/09/08 20:50:01.878, GPU-ecc6a1f9-42fe-2932-7ea0-1dd285491b7b, 5, 0, 405, 33, 26.83
2026/09/08 20:50:02.081, GPU-ecc6a1f9-42fe-2932-7ea0-1dd285491b7b, 5, 0, 405, 33, 26.58
2026/09/08 20:50:02.286, GPU-ecc6a1f9-42fe-2932-7ea0-1dd285491b7b, 5, 0, 405, 33, 26.83
2026/09/08 20:50:02.490, GPU-ecc6a1f9-42fe-2932-7ea0-1dd285491b7b, 5, 0, 405, 33, 26.83
2026/09/08 20:50:02.693, GPU-ecc6a1f9-42fe-2932-7ea0-1dd285491b7b, 5, 0, 405, 32, 26.58
2026/09/08 20:50:02.897, GPU-ecc6a1f9-42fe-2932-7ea0-1dd285491b7b, 5, 0, 405, 32, 26.58
2026/09/08 20:50:03.100, GPU-ecc6a1f9-42fe-2932-7ea0-1dd285491b7b, 5, 0, 405, 32, 26.58
2026/09/08 20:50:03.306, GPU-ecc6a1f9-42fe-2932-7ea0-1dd285491b7b, 5, 0, 405, 32, 26.83
2026/09/08 20:50:03.510, GPU-ecc6a1f9-42fe-2932-7ea0-1dd285491b7b, 5, 0, 405, 33, 26.58
2026/09/08 20:50:03.713, GPU-ecc6a1f9-42fe-2932-7ea0-1dd285491b7b, 5, 0, 405, 33, 26.83
2026/09/08 20:50:03.917, GPU-ecc6a1f9-42fe-2932-7ea0-1dd285491b7b, 5, 0, 405, 32, 26.83
2026/09/08 20:50:04.121, GPU-ecc6a1f9-42fe-2932-7ea0-1dd285491b7b, 5, 0, 405, 32, 26.83
2026/09/08 20:50:04.325, GPU-ecc6a1f9-42fe-2932-7ea0-1dd285491b7b, 5, 0, 405, 32, 26.58
2026/09/08 20:50:04.529, GPU-ecc6a1f9-42fe-2932-7ea0-1dd285491b7b, 5, 0, 405, 32, 26.83
2026/09/08 20:50:04.732, GPU-ecc6a1f9-42fe-2932-7ea0-1dd285491b7b, 5, 0, 405, 32, 26.83
2026/09/08 20:50:04.936, GPU-ecc6a1f9-42fe-2932-7ea0-1dd285491b7b, 5, 0, 405, 32, 26.83
2026/09/08 20:50:05.145, GPU-ecc6a1f9-42fe-2932-7ea0-1dd285491b7b, 7, 0, 405, 32, 26.83
2026/09/08 20:50:05.348, GPU-ecc6a1f9-42fe-2932-7ea0-1dd285491b7b, 15, 0, 405, 32, 26.83
2026/09/08 20:50:05.552, GPU-ecc6a1f9-42fe-2932-7ea0-1dd285491b7b, 493, 51, 1316, 33, 136.77
2026/09/08 20:50:05.756, GPU-ecc6a1f9-42fe-2932-7ea0-1dd285491b7b, 493, 100, 1328, 34, 140.65
2026/09/08 20:50:05.959, GPU-ecc6a1f9-42fe-2932-7ea0-1dd285491b7b, 493, 100, 1328, 34, 142.59
2026/09/08 20:50:06.164, GPU-ecc6a1f9-42fe-2932-7ea0-1dd285491b7b, 493, 100, 1328, 35, 143.80
2026/09/08 20:50:06.368, GPU-ecc6a1f9-42fe-2932-7ea0-1dd285491b7b, 493, 100, 1328, 35, 142.10
2026/09/08 20:50:06.571, GPU-ecc6a1f9-42fe-2932-7ea0-1dd285491b7b, 493, 100, 1328, 35, 143.31
2026/09/08 20:50:06.775, GPU-ecc6a1f9-42fe-2932-7ea0-1dd285491b7b, 493, 100, 1328, 35, 115.93
2026/09/08 20:50:06.979, GPU-ecc6a1f9-42fe-2932-7ea0-1dd285491b7b, 493, 67, 1328, 35, 119.32
2026/09/08 20:50:07.185, GPU-ecc6a1f9-42fe-2932-7ea0-1dd285491b7b, 493, 100, 1328, 35, 68.60
2026/09/08 20:50:07.389, GPU-ecc6a1f9-42fe-2932-7ea0-1dd285491b7b, 601, 38, 1328, 35, 76.05
2026/09/08 20:50:07.592, GPU-ecc6a1f9-42fe-2932-7ea0-1dd285491b7b, 601, 41, 1328, 34, 37.53
2026/09/08 20:50:07.796, GPU-ecc6a1f9-42fe-2932-7ea0-1dd285491b7b, 601, 23, 1328, 35, 133.95
2026/09/08 20:50:07.999, GPU-ecc6a1f9-42fe-2932-7ea0-1dd285491b7b, 601, 100, 1328, 35, 134.67
2026/09/08 20:50:08.203, GPU-ecc6a1f9-42fe-2932-7ea0-1dd285491b7b, 601, 94, 1328, 35, 120.29
2026/09/08 20:50:08.406, GPU-ecc6a1f9-42fe-2932-7ea0-1dd285491b7b, 601, 100, 1328, 36, 125.79
2026/09/08 20:50:08.612, GPU-ecc6a1f9-42fe-2932-7ea0-1dd285491b7b, 601, 100, 1328, 36, 134.92
2026/09/08 20:50:08.815, GPU-ecc6a1f9-42fe-2932-7ea0-1dd285491b7b, 601, 92, 1328, 36, 135.41
2026/09/08 20:50:09.019, GPU-ecc6a1f9-42fe-2932-7ea0-1dd285491b7b, 601, 100, 1328, 36, 123.85
2026/09/08 20:50:09.222, GPU-ecc6a1f9-42fe-2932-7ea0-1dd285491b7b, 601, 93, 1328, 36, 127.72
2026/09/08 20:50:09.426, GPU-ecc6a1f9-42fe-2932-7ea0-1dd285491b7b, 601, 100, 1328, 36, 68.11
2026/09/08 20:50:09.629, GPU-ecc6a1f9-42fe-2932-7ea0-1dd285491b7b, 601, 81, 1328, 36, 134.92
2026/09/08 20:50:09.833, GPU-ecc6a1f9-42fe-2932-7ea0-1dd285491b7b, 601, 100, 1328, 36, 134.92
2026/09/08 20:50:10.036, GPU-ecc6a1f9-42fe-2932-7ea0-1dd285491b7b, 601, 88, 1328, 36, 124.83
2026/09/08 20:50:10.241, GPU-ecc6a1f9-42fe-2932-7ea0-1dd285491b7b, 601, 100, 1328, 36, 125.54
2026/09/08 20:50:10.445, GPU-ecc6a1f9-42fe-2932-7ea0-1dd285491b7b, 601, 94, 1328, 36, 135.64
2026/09/08 20:50:10.648, GPU-ecc6a1f9-42fe-2932-7ea0-1dd285491b7b, 601, 100, 1328, 37, 135.64
2026/09/08 20:50:10.852, GPU-ecc6a1f9-42fe-2932-7ea0-1dd285491b7b, 601, 100, 1328, 37, 120.78
2026/09/08 20:50:11.055, GPU-ecc6a1f9-42fe-2932-7ea0-1dd285491b7b, 601, 83, 1328, 37, 127.72
2026/09/08 20:50:11.259, GPU-ecc6a1f9-42fe-2932-7ea0-1dd285491b7b, 601, 100, 1328, 36, 77.06
2026/09/08 20:50:11.464, GPU-ecc6a1f9-42fe-2932-7ea0-1dd285491b7b, 601, 89, 1328, 37, 135.40
2026/09/08 20:50:11.667, GPU-ecc6a1f9-42fe-2932-7ea0-1dd285491b7b, 601, 100, 1328, 37, 135.16
2026/09/08 20:50:11.871, GPU-ecc6a1f9-42fe-2932-7ea0-1dd285491b7b, 601, 100, 1328, 37, 127.00
2026/09/08 20:50:12.074, GPU-ecc6a1f9-42fe-2932-7ea0-1dd285491b7b, 601, 100, 1328, 37, 97.61
2026/09/08 20:50:12.278, GPU-ecc6a1f9-42fe-2932-7ea0-1dd285491b7b, 601, 94, 1328, 37, 136.38
2026/09/08 20:50:12.484, GPU-ecc6a1f9-42fe-2932-7ea0-1dd285491b7b, 601, 100, 1328, 37, 135.16
2026/09/08 20:50:12.687, GPU-ecc6a1f9-42fe-2932-7ea0-1dd285491b7b, 601, 100, 1328, 37, 84.31
2026/09/08 20:50:12.891, GPU-ecc6a1f9-42fe-2932-7ea0-1dd285491b7b, 601, 100, 1328, 37, 129.90
2026/09/08 20:50:13.094, GPU-ecc6a1f9-42fe-2932-7ea0-1dd285491b7b, 601, 100, 1328, 37, 110.58
2026/09/08 20:50:13.298, GPU-ecc6a1f9-42fe-2932-7ea0-1dd285491b7b, 601, 94, 1328, 37, 133.95
2026/09/08 20:50:13.504, GPU-ecc6a1f9-42fe-2932-7ea0-1dd285491b7b, 601, 100, 1328, 37, 128.21
2026/09/08 20:50:13.707, GPU-ecc6a1f9-42fe-2932-7ea0-1dd285491b7b, 601, 100, 1328, 38, 127.00
2026/09/08 20:50:13.911, GPU-ecc6a1f9-42fe-2932-7ea0-1dd285491b7b, 601, 100, 1328, 37, 77.07
2026/09/08 20:50:14.114, GPU-ecc6a1f9-42fe-2932-7ea0-1dd285491b7b, 601, 94, 1328, 38, 135.88
2026/09/08 20:50:14.318, GPU-ecc6a1f9-42fe-2932-7ea0-1dd285491b7b, 601, 100, 1328, 38, 135.40
2026/09/08 20:50:14.523, GPU-ecc6a1f9-42fe-2932-7ea0-1dd285491b7b, 601, 100, 1328, 37, 85.04
2026/09/08 20:50:14.727, GPU-ecc6a1f9-42fe-2932-7ea0-1dd285491b7b, 601, 100, 1328, 38, 129.90
2026/09/08 20:50:14.930, GPU-ecc6a1f9-42fe-2932-7ea0-1dd285491b7b, 601, 92, 1328, 37, 128.86
2026/09/08 20:50:15.133, GPU-ecc6a1f9-42fe-2932-7ea0-1dd285491b7b, 601, 96, 1328, 38, 134.92
2026/09/08 20:50:15.337, GPU-ecc6a1f9-42fe-2932-7ea0-1dd285491b7b, 601, 100, 1328, 38, 125.30
2026/09/08 20:50:15.542, GPU-ecc6a1f9-42fe-2932-7ea0-1dd285491b7b, 601, 100, 1328, 38, 127.00
2026/09/08 20:50:15.746, GPU-ecc6a1f9-42fe-2932-7ea0-1dd285491b7b, 601, 100, 1328, 38, 76.09
2026/09/08 20:50:15.949, GPU-ecc6a1f9-42fe-2932-7ea0-1dd285491b7b, 601, 94, 1328, 38, 136.61
2026/09/08 20:50:16.153, GPU-ecc6a1f9-42fe-2932-7ea0-1dd285491b7b, 601, 100, 1328, 38, 135.88
2026/09/08 20:50:16.356, GPU-ecc6a1f9-42fe-2932-7ea0-1dd285491b7b, 601, 100, 1328, 38, 126.75
2026/09/08 20:50:16.562, GPU-ecc6a1f9-42fe-2932-7ea0-1dd285491b7b, 601, 100, 1328, 38, 119.81
2026/09/08 20:50:16.765, GPU-ecc6a1f9-42fe-2932-7ea0-1dd285491b7b, 601, 94, 1328, 38, 136.13
2026/09/08 20:50:16.969, GPU-ecc6a1f9-42fe-2932-7ea0-1dd285491b7b, 601, 100, 1328, 38, 135.88
2026/09/08 20:50:17.172, GPU-ecc6a1f9-42fe-2932-7ea0-1dd285491b7b, 601, 100, 1328, 38, 105.08
2026/09/08 20:50:17.375, GPU-ecc6a1f9-42fe-2932-7ea0-1dd285491b7b, 601, 94, 1328, 38, 126.51
2026/09/08 20:50:17.581, GPU-ecc6a1f9-42fe-2932-7ea0-1dd285491b7b, 601, 100, 1328, 38, 84.31
2026/09/08 20:50:17.785, GPU-ecc6a1f9-42fe-2932-7ea0-1dd285491b7b, 601, 94, 1328, 38, 136.13
2026/09/08 20:50:17.988, GPU-ecc6a1f9-42fe-2932-7ea0-1dd285491b7b, 601, 100, 1328, 38, 134.92
2026/09/08 20:50:18.191, GPU-ecc6a1f9-42fe-2932-7ea0-1dd285491b7b, 601, 100, 1328, 38, 131.04
2026/09/08 20:50:18.395, GPU-ecc6a1f9-42fe-2932-7ea0-1dd285491b7b, 601, 100, 1328, 38, 78.76
2026/09/08 20:50:18.600, GPU-ecc6a1f9-42fe-2932-7ea0-1dd285491b7b, 601, 94, 1328, 38, 134.43
2026/09/08 20:50:18.804, GPU-ecc6a1f9-42fe-2932-7ea0-1dd285491b7b, 601, 100, 1328, 39, 134.92
2026/09/08 20:50:19.008, GPU-ecc6a1f9-42fe-2932-7ea0-1dd285491b7b, 601, 100, 1328, 38, 110.58
2026/09/08 20:50:19.211, GPU-ecc6a1f9-42fe-2932-7ea0-1dd285491b7b, 601, 95, 1328, 39, 127.00
2026/09/08 20:50:19.415, GPU-ecc6a1f9-42fe-2932-7ea0-1dd285491b7b, 601, 85, 1328, 38, 129.66
2026/09/08 20:50:19.620, GPU-ecc6a1f9-42fe-2932-7ea0-1dd285491b7b, 601, 100, 1328, 39, 135.64
2026/09/08 20:50:19.824, GPU-ecc6a1f9-42fe-2932-7ea0-1dd285491b7b, 601, 100, 1328, 39, 125.06
2026/09/08 20:50:20.027, GPU-ecc6a1f9-42fe-2932-7ea0-1dd285491b7b, 601, 100, 1328, 39, 131.04
2026/09/08 20:50:20.231, GPU-ecc6a1f9-42fe-2932-7ea0-1dd285491b7b, 601, 100, 1328, 39, 77.79
2026/09/08 20:50:20.434, GPU-ecc6a1f9-42fe-2932-7ea0-1dd285491b7b, 601, 96, 1328, 39, 136.13
2026/09/08 20:50:20.639, GPU-ecc6a1f9-42fe-2932-7ea0-1dd285491b7b, 601, 100, 1328, 39, 136.13
2026/09/08 20:50:20.843, GPU-ecc6a1f9-42fe-2932-7ea0-1dd285491b7b, 601, 100, 1328, 39, 126.51
2026/09/08 20:50:21.046, GPU-ecc6a1f9-42fe-2932-7ea0-1dd285491b7b, 601, 96, 1328, 39, 121.99
2026/09/08 20:50:21.249, GPU-ecc6a1f9-42fe-2932-7ea0-1dd285491b7b, 601, 96, 1328, 39, 136.85
2026/09/08 20:50:21.453, GPU-ecc6a1f9-42fe-2932-7ea0-1dd285491b7b, 601, 100, 1328, 39, 136.61
2026/09/08 20:50:21.659, GPU-ecc6a1f9-42fe-2932-7ea0-1dd285491b7b, 601, 100, 1328, 39, 91.11
2026/09/08 20:50:21.862, GPU-ecc6a1f9-42fe-2932-7ea0-1dd285491b7b, 601, 96, 1328, 39, 130.31
2026/09/08 20:50:22.066, GPU-ecc6a1f9-42fe-2932-7ea0-1dd285491b7b, 601, 96, 1328, 39, 101.19
2026/09/08 20:50:22.269, GPU-ecc6a1f9-42fe-2932-7ea0-1dd285491b7b, 601, 100, 1328, 39, 134.67
2026/09/08 20:50:22.473, GPU-ecc6a1f9-42fe-2932-7ea0-1dd285491b7b, 601, 100, 1328, 39, 129.42
2026/09/08 20:50:22.678, GPU-ecc6a1f9-42fe-2932-7ea0-1dd285491b7b, 601, 96, 1328, 39, 127.97
2026/09/08 20:50:22.882, GPU-ecc6a1f9-42fe-2932-7ea0-1dd285491b7b, 601, 100, 1328, 39, 77.55
2026/09/08 20:50:23.085, GPU-ecc6a1f9-42fe-2932-7ea0-1dd285491b7b, 601, 96, 1328, 39, 136.13
2026/09/08 20:50:23.289, GPU-ecc6a1f9-42fe-2932-7ea0-1dd285491b7b, 601, 100, 1328, 40, 136.13
2026/09/08 20:50:23.492, GPU-ecc6a1f9-42fe-2932-7ea0-1dd285491b7b, 601, 100, 1328, 39, 118.77
2026/09/08 20:50:23.698, GPU-ecc6a1f9-42fe-2932-7ea0-1dd285491b7b, 601, 96, 1328, 40, 131.12
2026/09/08 20:50:23.901, GPU-ecc6a1f9-42fe-2932-7ea0-1dd285491b7b, 601, 100, 1328, 40, 136.85
2026/09/08 20:50:24.104, GPU-ecc6a1f9-42fe-2932-7ea0-1dd285491b7b, 601, 100, 1328, 40, 136.85
2026/09/08 20:50:24.308, GPU-ecc6a1f9-42fe-2932-7ea0-1dd285491b7b, 601, 100, 1328, 40, 122.63
2026/09/08 20:50:24.512, GPU-ecc6a1f9-42fe-2932-7ea0-1dd285491b7b, 601, 96, 1328, 40, 126.75
2026/09/08 20:50:24.717, GPU-ecc6a1f9-42fe-2932-7ea0-1dd285491b7b, 601, 100, 1328, 39, 86.25
2026/09/08 20:50:24.921, GPU-ecc6a1f9-42fe-2932-7ea0-1dd285491b7b, 601, 100, 1328, 40, 136.85
2026/09/08 20:50:25.124, GPU-ecc6a1f9-42fe-2932-7ea0-1dd285491b7b, 601, 100, 1328, 40, 135.64
2026/09/08 20:50:25.328, GPU-ecc6a1f9-42fe-2932-7ea0-1dd285491b7b, 601, 96, 1328, 40, 131.52
2026/09/08 20:50:25.531, GPU-ecc6a1f9-42fe-2932-7ea0-1dd285491b7b, 601, 100, 1328, 40, 78.76
2026/09/08 20:50:25.736, GPU-ecc6a1f9-42fe-2932-7ea0-1dd285491b7b, 601, 100, 1328, 40, 135.40
2026/09/08 20:50:25.940, GPU-ecc6a1f9-42fe-2932-7ea0-1dd285491b7b, 601, 100, 1328, 40, 135.64
2026/09/08 20:50:26.143, GPU-ecc6a1f9-42fe-2932-7ea0-1dd285491b7b, 601, 100, 1328, 40, 116.89
2026/09/08 20:50:26.347, GPU-ecc6a1f9-42fe-2932-7ea0-1dd285491b7b, 601, 96, 1328, 40, 127.48
2026/09/08 20:50:26.551, GPU-ecc6a1f9-42fe-2932-7ea0-1dd285491b7b, 601, 100, 1328, 40, 136.61
2026/09/08 20:50:26.756, GPU-ecc6a1f9-42fe-2932-7ea0-1dd285491b7b, 601, 100, 1328, 40, 137.09
2026/09/08 20:50:26.960, GPU-ecc6a1f9-42fe-2932-7ea0-1dd285491b7b, 601, 100, 1328, 40, 125.54
2026/09/08 20:50:27.163, GPU-ecc6a1f9-42fe-2932-7ea0-1dd285491b7b, 601, 96, 1328, 40, 129.42
2026/09/08 20:50:27.367, GPU-ecc6a1f9-42fe-2932-7ea0-1dd285491b7b, 601, 100, 1328, 40, 69.57
2026/09/08 20:50:27.570, GPU-ecc6a1f9-42fe-2932-7ea0-1dd285491b7b, 601, 96, 1328, 40, 136.85
2026/09/08 20:50:27.776, GPU-ecc6a1f9-42fe-2932-7ea0-1dd285491b7b, 601, 100, 1328, 41, 136.61
2026/09/08 20:50:27.979, GPU-ecc6a1f9-42fe-2932-7ea0-1dd285491b7b, 601, 96, 1328, 41, 128.21
2026/09/08 20:50:28.182, GPU-ecc6a1f9-42fe-2932-7ea0-1dd285491b7b, 601, 100, 1328, 40, 80.71
2026/09/08 20:50:28.386, GPU-ecc6a1f9-42fe-2932-7ea0-1dd285491b7b, 601, 100, 1328, 40, 135.88
2026/09/08 20:50:28.589, GPU-ecc6a1f9-42fe-2932-7ea0-1dd285491b7b, 601, 100, 1328, 41, 135.88
2026/09/08 20:50:28.795, GPU-ecc6a1f9-42fe-2932-7ea0-1dd285491b7b, 601, 100, 1328, 41, 92.03
2026/09/08 20:50:28.998, GPU-ecc6a1f9-42fe-2932-7ea0-1dd285491b7b, 601, 96, 1328, 41, 131.04
2026/09/08 20:50:29.202, GPU-ecc6a1f9-42fe-2932-7ea0-1dd285491b7b, 303, 100, 1328, 40, 39.72
2026/09/08 20:50:29.405, GPU-ecc6a1f9-42fe-2932-7ea0-1dd285491b7b, 5, 42, 1328, 39, 39.24
2026/09/08 20:50:29.608, GPU-ecc6a1f9-42fe-2932-7ea0-1dd285491b7b, 5, 0, 1328, 39, 38.99
2026/09/08 20:50:29.812, GPU-ecc6a1f9-42fe-2932-7ea0-1dd285491b7b, 5, 0, 1328, 39, 38.75
2026/09/08 20:50:30.017, GPU-ecc6a1f9-42fe-2932-7ea0-1dd285491b7b, 5, 0, 1328, 39, 38.75
2026/09/08 20:50:30.221, GPU-ecc6a1f9-42fe-2932-7ea0-1dd285491b7b, 5, 0, 1328, 39, 38.75
2026/09/08 20:50:30.424, GPU-ecc6a1f9-42fe-2932-7ea0-1dd285491b7b, 5, 0, 1328, 39, 38.51
2026/09/08 20:50:30.628, GPU-ecc6a1f9-42fe-2932-7ea0-1dd285491b7b, 5, 0, 1328, 39, 38.51
2026/09/08 20:50:30.831, GPU-ecc6a1f9-42fe-2932-7ea0-1dd285491b7b, 5, 0, 1328, 38, 38.26
2026/09/08 20:50:31.035, GPU-ecc6a1f9-42fe-2932-7ea0-1dd285491b7b, 5, 0, 1328, 38, 38.51
2026/09/08 20:50:31.242, GPU-ecc6a1f9-42fe-2932-7ea0-1dd285491b7b, 5, 0, 1328, 38, 38.26
2026/09/08 20:50:31.445, GPU-ecc6a1f9-42fe-2932-7ea0-1dd285491b7b, 5, 0, 1328, 38, 38.26
2026/09/08 20:50:31.649, GPU-ecc6a1f9-42fe-2932-7ea0-1dd285491b7b, 5, 0, 1328, 38, 38.26
2026/09/08 20:50:31.852, GPU-ecc6a1f9-42fe-2932-7ea0-1dd285491b7b, 5, 0, 1328, 38, 38.51
2026/09/08 20:50:32.056, GPU-ecc6a1f9-42fe-2932-7ea0-1dd285491b7b, 5, 0, 455, 38, 28.53
2026/09/08 20:50:32.261, GPU-ecc6a1f9-42fe-2932-7ea0-1dd285491b7b, 5, 0, 455, 38, 28.53
2026/09/08 20:50:32.465, GPU-ecc6a1f9-42fe-2932-7ea0-1dd285491b7b, 5, 0, 455, 38, 28.29
2026/09/08 20:50:32.668, GPU-ecc6a1f9-42fe-2932-7ea0-1dd285491b7b, 5, 0, 455, 38, 28.29
2026/09/08 20:50:32.872, GPU-ecc6a1f9-42fe-2932-7ea0-1dd285491b7b, 5, 0, 455, 38, 28.29
2026/09/08 20:50:33.075, GPU-ecc6a1f9-42fe-2932-7ea0-1dd285491b7b, 5, 0, 455, 38, 28.29
2026/09/08 20:50:33.279, GPU-ecc6a1f9-42fe-2932-7ea0-1dd285491b7b, 5, 0, 455, 38, 28.29
2026/09/08 20:50:33.485, GPU-ecc6a1f9-42fe-2932-7ea0-1dd285491b7b, 5, 0, 455, 37, 28.29
2026/09/08 20:50:33.688, GPU-ecc6a1f9-42fe-2932-7ea0-1dd285491b7b, 5, 0, 455, 37, 28.29
2026/09/08 20:50:33.892, GPU-ecc6a1f9-42fe-2932-7ea0-1dd285491b7b, 5, 0, 455, 37, 28.29
2026/09/08 20:50:34.096, GPU-ecc6a1f9-42fe-2932-7ea0-1dd285491b7b, 5, 0, 455, 37, 28.29
2026/09/08 20:50:34.299, GPU-ecc6a1f9-42fe-2932-7ea0-1dd285491b7b, 5, 0, 455, 37, 28.29
2026/09/08 20:50:34.503, GPU-ecc6a1f9-42fe-2932-7ea0-1dd285491b7b, 5, 0, 455, 37, 28.29
2026/09/08 20:50:34.709, GPU-ecc6a1f9-42fe-2932-7ea0-1dd285491b7b, 5, 0, 405, 37, 27.56
2026/09/08 20:50:34.912, GPU-ecc6a1f9-42fe-2932-7ea0-1dd285491b7b, 5, 0, 405, 37, 27.56
2026/09/08 20:50:35.116, GPU-ecc6a1f9-42fe-2932-7ea0-1dd285491b7b, 5, 0, 405, 37, 27.56
2026/09/08 20:50:35.320, GPU-ecc6a1f9-42fe-2932-7ea0-1dd285491b7b, 5, 0, 405, 37, 27.56
2026/09/08 20:50:35.523, GPU-ecc6a1f9-42fe-2932-7ea0-1dd285491b7b, 5, 0, 405, 37, 27.56
2026/09/08 20:50:35.729, GPU-ecc6a1f9-42fe-2932-7ea0-1dd285491b7b, 5, 0, 405, 37, 27.56
2026/09/08 20:50:35.933, GPU-ecc6a1f9-42fe-2932-7ea0-1dd285491b7b, 5, 0, 405, 37, 27.56
2026/09/08 20:50:36.136, GPU-ecc6a1f9-42fe-2932-7ea0-1dd285491b7b, 5, 0, 405, 37, 27.56
2026/09/08 20:50:36.340, GPU-ecc6a1f9-42fe-2932-7ea0-1dd285491b7b, 5, 0, 405, 37, 27.31
2026/09/08 20:50:36.543, GPU-ecc6a1f9-42fe-2932-7ea0-1dd285491b7b, 5, 0, 405, 37, 27.31
2026/09/08 20:50:36.749, GPU-ecc6a1f9-42fe-2932-7ea0-1dd285491b7b, 5, 0, 405, 37, 27.31
2026/09/08 20:50:36.952, GPU-ecc6a1f9-42fe-2932-7ea0-1dd285491b7b, 5, 0, 405, 37, 27.31
2026/09/08 20:50:37.156, GPU-ecc6a1f9-42fe-2932-7ea0-1dd285491b7b, 5, 0, 405, 37, 27.31
2026/09/08 20:50:37.359, GPU-ecc6a1f9-42fe-2932-7ea0-1dd285491b7b, 5, 0, 405, 37, 27.31
2026/09/08 20:50:37.563, GPU-ecc6a1f9-42fe-2932-7ea0-1dd285491b7b, 5, 0, 405, 37, 27.31
2026/09/08 20:50:37.768, GPU-ecc6a1f9-42fe-2932-7ea0-1dd285491b7b, 5, 0, 405, 37, 27.31
2026/09/08 20:50:37.972, GPU-ecc6a1f9-42fe-2932-7ea0-1dd285491b7b, 5, 0, 405, 37, 27.31
2026/09/08 20:50:38.176, GPU-ecc6a1f9-42fe-2932-7ea0-1dd285491b7b, 5, 0, 405, 37, 27.31
2026/09/08 20:50:38.379, GPU-ecc6a1f9-42fe-2932-7ea0-1dd285491b7b, 5, 0, 405, 36, 27.31
2026/09/08 20:50:38.583, GPU-ecc6a1f9-42fe-2932-7ea0-1dd285491b7b, 5, 0, 405, 36, 27.31
2026/09/08 20:50:38.788, GPU-ecc6a1f9-42fe-2932-7ea0-1dd285491b7b, 5, 0, 405, 36, 27.31
2026/09/08 20:50:38.991, GPU-ecc6a1f9-42fe-2932-7ea0-1dd285491b7b, 5, 0, 405, 36, 27.31
2026/09/08 20:50:39.195, GPU-ecc6a1f9-42fe-2932-7ea0-1dd285491b7b, 5, 0, 405, 36, 27.31
2026/09/08 20:50:39.398, GPU-ecc6a1f9-42fe-2932-7ea0-1dd285491b7b, 5, 0, 405, 36, 27.31
2026/09/08 20:50:39.602, GPU-ecc6a1f9-42fe-2932-7ea0-1dd285491b7b, 5, 0, 405, 36, 27.31
2026/09/08 20:50:39.807, GPU-ecc6a1f9-42fe-2932-7ea0-1dd285491b7b, 5, 0, 405, 36, 27.31
2026/09/08 20:50:40.010, GPU-ecc6a1f9-42fe-2932-7ea0-1dd285491b7b, 5, 0, 405, 36, 27.31
2026/09/08 20:50:40.214, GPU-ecc6a1f9-42fe-2932-7ea0-1dd285491b7b, 5, 0, 405, 36, 27.31
2026/09/08 20:50:40.417, GPU-ecc6a1f9-42fe-2932-7ea0-1dd285491b7b, 5, 0, 405, 36, 27.31
2026/09/08 20:50:40.621, GPU-ecc6a1f9-42fe-2932-7ea0-1dd285491b7b, 5, 0, 405, 36, 27.31
2026/09/08 20:50:40.827, GPU-ecc6a1f9-42fe-2932-7ea0-1dd285491b7b, 5, 0, 405, 36, 27.31
2026/09/08 20:50:41.030, GPU-ecc6a1f9-42fe-2932-7ea0-1dd285491b7b, 5, 0, 405, 36, 27.31
2026/09/08 20:50:41.234, GPU-ecc6a1f9-42fe-2932-7ea0-1dd285491b7b, 5, 0, 405, 36, 27.31
2026/09/08 20:50:41.437, GPU-ecc6a1f9-42fe-2932-7ea0-1dd285491b7b, 5, 0, 405, 36, 27.31
2026/09/08 20:50:41.641, GPU-ecc6a1f9-42fe-2932-7ea0-1dd285491b7b, 5, 0, 405, 36, 27.31
2026/09/08 20:50:41.847, GPU-ecc6a1f9-42fe-2932-7ea0-1dd285491b7b, 5, 0, 405, 36, 27.31
2026/09/08 20:50:42.051, GPU-ecc6a1f9-42fe-2932-7ea0-1dd285491b7b, 5, 0, 405, 36, 27.31
2026/09/08 20:50:42.254, GPU-ecc6a1f9-42fe-2932-7ea0-1dd285491b7b, 5, 0, 405, 36, 27.31
2026/09/08 20:50:42.458, GPU-ecc6a1f9-42fe-2932-7ea0-1dd285491b7b, 5, 0, 405, 36, 27.31
2026/09/08 20:50:42.661, GPU-ecc6a1f9-42fe-2932-7ea0-1dd285491b7b, 5, 0, 405, 36, 27.31
2026/09/08 20:50:42.865, GPU-ecc6a1f9-42fe-2932-7ea0-1dd285491b7b, 5, 0, 405, 36, 27.31
2026/09/08 20:50:43.070, GPU-ecc6a1f9-42fe-2932-7ea0-1dd285491b7b, 5, 0, 405, 36, 27.31
2026/09/08 20:50:43.274, GPU-ecc6a1f9-42fe-2932-7ea0-1dd285491b7b, 5, 0, 405, 36, 27.31
2026/09/08 20:50:43.477, GPU-ecc6a1f9-42fe-2932-7ea0-1dd285491b7b, 5, 0, 405, 36, 27.31
2026/09/08 20:50:43.682, GPU-ecc6a1f9-42fe-2932-7ea0-1dd285491b7b, 5, 0, 405, 36, 27.31
2026/09/08 20:50:43.885, GPU-ecc6a1f9-42fe-2932-7ea0-1dd285491b7b, 5, 0, 405, 36, 27.31
2026/09/08 20:50:44.089, GPU-ecc6a1f9-42fe-2932-7ea0-1dd285491b7b, 5, 0, 405, 36, 27.31
2026/09/08 20:50:44.293, GPU-ecc6a1f9-42fe-2932-7ea0-1dd285491b7b, 5, 0, 405, 36, 27.31
2026/09/08 20:50:44.497, GPU-ecc6a1f9-42fe-2932-7ea0-1dd285491b7b, 5, 0, 405, 36, 27.31
2026/09/08 20:50:44.700, GPU-ecc6a1f9-42fe-2932-7ea0-1dd285491b7b, 5, 0, 405, 36, 27.07
2026/09/08 20:50:44.904, GPU-ecc6a1f9-42fe-2932-7ea0-1dd285491b7b, 5, 0, 405, 36, 27.07
2026/09/08 20:50:45.107, GPU-ecc6a1f9-42fe-2932-7ea0-1dd285491b7b, 5, 0, 405, 36, 27.31
2026/09/08 20:50:45.314, GPU-ecc6a1f9-42fe-2932-7ea0-1dd285491b7b, 5, 0, 405, 36, 27.31
2026/09/08 20:50:45.518, GPU-ecc6a1f9-42fe-2932-7ea0-1dd285491b7b, 5, 0, 405, 36, 27.31
2026/09/08 20:50:45.721, GPU-ecc6a1f9-42fe-2932-7ea0-1dd285491b7b, 5, 0, 405, 36, 27.31
2026/09/08 20:50:45.925, GPU-ecc6a1f9-42fe-2932-7ea0-1dd285491b7b, 5, 0, 405, 36, 27.07
2026/09/08 20:50:46.128, GPU-ecc6a1f9-42fe-2932-7ea0-1dd285491b7b, 5, 0, 405, 36, 27.31
2026/09/08 20:50:46.334, GPU-ecc6a1f9-42fe-2932-7ea0-1dd285491b7b, 5, 0, 405, 36, 27.31
2026/09/08 20:50:46.537, GPU-ecc6a1f9-42fe-2932-7ea0-1dd285491b7b, 5, 0, 405, 36, 27.07
2026/09/08 20:50:46.741, GPU-ecc6a1f9-42fe-2932-7ea0-1dd285491b7b, 5, 0, 405, 36, 27.07
2026/09/08 20:50:46.944, GPU-ecc6a1f9-42fe-2932-7ea0-1dd285491b7b, 5, 0, 405, 36, 27.07
2026/09/08 20:50:47.148, GPU-ecc6a1f9-42fe-2932-7ea0-1dd285491b7b, 5, 0, 405, 36, 27.07
2026/09/08 20:50:47.353, GPU-ecc6a1f9-42fe-2932-7ea0-1dd285491b7b, 5, 0, 405, 35, 27.07
2026/09/08 20:50:47.556, GPU-ecc6a1f9-42fe-2932-7ea0-1dd285491b7b, 5, 0, 405, 35, 27.07
2026/09/08 20:50:47.760, GPU-ecc6a1f9-42fe-2932-7ea0-1dd285491b7b, 5, 0, 405, 35, 27.07
2026/09/08 20:50:47.963, GPU-ecc6a1f9-42fe-2932-7ea0-1dd285491b7b, 5, 0, 405, 36, 27.07
2026/09/08 20:50:48.167, GPU-ecc6a1f9-42fe-2932-7ea0-1dd285491b7b, 5, 0, 405, 35, 27.07
2026/09/08 20:50:48.372, GPU-ecc6a1f9-42fe-2932-7ea0-1dd285491b7b, 5, 0, 405, 35, 27.07
2026/09/08 20:50:48.576, GPU-ecc6a1f9-42fe-2932-7ea0-1dd285491b7b, 5, 0, 405, 35, 27.07
2026/09/08 20:50:48.779, GPU-ecc6a1f9-42fe-2932-7ea0-1dd285491b7b, 5, 0, 405, 35, 27.07
2026/09/08 20:50:48.983, GPU-ecc6a1f9-42fe-2932-7ea0-1dd285491b7b, 5, 0, 405, 35, 27.07
2026/09/08 20:50:49.186, GPU-ecc6a1f9-42fe-2932-7ea0-1dd285491b7b, 5, 0, 405, 35, 27.07
2026/09/08 20:50:49.392, GPU-ecc6a1f9-42fe-2932-7ea0-1dd285491b7b, 5, 0, 405, 35, 27.07
2026/09/08 20:50:49.595, GPU-ecc6a1f9-42fe-2932-7ea0-1dd285491b7b, 5, 0, 405, 35, 27.07
2026/09/08 20:50:49.799, GPU-ecc6a1f9-42fe-2932-7ea0-1dd285491b7b, 5, 0, 405, 35, 27.07
2026/09/08 20:50:50.003, GPU-ecc6a1f9-42fe-2932-7ea0-1dd285491b7b, 5, 0, 405, 35, 27.07
2026/09/08 20:50:50.206, GPU-ecc6a1f9-42fe-2932-7ea0-1dd285491b7b, 5, 0, 405, 35, 27.07
2026/09/08 20:50:50.411, GPU-ecc6a1f9-42fe-2932-7ea0-1dd285491b7b, 5, 0, 405, 35, 27.07
2026/09/08 20:50:50.615, GPU-ecc6a1f9-42fe-2932-7ea0-1dd285491b7b, 5, 0, 405, 35, 27.07
2026/09/08 20:50:50.818, GPU-ecc6a1f9-42fe-2932-7ea0-1dd285491b7b, 5, 0, 405, 35, 27.07
2026/09/08 20:50:51.022, GPU-ecc6a1f9-42fe-2932-7ea0-1dd285491b7b, 5, 0, 405, 35, 27.07
2026/09/08 20:50:51.225, GPU-ecc6a1f9-42fe-2932-7ea0-1dd285491b7b, 5, 0, 405, 35, 27.07
2026/09/08 20:50:51.431, GPU-ecc6a1f9-42fe-2932-7ea0-1dd285491b7b, 5, 0, 405, 35, 27.07
2026/09/08 20:50:51.634, GPU-ecc6a1f9-42fe-2932-7ea0-1dd285491b7b, 5, 0, 405, 35, 27.07
2026/09/08 20:50:51.838, GPU-ecc6a1f9-42fe-2932-7ea0-1dd285491b7b, 5, 0, 405, 35, 27.07
2026/09/08 20:50:52.041, GPU-ecc6a1f9-42fe-2932-7ea0-1dd285491b7b, 5, 0, 405, 35, 27.07
2026/09/08 20:50:52.245, GPU-ecc6a1f9-42fe-2932-7ea0-1dd285491b7b, 5, 0, 405, 35, 27.07
2026/09/08 20:50:52.450, GPU-ecc6a1f9-42fe-2932-7ea0-1dd285491b7b, 5, 0, 405, 35, 27.07
2026/09/08 20:50:52.654, GPU-ecc6a1f9-42fe-2932-7ea0-1dd285491b7b, 5, 0, 405, 35, 27.07
2026/09/08 20:50:52.857, GPU-ecc6a1f9-42fe-2932-7ea0-1dd285491b7b, 5, 0, 405, 35, 27.07
2026/09/08 20:50:53.061, GPU-ecc6a1f9-42fe-2932-7ea0-1dd285491b7b, 5, 0, 405, 35, 27.07
2026/09/08 20:50:53.264, GPU-ecc6a1f9-42fe-2932-7ea0-1dd285491b7b, 5, 0, 405, 35, 27.07
2026/09/08 20:50:53.470, GPU-ecc6a1f9-42fe-2932-7ea0-1dd285491b7b, 5, 0, 405, 35, 27.07
2026/09/08 20:50:53.673, GPU-ecc6a1f9-42fe-2932-7ea0-1dd285491b7b, 5, 0, 405, 35, 27.07
2026/09/08 20:50:53.877, GPU-ecc6a1f9-42fe-2932-7ea0-1dd285491b7b, 5, 0, 405, 35, 27.07
2026/09/08 20:50:54.080, GPU-ecc6a1f9-42fe-2932-7ea0-1dd285491b7b, 5, 0, 405, 35, 27.07
2026/09/08 20:50:54.284, GPU-ecc6a1f9-42fe-2932-7ea0-1dd285491b7b, 5, 0, 405, 35, 27.07
2026/09/08 20:50:54.489, GPU-ecc6a1f9-42fe-2932-7ea0-1dd285491b7b, 5, 0, 405, 35, 27.07
2026/09/08 20:50:54.693, GPU-ecc6a1f9-42fe-2932-7ea0-1dd285491b7b, 5, 0, 405, 35, 27.07
2026/09/08 20:50:54.896, GPU-ecc6a1f9-42fe-2932-7ea0-1dd285491b7b, 5, 0, 405, 35, 27.07
2026/09/08 20:50:55.100, GPU-ecc6a1f9-42fe-2932-7ea0-1dd285491b7b, 5, 0, 405, 35, 27.07
2026/09/08 20:50:55.303, GPU-ecc6a1f9-42fe-2932-7ea0-1dd285491b7b, 5, 0, 405, 35, 27.07
2026/09/08 20:50:55.509, GPU-ecc6a1f9-42fe-2932-7ea0-1dd285491b7b, 5, 0, 405, 35, 27.07
2026/09/08 20:50:55.712, GPU-ecc6a1f9-42fe-2932-7ea0-1dd285491b7b, 5, 0, 405, 35, 27.07
2026/09/08 20:50:55.916, GPU-ecc6a1f9-42fe-2932-7ea0-1dd285491b7b, 5, 0, 405, 35, 27.07
2026/09/08 20:50:56.119, GPU-ecc6a1f9-42fe-2932-7ea0-1dd285491b7b, 5, 0, 405, 35, 27.07
2026/09/08 20:50:56.323, GPU-ecc6a1f9-42fe-2932-7ea0-1dd285491b7b, 5, 0, 405, 35, 27.07
2026/09/08 20:50:56.529, GPU-ecc6a1f9-42fe-2932-7ea0-1dd285491b7b, 5, 0, 405, 35, 27.07
2026/09/08 20:50:56.732, GPU-ecc6a1f9-42fe-2932-7ea0-1dd285491b7b, 5, 0, 405, 35, 27.07
2026/09/08 20:50:56.936, GPU-ecc6a1f9-42fe-2932-7ea0-1dd285491b7b, 5, 0, 405, 34, 27.07
2026/09/08 20:50:57.140, GPU-ecc6a1f9-42fe-2932-7ea0-1dd285491b7b, 5, 0, 405, 34, 27.07
2026/09/08 20:50:57.343, GPU-ecc6a1f9-42fe-2932-7ea0-1dd285491b7b, 5, 0, 405, 35, 27.07
2026/09/08 20:50:57.549, GPU-ecc6a1f9-42fe-2932-7ea0-1dd285491b7b, 5, 0, 405, 35, 27.07
2026/09/08 20:50:57.752, GPU-ecc6a1f9-42fe-2932-7ea0-1dd285491b7b, 5, 0, 405, 35, 27.07
2026/09/08 20:50:57.956, GPU-ecc6a1f9-42fe-2932-7ea0-1dd285491b7b, 5, 0, 405, 34, 27.07
2026/09/08 20:50:58.159, GPU-ecc6a1f9-42fe-2932-7ea0-1dd285491b7b, 5, 0, 405, 35, 27.07
2026/09/08 20:50:58.363, GPU-ecc6a1f9-42fe-2932-7ea0-1dd285491b7b, 5, 0, 405, 34, 27.07
2026/09/08 20:50:58.569, GPU-ecc6a1f9-42fe-2932-7ea0-1dd285491b7b, 5, 0, 405, 34, 27.07
2026/09/08 20:50:58.772, GPU-ecc6a1f9-42fe-2932-7ea0-1dd285491b7b, 5, 0, 405, 34, 27.07
2026/09/08 20:50:58.976, GPU-ecc6a1f9-42fe-2932-7ea0-1dd285491b7b, 5, 0, 405, 34, 27.07
2026/09/08 20:50:59.179, GPU-ecc6a1f9-42fe-2932-7ea0-1dd285491b7b, 5, 0, 405, 34, 26.83
2026/09/08 20:50:59.383, GPU-ecc6a1f9-42fe-2932-7ea0-1dd285491b7b, 5, 0, 405, 34, 27.07
2026/09/08 20:50:59.588, GPU-ecc6a1f9-42fe-2932-7ea0-1dd285491b7b, 5, 0, 405, 34, 27.07
2026/09/08 20:50:59.792, GPU-ecc6a1f9-42fe-2932-7ea0-1dd285491b7b, 5, 0, 405, 34, 27.07
2026/09/08 20:50:59.995, GPU-ecc6a1f9-42fe-2932-7ea0-1dd285491b7b, 5, 0, 405, 34, 27.07
2026/09/08 20:51:00.199, GPU-ecc6a1f9-42fe-2932-7ea0-1dd285491b7b, 5, 0, 405, 34, 27.07
2026/09/08 20:51:00.403, GPU-ecc6a1f9-42fe-2932-7ea0-1dd285491b7b, 5, 0, 405, 34, 27.07
2026/09/08 20:51:00.607, GPU-ecc6a1f9-42fe-2932-7ea0-1dd285491b7b, 5, 0, 405, 34, 27.07
2026/09/08 20:51:00.811, GPU-ecc6a1f9-42fe-2932-7ea0-1dd285491b7b, 5, 0, 405, 34, 27.07
2026/09/08 20:51:01.014, GPU-ecc6a1f9-42fe-2932-7ea0-1dd285491b7b, 5, 0, 405, 34, 27.07
2026/09/08 20:51:01.218, GPU-ecc6a1f9-42fe-2932-7ea0-1dd285491b7b, 5, 0, 405, 34, 26.83
2026/09/08 20:51:01.421, GPU-ecc6a1f9-42fe-2932-7ea0-1dd285491b7b, 5, 0, 405, 34, 27.07
2026/09/08 20:51:01.627, GPU-ecc6a1f9-42fe-2932-7ea0-1dd285491b7b, 5, 0, 405, 34, 27.07
2026/09/08 20:51:01.830, GPU-ecc6a1f9-42fe-2932-7ea0-1dd285491b7b, 5, 0, 405, 34, 27.07
2026/09/08 20:51:02.034, GPU-ecc6a1f9-42fe-2932-7ea0-1dd285491b7b, 5, 0, 405, 34, 27.07
2026/09/08 20:51:02.237, GPU-ecc6a1f9-42fe-2932-7ea0-1dd285491b7b, 5, 0, 405, 34, 27.07
2026/09/08 20:51:02.441, GPU-ecc6a1f9-42fe-2932-7ea0-1dd285491b7b, 5, 0, 405, 34, 27.07
2026/09/08 20:51:02.646, GPU-ecc6a1f9-42fe-2932-7ea0-1dd285491b7b, 5, 0, 405, 34, 27.07
2026/09/08 20:51:02.850, GPU-ecc6a1f9-42fe-2932-7ea0-1dd285491b7b, 7, 0, 405, 34, 26.83
2026/09/08 20:51:03.053, GPU-ecc6a1f9-42fe-2932-7ea0-1dd285491b7b, 15, 0, 1189, 34, 28.04
2026/09/08 20:51:03.259, GPU-ecc6a1f9-42fe-2932-7ea0-1dd285491b7b, 455, 14, 1189, 34, 33.87
2026/09/08 20:51:03.466, GPU-ecc6a1f9-42fe-2932-7ea0-1dd285491b7b, 563, 20, 1189, 34, 32.90
2026/09/08 20:51:03.669, GPU-ecc6a1f9-42fe-2932-7ea0-1dd285491b7b, 563, 17, 1189, 34, 98.10
2026/09/08 20:51:03.873, GPU-ecc6a1f9-42fe-2932-7ea0-1dd285491b7b, 563, 52, 1316, 35, 49.66
2026/09/08 20:51:04.076, GPU-ecc6a1f9-42fe-2932-7ea0-1dd285491b7b, 563, 45, 1328, 35, 51.39
2026/09/08 20:51:04.280, GPU-ecc6a1f9-42fe-2932-7ea0-1dd285491b7b, 563, 49, 1328, 35, 61.09
2026/09/08 20:51:04.485, GPU-ecc6a1f9-42fe-2932-7ea0-1dd285491b7b, 563, 50, 1328, 37, 184.97
2026/09/08 20:51:04.688, GPU-ecc6a1f9-42fe-2932-7ea0-1dd285491b7b, 563, 93, 1328, 38, 181.44
2026/09/08 20:51:04.892, GPU-ecc6a1f9-42fe-2932-7ea0-1dd285491b7b, 563, 100, 1328, 39, 188.60
2026/09/08 20:51:05.095, GPU-ecc6a1f9-42fe-2932-7ea0-1dd285491b7b, 563, 100, 1328, 39, 189.56
2026/09/08 20:51:05.299, GPU-ecc6a1f9-42fe-2932-7ea0-1dd285491b7b, 563, 100, 1328, 39, 190.74
2026/09/08 20:51:05.504, GPU-ecc6a1f9-42fe-2932-7ea0-1dd285491b7b, 563, 100, 1328, 40, 187.39
2026/09/08 20:51:05.707, GPU-ecc6a1f9-42fe-2932-7ea0-1dd285491b7b, 563, 100, 1328, 40, 181.20
2026/09/08 20:51:05.911, GPU-ecc6a1f9-42fe-2932-7ea0-1dd285491b7b, 563, 100, 1328, 40, 187.63
2026/09/08 20:51:06.114, GPU-ecc6a1f9-42fe-2932-7ea0-1dd285491b7b, 563, 100, 1328, 40, 188.60
2026/09/08 20:51:06.318, GPU-ecc6a1f9-42fe-2932-7ea0-1dd285491b7b, 563, 100, 1328, 40, 183.04
2026/09/08 20:51:06.524, GPU-ecc6a1f9-42fe-2932-7ea0-1dd285491b7b, 563, 100, 1328, 41, 200.05
2026/09/08 20:51:06.727, GPU-ecc6a1f9-42fe-2932-7ea0-1dd285491b7b, 563, 100, 1328, 41, 188.42
2026/09/08 20:51:06.930, GPU-ecc6a1f9-42fe-2932-7ea0-1dd285491b7b, 563, 100, 1328, 41, 201.64
2026/09/08 20:51:07.134, GPU-ecc6a1f9-42fe-2932-7ea0-1dd285491b7b, 563, 100, 1328, 41, 201.40
2026/09/08 20:51:07.338, GPU-ecc6a1f9-42fe-2932-7ea0-1dd285491b7b, 563, 100, 1328, 41, 194.84
2026/09/08 20:51:07.543, GPU-ecc6a1f9-42fe-2932-7ea0-1dd285491b7b, 563, 100, 1328, 41, 190.98
2026/09/08 20:51:07.747, GPU-ecc6a1f9-42fe-2932-7ea0-1dd285491b7b, 563, 100, 1328, 42, 187.39
2026/09/08 20:51:07.950, GPU-ecc6a1f9-42fe-2932-7ea0-1dd285491b7b, 563, 100, 1328, 42, 187.15
2026/09/08 20:51:08.153, GPU-ecc6a1f9-42fe-2932-7ea0-1dd285491b7b, 563, 100, 1328, 42, 185.21
2026/09/08 20:51:08.357, GPU-ecc6a1f9-42fe-2932-7ea0-1dd285491b7b, 563, 100, 1328, 42, 185.94
2026/09/08 20:51:08.562, GPU-ecc6a1f9-42fe-2932-7ea0-1dd285491b7b, 563, 100, 1328, 42, 184.97
2026/09/08 20:51:08.766, GPU-ecc6a1f9-42fe-2932-7ea0-1dd285491b7b, 563, 100, 1328, 42, 187.84
2026/09/08 20:51:08.969, GPU-ecc6a1f9-42fe-2932-7ea0-1dd285491b7b, 563, 100, 1328, 42, 175.14
2026/09/08 20:51:09.173, GPU-ecc6a1f9-42fe-2932-7ea0-1dd285491b7b, 563, 100, 1328, 42, 185.18
2026/09/08 20:51:09.376, GPU-ecc6a1f9-42fe-2932-7ea0-1dd285491b7b, 563, 100, 1328, 42, 191.12
2026/09/08 20:51:09.579, GPU-ecc6a1f9-42fe-2932-7ea0-1dd285491b7b, 563, 100, 1328, 43, 191.61
2026/09/08 20:51:09.783, GPU-ecc6a1f9-42fe-2932-7ea0-1dd285491b7b, 563, 100, 1328, 43, 192.67
2026/09/08 20:51:09.987, GPU-ecc6a1f9-42fe-2932-7ea0-1dd285491b7b, 563, 100, 1328, 43, 190.26
2026/09/08 20:51:10.190, GPU-ecc6a1f9-42fe-2932-7ea0-1dd285491b7b, 563, 100, 1328, 43, 187.15
2026/09/08 20:51:10.394, GPU-ecc6a1f9-42fe-2932-7ea0-1dd285491b7b, 563, 100, 1328, 43, 186.18
2026/09/08 20:51:10.597, GPU-ecc6a1f9-42fe-2932-7ea0-1dd285491b7b, 563, 100, 1328, 43, 185.70
2026/09/08 20:51:10.801, GPU-ecc6a1f9-42fe-2932-7ea0-1dd285491b7b, 563, 100, 1328, 43, 184.97
2026/09/08 20:51:11.006, GPU-ecc6a1f9-42fe-2932-7ea0-1dd285491b7b, 563, 100, 1328, 43, 186.91
2026/09/08 20:51:11.210, GPU-ecc6a1f9-42fe-2932-7ea0-1dd285491b7b, 563, 100, 1328, 43, 192.91
2026/09/08 20:51:11.413, GPU-ecc6a1f9-42fe-2932-7ea0-1dd285491b7b, 563, 100, 1328, 44, 192.67
2026/09/08 20:51:11.617, GPU-ecc6a1f9-42fe-2932-7ea0-1dd285491b7b, 563, 100, 1328, 44, 206.19
2026/09/08 20:51:11.820, GPU-ecc6a1f9-42fe-2932-7ea0-1dd285491b7b, 563, 100, 1328, 44, 196.68
2026/09/08 20:51:12.026, GPU-ecc6a1f9-42fe-2932-7ea0-1dd285491b7b, 563, 100, 1328, 44, 192.11
2026/09/08 20:51:12.229, GPU-ecc6a1f9-42fe-2932-7ea0-1dd285491b7b, 563, 100, 1328, 44, 198.61
2026/09/08 20:51:12.433, GPU-ecc6a1f9-42fe-2932-7ea0-1dd285491b7b, 563, 100, 1328, 44, 189.32
2026/09/08 20:51:12.636, GPU-ecc6a1f9-42fe-2932-7ea0-1dd285491b7b, 563, 100, 1328, 44, 191.22
2026/09/08 20:51:12.840, GPU-ecc6a1f9-42fe-2932-7ea0-1dd285491b7b, 563, 100, 1328, 44, 189.08
2026/09/08 20:51:13.045, GPU-ecc6a1f9-42fe-2932-7ea0-1dd285491b7b, 563, 100, 1328, 44, 192.33
2026/09/08 20:51:13.249, GPU-ecc6a1f9-42fe-2932-7ea0-1dd285491b7b, 563, 100, 1328, 44, 192.46
2026/09/08 20:51:13.452, GPU-ecc6a1f9-42fe-2932-7ea0-1dd285491b7b, 563, 100, 1328, 44, 190.29
2026/09/08 20:51:13.656, GPU-ecc6a1f9-42fe-2932-7ea0-1dd285491b7b, 563, 100, 1328, 45, 182.17
2026/09/08 20:51:13.859, GPU-ecc6a1f9-42fe-2932-7ea0-1dd285491b7b, 563, 100, 1328, 45, 185.46
2026/09/08 20:51:14.062, GPU-ecc6a1f9-42fe-2932-7ea0-1dd285491b7b, 563, 100, 1328, 45, 188.57
2026/09/08 20:51:14.266, GPU-ecc6a1f9-42fe-2932-7ea0-1dd285491b7b, 563, 100, 1328, 45, 187.39
2026/09/08 20:51:14.471, GPU-ecc6a1f9-42fe-2932-7ea0-1dd285491b7b, 563, 100, 1328, 45, 188.60
2026/09/08 20:51:14.674, GPU-ecc6a1f9-42fe-2932-7ea0-1dd285491b7b, 563, 100, 1328, 45, 190.42
2026/09/08 20:51:14.878, GPU-ecc6a1f9-42fe-2932-7ea0-1dd285491b7b, 563, 100, 1328, 45, 186.66
2026/09/08 20:51:15.081, GPU-ecc6a1f9-42fe-2932-7ea0-1dd285491b7b, 563, 100, 1328, 45, 186.91
2026/09/08 20:51:15.284, GPU-ecc6a1f9-42fe-2932-7ea0-1dd285491b7b, 563, 100, 1328, 45, 187.87
2026/09/08 20:51:15.488, GPU-ecc6a1f9-42fe-2932-7ea0-1dd285491b7b, 563, 100, 1328, 45, 187.87
2026/09/08 20:51:15.691, GPU-ecc6a1f9-42fe-2932-7ea0-1dd285491b7b, 563, 100, 1328, 45, 186.66
2026/09/08 20:51:15.895, GPU-ecc6a1f9-42fe-2932-7ea0-1dd285491b7b, 563, 100, 1328, 45, 187.15
2026/09/08 20:51:16.100, GPU-ecc6a1f9-42fe-2932-7ea0-1dd285491b7b, 563, 58, 1328, 44, 115.93
2026/09/08 20:51:16.303, GPU-ecc6a1f9-42fe-2932-7ea0-1dd285491b7b, 563, 56, 1328, 43, 84.84
2026/09/08 20:51:16.507, GPU-ecc6a1f9-42fe-2932-7ea0-1dd285491b7b, 563, 56, 1328, 43, 67.87
2026/09/08 20:51:16.711, GPU-ecc6a1f9-42fe-2932-7ea0-1dd285491b7b, 5, 55, 1328, 42, 40.70
2026/09/08 20:51:16.914, GPU-ecc6a1f9-42fe-2932-7ea0-1dd285491b7b, 5, 0, 1328, 41, 39.97
2026/09/08 20:51:17.118, GPU-ecc6a1f9-42fe-2932-7ea0-1dd285491b7b, 5, 0, 1328, 41, 39.97
2026/09/08 20:51:17.322, GPU-ecc6a1f9-42fe-2932-7ea0-1dd285491b7b, 5, 0, 1328, 40, 39.73
2026/09/08 20:51:17.526, GPU-ecc6a1f9-42fe-2932-7ea0-1dd285491b7b, 5, 0, 1328, 40, 39.48
2026/09/08 20:51:17.729, GPU-ecc6a1f9-42fe-2932-7ea0-1dd285491b7b, 5, 0, 1328, 40, 39.48
2026/09/08 20:51:17.933, GPU-ecc6a1f9-42fe-2932-7ea0-1dd285491b7b, 5, 0, 1328, 40, 39.24
2026/09/08 20:51:18.136, GPU-ecc6a1f9-42fe-2932-7ea0-1dd285491b7b, 5, 0, 1328, 40, 38.51
2026/09/08 20:51:18.343, GPU-ecc6a1f9-42fe-2932-7ea0-1dd285491b7b, 5, 0, 1328, 40, 38.99
2026/09/08 20:51:18.546, GPU-ecc6a1f9-42fe-2932-7ea0-1dd285491b7b, 5, 0, 1328, 40, 38.99
2026/09/08 20:51:18.750, GPU-ecc6a1f9-42fe-2932-7ea0-1dd285491b7b, 5, 0, 1328, 40, 38.99
2026/09/08 20:51:18.953, GPU-ecc6a1f9-42fe-2932-7ea0-1dd285491b7b, 5, 0, 1328, 40, 38.99
2026/09/08 20:51:19.157, GPU-ecc6a1f9-42fe-2932-7ea0-1dd285491b7b, 5, 0, 1328, 40, 38.75
2026/09/08 20:51:19.360, GPU-ecc6a1f9-42fe-2932-7ea0-1dd285491b7b, 5, 0, 430, 39, 28.29
2026/09/08 20:51:19.564, GPU-ecc6a1f9-42fe-2932-7ea0-1dd285491b7b, 5, 0, 430, 39, 28.29
2026/09/08 20:51:19.770, GPU-ecc6a1f9-42fe-2932-7ea0-1dd285491b7b, 5, 0, 430, 39, 28.04
2026/09/08 20:51:19.974, GPU-ecc6a1f9-42fe-2932-7ea0-1dd285491b7b, 5, 0, 430, 39, 27.80
2026/09/08 20:51:20.177, GPU-ecc6a1f9-42fe-2932-7ea0-1dd285491b7b, 5, 0, 430, 39, 28.04
2026/09/08 20:51:20.381, GPU-ecc6a1f9-42fe-2932-7ea0-1dd285491b7b, 5, 0, 430, 39, 27.80
2026/09/08 20:51:20.584, GPU-ecc6a1f9-42fe-2932-7ea0-1dd285491b7b, 5, 0, 430, 39, 27.80
2026/09/08 20:51:20.790, GPU-ecc6a1f9-42fe-2932-7ea0-1dd285491b7b, 5, 0, 430, 39, 28.04
2026/09/08 20:51:20.993, GPU-ecc6a1f9-42fe-2932-7ea0-1dd285491b7b, 5, 0, 430, 39, 27.80
2026/09/08 20:51:21.197, GPU-ecc6a1f9-42fe-2932-7ea0-1dd285491b7b, 5, 0, 430, 39, 27.80
2026/09/08 20:51:21.400, GPU-ecc6a1f9-42fe-2932-7ea0-1dd285491b7b, 5, 0, 430, 39, 27.80
2026/09/08 20:51:21.604, GPU-ecc6a1f9-42fe-2932-7ea0-1dd285491b7b, 5, 0, 430, 39, 27.80
2026/09/08 20:51:21.809, GPU-ecc6a1f9-42fe-2932-7ea0-1dd285491b7b, 5, 0, 430, 39, 27.80
2026/09/08 20:51:22.013, GPU-ecc6a1f9-42fe-2932-7ea0-1dd285491b7b, 5, 0, 405, 38, 28.04
2026/09/08 20:51:22.216, GPU-ecc6a1f9-42fe-2932-7ea0-1dd285491b7b, 5, 0, 405, 38, 27.80
2026/09/08 20:51:22.420, GPU-ecc6a1f9-42fe-2932-7ea0-1dd285491b7b, 5, 0, 405, 38, 27.80
2026/09/08 20:51:22.623, GPU-ecc6a1f9-42fe-2932-7ea0-1dd285491b7b, 5, 0, 405, 38, 27.80
2026/09/08 20:51:22.829, GPU-ecc6a1f9-42fe-2932-7ea0-1dd285491b7b, 5, 0, 405, 38, 27.80
2026/09/08 20:51:23.032, GPU-ecc6a1f9-42fe-2932-7ea0-1dd285491b7b, 5, 0, 405, 38, 27.80
2026/09/08 20:51:23.236, GPU-ecc6a1f9-42fe-2932-7ea0-1dd285491b7b, 5, 0, 405, 38, 27.80
2026/09/08 20:51:23.439, GPU-ecc6a1f9-42fe-2932-7ea0-1dd285491b7b, 5, 0, 405, 38, 27.80
2026/09/08 20:51:23.643, GPU-ecc6a1f9-42fe-2932-7ea0-1dd285491b7b, 5, 0, 405, 38, 27.80
2026/09/08 20:51:23.848, GPU-ecc6a1f9-42fe-2932-7ea0-1dd285491b7b, 5, 0, 405, 38, 27.80
2026/09/08 20:51:24.052, GPU-ecc6a1f9-42fe-2932-7ea0-1dd285491b7b, 5, 0, 405, 38, 27.56
2026/09/08 20:51:24.255, GPU-ecc6a1f9-42fe-2932-7ea0-1dd285491b7b, 5, 0, 405, 38, 27.56
2026/09/08 20:51:24.459, GPU-ecc6a1f9-42fe-2932-7ea0-1dd285491b7b, 5, 0, 405, 38, 27.80
2026/09/08 20:51:24.662, GPU-ecc6a1f9-42fe-2932-7ea0-1dd285491b7b, 5, 0, 405, 38, 27.80
2026/09/08 20:51:24.868, GPU-ecc6a1f9-42fe-2932-7ea0-1dd285491b7b, 5, 0, 405, 38, 27.56
2026/09/08 20:51:25.071, GPU-ecc6a1f9-42fe-2932-7ea0-1dd285491b7b, 5, 0, 405, 38, 27.56
2026/09/08 20:51:25.275, GPU-ecc6a1f9-42fe-2932-7ea0-1dd285491b7b, 5, 0, 405, 38, 27.56
2026/09/08 20:51:25.478, GPU-ecc6a1f9-42fe-2932-7ea0-1dd285491b7b, 5, 0, 405, 38, 27.56
2026/09/08 20:51:25.682, GPU-ecc6a1f9-42fe-2932-7ea0-1dd285491b7b, 5, 0, 405, 38, 27.56
2026/09/08 20:51:25.887, GPU-ecc6a1f9-42fe-2932-7ea0-1dd285491b7b, 5, 0, 405, 38, 27.56
2026/09/08 20:51:26.091, GPU-ecc6a1f9-42fe-2932-7ea0-1dd285491b7b, 5, 0, 405, 38, 27.56
2026/09/08 20:51:26.294, GPU-ecc6a1f9-42fe-2932-7ea0-1dd285491b7b, 5, 0, 405, 38, 27.56
2026/09/08 20:51:26.498, GPU-ecc6a1f9-42fe-2932-7ea0-1dd285491b7b, 5, 0, 405, 37, 27.56
2026/09/08 20:51:26.701, GPU-ecc6a1f9-42fe-2932-7ea0-1dd285491b7b, 5, 0, 405, 37, 27.56
2026/09/08 20:51:26.905, GPU-ecc6a1f9-42fe-2932-7ea0-1dd285491b7b, 5, 0, 405, 37, 27.56
2026/09/08 20:51:27.110, GPU-ecc6a1f9-42fe-2932-7ea0-1dd285491b7b, 5, 0, 405, 37, 27.56
2026/09/08 20:51:27.314, GPU-ecc6a1f9-42fe-2932-7ea0-1dd285491b7b, 5, 0, 405, 37, 27.56
2026/09/08 20:51:27.517, GPU-ecc6a1f9-42fe-2932-7ea0-1dd285491b7b, 5, 0, 405, 37, 27.56
2026/09/08 20:51:27.721, GPU-ecc6a1f9-42fe-2932-7ea0-1dd285491b7b, 5, 0, 405, 37, 27.56
2026/09/08 20:51:27.924, GPU-ecc6a1f9-42fe-2932-7ea0-1dd285491b7b, 5, 0, 405, 37, 27.56
2026/09/08 20:51:28.128, GPU-ecc6a1f9-42fe-2932-7ea0-1dd285491b7b, 5, 0, 405, 37, 27.56
2026/09/08 20:51:28.332, GPU-ecc6a1f9-42fe-2932-7ea0-1dd285491b7b, 5, 0, 405, 37, 27.56
2026/09/08 20:51:28.536, GPU-ecc6a1f9-42fe-2932-7ea0-1dd285491b7b, 5, 0, 405, 37, 27.56
2026/09/08 20:51:28.739, GPU-ecc6a1f9-42fe-2932-7ea0-1dd285491b7b, 5, 0, 405, 37, 27.56
2026/09/08 20:51:28.943, GPU-ecc6a1f9-42fe-2932-7ea0-1dd285491b7b, 5, 0, 405, 37, 27.56
2026/09/08 20:51:29.147, GPU-ecc6a1f9-42fe-2932-7ea0-1dd285491b7b, 5, 0, 405, 37, 27.56
2026/09/08 20:51:29.350, GPU-ecc6a1f9-42fe-2932-7ea0-1dd285491b7b, 5, 0, 405, 37, 27.56
2026/09/08 20:51:29.554, GPU-ecc6a1f9-42fe-2932-7ea0-1dd285491b7b, 5, 0, 405, 37, 27.56
2026/09/08 20:51:29.758, GPU-ecc6a1f9-42fe-2932-7ea0-1dd285491b7b, 5, 0, 405, 37, 27.56
2026/09/08 20:51:29.963, GPU-ecc6a1f9-42fe-2932-7ea0-1dd285491b7b, 5, 0, 405, 37, 27.56
2026/09/08 20:51:30.166, GPU-ecc6a1f9-42fe-2932-7ea0-1dd285491b7b, 5, 0, 405, 37, 27.56
2026/09/08 20:51:30.370, GPU-ecc6a1f9-42fe-2932-7ea0-1dd285491b7b, 5, 0, 405, 37, 27.56
2026/09/08 20:51:30.573, GPU-ecc6a1f9-42fe-2932-7ea0-1dd285491b7b, 5, 0, 405, 37, 27.56
2026/09/08 20:51:30.777, GPU-ecc6a1f9-42fe-2932-7ea0-1dd285491b7b, 5, 0, 405, 37, 27.56
2026/09/08 20:51:30.982, GPU-ecc6a1f9-42fe-2932-7ea0-1dd285491b7b, 5, 0, 405, 37, 27.56
2026/09/08 20:51:31.186, GPU-ecc6a1f9-42fe-2932-7ea0-1dd285491b7b, 5, 0, 405, 37, 27.56
2026/09/08 20:51:31.390, GPU-ecc6a1f9-42fe-2932-7ea0-1dd285491b7b, 5, 0, 405, 37, 27.56
2026/09/08 20:51:31.593, GPU-ecc6a1f9-42fe-2932-7ea0-1dd285491b7b, 5, 0, 405, 37, 27.56
2026/09/08 20:51:31.797, GPU-ecc6a1f9-42fe-2932-7ea0-1dd285491b7b, 5, 0, 405, 37, 27.56
2026/09/08 20:51:32.001, GPU-ecc6a1f9-42fe-2932-7ea0-1dd285491b7b, 5, 0, 405, 37, 27.56
2026/09/08 20:51:32.205, GPU-ecc6a1f9-42fe-2932-7ea0-1dd285491b7b, 5, 0, 405, 37, 27.31
2026/09/08 20:51:32.408, GPU-ecc6a1f9-42fe-2932-7ea0-1dd285491b7b, 5, 0, 405, 37, 27.31
2026/09/08 20:51:32.612, GPU-ecc6a1f9-42fe-2932-7ea0-1dd285491b7b, 7, 0, 405, 37, 27.31
2026/09/08 20:51:32.816, GPU-ecc6a1f9-42fe-2932-7ea0-1dd285491b7b, 7, 0, 405, 37, 27.31
2026/09/08 20:51:33.021, GPU-ecc6a1f9-42fe-2932-7ea0-1dd285491b7b, 7, 0, 405, 37, 27.31
2026/09/08 20:51:33.224, GPU-ecc6a1f9-42fe-2932-7ea0-1dd285491b7b, 15, 0, 405, 37, 27.31
2026/09/08 20:51:33.429, GPU-ecc6a1f9-42fe-2932-7ea0-1dd285491b7b, 787, 8, 1189, 38, 52.85
2026/09/08 20:51:33.632, GPU-ecc6a1f9-42fe-2932-7ea0-1dd285491b7b, 787, 36, 1189, 37, 33.63
2026/09/08 20:51:33.835, GPU-ecc6a1f9-42fe-2932-7ea0-1dd285491b7b, 787, 23, 1189, 37, 33.87
2026/09/08 20:51:34.040, GPU-ecc6a1f9-42fe-2932-7ea0-1dd285491b7b, 1047, 19, 1189, 37, 33.63
2026/09/08 20:51:34.244, GPU-ecc6a1f9-42fe-2932-7ea0-1dd285491b7b, 1047, 0, 1189, 37, 33.63
2026/09/08 20:51:34.447, GPU-ecc6a1f9-42fe-2932-7ea0-1dd285491b7b, 1047, 4, 1189, 37, 33.65
2026/09/08 20:51:34.651, GPU-ecc6a1f9-42fe-2932-7ea0-1dd285491b7b, 1047, 0, 1189, 37, 33.39
2026/09/08 20:51:34.855, GPU-ecc6a1f9-42fe-2932-7ea0-1dd285491b7b, 1047, 0, 1189, 37, 33.39
2026/09/08 20:51:35.060, GPU-ecc6a1f9-42fe-2932-7ea0-1dd285491b7b, 1047, 0, 1189, 37, 33.14
2026/09/08 20:51:35.263, GPU-ecc6a1f9-42fe-2932-7ea0-1dd285491b7b, 1047, 0, 1189, 38, 170.82
2026/09/08 20:51:35.467, GPU-ecc6a1f9-42fe-2932-7ea0-1dd285491b7b, 1047, 39, 1189, 38, 54.04
2026/09/08 20:51:35.670, GPU-ecc6a1f9-42fe-2932-7ea0-1dd285491b7b, 1047, 33, 1189, 38, 43.60
2026/09/08 20:51:35.874, GPU-ecc6a1f9-42fe-2932-7ea0-1dd285491b7b, 1047, 45, 1328, 38, 53.07
2026/09/08 20:51:36.080, GPU-ecc6a1f9-42fe-2932-7ea0-1dd285491b7b, 1047, 48, 1328, 38, 38.99
2026/09/08 20:51:36.283, GPU-ecc6a1f9-42fe-2932-7ea0-1dd285491b7b, 1047, 46, 1328, 39, 70.06
2026/09/08 20:51:36.486, GPU-ecc6a1f9-42fe-2932-7ea0-1dd285491b7b, 1047, 20, 1328, 38, 38.75
2026/09/08 20:51:36.690, GPU-ecc6a1f9-42fe-2932-7ea0-1dd285491b7b, 1047, 47, 1328, 38, 152.65
2026/09/08 20:51:36.893, GPU-ecc6a1f9-42fe-2932-7ea0-1dd285491b7b, 1047, 37, 1328, 38, 39.24
2026/09/08 20:51:37.099, GPU-ecc6a1f9-42fe-2932-7ea0-1dd285491b7b, 1047, 27, 1328, 38, 40.70
2026/09/08 20:51:37.302, GPU-ecc6a1f9-42fe-2932-7ea0-1dd285491b7b, 1047, 34, 1328, 39, 228.46
2026/09/08 20:51:37.505, GPU-ecc6a1f9-42fe-2932-7ea0-1dd285491b7b, 1047, 35, 1328, 39, 40.70
2026/09/08 20:51:37.709, GPU-ecc6a1f9-42fe-2932-7ea0-1dd285491b7b, 1047, 34, 1328, 39, 151.86
2026/09/08 20:51:37.912, GPU-ecc6a1f9-42fe-2932-7ea0-1dd285491b7b, 1047, 49, 1328, 39, 39.48
2026/09/08 20:51:38.118, GPU-ecc6a1f9-42fe-2932-7ea0-1dd285491b7b, 1047, 47, 1328, 39, 43.60
2026/09/08 20:51:38.321, GPU-ecc6a1f9-42fe-2932-7ea0-1dd285491b7b, 1047, 20, 1328, 39, 59.87
2026/09/08 20:51:38.525, GPU-ecc6a1f9-42fe-2932-7ea0-1dd285491b7b, 1047, 20, 1328, 38, 126.83
2026/09/08 20:51:38.729, GPU-ecc6a1f9-42fe-2932-7ea0-1dd285491b7b, 1047, 41, 1328, 38, 155.71
2026/09/08 20:51:38.932, GPU-ecc6a1f9-42fe-2932-7ea0-1dd285491b7b, 1047, 34, 1328, 39, 48.46
2026/09/08 20:51:39.138, GPU-ecc6a1f9-42fe-2932-7ea0-1dd285491b7b, 1047, 37, 1328, 39, 143.06
2026/09/08 20:51:39.341, GPU-ecc6a1f9-42fe-2932-7ea0-1dd285491b7b, 1047, 55, 1328, 40, 215.71
2026/09/08 20:51:39.545, GPU-ecc6a1f9-42fe-2932-7ea0-1dd285491b7b, 1047, 50, 1328, 39, 39.97
2026/09/08 20:51:39.748, GPU-ecc6a1f9-42fe-2932-7ea0-1dd285491b7b, 1047, 32, 1328, 39, 46.76
2026/09/08 20:51:39.951, GPU-ecc6a1f9-42fe-2932-7ea0-1dd285491b7b, 1047, 25, 1328, 39, 39.73
2026/09/08 20:51:40.158, GPU-ecc6a1f9-42fe-2932-7ea0-1dd285491b7b, 1047, 51, 1328, 39, 40.46
2026/09/08 20:51:40.361, GPU-ecc6a1f9-42fe-2932-7ea0-1dd285491b7b, 1047, 40, 1328, 39, 44.08
2026/09/08 20:51:40.564, GPU-ecc6a1f9-42fe-2932-7ea0-1dd285491b7b, 1047, 36, 1328, 40, 203.56
2026/09/08 20:51:40.768, GPU-ecc6a1f9-42fe-2932-7ea0-1dd285491b7b, 1047, 34, 1328, 39, 42.16
2026/09/08 20:51:40.971, GPU-ecc6a1f9-42fe-2932-7ea0-1dd285491b7b, 1047, 48, 1328, 40, 202.35
2026/09/08 20:51:41.177, GPU-ecc6a1f9-42fe-2932-7ea0-1dd285491b7b, 1047, 31, 1328, 39, 39.73
2026/09/08 20:51:41.381, GPU-ecc6a1f9-42fe-2932-7ea0-1dd285491b7b, 1047, 37, 1328, 39, 45.30
2026/09/08 20:51:41.584, GPU-ecc6a1f9-42fe-2932-7ea0-1dd285491b7b, 1047, 34, 1328, 39, 68.84
2026/09/08 20:51:41.788, GPU-ecc6a1f9-42fe-2932-7ea0-1dd285491b7b, 1047, 26, 1328, 39, 154.21
2026/09/08 20:51:41.991, GPU-ecc6a1f9-42fe-2932-7ea0-1dd285491b7b, 1047, 33, 1328, 39, 46.52
2026/09/08 20:51:42.197, GPU-ecc6a1f9-42fe-2932-7ea0-1dd285491b7b, 1047, 36, 1328, 39, 168.89
2026/09/08 20:51:42.400, GPU-ecc6a1f9-42fe-2932-7ea0-1dd285491b7b, 1047, 43, 1328, 40, 54.07
2026/09/08 20:51:42.604, GPU-ecc6a1f9-42fe-2932-7ea0-1dd285491b7b, 1047, 55, 1328, 40, 44.33
2026/09/08 20:51:42.807, GPU-ecc6a1f9-42fe-2932-7ea0-1dd285491b7b, 1047, 55, 1328, 39, 175.16
2026/09/08 20:51:43.011, GPU-ecc6a1f9-42fe-2932-7ea0-1dd285491b7b, 1047, 38, 1328, 40, 42.38
2026/09/08 20:51:43.216, GPU-ecc6a1f9-42fe-2932-7ea0-1dd285491b7b, 1047, 24, 1328, 40, 125.05
2026/09/08 20:51:43.420, GPU-ecc6a1f9-42fe-2932-7ea0-1dd285491b7b, 1047, 53, 1328, 39, 39.97
2026/09/08 20:51:43.623, GPU-ecc6a1f9-42fe-2932-7ea0-1dd285491b7b, 1047, 36, 1328, 39, 42.63
2026/09/08 20:51:43.827, GPU-ecc6a1f9-42fe-2932-7ea0-1dd285491b7b, 1047, 25, 1328, 40, 153.96
2026/09/08 20:51:44.031, GPU-ecc6a1f9-42fe-2932-7ea0-1dd285491b7b, 1047, 34, 1328, 40, 41.43
2026/09/08 20:51:44.236, GPU-ecc6a1f9-42fe-2932-7ea0-1dd285491b7b, 1047, 34, 1328, 40, 147.81
2026/09/08 20:51:44.440, GPU-ecc6a1f9-42fe-2932-7ea0-1dd285491b7b, 1047, 69, 1328, 40, 146.53
2026/09/08 20:51:44.643, GPU-ecc6a1f9-42fe-2932-7ea0-1dd285491b7b, 1047, 35, 1328, 39, 39.97
2026/09/08 20:51:44.847, GPU-ecc6a1f9-42fe-2932-7ea0-1dd285491b7b, 1047, 42, 1328, 40, 44.57
2026/09/08 20:51:45.050, GPU-ecc6a1f9-42fe-2932-7ea0-1dd285491b7b, 1047, 48, 1328, 39, 39.73
2026/09/08 20:51:45.256, GPU-ecc6a1f9-42fe-2932-7ea0-1dd285491b7b, 1047, 25, 1328, 39, 40.21
2026/09/08 20:51:45.459, GPU-ecc6a1f9-42fe-2932-7ea0-1dd285491b7b, 1047, 37, 1328, 39, 42.87
2026/09/08 20:51:45.663, GPU-ecc6a1f9-42fe-2932-7ea0-1dd285491b7b, 1047, 23, 1328, 40, 213.79
2026/09/08 20:51:45.866, GPU-ecc6a1f9-42fe-2932-7ea0-1dd285491b7b, 1047, 46, 1328, 40, 42.62
2026/09/08 20:51:46.070, GPU-ecc6a1f9-42fe-2932-7ea0-1dd285491b7b, 1047, 34, 1328, 40, 202.11
2026/09/08 20:51:46.276, GPU-ecc6a1f9-42fe-2932-7ea0-1dd285491b7b, 1047, 38, 1328, 40, 40.21
2026/09/08 20:51:46.480, GPU-ecc6a1f9-42fe-2932-7ea0-1dd285491b7b, 1047, 55, 1328, 40, 49.19
2026/09/08 20:51:46.684, GPU-ecc6a1f9-42fe-2932-7ea0-1dd285491b7b, 1047, 39, 1328, 40, 86.26
2026/09/08 20:51:46.887, GPU-ecc6a1f9-42fe-2932-7ea0-1dd285491b7b, 1047, 20, 1328, 40, 188.95
2026/09/08 20:51:47.091, GPU-ecc6a1f9-42fe-2932-7ea0-1dd285491b7b, 1047, 41, 1328, 39, 39.48
2026/09/08 20:51:47.294, GPU-ecc6a1f9-42fe-2932-7ea0-1dd285491b7b, 1047, 35, 1328, 41, 62.55
2026/09/08 20:51:47.501, GPU-ecc6a1f9-42fe-2932-7ea0-1dd285491b7b, 1047, 34, 1328, 40, 163.67
2026/09/08 20:51:47.704, GPU-ecc6a1f9-42fe-2932-7ea0-1dd285491b7b, 1047, 48, 1328, 40, 46.27
2026/09/08 20:51:47.908, GPU-ecc6a1f9-42fe-2932-7ea0-1dd285491b7b, 1047, 32, 1328, 40, 177.36
2026/09/08 20:51:48.111, GPU-ecc6a1f9-42fe-2932-7ea0-1dd285491b7b, 1047, 38, 1328, 40, 39.73
2026/09/08 20:51:48.315, GPU-ecc6a1f9-42fe-2932-7ea0-1dd285491b7b, 1047, 33, 1328, 40, 40.46
2026/09/08 20:51:48.518, GPU-ecc6a1f9-42fe-2932-7ea0-1dd285491b7b, 1047, 30, 1328, 40, 43.60
2026/09/08 20:51:48.722, GPU-ecc6a1f9-42fe-2932-7ea0-1dd285491b7b, 1047, 33, 1328, 41, 232.31
2026/09/08 20:51:48.929, GPU-ecc6a1f9-42fe-2932-7ea0-1dd285491b7b, 1047, 100, 1328, 41, 163.93
2026/09/08 20:51:49.132, GPU-ecc6a1f9-42fe-2932-7ea0-1dd285491b7b, 1047, 100, 1328, 42, 192.35
2026/09/08 20:51:49.335, GPU-ecc6a1f9-42fe-2932-7ea0-1dd285491b7b, 1047, 100, 1328, 43, 241.56
2026/09/08 20:51:49.539, GPU-ecc6a1f9-42fe-2932-7ea0-1dd285491b7b, 1047, 100, 1328, 44, 224.96
2026/09/08 20:51:49.742, GPU-ecc6a1f9-42fe-2932-7ea0-1dd285491b7b, 1047, 100, 1328, 43, 159.57
2026/09/08 20:51:49.946, GPU-ecc6a1f9-42fe-2932-7ea0-1dd285491b7b, 1047, 100, 1328, 43, 208.35
2026/09/08 20:51:50.149, GPU-ecc6a1f9-42fe-2932-7ea0-1dd285491b7b, 1047, 100, 1328, 45, 232.82
2026/09/08 20:51:50.354, GPU-ecc6a1f9-42fe-2932-7ea0-1dd285491b7b, 1047, 100, 1328, 45, 243.95
2026/09/08 20:51:50.558, GPU-ecc6a1f9-42fe-2932-7ea0-1dd285491b7b, 1047, 100, 1328, 44, 147.81
2026/09/08 20:51:50.762, GPU-ecc6a1f9-42fe-2932-7ea0-1dd285491b7b, 1047, 100, 1328, 44, 128.20
2026/09/08 20:51:50.965, GPU-ecc6a1f9-42fe-2932-7ea0-1dd285491b7b, 1047, 100, 1328, 45, 207.29
2026/09/08 20:51:51.169, GPU-ecc6a1f9-42fe-2932-7ea0-1dd285491b7b, 1047, 100, 1328, 45, 203.32
2026/09/08 20:51:51.372, GPU-ecc6a1f9-42fe-2932-7ea0-1dd285491b7b, 1047, 100, 1328, 45, 240.82
2026/09/08 20:51:51.578, GPU-ecc6a1f9-42fe-2932-7ea0-1dd285491b7b, 1047, 100, 1328, 45, 185.70
2026/09/08 20:51:51.782, GPU-ecc6a1f9-42fe-2932-7ea0-1dd285491b7b, 1047, 100, 1328, 46, 220.90
2026/09/08 20:51:51.985, GPU-ecc6a1f9-42fe-2932-7ea0-1dd285491b7b, 1047, 100, 1328, 46, 225.45
2026/09/08 20:51:52.189, GPU-ecc6a1f9-42fe-2932-7ea0-1dd285491b7b, 1047, 100, 1316, 46, 173.97
2026/09/08 20:51:52.392, GPU-ecc6a1f9-42fe-2932-7ea0-1dd285491b7b, 1047, 100, 1328, 46, 200.05
2026/09/08 20:51:52.596, GPU-ecc6a1f9-42fe-2932-7ea0-1dd285491b7b, 1047, 100, 1328, 46, 242.99
2026/09/08 20:51:52.801, GPU-ecc6a1f9-42fe-2932-7ea0-1dd285491b7b, 1047, 100, 1316, 46, 188.11
2026/09/08 20:51:53.004, GPU-ecc6a1f9-42fe-2932-7ea0-1dd285491b7b, 1047, 100, 1328, 46, 227.00
2026/09/08 20:51:53.208, GPU-ecc6a1f9-42fe-2932-7ea0-1dd285491b7b, 1047, 100, 1328, 46, 197.88
2026/09/08 20:51:53.411, GPU-ecc6a1f9-42fe-2932-7ea0-1dd285491b7b, 1047, 100, 1328, 46, 234.72
2026/09/08 20:51:53.615, GPU-ecc6a1f9-42fe-2932-7ea0-1dd285491b7b, 1047, 100, 1316, 46, 180.87
2026/09/08 20:51:53.818, GPU-ecc6a1f9-42fe-2932-7ea0-1dd285491b7b, 1047, 100, 1328, 47, 213.30
2026/09/08 20:51:54.024, GPU-ecc6a1f9-42fe-2932-7ea0-1dd285491b7b, 1047, 100, 1328, 46, 210.41
2026/09/08 20:51:54.227, GPU-ecc6a1f9-42fe-2932-7ea0-1dd285491b7b, 1047, 100, 1328, 47, 228.93
2026/09/08 20:51:54.431, GPU-ecc6a1f9-42fe-2932-7ea0-1dd285491b7b, 1047, 100, 1328, 46, 184.37
2026/09/08 20:51:54.635, GPU-ecc6a1f9-42fe-2932-7ea0-1dd285491b7b, 1047, 100, 1328, 46, 203.56
2026/09/08 20:51:54.838, GPU-ecc6a1f9-42fe-2932-7ea0-1dd285491b7b, 1047, 100, 1328, 47, 249.10
2026/09/08 20:51:55.044, GPU-ecc6a1f9-42fe-2932-7ea0-1dd285491b7b, 1047, 100, 1316, 47, 216.20
2026/09/08 20:51:55.247, GPU-ecc6a1f9-42fe-2932-7ea0-1dd285491b7b, 1047, 100, 1328, 48, 211.38
2026/09/08 20:51:55.451, GPU-ecc6a1f9-42fe-2932-7ea0-1dd285491b7b, 1047, 100, 1328, 48, 242.74
2026/09/08 20:51:55.654, GPU-ecc6a1f9-42fe-2932-7ea0-1dd285491b7b, 1047, 100, 1316, 47, 199.70
2026/09/08 20:51:55.858, GPU-ecc6a1f9-42fe-2932-7ea0-1dd285491b7b, 1047, 100, 1328, 47, 195.95
2026/09/08 20:51:56.061, GPU-ecc6a1f9-42fe-2932-7ea0-1dd285491b7b, 1047, 100, 1316, 48, 217.18
2026/09/08 20:51:56.268, GPU-ecc6a1f9-42fe-2932-7ea0-1dd285491b7b, 1047, 100, 1328, 48, 229.91
2026/09/08 20:51:56.471, GPU-ecc6a1f9-42fe-2932-7ea0-1dd285491b7b, 1047, 100, 1328, 47, 161.25
2026/09/08 20:51:56.675, GPU-ecc6a1f9-42fe-2932-7ea0-1dd285491b7b, 1047, 100, 1328, 47, 215.23
2026/09/08 20:51:56.878, GPU-ecc6a1f9-42fe-2932-7ea0-1dd285491b7b, 1047, 100, 1316, 48, 211.13
2026/09/08 20:51:57.082, GPU-ecc6a1f9-42fe-2932-7ea0-1dd285491b7b, 1047, 100, 1328, 48, 239.62
2026/09/08 20:51:57.289, GPU-ecc6a1f9-42fe-2932-7ea0-1dd285491b7b, 1047, 100, 1328, 47, 152.17
2026/09/08 20:51:57.493, GPU-ecc6a1f9-42fe-2932-7ea0-1dd285491b7b, 1047, 100, 1328, 47, 169.38
2026/09/08 20:51:57.697, GPU-ecc6a1f9-42fe-2932-7ea0-1dd285491b7b, 1047, 100, 1328, 48, 175.18
2026/09/08 20:51:57.900, GPU-ecc6a1f9-42fe-2932-7ea0-1dd285491b7b, 1047, 100, 1328, 48, 197.16
2026/09/08 20:51:58.104, GPU-ecc6a1f9-42fe-2932-7ea0-1dd285491b7b, 1047, 100, 1328, 49, 243.71
2026/09/08 20:51:58.307, GPU-ecc6a1f9-42fe-2932-7ea0-1dd285491b7b, 1047, 100, 1328, 49, 205.47
2026/09/08 20:51:58.513, GPU-ecc6a1f9-42fe-2932-7ea0-1dd285491b7b, 1047, 100, 1328, 49, 223.04
2026/09/08 20:51:58.716, GPU-ecc6a1f9-42fe-2932-7ea0-1dd285491b7b, 1047, 100, 1328, 49, 228.34
2026/09/08 20:51:58.919, GPU-ecc6a1f9-42fe-2932-7ea0-1dd285491b7b, 1047, 100, 1328, 50, 238.19
2026/09/08 20:51:59.127, GPU-ecc6a1f9-42fe-2932-7ea0-1dd285491b7b, 1047, 100, 1328, 50, 239.54
2026/09/08 20:51:59.332, GPU-ecc6a1f9-42fe-2932-7ea0-1dd285491b7b, 1047, 100, 1328, 50, 198.01
2026/09/08 20:51:59.536, GPU-ecc6a1f9-42fe-2932-7ea0-1dd285491b7b, 1047, 100, 1328, 48, 156.75
2026/09/08 20:51:59.739, GPU-ecc6a1f9-42fe-2932-7ea0-1dd285491b7b, 1047, 100, 1328, 48, 156.52
2026/09/08 20:51:59.943, GPU-ecc6a1f9-42fe-2932-7ea0-1dd285491b7b, 1047, 100, 1328, 49, 199.46
2026/09/08 20:52:00.146, GPU-ecc6a1f9-42fe-2932-7ea0-1dd285491b7b, 1047, 100, 1328, 49, 218.10
2026/09/08 20:52:00.352, GPU-ecc6a1f9-42fe-2932-7ea0-1dd285491b7b, 1047, 100, 1328, 48, 145.72
2026/09/08 20:52:00.555, GPU-ecc6a1f9-42fe-2932-7ea0-1dd285491b7b, 1047, 100, 1328, 49, 201.77
2026/09/08 20:52:00.759, GPU-ecc6a1f9-42fe-2932-7ea0-1dd285491b7b, 1047, 100, 1328, 50, 245.63
2026/09/08 20:52:00.962, GPU-ecc6a1f9-42fe-2932-7ea0-1dd285491b7b, 1047, 100, 1328, 50, 236.25
2026/09/08 20:52:01.166, GPU-ecc6a1f9-42fe-2932-7ea0-1dd285491b7b, 1047, 100, 1328, 50, 229.43
2026/09/08 20:52:01.371, GPU-ecc6a1f9-42fe-2932-7ea0-1dd285491b7b, 1047, 100, 1316, 50, 223.05
2026/09/08 20:52:01.575, GPU-ecc6a1f9-42fe-2932-7ea0-1dd285491b7b, 1047, 100, 1316, 50, 210.29
2026/09/08 20:52:01.778, GPU-ecc6a1f9-42fe-2932-7ea0-1dd285491b7b, 1047, 100, 1328, 50, 198.02
2026/09/08 20:52:01.982, GPU-ecc6a1f9-42fe-2932-7ea0-1dd285491b7b, 1047, 100, 1316, 50, 205.97
2026/09/08 20:52:02.185, GPU-ecc6a1f9-42fe-2932-7ea0-1dd285491b7b, 1047, 100, 1328, 51, 235.20
2026/09/08 20:52:02.391, GPU-ecc6a1f9-42fe-2932-7ea0-1dd285491b7b, 1047, 100, 1328, 51, 232.80
2026/09/08 20:52:02.595, GPU-ecc6a1f9-42fe-2932-7ea0-1dd285491b7b, 1047, 100, 1328, 51, 231.09
2026/09/08 20:52:02.798, GPU-ecc6a1f9-42fe-2932-7ea0-1dd285491b7b, 1047, 100, 1328, 50, 164.65
2026/09/08 20:52:03.002, GPU-ecc6a1f9-42fe-2932-7ea0-1dd285491b7b, 1047, 100, 1328, 50, 163.20
2026/09/08 20:52:03.205, GPU-ecc6a1f9-42fe-2932-7ea0-1dd285491b7b, 1047, 100, 1328, 50, 227.48
2026/09/08 20:52:03.411, GPU-ecc6a1f9-42fe-2932-7ea0-1dd285491b7b, 1047, 100, 1328, 51, 212.60
2026/09/08 20:52:03.615, GPU-ecc6a1f9-42fe-2932-7ea0-1dd285491b7b, 1047, 100, 1328, 50, 151.20
2026/09/08 20:52:03.818, GPU-ecc6a1f9-42fe-2932-7ea0-1dd285491b7b, 1047, 100, 1328, 51, 215.97
2026/09/08 20:52:04.022, GPU-ecc6a1f9-42fe-2932-7ea0-1dd285491b7b, 1047, 100, 1328, 51, 233.28
2026/09/08 20:52:04.225, GPU-ecc6a1f9-42fe-2932-7ea0-1dd285491b7b, 1047, 100, 1328, 52, 237.45
2026/09/08 20:52:04.431, GPU-ecc6a1f9-42fe-2932-7ea0-1dd285491b7b, 1047, 100, 1328, 52, 239.84
2026/09/08 20:52:04.635, GPU-ecc6a1f9-42fe-2932-7ea0-1dd285491b7b, 1047, 100, 1328, 52, 211.62
2026/09/08 20:52:04.838, GPU-ecc6a1f9-42fe-2932-7ea0-1dd285491b7b, 1047, 100, 1328, 52, 188.60
2026/09/08 20:52:05.042, GPU-ecc6a1f9-42fe-2932-7ea0-1dd285491b7b, 1047, 100, 1328, 52, 227.50
2026/09/08 20:52:05.245, GPU-ecc6a1f9-42fe-2932-7ea0-1dd285491b7b, 1047, 100, 1328, 52, 203.57
2026/09/08 20:52:05.448, GPU-ecc6a1f9-42fe-2932-7ea0-1dd285491b7b, 1047, 100, 1316, 52, 230.13
2026/09/08 20:52:05.654, GPU-ecc6a1f9-42fe-2932-7ea0-1dd285491b7b, 1047, 100, 1316, 52, 242.74
2026/09/08 20:52:05.859, GPU-ecc6a1f9-42fe-2932-7ea0-1dd285491b7b, 1047, 100, 1328, 52, 222.81
2026/09/08 20:52:06.062, GPU-ecc6a1f9-42fe-2932-7ea0-1dd285491b7b, 1047, 100, 1328, 51, 156.52
2026/09/08 20:52:06.266, GPU-ecc6a1f9-42fe-2932-7ea0-1dd285491b7b, 1047, 100, 1328, 51, 156.05
2026/09/08 20:52:06.469, GPU-ecc6a1f9-42fe-2932-7ea0-1dd285491b7b, 1047, 100, 1328, 51, 212.58
2026/09/08 20:52:06.674, GPU-ecc6a1f9-42fe-2932-7ea0-1dd285491b7b, 1047, 100, 1328, 52, 214.99
2026/09/08 20:52:06.877, GPU-ecc6a1f9-42fe-2932-7ea0-1dd285491b7b, 1047, 100, 1328, 51, 134.43
2026/09/08 20:52:07.081, GPU-ecc6a1f9-42fe-2932-7ea0-1dd285491b7b, 1047, 100, 1328, 50, 198.25
2026/09/08 20:52:07.285, GPU-ecc6a1f9-42fe-2932-7ea0-1dd285491b7b, 1047, 100, 1328, 52, 235.20
2026/09/08 20:52:07.488, GPU-ecc6a1f9-42fe-2932-7ea0-1dd285491b7b, 1047, 100, 1328, 53, 243.71
2026/09/08 20:52:07.693, GPU-ecc6a1f9-42fe-2932-7ea0-1dd285491b7b, 1047, 100, 1328, 53, 228.93
2026/09/08 20:52:07.897, GPU-ecc6a1f9-42fe-2932-7ea0-1dd285491b7b, 1047, 100, 1328, 52, 159.08
2026/09/08 20:52:08.100, GPU-ecc6a1f9-42fe-2932-7ea0-1dd285491b7b, 1047, 100, 1328, 51, 157.65
2026/09/08 20:52:08.304, GPU-ecc6a1f9-42fe-2932-7ea0-1dd285491b7b, 1047, 100, 1328, 52, 221.13
2026/09/08 20:52:08.507, GPU-ecc6a1f9-42fe-2932-7ea0-1dd285491b7b, 1047, 100, 1328, 52, 204.76
2026/09/08 20:52:08.713, GPU-ecc6a1f9-42fe-2932-7ea0-1dd285491b7b, 1047, 100, 1328, 53, 156.05
2026/09/08 20:52:08.916, GPU-ecc6a1f9-42fe-2932-7ea0-1dd285491b7b, 1047, 100, 1328, 51, 142.10
2026/09/08 20:52:09.120, GPU-ecc6a1f9-42fe-2932-7ea0-1dd285491b7b, 1047, 100, 1328, 52, 219.22
2026/09/08 20:52:09.323, GPU-ecc6a1f9-42fe-2932-7ea0-1dd285491b7b, 1047, 100, 1316, 53, 226.65
2026/09/08 20:52:09.527, GPU-ecc6a1f9-42fe-2932-7ea0-1dd285491b7b, 1047, 100, 1328, 53, 238.43
2026/09/08 20:52:09.732, GPU-ecc6a1f9-42fe-2932-7ea0-1dd285491b7b, 1047, 100, 1328, 53, 234.34
2026/09/08 20:52:09.935, GPU-ecc6a1f9-42fe-2932-7ea0-1dd285491b7b, 1047, 100, 1316, 53, 210.20
2026/09/08 20:52:10.139, GPU-ecc6a1f9-42fe-2932-7ea0-1dd285491b7b, 1047, 100, 1328, 53, 191.62
2026/09/08 20:52:10.342, GPU-ecc6a1f9-42fe-2932-7ea0-1dd285491b7b, 1047, 100, 1328, 53, 203.07
2026/09/08 20:52:10.546, GPU-ecc6a1f9-42fe-2932-7ea0-1dd285491b7b, 1047, 100, 1316, 53, 201.50
2026/09/08 20:52:10.751, GPU-ecc6a1f9-42fe-2932-7ea0-1dd285491b7b, 1047, 100, 1328, 54, 228.34
2026/09/08 20:52:10.965, GPU-ecc6a1f9-42fe-2932-7ea0-1dd285491b7b, 1047, 100, 1328, 54, 234.48
2026/09/08 20:52:11.169, GPU-ecc6a1f9-42fe-2932-7ea0-1dd285491b7b, 1047, 100, 1328, 54, 238.68
2026/09/08 20:52:11.376, GPU-ecc6a1f9-42fe-2932-7ea0-1dd285491b7b, 1047, 100, 1316, 54, 207.66
2026/09/08 20:52:11.579, GPU-ecc6a1f9-42fe-2932-7ea0-1dd285491b7b, 1047, 100, 1328, 54, 192.09
2026/09/08 20:52:11.782, GPU-ecc6a1f9-42fe-2932-7ea0-1dd285491b7b, 1047, 100, 1328, 54, 225.09
2026/09/08 20:52:11.986, GPU-ecc6a1f9-42fe-2932-7ea0-1dd285491b7b, 1047, 100, 1328, 54, 205.95
2026/09/08 20:52:12.189, GPU-ecc6a1f9-42fe-2932-7ea0-1dd285491b7b, 1047, 100, 1328, 53, 146.86
2026/09/08 20:52:12.395, GPU-ecc6a1f9-42fe-2932-7ea0-1dd285491b7b, 1047, 100, 1328, 53, 211.86
2026/09/08 20:52:12.599, GPU-ecc6a1f9-42fe-2932-7ea0-1dd285491b7b, 1047, 100, 1316, 54, 244.91
2026/09/08 20:52:12.802, GPU-ecc6a1f9-42fe-2932-7ea0-1dd285491b7b, 1047, 100, 1328, 54, 226.07
2026/09/08 20:52:13.005, GPU-ecc6a1f9-42fe-2932-7ea0-1dd285491b7b, 1047, 100, 1328, 54, 227.61
2026/09/08 20:52:13.209, GPU-ecc6a1f9-42fe-2932-7ea0-1dd285491b7b, 1047, 100, 1316, 55, 235.42
2026/09/08 20:52:13.414, GPU-ecc6a1f9-42fe-2932-7ea0-1dd285491b7b, 1047, 100, 1316, 55, 211.86
2026/09/08 20:52:13.618, GPU-ecc6a1f9-42fe-2932-7ea0-1dd285491b7b, 1047, 100, 1328, 55, 204.26
2026/09/08 20:52:13.821, GPU-ecc6a1f9-42fe-2932-7ea0-1dd285491b7b, 1047, 100, 1316, 55, 219.57
2026/09/08 20:52:14.025, GPU-ecc6a1f9-42fe-2932-7ea0-1dd285491b7b, 1047, 100, 1328, 55, 236.75
2026/09/08 20:52:14.228, GPU-ecc6a1f9-42fe-2932-7ea0-1dd285491b7b, 1047, 100, 1328, 55, 242.74
2026/09/08 20:52:14.432, GPU-ecc6a1f9-42fe-2932-7ea0-1dd285491b7b, 1047, 100, 1328, 55, 232.05
2026/09/08 20:52:14.636, GPU-ecc6a1f9-42fe-2932-7ea0-1dd285491b7b, 1047, 100, 1328, 54, 167.94
2026/09/08 20:52:14.840, GPU-ecc6a1f9-42fe-2932-7ea0-1dd285491b7b, 1047, 100, 1328, 54, 167.21
2026/09/08 20:52:15.043, GPU-ecc6a1f9-42fe-2932-7ea0-1dd285491b7b, 1047, 100, 1328, 55, 225.20
2026/09/08 20:52:15.247, GPU-ecc6a1f9-42fe-2932-7ea0-1dd285491b7b, 1047, 100, 1328, 55, 194.99
2026/09/08 20:52:15.450, GPU-ecc6a1f9-42fe-2932-7ea0-1dd285491b7b, 1047, 100, 1328, 54, 168.74
2026/09/08 20:52:15.654, GPU-ecc6a1f9-42fe-2932-7ea0-1dd285491b7b, 1047, 100, 1328, 55, 223.52
2026/09/08 20:52:15.857, GPU-ecc6a1f9-42fe-2932-7ea0-1dd285491b7b, 1047, 100, 1328, 55, 240.10
2026/09/08 20:52:16.064, GPU-ecc6a1f9-42fe-2932-7ea0-1dd285491b7b, 1047, 100, 1328, 56, 237.61
2026/09/08 20:52:16.267, GPU-ecc6a1f9-42fe-2932-7ea0-1dd285491b7b, 1047, 100, 1328, 56, 228.09
2026/09/08 20:52:16.471, GPU-ecc6a1f9-42fe-2932-7ea0-1dd285491b7b, 1047, 100, 1316, 56, 214.03
2026/09/08 20:52:16.674, GPU-ecc6a1f9-42fe-2932-7ea0-1dd285491b7b, 1047, 100, 1328, 56, 184.97
2026/09/08 20:52:16.878, GPU-ecc6a1f9-42fe-2932-7ea0-1dd285491b7b, 1047, 100, 1328, 56, 204.74
2026/09/08 20:52:17.081, GPU-ecc6a1f9-42fe-2932-7ea0-1dd285491b7b, 1047, 100, 1316, 56, 196.68
2026/09/08 20:52:17.287, GPU-ecc6a1f9-42fe-2932-7ea0-1dd285491b7b, 1047, 100, 1316, 56, 237.61
2026/09/08 20:52:17.491, GPU-ecc6a1f9-42fe-2932-7ea0-1dd285491b7b, 1047, 100, 1316, 56, 233.98
2026/09/08 20:52:17.695, GPU-ecc6a1f9-42fe-2932-7ea0-1dd285491b7b, 1047, 100, 1328, 56, 214.27
2026/09/08 20:52:17.898, GPU-ecc6a1f9-42fe-2932-7ea0-1dd285491b7b, 1047, 100, 1328, 55, 159.57
2026/09/08 20:52:18.102, GPU-ecc6a1f9-42fe-2932-7ea0-1dd285491b7b, 1047, 100, 1328, 55, 159.57
2026/09/08 20:52:18.306, GPU-ecc6a1f9-42fe-2932-7ea0-1dd285491b7b, 1047, 100, 1328, 55, 210.91
2026/09/08 20:52:18.510, GPU-ecc6a1f9-42fe-2932-7ea0-1dd285491b7b, 1047, 100, 1328, 56, 208.62
2026/09/08 20:52:18.713, GPU-ecc6a1f9-42fe-2932-7ea0-1dd285491b7b, 1047, 100, 1328, 55, 143.30
2026/09/08 20:52:18.917, GPU-ecc6a1f9-42fe-2932-7ea0-1dd285491b7b, 1047, 100, 1328, 54, 132.49
2026/09/08 20:52:19.120, GPU-ecc6a1f9-42fe-2932-7ea0-1dd285491b7b, 1047, 100, 1328, 55, 226.89
2026/09/08 20:52:19.326, GPU-ecc6a1f9-42fe-2932-7ea0-1dd285491b7b, 1047, 100, 1316, 56, 225.71
2026/09/08 20:52:19.530, GPU-ecc6a1f9-42fe-2932-7ea0-1dd285491b7b, 1047, 100, 1328, 57, 226.80
2026/09/08 20:52:19.734, GPU-ecc6a1f9-42fe-2932-7ea0-1dd285491b7b, 1047, 100, 1328, 56, 162.48
2026/09/08 20:52:19.937, GPU-ecc6a1f9-42fe-2932-7ea0-1dd285491b7b, 1047, 100, 1328, 55, 160.54
2026/09/08 20:52:20.141, GPU-ecc6a1f9-42fe-2932-7ea0-1dd285491b7b, 1047, 100, 1328, 55, 215.59
2026/09/08 20:52:20.345, GPU-ecc6a1f9-42fe-2932-7ea0-1dd285491b7b, 1047, 100, 1328, 56, 202.83
2026/09/08 20:52:20.549, GPU-ecc6a1f9-42fe-2932-7ea0-1dd285491b7b, 1047, 100, 1328, 56, 227.61
2026/09/08 20:52:20.752, GPU-ecc6a1f9-42fe-2932-7ea0-1dd285491b7b, 1047, 100, 1328, 55, 135.16
2026/09/08 20:52:20.956, GPU-ecc6a1f9-42fe-2932-7ea0-1dd285491b7b, 1047, 100, 1328, 56, 223.28
2026/09/08 20:52:21.159, GPU-ecc6a1f9-42fe-2932-7ea0-1dd285491b7b, 1047, 100, 1328, 57, 223.07
2026/09/08 20:52:21.369, GPU-ecc6a1f9-42fe-2932-7ea0-1dd285491b7b, 1047, 100, 1328, 57, 240.82
2026/09/08 20:52:21.573, GPU-ecc6a1f9-42fe-2932-7ea0-1dd285491b7b, 1047, 100, 1328, 57, 230.63
2026/09/08 20:52:21.776, GPU-ecc6a1f9-42fe-2932-7ea0-1dd285491b7b, 1047, 100, 1316, 57, 223.05
2026/09/08 20:52:21.980, GPU-ecc6a1f9-42fe-2932-7ea0-1dd285491b7b, 1047, 100, 1316, 57, 199.81
2026/09/08 20:52:22.184, GPU-ecc6a1f9-42fe-2932-7ea0-1dd285491b7b, 1047, 100, 1328, 57, 203.81
2026/09/08 20:52:22.388, GPU-ecc6a1f9-42fe-2932-7ea0-1dd285491b7b, 1047, 100, 1316, 57, 208.52
2026/09/08 20:52:22.591, GPU-ecc6a1f9-42fe-2932-7ea0-1dd285491b7b, 1047, 100, 1328, 58, 232.55
2026/09/08 20:52:22.795, GPU-ecc6a1f9-42fe-2932-7ea0-1dd285491b7b, 1047, 100, 1328, 58, 238.09
2026/09/08 20:52:22.998, GPU-ecc6a1f9-42fe-2932-7ea0-1dd285491b7b, 1047, 100, 1328, 58, 223.55
2026/09/08 20:52:23.202, GPU-ecc6a1f9-42fe-2932-7ea0-1dd285491b7b, 1047, 100, 1316, 58, 239.52
2026/09/08 20:52:23.408, GPU-ecc6a1f9-42fe-2932-7ea0-1dd285491b7b, 1047, 100, 1328, 58, 196.68
2026/09/08 20:52:23.611, GPU-ecc6a1f9-42fe-2932-7ea0-1dd285491b7b, 1047, 100, 1328, 58, 200.30
2026/09/08 20:52:23.815, GPU-ecc6a1f9-42fe-2932-7ea0-1dd285491b7b, 1047, 100, 1328, 58, 212.46
2026/09/08 20:52:24.018, GPU-ecc6a1f9-42fe-2932-7ea0-1dd285491b7b, 1047, 100, 1316, 58, 237.23
2026/09/08 20:52:24.222, GPU-ecc6a1f9-42fe-2932-7ea0-1dd285491b7b, 1047, 100, 1303, 58, 234.70
2026/09/08 20:52:24.425, GPU-ecc6a1f9-42fe-2932-7ea0-1dd285491b7b, 1047, 100, 1316, 58, 211.62
2026/09/08 20:52:24.630, GPU-ecc6a1f9-42fe-2932-7ea0-1dd285491b7b, 1047, 100, 1328, 57, 162.96
2026/09/08 20:52:24.833, GPU-ecc6a1f9-42fe-2932-7ea0-1dd285491b7b, 1047, 100, 1328, 57, 166.59
2026/09/08 20:52:25.037, GPU-ecc6a1f9-42fe-2932-7ea0-1dd285491b7b, 1047, 100, 1328, 57, 217.40
2026/09/08 20:52:25.240, GPU-ecc6a1f9-42fe-2932-7ea0-1dd285491b7b, 1047, 100, 1328, 58, 214.99
2026/09/08 20:52:25.444, GPU-ecc6a1f9-42fe-2932-7ea0-1dd285491b7b, 1047, 100, 1328, 58, 212.86
2026/09/08 20:52:25.650, GPU-ecc6a1f9-42fe-2932-7ea0-1dd285491b7b, 1047, 100, 1328, 58, 190.38
2026/09/08 20:52:25.853, GPU-ecc6a1f9-42fe-2932-7ea0-1dd285491b7b, 1047, 100, 1303, 58, 226.69
2026/09/08 20:52:26.057, GPU-ecc6a1f9-42fe-2932-7ea0-1dd285491b7b, 1047, 100, 1328, 58, 211.76
2026/09/08 20:52:26.260, GPU-ecc6a1f9-42fe-2932-7ea0-1dd285491b7b, 1047, 100, 1328, 59, 244.57
2026/09/08 20:52:26.464, GPU-ecc6a1f9-42fe-2932-7ea0-1dd285491b7b, 1047, 100, 1328, 59, 224.30
2026/09/08 20:52:26.670, GPU-ecc6a1f9-42fe-2932-7ea0-1dd285491b7b, 1047, 100, 1328, 58, 166.36
2026/09/08 20:52:26.873, GPU-ecc6a1f9-42fe-2932-7ea0-1dd285491b7b, 1047, 100, 1328, 58, 167.55
2026/09/08 20:52:27.077, GPU-ecc6a1f9-42fe-2932-7ea0-1dd285491b7b, 1047, 100, 1328, 58, 234.94
2026/09/08 20:52:27.280, GPU-ecc6a1f9-42fe-2932-7ea0-1dd285491b7b, 1047, 100, 1328, 58, 204.16
2026/09/08 20:52:27.483, GPU-ecc6a1f9-42fe-2932-7ea0-1dd285491b7b, 1047, 100, 1328, 58, 170.21
2026/09/08 20:52:27.687, GPU-ecc6a1f9-42fe-2932-7ea0-1dd285491b7b, 1047, 100, 1328, 58, 243.01
2026/09/08 20:52:27.890, GPU-ecc6a1f9-42fe-2932-7ea0-1dd285491b7b, 1047, 100, 1328, 59, 242.43
2026/09/08 20:52:28.095, GPU-ecc6a1f9-42fe-2932-7ea0-1dd285491b7b, 1047, 100, 1328, 59, 244.11
2026/09/08 20:52:28.300, GPU-ecc6a1f9-42fe-2932-7ea0-1dd285491b7b, 1047, 100, 1328, 59, 228.13
2026/09/08 20:52:28.503, GPU-ecc6a1f9-42fe-2932-7ea0-1dd285491b7b, 1047, 100, 1303, 59, 238.59
2026/09/08 20:52:28.707, GPU-ecc6a1f9-42fe-2932-7ea0-1dd285491b7b, 1047, 100, 1328, 59, 212.72
2026/09/08 20:52:28.911, GPU-ecc6a1f9-42fe-2932-7ea0-1dd285491b7b, 1047, 100, 1328, 59, 203.67
2026/09/08 20:52:29.114, GPU-ecc6a1f9-42fe-2932-7ea0-1dd285491b7b, 1047, 100, 1316, 59, 203.91
2026/09/08 20:52:29.318, GPU-ecc6a1f9-42fe-2932-7ea0-1dd285491b7b, 1047, 100, 1328, 60, 252.61
2026/09/08 20:52:29.524, GPU-ecc6a1f9-42fe-2932-7ea0-1dd285491b7b, 1047, 100, 1303, 60, 238.57
2026/09/08 20:52:29.728, GPU-ecc6a1f9-42fe-2932-7ea0-1dd285491b7b, 1047, 100, 1316, 60, 213.20
2026/09/08 20:52:29.932, GPU-ecc6a1f9-42fe-2932-7ea0-1dd285491b7b, 1047, 100, 1328, 59, 157.25
2026/09/08 20:52:30.135, GPU-ecc6a1f9-42fe-2932-7ea0-1dd285491b7b, 1047, 100, 1328, 58, 160.41
2026/09/08 20:52:30.339, GPU-ecc6a1f9-42fe-2932-7ea0-1dd285491b7b, 1047, 100, 1328, 59, 219.59
2026/09/08 20:52:30.543, GPU-ecc6a1f9-42fe-2932-7ea0-1dd285491b7b, 1047, 100, 1328, 59, 219.81
2026/09/08 20:52:30.747, GPU-ecc6a1f9-42fe-2932-7ea0-1dd285491b7b, 1047, 100, 1328, 59, 164.01
2026/09/08 20:52:30.950, GPU-ecc6a1f9-42fe-2932-7ea0-1dd285491b7b, 1047, 100, 1328, 58, 135.64
2026/09/08 20:52:31.154, GPU-ecc6a1f9-42fe-2932-7ea0-1dd285491b7b, 1047, 100, 1328, 59, 226.21
2026/09/08 20:52:31.357, GPU-ecc6a1f9-42fe-2932-7ea0-1dd285491b7b, 1047, 100, 1316, 59, 229.56
2026/09/08 20:52:31.561, GPU-ecc6a1f9-42fe-2932-7ea0-1dd285491b7b, 1047, 100, 1328, 60, 240.72
2026/09/08 20:52:31.767, GPU-ecc6a1f9-42fe-2932-7ea0-1dd285491b7b, 1047, 100, 1328, 60, 237.59
2026/09/08 20:52:31.971, GPU-ecc6a1f9-42fe-2932-7ea0-1dd285491b7b, 1047, 100, 1328, 59, 162.34
2026/09/08 20:52:32.174, GPU-ecc6a1f9-42fe-2932-7ea0-1dd285491b7b, 1047, 100, 1328, 59, 162.49
2026/09/08 20:52:32.378, GPU-ecc6a1f9-42fe-2932-7ea0-1dd285491b7b, 1047, 100, 1328, 59, 223.33
2026/09/08 20:52:32.581, GPU-ecc6a1f9-42fe-2932-7ea0-1dd285491b7b, 1047, 100, 1328, 60, 224.63
2026/09/08 20:52:32.787, GPU-ecc6a1f9-42fe-2932-7ea0-1dd285491b7b, 1047, 100, 1328, 59, 137.10
2026/09/08 20:52:32.990, GPU-ecc6a1f9-42fe-2932-7ea0-1dd285491b7b, 1047, 100, 1328, 59, 234.12
2026/09/08 20:52:33.194, GPU-ecc6a1f9-42fe-2932-7ea0-1dd285491b7b, 1047, 100, 1316, 60, 233.88
2026/09/08 20:52:33.397, GPU-ecc6a1f9-42fe-2932-7ea0-1dd285491b7b, 1047, 100, 1316, 60, 244.35
2026/09/08 20:52:33.601, GPU-ecc6a1f9-42fe-2932-7ea0-1dd285491b7b, 1047, 100, 1316, 60, 221.98
2026/09/08 20:52:33.806, GPU-ecc6a1f9-42fe-2932-7ea0-1dd285491b7b, 1047, 100, 1303, 61, 238.35
2026/09/08 20:52:34.011, GPU-ecc6a1f9-42fe-2932-7ea0-1dd285491b7b, 1047, 100, 1290, 60, 195.58
2026/09/08 20:52:34.214, GPU-ecc6a1f9-42fe-2932-7ea0-1dd285491b7b, 1047, 100, 1328, 60, 201.50
2026/09/08 20:52:34.418, GPU-ecc6a1f9-42fe-2932-7ea0-1dd285491b7b, 1047, 100, 1316, 61, 224.87
2026/09/08 20:52:34.621, GPU-ecc6a1f9-42fe-2932-7ea0-1dd285491b7b, 1047, 100, 1328, 61, 235.20
2026/09/08 20:52:34.825, GPU-ecc6a1f9-42fe-2932-7ea0-1dd285491b7b, 1047, 100, 1328, 61, 240.02
2026/09/08 20:52:35.029, GPU-ecc6a1f9-42fe-2932-7ea0-1dd285491b7b, 1047, 100, 1328, 61, 227.89
2026/09/08 20:52:35.232, GPU-ecc6a1f9-42fe-2932-7ea0-1dd285491b7b, 1047, 100, 1316, 61, 236.43
2026/09/08 20:52:35.436, GPU-ecc6a1f9-42fe-2932-7ea0-1dd285491b7b, 1047, 100, 1328, 61, 215.86
2026/09/08 20:52:35.640, GPU-ecc6a1f9-42fe-2932-7ea0-1dd285491b7b, 1047, 100, 1328, 61, 198.38
2026/09/08 20:52:35.845, GPU-ecc6a1f9-42fe-2932-7ea0-1dd285491b7b, 1047, 100, 1316, 61, 220.05
2026/09/08 20:52:36.050, GPU-ecc6a1f9-42fe-2932-7ea0-1dd285491b7b, 1047, 100, 1316, 61, 250.20
2026/09/08 20:52:36.253, GPU-ecc6a1f9-42fe-2932-7ea0-1dd285491b7b, 1047, 100, 1303, 61, 234.62
2026/09/08 20:52:36.457, GPU-ecc6a1f9-42fe-2932-7ea0-1dd285491b7b, 1047, 100, 1303, 61, 216.21
2026/09/08 20:52:36.660, GPU-ecc6a1f9-42fe-2932-7ea0-1dd285491b7b, 1047, 100, 1328, 61, 161.13
2026/09/08 20:52:36.866, GPU-ecc6a1f9-42fe-2932-7ea0-1dd285491b7b, 1047, 100, 1328, 60, 164.65
2026/09/08 20:52:37.070, GPU-ecc6a1f9-42fe-2932-7ea0-1dd285491b7b, 1047, 100, 1328, 60, 214.30
2026/09/08 20:52:37.273, GPU-ecc6a1f9-42fe-2932-7ea0-1dd285491b7b, 1047, 100, 1328, 61, 218.64
2026/09/08 20:52:37.477, GPU-ecc6a1f9-42fe-2932-7ea0-1dd285491b7b, 1047, 100, 1328, 61, 173.60
2026/09/08 20:52:37.680, GPU-ecc6a1f9-42fe-2932-7ea0-1dd285491b7b, 1047, 100, 1328, 60, 155.81
2026/09/08 20:52:37.885, GPU-ecc6a1f9-42fe-2932-7ea0-1dd285491b7b, 1047, 100, 1328, 60, 227.15
2026/09/08 20:52:38.088, GPU-ecc6a1f9-42fe-2932-7ea0-1dd285491b7b, 1047, 100, 1316, 61, 236.41
2026/09/08 20:52:38.292, GPU-ecc6a1f9-42fe-2932-7ea0-1dd285491b7b, 1047, 100, 1316, 62, 243.49
2026/09/08 20:52:38.495, GPU-ecc6a1f9-42fe-2932-7ea0-1dd285491b7b, 1047, 100, 1316, 62, 232.23
2026/09/08 20:52:38.698, GPU-ecc6a1f9-42fe-2932-7ea0-1dd285491b7b, 1047, 100, 1290, 62, 230.76
2026/09/08 20:52:38.904, GPU-ecc6a1f9-42fe-2932-7ea0-1dd285491b7b, 1047, 100, 1316, 62, 236.91
2026/09/08 20:52:39.108, GPU-ecc6a1f9-42fe-2932-7ea0-1dd285491b7b, 1047, 100, 1328, 62, 167.07
2026/09/08 20:52:39.312, GPU-ecc6a1f9-42fe-2932-7ea0-1dd285491b7b, 1047, 100, 1328, 61, 169.97
2026/09/08 20:52:39.515, GPU-ecc6a1f9-42fe-2932-7ea0-1dd285491b7b, 1047, 100, 1328, 61, 235.22
2026/09/08 20:52:39.719, GPU-ecc6a1f9-42fe-2932-7ea0-1dd285491b7b, 1047, 100, 1328, 61, 202.00
2026/09/08 20:52:39.924, GPU-ecc6a1f9-42fe-2932-7ea0-1dd285491b7b, 1047, 100, 1328, 62, 153.22
2026/09/08 20:52:40.127, GPU-ecc6a1f9-42fe-2932-7ea0-1dd285491b7b, 1047, 100, 1328, 61, 237.47
2026/09/08 20:52:40.331, GPU-ecc6a1f9-42fe-2932-7ea0-1dd285491b7b, 1047, 100, 1328, 62, 244.11
2026/09/08 20:52:40.534, GPU-ecc6a1f9-42fe-2932-7ea0-1dd285491b7b, 1047, 100, 1328, 62, 246.37
2026/09/08 20:52:40.737, GPU-ecc6a1f9-42fe-2932-7ea0-1dd285491b7b, 1047, 100, 1328, 62, 221.29
2026/09/08 20:52:40.949, GPU-ecc6a1f9-42fe-2932-7ea0-1dd285491b7b, 1047, 100, 1303, 62, 241.00
2026/09/08 20:52:41.152, GPU-ecc6a1f9-42fe-2932-7ea0-1dd285491b7b, 1047, 100, 1316, 62, 202.48
2026/09/08 20:52:41.356, GPU-ecc6a1f9-42fe-2932-7ea0-1dd285491b7b, 1047, 100, 1328, 62, 199.85
2026/09/08 20:52:41.559, GPU-ecc6a1f9-42fe-2932-7ea0-1dd285491b7b, 1047, 100, 1303, 62, 218.85
2026/09/08 20:52:41.766, GPU-ecc6a1f9-42fe-2932-7ea0-1dd285491b7b, 1047, 100, 1290, 62, 237.39
2026/09/08 20:52:41.972, GPU-ecc6a1f9-42fe-2932-7ea0-1dd285491b7b, 1047, 100, 1316, 63, 239.78
2026/09/08 20:52:42.175, GPU-ecc6a1f9-42fe-2932-7ea0-1dd285491b7b, 1047, 100, 1303, 63, 221.03
2026/09/08 20:52:42.379, GPU-ecc6a1f9-42fe-2932-7ea0-1dd285491b7b, 1047, 100, 1328, 62, 161.37
2026/09/08 20:52:42.583, GPU-ecc6a1f9-42fe-2932-7ea0-1dd285491b7b, 1047, 100, 1328, 61, 162.97
2026/09/08 20:52:42.787, GPU-ecc6a1f9-42fe-2932-7ea0-1dd285491b7b, 1047, 100, 1328, 62, 224.74
2026/09/08 20:52:42.991, GPU-ecc6a1f9-42fe-2932-7ea0-1dd285491b7b, 1047, 100, 1328, 62, 221.98
2026/09/08 20:52:43.194, GPU-ecc6a1f9-42fe-2932-7ea0-1dd285491b7b, 1047, 100, 1328, 62, 202.24
2026/09/08 20:52:43.398, GPU-ecc6a1f9-42fe-2932-7ea0-1dd285491b7b, 1047, 100, 1328, 61, 137.10
2026/09/08 20:52:43.601, GPU-ecc6a1f9-42fe-2932-7ea0-1dd285491b7b, 1047, 100, 1328, 62, 219.09
2026/09/08 20:52:43.806, GPU-ecc6a1f9-42fe-2932-7ea0-1dd285491b7b, 1047, 100, 1316, 62, 231.49
2026/09/08 20:52:44.011, GPU-ecc6a1f9-42fe-2932-7ea0-1dd285491b7b, 1047, 100, 1316, 63, 244.21
2026/09/08 20:52:44.214, GPU-ecc6a1f9-42fe-2932-7ea0-1dd285491b7b, 1047, 100, 1316, 63, 230.76
2026/09/08 20:52:44.418, GPU-ecc6a1f9-42fe-2932-7ea0-1dd285491b7b, 1047, 100, 1328, 62, 162.83
2026/09/08 20:52:44.621, GPU-ecc6a1f9-42fe-2932-7ea0-1dd285491b7b, 1047, 100, 1328, 62, 164.25
2026/09/08 20:52:44.826, GPU-ecc6a1f9-42fe-2932-7ea0-1dd285491b7b, 1047, 100, 1328, 62, 224.74
2026/09/08 20:52:45.029, GPU-ecc6a1f9-42fe-2932-7ea0-1dd285491b7b, 1047, 100, 1328, 62, 206.21
2026/09/08 20:52:45.233, GPU-ecc6a1f9-42fe-2932-7ea0-1dd285491b7b, 1047, 100, 1328, 62, 139.76
2026/09/08 20:52:45.436, GPU-ecc6a1f9-42fe-2932-7ea0-1dd285491b7b, 1047, 100, 1328, 61, 233.28
2026/09/08 20:52:45.640, GPU-ecc6a1f9-42fe-2932-7ea0-1dd285491b7b, 1047, 100, 1316, 63, 233.15
2026/09/08 20:52:45.846, GPU-ecc6a1f9-42fe-2932-7ea0-1dd285491b7b, 1047, 100, 1316, 63, 245.89
2026/09/08 20:52:46.049, GPU-ecc6a1f9-42fe-2932-7ea0-1dd285491b7b, 1047, 100, 1316, 63, 231.99
2026/09/08 20:52:46.253, GPU-ecc6a1f9-42fe-2932-7ea0-1dd285491b7b, 1047, 100, 1316, 63, 237.63
2026/09/08 20:52:46.456, GPU-ecc6a1f9-42fe-2932-7ea0-1dd285491b7b, 1047, 100, 1316, 63, 208.86
2026/09/08 20:52:46.660, GPU-ecc6a1f9-42fe-2932-7ea0-1dd285491b7b, 1047, 100, 1328, 63, 201.04
2026/09/08 20:52:46.866, GPU-ecc6a1f9-42fe-2932-7ea0-1dd285491b7b, 1047, 100, 1303, 63, 227.76
2026/09/08 20:52:47.073, GPU-ecc6a1f9-42fe-2932-7ea0-1dd285491b7b, 1047, 100, 1316, 63, 235.44
2026/09/08 20:52:47.277, GPU-ecc6a1f9-42fe-2932-7ea0-1dd285491b7b, 1047, 100, 1328, 64, 240.04
2026/09/08 20:52:47.480, GPU-ecc6a1f9-42fe-2932-7ea0-1dd285491b7b, 1047, 100, 1328, 64, 229.34
2026/09/08 20:52:47.686, GPU-ecc6a1f9-42fe-2932-7ea0-1dd285491b7b, 1047, 100, 1316, 64, 233.06
2026/09/08 20:52:47.889, GPU-ecc6a1f9-42fe-2932-7ea0-1dd285491b7b, 1047, 100, 1290, 64, 204.66
2026/09/08 20:52:48.093, GPU-ecc6a1f9-42fe-2932-7ea0-1dd285491b7b, 1047, 100, 1328, 64, 196.32
2026/09/08 20:52:48.296, GPU-ecc6a1f9-42fe-2932-7ea0-1dd285491b7b, 1047, 100, 1316, 64, 241.22
2026/09/08 20:52:48.500, GPU-ecc6a1f9-42fe-2932-7ea0-1dd285491b7b, 1047, 100, 1328, 64, 248.30
2026/09/08 20:52:48.706, GPU-ecc6a1f9-42fe-2932-7ea0-1dd285491b7b, 1047, 100, 1316, 64, 241.92
2026/09/08 20:52:48.912, GPU-ecc6a1f9-42fe-2932-7ea0-1dd285491b7b, 1047, 100, 1290, 64, 214.89
2026/09/08 20:52:49.116, GPU-ecc6a1f9-42fe-2932-7ea0-1dd285491b7b, 1047, 100, 1328, 64, 167.07
2026/09/08 20:52:49.319, GPU-ecc6a1f9-42fe-2932-7ea0-1dd285491b7b, 1047, 100, 1328, 63, 168.52
2026/09/08 20:52:49.522, GPU-ecc6a1f9-42fe-2932-7ea0-1dd285491b7b, 1047, 100, 1328, 63, 232.82
2026/09/08 20:52:49.726, GPU-ecc6a1f9-42fe-2932-7ea0-1dd285491b7b, 1047, 100, 1328, 64, 207.41
2026/09/08 20:52:49.929, GPU-ecc6a1f9-42fe-2932-7ea0-1dd285491b7b, 1047, 100, 1328, 64, 228.37
2026/09/08 20:52:50.135, GPU-ecc6a1f9-42fe-2932-7ea0-1dd285491b7b, 1047, 100, 1328, 63, 141.46
2026/09/08 20:52:50.339, GPU-ecc6a1f9-42fe-2932-7ea0-1dd285491b7b, 1047, 100, 1328, 63, 226.45
2026/09/08 20:52:50.542, GPU-ecc6a1f9-42fe-2932-7ea0-1dd285491b7b, 1047, 100, 1316, 64, 238.57
2026/09/08 20:52:50.746, GPU-ecc6a1f9-42fe-2932-7ea0-1dd285491b7b, 1047, 100, 1303, 64, 246.86
2026/09/08 20:52:50.949, GPU-ecc6a1f9-42fe-2932-7ea0-1dd285491b7b, 1047, 100, 1328, 64, 229.82
2026/09/08 20:52:51.156, GPU-ecc6a1f9-42fe-2932-7ea0-1dd285491b7b, 1047, 100, 1290, 65, 252.15
2026/09/08 20:52:51.365, GPU-ecc6a1f9-42fe-2932-7ea0-1dd285491b7b, 1047, 100, 1328, 64, 203.45
2026/09/08 20:52:51.569, GPU-ecc6a1f9-42fe-2932-7ea0-1dd285491b7b, 1047, 100, 1328, 64, 215.84
2026/09/08 20:52:51.772, GPU-ecc6a1f9-42fe-2932-7ea0-1dd285491b7b, 1047, 100, 1290, 64, 220.53
2026/09/08 20:52:51.976, GPU-ecc6a1f9-42fe-2932-7ea0-1dd285491b7b, 1047, 100, 1316, 65, 232.21
2026/09/08 20:52:52.181, GPU-ecc6a1f9-42fe-2932-7ea0-1dd285491b7b, 1047, 100, 1316, 65, 227.89
2026/09/08 20:52:52.385, GPU-ecc6a1f9-42fe-2932-7ea0-1dd285491b7b, 1047, 100, 1328, 65, 237.39
2026/09/08 20:52:52.589, GPU-ecc6a1f9-42fe-2932-7ea0-1dd285491b7b, 1047, 100, 1328, 65, 245.55
2026/09/08 20:52:52.796, GPU-ecc6a1f9-42fe-2932-7ea0-1dd285491b7b, 1047, 100, 1328, 65, 251.43
2026/09/08 20:52:53.000, GPU-ecc6a1f9-42fe-2932-7ea0-1dd285491b7b, 1047, 100, 1290, 65, 207.45
2026/09/08 20:52:53.203, GPU-ecc6a1f9-42fe-2932-7ea0-1dd285491b7b, 1047, 100, 1328, 65, 196.93
2026/09/08 20:52:53.407, GPU-ecc6a1f9-42fe-2932-7ea0-1dd285491b7b, 1047, 100, 1328, 65, 236.17
2026/09/08 20:52:53.610, GPU-ecc6a1f9-42fe-2932-7ea0-1dd285491b7b, 1047, 100, 1303, 65, 208.16
2026/09/08 20:52:53.813, GPU-ecc6a1f9-42fe-2932-7ea0-1dd285491b7b, 1047, 100, 1316, 65, 240.96
2026/09/08 20:52:54.017, GPU-ecc6a1f9-42fe-2932-7ea0-1dd285491b7b, 1047, 100, 1303, 65, 237.15
2026/09/08 20:52:54.222, GPU-ecc6a1f9-42fe-2932-7ea0-1dd285491b7b, 1047, 100, 1316, 65, 223.44
2026/09/08 20:52:54.425, GPU-ecc6a1f9-42fe-2932-7ea0-1dd285491b7b, 1047, 100, 1328, 64, 163.21
2026/09/08 20:52:54.629, GPU-ecc6a1f9-42fe-2932-7ea0-1dd285491b7b, 1047, 100, 1328, 64, 164.91
2026/09/08 20:52:54.832, GPU-ecc6a1f9-42fe-2932-7ea0-1dd285491b7b, 1047, 100, 1328, 64, 214.17
2026/09/08 20:52:55.038, GPU-ecc6a1f9-42fe-2932-7ea0-1dd285491b7b, 1047, 100, 1328, 65, 221.01
2026/09/08 20:52:55.241, GPU-ecc6a1f9-42fe-2932-7ea0-1dd285491b7b, 1047, 100, 1328, 64, 146.22
2026/09/08 20:52:55.445, GPU-ecc6a1f9-42fe-2932-7ea0-1dd285491b7b, 1047, 100, 1328, 63, 139.92
2026/09/08 20:52:55.648, GPU-ecc6a1f9-42fe-2932-7ea0-1dd285491b7b, 1047, 100, 1328, 65, 228.61
2026/09/08 20:52:55.851, GPU-ecc6a1f9-42fe-2932-7ea0-1dd285491b7b, 1047, 100, 1316, 65, 235.22
2026/09/08 20:52:56.057, GPU-ecc6a1f9-42fe-2932-7ea0-1dd285491b7b, 1047, 100, 1316, 65, 232.21
2026/09/08 20:52:56.262, GPU-ecc6a1f9-42fe-2932-7ea0-1dd285491b7b, 1047, 100, 1328, 65, 165.73
2026/09/08 20:52:56.465, GPU-ecc6a1f9-42fe-2932-7ea0-1dd285491b7b, 1047, 100, 1328, 64, 166.83
2026/09/08 20:52:56.669, GPU-ecc6a1f9-42fe-2932-7ea0-1dd285491b7b, 1047, 100, 1328, 64, 217.30
2026/09/08 20:52:56.872, GPU-ecc6a1f9-42fe-2932-7ea0-1dd285491b7b, 1047, 100, 1328, 65, 211.51
2026/09/08 20:52:57.076, GPU-ecc6a1f9-42fe-2932-7ea0-1dd285491b7b, 1047, 100, 1328, 65, 203.45
2026/09/08 20:52:57.282, GPU-ecc6a1f9-42fe-2932-7ea0-1dd285491b7b, 1047, 100, 1328, 64, 143.80
2026/09/08 20:52:57.485, GPU-ecc6a1f9-42fe-2932-7ea0-1dd285491b7b, 1047, 100, 1328, 65, 234.72
2026/09/08 20:52:57.689, GPU-ecc6a1f9-42fe-2932-7ea0-1dd285491b7b, 1047, 100, 1316, 65, 236.17
2026/09/08 20:52:57.892, GPU-ecc6a1f9-42fe-2932-7ea0-1dd285491b7b, 1047, 100, 1316, 66, 231.26
2026/09/08 20:52:58.096, GPU-ecc6a1f9-42fe-2932-7ea0-1dd285491b7b, 1047, 100, 1316, 66, 233.91
2026/09/08 20:52:58.303, GPU-ecc6a1f9-42fe-2932-7ea0-1dd285491b7b, 1047, 100, 1290, 66, 219.59
2026/09/08 20:52:58.511, GPU-ecc6a1f9-42fe-2932-7ea0-1dd285491b7b, 1047, 100, 1328, 66, 206.09
2026/09/08 20:52:58.714, GPU-ecc6a1f9-42fe-2932-7ea0-1dd285491b7b, 1047, 100, 1328, 66, 209.12
2026/09/08 20:52:58.917, GPU-ecc6a1f9-42fe-2932-7ea0-1dd285491b7b, 1047, 100, 1278, 66, 206.00
2026/09/08 20:52:59.124, GPU-ecc6a1f9-42fe-2932-7ea0-1dd285491b7b, 1047, 100, 1328, 66, 243.63
2026/09/08 20:52:59.328, GPU-ecc6a1f9-42fe-2932-7ea0-1dd285491b7b, 1047, 100, 1328, 67, 245.41
2026/09/08 20:52:59.531, GPU-ecc6a1f9-42fe-2932-7ea0-1dd285491b7b, 1047, 100, 1328, 66, 229.10
2026/09/08 20:52:59.735, GPU-ecc6a1f9-42fe-2932-7ea0-1dd285491b7b, 1047, 100, 1290, 66, 242.21
2026/09/08 20:52:59.938, GPU-ecc6a1f9-42fe-2932-7ea0-1dd285491b7b, 1047, 100, 1316, 66, 200.31
2026/09/08 20:53:00.141, GPU-ecc6a1f9-42fe-2932-7ea0-1dd285491b7b, 1047, 100, 1328, 66, 211.53
2026/09/08 20:53:00.346, GPU-ecc6a1f9-42fe-2932-7ea0-1dd285491b7b, 1047, 100, 1316, 66, 215.62
2026/09/08 20:53:00.550, GPU-ecc6a1f9-42fe-2932-7ea0-1dd285491b7b, 1047, 100, 1290, 66, 231.00
2026/09/08 20:53:00.754, GPU-ecc6a1f9-42fe-2932-7ea0-1dd285491b7b, 1047, 100, 1290, 66, 238.31
2026/09/08 20:53:00.957, GPU-ecc6a1f9-42fe-2932-7ea0-1dd285491b7b, 1047, 100, 1303, 66, 230.28
2026/09/08 20:53:01.161, GPU-ecc6a1f9-42fe-2932-7ea0-1dd285491b7b, 1047, 100, 1328, 66, 179.76
2026/09/08 20:53:01.364, GPU-ecc6a1f9-42fe-2932-7ea0-1dd285491b7b, 1047, 100, 1328, 65, 182.32
2026/09/08 20:53:01.568, GPU-ecc6a1f9-42fe-2932-7ea0-1dd285491b7b, 1047, 100, 1328, 66, 226.93
2026/09/08 20:53:01.772, GPU-ecc6a1f9-42fe-2932-7ea0-1dd285491b7b, 1047, 100, 1328, 66, 218.60
2026/09/08 20:53:01.975, GPU-ecc6a1f9-42fe-2932-7ea0-1dd285491b7b, 1047, 100, 1328, 65, 143.88
2026/09/08 20:53:02.179, GPU-ecc6a1f9-42fe-2932-7ea0-1dd285491b7b, 1047, 100, 1328, 65, 142.83
2026/09/08 20:53:02.382, GPU-ecc6a1f9-42fe-2932-7ea0-1dd285491b7b, 1047, 100, 1328, 66, 230.52
2026/09/08 20:53:02.587, GPU-ecc6a1f9-42fe-2932-7ea0-1dd285491b7b, 1047, 100, 1290, 67, 239.54
2026/09/08 20:53:02.796, GPU-ecc6a1f9-42fe-2932-7ea0-1dd285491b7b, 1047, 100, 1316, 67, 234.88
2026/09/08 20:53:03.000, GPU-ecc6a1f9-42fe-2932-7ea0-1dd285491b7b, 1047, 100, 1290, 67, 249.02
2026/09/08 20:53:03.203, GPU-ecc6a1f9-42fe-2932-7ea0-1dd285491b7b, 1047, 100, 1290, 67, 209.21
2026/09/08 20:53:03.409, GPU-ecc6a1f9-42fe-2932-7ea0-1dd285491b7b, 1047, 100, 1328, 67, 193.67
2026/09/08 20:53:03.613, GPU-ecc6a1f9-42fe-2932-7ea0-1dd285491b7b, 1047, 100, 1316, 67, 257.18
2026/09/08 20:53:03.816, GPU-ecc6a1f9-42fe-2932-7ea0-1dd285491b7b, 1047, 100, 1278, 67, 199.35
2026/09/08 20:53:04.020, GPU-ecc6a1f9-42fe-2932-7ea0-1dd285491b7b, 1047, 100, 1316, 67, 235.22
2026/09/08 20:53:04.224, GPU-ecc6a1f9-42fe-2932-7ea0-1dd285491b7b, 1047, 100, 1316, 67, 236.67
2026/09/08 20:53:04.427, GPU-ecc6a1f9-42fe-2932-7ea0-1dd285491b7b, 1047, 100, 1316, 67, 191.74
2026/09/08 20:53:04.631, GPU-ecc6a1f9-42fe-2932-7ea0-1dd285491b7b, 1047, 100, 1328, 66, 175.67
2026/09/08 20:53:04.835, GPU-ecc6a1f9-42fe-2932-7ea0-1dd285491b7b, 1047, 100, 1328, 66, 236.43
2026/09/08 20:53:05.038, GPU-ecc6a1f9-42fe-2932-7ea0-1dd285491b7b, 1047, 100, 1328, 67, 209.59
2026/09/08 20:53:05.242, GPU-ecc6a1f9-42fe-2932-7ea0-1dd285491b7b, 1047, 100, 1328, 67, 232.67
2026/09/08 20:53:05.445, GPU-ecc6a1f9-42fe-2932-7ea0-1dd285491b7b, 1047, 100, 1328, 66, 151.30
2026/09/08 20:53:05.651, GPU-ecc6a1f9-42fe-2932-7ea0-1dd285491b7b, 1047, 100, 1303, 65, 244.67
2026/09/08 20:53:05.854, GPU-ecc6a1f9-42fe-2932-7ea0-1dd285491b7b, 1047, 71, 1328, 65, 164.65
2026/09/08 20:53:06.058, GPU-ecc6a1f9-42fe-2932-7ea0-1dd285491b7b, 1047, 75, 1328, 65, 126.58
2026/09/08 20:53:06.261, GPU-ecc6a1f9-42fe-2932-7ea0-1dd285491b7b, 1047, 53, 1328, 64, 72.98
2026/09/08 20:53:06.465, GPU-ecc6a1f9-42fe-2932-7ea0-1dd285491b7b, 1047, 71, 1316, 65, 92.33
2026/09/08 20:53:06.670, GPU-ecc6a1f9-42fe-2932-7ea0-1dd285491b7b, 1047, 71, 1328, 64, 230.61
2026/09/08 20:53:06.878, GPU-ecc6a1f9-42fe-2932-7ea0-1dd285491b7b, 1047, 71, 1328, 65, 67.63
2026/09/08 20:53:07.082, GPU-ecc6a1f9-42fe-2932-7ea0-1dd285491b7b, 1047, 58, 1328, 64, 180.14
2026/09/08 20:53:07.285, GPU-ecc6a1f9-42fe-2932-7ea0-1dd285491b7b, 1047, 68, 1328, 64, 66.17
2026/09/08 20:53:07.490, GPU-ecc6a1f9-42fe-2932-7ea0-1dd285491b7b, 1047, 70, 1328, 64, 67.38
2026/09/08 20:53:07.693, GPU-ecc6a1f9-42fe-2932-7ea0-1dd285491b7b, 1047, 71, 1328, 64, 112.59
2026/09/08 20:53:07.896, GPU-ecc6a1f9-42fe-2932-7ea0-1dd285491b7b, 1047, 71, 1328, 64, 114.54
2026/09/08 20:53:08.100, GPU-ecc6a1f9-42fe-2932-7ea0-1dd285491b7b, 1047, 57, 1328, 64, 172.03
2026/09/08 20:53:08.303, GPU-ecc6a1f9-42fe-2932-7ea0-1dd285491b7b, 1047, 70, 1316, 65, 96.46
2026/09/08 20:53:08.509, GPU-ecc6a1f9-42fe-2932-7ea0-1dd285491b7b, 1047, 65, 1328, 64, 74.44
2026/09/08 20:53:08.712, GPU-ecc6a1f9-42fe-2932-7ea0-1dd285491b7b, 1047, 63, 1316, 64, 67.63
2026/09/08 20:53:08.918, GPU-ecc6a1f9-42fe-2932-7ea0-1dd285491b7b, 1047, 71, 1316, 64, 151.21
2026/09/08 20:53:09.121, GPU-ecc6a1f9-42fe-2932-7ea0-1dd285491b7b, 1047, 85, 1328, 64, 58.91
2026/09/08 20:53:09.324, GPU-ecc6a1f9-42fe-2932-7ea0-1dd285491b7b, 1047, 71, 1328, 64, 137.10
2026/09/08 20:53:09.531, GPU-ecc6a1f9-42fe-2932-7ea0-1dd285491b7b, 1047, 56, 1328, 64, 244.67
2026/09/08 20:53:09.735, GPU-ecc6a1f9-42fe-2932-7ea0-1dd285491b7b, 1047, 71, 1328, 64, 64.01
2026/09/08 20:53:09.938, GPU-ecc6a1f9-42fe-2932-7ea0-1dd285491b7b, 1047, 85, 1328, 64, 110.90
2026/09/08 20:53:10.142, GPU-ecc6a1f9-42fe-2932-7ea0-1dd285491b7b, 1047, 71, 1328, 63, 138.71
2026/09/08 20:53:10.345, GPU-ecc6a1f9-42fe-2932-7ea0-1dd285491b7b, 1047, 71, 1328, 63, 225.69
2026/09/08 20:53:10.551, GPU-ecc6a1f9-42fe-2932-7ea0-1dd285491b7b, 1047, 70, 1328, 64, 113.57
2026/09/08 20:53:10.755, GPU-ecc6a1f9-42fe-2932-7ea0-1dd285491b7b, 1047, 70, 1328, 64, 170.36
2026/09/08 20:53:10.958, GPU-ecc6a1f9-42fe-2932-7ea0-1dd285491b7b, 1047, 71, 1328, 63, 161.44
2026/09/08 20:53:11.162, GPU-ecc6a1f9-42fe-2932-7ea0-1dd285491b7b, 1047, 56, 1328, 63, 226.21
2026/09/08 20:53:11.365, GPU-ecc6a1f9-42fe-2932-7ea0-1dd285491b7b, 1047, 71, 1328, 64, 73.95
2026/09/08 20:53:11.570, GPU-ecc6a1f9-42fe-2932-7ea0-1dd285491b7b, 1047, 67, 1328, 64, 90.63
2026/09/08 20:53:11.774, GPU-ecc6a1f9-42fe-2932-7ea0-1dd285491b7b, 785, 60, 1328, 63, 54.53
2026/09/08 20:53:11.977, GPU-ecc6a1f9-42fe-2932-7ea0-1dd285491b7b, 5, 37, 1328, 62, 48.22
2026/09/08 20:53:12.181, GPU-ecc6a1f9-42fe-2932-7ea0-1dd285491b7b, 5, 5, 1328, 61, 47.74
2026/09/08 20:53:12.385, GPU-ecc6a1f9-42fe-2932-7ea0-1dd285491b7b, 5, 0, 1328, 61, 47.50
2026/09/08 20:53:12.590, GPU-ecc6a1f9-42fe-2932-7ea0-1dd285491b7b, 5, 0, 1328, 61, 47.50
2026/09/08 20:53:12.793, GPU-ecc6a1f9-42fe-2932-7ea0-1dd285491b7b, 5, 0, 1328, 61, 47.26
2026/09/08 20:53:12.997, GPU-ecc6a1f9-42fe-2932-7ea0-1dd285491b7b, 5, 0, 1328, 60, 47.01
2026/09/08 20:53:13.200, GPU-ecc6a1f9-42fe-2932-7ea0-1dd285491b7b, 5, 0, 1328, 60, 46.52
2026/09/08 20:53:13.404, GPU-ecc6a1f9-42fe-2932-7ea0-1dd285491b7b, 5, 0, 1328, 60, 46.52
2026/09/08 20:53:13.609, GPU-ecc6a1f9-42fe-2932-7ea0-1dd285491b7b, 5, 0, 1328, 60, 46.79
2026/09/08 20:53:13.813, GPU-ecc6a1f9-42fe-2932-7ea0-1dd285491b7b, 5, 0, 1328, 60, 46.52
2026/09/08 20:53:14.016, GPU-ecc6a1f9-42fe-2932-7ea0-1dd285491b7b, 5, 0, 1328, 60, 46.52
2026/09/08 20:53:14.220, GPU-ecc6a1f9-42fe-2932-7ea0-1dd285491b7b, 5, 0, 1328, 60, 46.52
2026/09/08 20:53:14.423, GPU-ecc6a1f9-42fe-2932-7ea0-1dd285491b7b, 5, 0, 1328, 60, 46.52
2026/09/08 20:53:14.629, GPU-ecc6a1f9-42fe-2932-7ea0-1dd285491b7b, 5, 0, 430, 59, 32.92
2026/09/08 20:53:14.832, GPU-ecc6a1f9-42fe-2932-7ea0-1dd285491b7b, 5, 0, 430, 59, 32.92
2026/09/08 20:53:15.080, GPU-ecc6a1f9-42fe-2932-7ea0-1dd285491b7b, 5, 0, 430, 59, 33.17
2026/09/08 20:53:15.284, GPU-ecc6a1f9-42fe-2932-7ea0-1dd285491b7b, 5, 0, 430, 59, 33.17
2026/09/08 20:53:15.487, GPU-ecc6a1f9-42fe-2932-7ea0-1dd285491b7b, 5, 0, 430, 58, 32.92
2026/09/08 20:53:15.692, GPU-ecc6a1f9-42fe-2932-7ea0-1dd285491b7b, 5, 0, 430, 58, 32.92
2026/09/08 20:53:15.896, GPU-ecc6a1f9-42fe-2932-7ea0-1dd285491b7b, 5, 0, 430, 58, 32.92
2026/09/08 20:53:16.099, GPU-ecc6a1f9-42fe-2932-7ea0-1dd285491b7b, 5, 0, 430, 58, 33.17
2026/09/08 20:53:16.303, GPU-ecc6a1f9-42fe-2932-7ea0-1dd285491b7b, 5, 0, 430, 58, 32.68
2026/09/08 20:53:16.506, GPU-ecc6a1f9-42fe-2932-7ea0-1dd285491b7b, 5, 0, 430, 58, 32.68
2026/09/08 20:53:16.712, GPU-ecc6a1f9-42fe-2932-7ea0-1dd285491b7b, 5, 0, 430, 58, 32.68
2026/09/08 20:53:16.915, GPU-ecc6a1f9-42fe-2932-7ea0-1dd285491b7b, 5, 0, 430, 58, 32.68
2026/09/08 20:53:17.119, GPU-ecc6a1f9-42fe-2932-7ea0-1dd285491b7b, 5, 0, 430, 58, 32.68
2026/09/08 20:53:17.322, GPU-ecc6a1f9-42fe-2932-7ea0-1dd285491b7b, 5, 0, 405, 57, 32.68
2026/09/08 20:53:17.526, GPU-ecc6a1f9-42fe-2932-7ea0-1dd285491b7b, 5, 0, 405, 57, 32.68
2026/09/08 20:53:17.729, GPU-ecc6a1f9-42fe-2932-7ea0-1dd285491b7b, 5, 0, 405, 57, 32.68
2026/09/08 20:53:17.933, GPU-ecc6a1f9-42fe-2932-7ea0-1dd285491b7b, 5, 0, 405, 57, 32.43
2026/09/08 20:53:18.137, GPU-ecc6a1f9-42fe-2932-7ea0-1dd285491b7b, 5, 0, 405, 57, 32.43
2026/09/08 20:53:18.340, GPU-ecc6a1f9-42fe-2932-7ea0-1dd285491b7b, 5, 0, 405, 57, 32.43
2026/09/08 20:53:18.544, GPU-ecc6a1f9-42fe-2932-7ea0-1dd285491b7b, 5, 0, 405, 57, 32.43
2026/09/08 20:53:18.747, GPU-ecc6a1f9-42fe-2932-7ea0-1dd285491b7b, 5, 0, 405, 57, 32.43
2026/09/08 20:53:18.951, GPU-ecc6a1f9-42fe-2932-7ea0-1dd285491b7b, 5, 0, 405, 57, 32.43
2026/09/08 20:53:19.155, GPU-ecc6a1f9-42fe-2932-7ea0-1dd285491b7b, 7, 0, 405, 57, 32.43
2026/09/08 20:53:19.358, GPU-ecc6a1f9-42fe-2932-7ea0-1dd285491b7b, 7, 0, 405, 57, 32.43
2026/09/08 20:53:19.562, GPU-ecc6a1f9-42fe-2932-7ea0-1dd285491b7b, 775, 6, 1189, 57, 39.72
2026/09/08 20:53:19.765, GPU-ecc6a1f9-42fe-2932-7ea0-1dd285491b7b, 787, 37, 1189, 57, 40.45
2026/09/08 20:53:19.968, GPU-ecc6a1f9-42fe-2932-7ea0-1dd285491b7b, 787, 9, 1189, 57, 40.21
2026/09/08 20:53:20.174, GPU-ecc6a1f9-42fe-2932-7ea0-1dd285491b7b, 1059, 22, 1189, 57, 47.50
2026/09/08 20:53:20.378, GPU-ecc6a1f9-42fe-2932-7ea0-1dd285491b7b, 1059, 14, 1189, 57, 39.72
2026/09/08 20:53:20.581, GPU-ecc6a1f9-42fe-2932-7ea0-1dd285491b7b, 1059, 0, 1189, 57, 39.72
2026/09/08 20:53:20.784, GPU-ecc6a1f9-42fe-2932-7ea0-1dd285491b7b, 1059, 0, 1189, 56, 39.72
2026/09/08 20:53:20.988, GPU-ecc6a1f9-42fe-2932-7ea0-1dd285491b7b, 1059, 0, 1189, 56, 39.72
2026/09/08 20:53:21.193, GPU-ecc6a1f9-42fe-2932-7ea0-1dd285491b7b, 1059, 0, 1189, 56, 39.48
2026/09/08 20:53:21.397, GPU-ecc6a1f9-42fe-2932-7ea0-1dd285491b7b, 1059, 0, 1189, 56, 39.72
2026/09/08 20:53:21.600, GPU-ecc6a1f9-42fe-2932-7ea0-1dd285491b7b, 1059, 0, 1189, 56, 146.13
2026/09/08 20:53:21.804, GPU-ecc6a1f9-42fe-2932-7ea0-1dd285491b7b, 1059, 40, 1189, 57, 193.31
2026/09/08 20:53:22.008, GPU-ecc6a1f9-42fe-2932-7ea0-1dd285491b7b, 1059, 39, 1189, 57, 58.18
2026/09/08 20:53:22.213, GPU-ecc6a1f9-42fe-2932-7ea0-1dd285491b7b, 1059, 38, 1189, 57, 80.23
2026/09/08 20:53:22.417, GPU-ecc6a1f9-42fe-2932-7ea0-1dd285491b7b, 1059, 8, 1316, 57, 200.18
2026/09/08 20:53:22.620, GPU-ecc6a1f9-42fe-2932-7ea0-1dd285491b7b, 1059, 42, 1328, 57, 51.39
2026/09/08 20:53:22.824, GPU-ecc6a1f9-42fe-2932-7ea0-1dd285491b7b, 1059, 44, 1328, 57, 46.03
2026/09/08 20:53:23.027, GPU-ecc6a1f9-42fe-2932-7ea0-1dd285491b7b, 1059, 37, 1328, 57, 127.72
2026/09/08 20:53:23.232, GPU-ecc6a1f9-42fe-2932-7ea0-1dd285491b7b, 1059, 46, 1328, 57, 66.65
2026/09/08 20:53:23.436, GPU-ecc6a1f9-42fe-2932-7ea0-1dd285491b7b, 1059, 23, 1328, 57, 47.00
2026/09/08 20:53:23.639, GPU-ecc6a1f9-42fe-2932-7ea0-1dd285491b7b, 1059, 22, 1328, 57, 94.99
2026/09/08 20:53:23.843, GPU-ecc6a1f9-42fe-2932-7ea0-1dd285491b7b, 1059, 22, 1328, 57, 47.49
2026/09/08 20:53:24.047, GPU-ecc6a1f9-42fe-2932-7ea0-1dd285491b7b, 1059, 40, 1328, 57, 190.14
2026/09/08 20:53:24.252, GPU-ecc6a1f9-42fe-2932-7ea0-1dd285491b7b, 1059, 47, 1328, 59, 65.19
2026/09/08 20:53:24.456, GPU-ecc6a1f9-42fe-2932-7ea0-1dd285491b7b, 1059, 42, 1328, 57, 46.76
2026/09/08 20:53:24.660, GPU-ecc6a1f9-42fe-2932-7ea0-1dd285491b7b, 1059, 32, 1328, 58, 170.07
2026/09/08 20:53:24.863, GPU-ecc6a1f9-42fe-2932-7ea0-1dd285491b7b, 1059, 34, 1328, 57, 46.76
2026/09/08 20:53:25.067, GPU-ecc6a1f9-42fe-2932-7ea0-1dd285491b7b, 1059, 41, 1328, 57, 57.93
2026/09/08 20:53:25.272, GPU-ecc6a1f9-42fe-2932-7ea0-1dd285491b7b, 1059, 21, 1328, 57, 108.16
2026/09/08 20:53:25.475, GPU-ecc6a1f9-42fe-2932-7ea0-1dd285491b7b, 1059, 22, 1328, 57, 47.74
2026/09/08 20:53:25.678, GPU-ecc6a1f9-42fe-2932-7ea0-1dd285491b7b, 1059, 42, 1328, 57, 146.36
2026/09/08 20:53:25.882, GPU-ecc6a1f9-42fe-2932-7ea0-1dd285491b7b, 1059, 47, 1328, 58, 83.87
2026/09/08 20:53:26.085, GPU-ecc6a1f9-42fe-2932-7ea0-1dd285491b7b, 1059, 56, 1328, 58, 62.77
2026/09/08 20:53:26.291, GPU-ecc6a1f9-42fe-2932-7ea0-1dd285491b7b, 1059, 45, 1328, 57, 46.76
2026/09/08 20:53:26.494, GPU-ecc6a1f9-42fe-2932-7ea0-1dd285491b7b, 1059, 32, 1328, 58, 207.17
2026/09/08 20:53:26.698, GPU-ecc6a1f9-42fe-2932-7ea0-1dd285491b7b, 1059, 34, 1328, 57, 46.76
2026/09/08 20:53:26.901, GPU-ecc6a1f9-42fe-2932-7ea0-1dd285491b7b, 1059, 46, 1328, 57, 178.68
2026/09/08 20:53:27.105, GPU-ecc6a1f9-42fe-2932-7ea0-1dd285491b7b, 1059, 40, 1328, 57, 47.00
2026/09/08 20:53:27.310, GPU-ecc6a1f9-42fe-2932-7ea0-1dd285491b7b, 1059, 22, 1328, 57, 88.93
2026/09/08 20:53:27.514, GPU-ecc6a1f9-42fe-2932-7ea0-1dd285491b7b, 1059, 22, 1328, 57, 46.76
2026/09/08 20:53:27.717, GPU-ecc6a1f9-42fe-2932-7ea0-1dd285491b7b, 1059, 43, 1328, 57, 201.14
2026/09/08 20:53:27.920, GPU-ecc6a1f9-42fe-2932-7ea0-1dd285491b7b, 1059, 46, 1316, 58, 56.23
2026/09/08 20:53:28.124, GPU-ecc6a1f9-42fe-2932-7ea0-1dd285491b7b, 1059, 35, 1316, 57, 45.30
2026/09/08 20:53:28.329, GPU-ecc6a1f9-42fe-2932-7ea0-1dd285491b7b, 1059, 32, 1316, 57, 101.98
2026/09/08 20:53:28.533, GPU-ecc6a1f9-42fe-2932-7ea0-1dd285491b7b, 1059, 33, 1316, 57, 45.06
2026/09/08 20:53:28.736, GPU-ecc6a1f9-42fe-2932-7ea0-1dd285491b7b, 1059, 42, 1328, 57, 65.44
2026/09/08 20:53:28.941, GPU-ecc6a1f9-42fe-2932-7ea0-1dd285491b7b, 1059, 21, 1328, 56, 45.54
2026/09/08 20:53:29.144, GPU-ecc6a1f9-42fe-2932-7ea0-1dd285491b7b, 1059, 21, 1328, 56, 47.98
2026/09/08 20:53:29.349, GPU-ecc6a1f9-42fe-2932-7ea0-1dd285491b7b, 1059, 41, 1328, 56, 45.79
2026/09/08 20:53:29.552, GPU-ecc6a1f9-42fe-2932-7ea0-1dd285491b7b, 1059, 47, 1328, 57, 195.12
2026/09/08 20:53:29.756, GPU-ecc6a1f9-42fe-2932-7ea0-1dd285491b7b, 1059, 20, 1328, 57, 156.54
2026/09/08 20:53:29.959, GPU-ecc6a1f9-42fe-2932-7ea0-1dd285491b7b, 1059, 58, 1328, 57, 203.07
2026/09/08 20:53:30.163, GPU-ecc6a1f9-42fe-2932-7ea0-1dd285491b7b, 1059, 39, 1328, 57, 53.09
2026/09/08 20:53:30.368, GPU-ecc6a1f9-42fe-2932-7ea0-1dd285491b7b, 1059, 36, 1328, 57, 46.27
2026/09/08 20:53:30.572, GPU-ecc6a1f9-42fe-2932-7ea0-1dd285491b7b, 1059, 33, 1328, 56, 135.64
2026/09/08 20:53:30.775, GPU-ecc6a1f9-42fe-2932-7ea0-1dd285491b7b, 1059, 46, 1328, 56, 48.95
2026/09/08 20:53:30.979, GPU-ecc6a1f9-42fe-2932-7ea0-1dd285491b7b, 1059, 25, 1328, 56, 206.07
2026/09/08 20:53:31.182, GPU-ecc6a1f9-42fe-2932-7ea0-1dd285491b7b, 1059, 23, 1328, 56, 46.03
2026/09/08 20:53:31.389, GPU-ecc6a1f9-42fe-2932-7ea0-1dd285491b7b, 1059, 36, 1328, 57, 220.66
2026/09/08 20:53:31.592, GPU-ecc6a1f9-42fe-2932-7ea0-1dd285491b7b, 1059, 45, 1328, 57, 60.12
2026/09/08 20:53:31.795, GPU-ecc6a1f9-42fe-2932-7ea0-1dd285491b7b, 1059, 29, 1328, 57, 157.40
2026/09/08 20:53:31.999, GPU-ecc6a1f9-42fe-2932-7ea0-1dd285491b7b, 1059, 43, 1328, 57, 50.42
2026/09/08 20:53:32.202, GPU-ecc6a1f9-42fe-2932-7ea0-1dd285491b7b, 1059, 46, 1328, 56, 106.95
2026/09/08 20:53:32.409, GPU-ecc6a1f9-42fe-2932-7ea0-1dd285491b7b, 1059, 31, 1328, 56, 51.15
2026/09/08 20:53:32.612, GPU-ecc6a1f9-42fe-2932-7ea0-1dd285491b7b, 1059, 47, 1328, 56, 46.04
2026/09/08 20:53:32.815, GPU-ecc6a1f9-42fe-2932-7ea0-1dd285491b7b, 1059, 22, 1328, 57, 67.87
2026/09/08 20:53:33.019, GPU-ecc6a1f9-42fe-2932-7ea0-1dd285491b7b, 1059, 28, 1328, 56, 45.79
2026/09/08 20:53:33.222, GPU-ecc6a1f9-42fe-2932-7ea0-1dd285491b7b, 1059, 38, 1328, 57, 77.06
2026/09/08 20:53:33.428, GPU-ecc6a1f9-42fe-2932-7ea0-1dd285491b7b, 1059, 37, 1328, 56, 46.77
2026/09/08 20:53:33.632, GPU-ecc6a1f9-42fe-2932-7ea0-1dd285491b7b, 1059, 34, 1328, 57, 239.64
2026/09/08 20:53:33.835, GPU-ecc6a1f9-42fe-2932-7ea0-1dd285491b7b, 1059, 36, 1316, 57, 50.66
2026/09/08 20:53:34.039, GPU-ecc6a1f9-42fe-2932-7ea0-1dd285491b7b, 1059, 42, 1328, 56, 45.55
2026/09/08 20:53:34.242, GPU-ecc6a1f9-42fe-2932-7ea0-1dd285491b7b, 1059, 46, 1328, 56, 54.04
2026/09/08 20:53:34.448, GPU-ecc6a1f9-42fe-2932-7ea0-1dd285491b7b, 1059, 21, 1328, 56, 131.03
2026/09/08 20:53:34.651, GPU-ecc6a1f9-42fe-2932-7ea0-1dd285491b7b, 1059, 28, 1328, 56, 46.03
2026/09/08 20:53:34.855, GPU-ecc6a1f9-42fe-2932-7ea0-1dd285491b7b, 1059, 36, 1328, 55, 102.47
2026/09/08 20:53:35.058, GPU-ecc6a1f9-42fe-2932-7ea0-1dd285491b7b, 1059, 22, 1328, 56, 46.03
2026/09/08 20:53:35.262, GPU-ecc6a1f9-42fe-2932-7ea0-1dd285491b7b, 1059, 37, 1328, 56, 183.75
2026/09/08 20:53:35.467, GPU-ecc6a1f9-42fe-2932-7ea0-1dd285491b7b, 1059, 47, 1328, 56, 60.85
2026/09/08 20:53:35.671, GPU-ecc6a1f9-42fe-2932-7ea0-1dd285491b7b, 1059, 45, 1328, 56, 45.31
2026/09/08 20:53:35.874, GPU-ecc6a1f9-42fe-2932-7ea0-1dd285491b7b, 1059, 41, 1328, 56, 156.38
2026/09/08 20:53:36.078, GPU-ecc6a1f9-42fe-2932-7ea0-1dd285491b7b, 1059, 34, 1328, 56, 45.31
2026/09/08 20:53:36.281, GPU-ecc6a1f9-42fe-2932-7ea0-1dd285491b7b, 1059, 35, 1328, 56, 53.80
2026/09/08 20:53:36.486, GPU-ecc6a1f9-42fe-2932-7ea0-1dd285491b7b, 1059, 28, 1328, 55, 137.26
2026/09/08 20:53:36.690, GPU-ecc6a1f9-42fe-2932-7ea0-1dd285491b7b, 1059, 21, 1328, 55, 46.04
2026/09/08 20:53:36.893, GPU-ecc6a1f9-42fe-2932-7ea0-1dd285491b7b, 1059, 33, 1316, 57, 180.25
2026/09/08 20:53:37.097, GPU-ecc6a1f9-42fe-2932-7ea0-1dd285491b7b, 1059, 100, 1328, 58, 218.38
2026/09/08 20:53:37.300, GPU-ecc6a1f9-42fe-2932-7ea0-1dd285491b7b, 1059, 100, 1316, 58, 232.07
2026/09/08 20:53:37.506, GPU-ecc6a1f9-42fe-2932-7ea0-1dd285491b7b, 1059, 100, 1303, 59, 195.47
2026/09/08 20:53:37.711, GPU-ecc6a1f9-42fe-2932-7ea0-1dd285491b7b, 1059, 100, 1328, 60, 235.79
2026/09/08 20:53:37.914, GPU-ecc6a1f9-42fe-2932-7ea0-1dd285491b7b, 1059, 100, 1328, 59, 212.10
2026/09/08 20:53:38.118, GPU-ecc6a1f9-42fe-2932-7ea0-1dd285491b7b, 1059, 100, 1328, 60, 242.51
2026/09/08 20:53:38.321, GPU-ecc6a1f9-42fe-2932-7ea0-1dd285491b7b, 1059, 100, 1316, 60, 190.77
2026/09/08 20:53:38.527, GPU-ecc6a1f9-42fe-2932-7ea0-1dd285491b7b, 1059, 100, 1316, 60, 215.97
2026/09/08 20:53:38.731, GPU-ecc6a1f9-42fe-2932-7ea0-1dd285491b7b, 1059, 100, 1328, 59, 210.17
2026/09/08 20:53:38.935, GPU-ecc6a1f9-42fe-2932-7ea0-1dd285491b7b, 1059, 100, 1328, 60, 247.89
2026/09/08 20:53:39.138, GPU-ecc6a1f9-42fe-2932-7ea0-1dd285491b7b, 1059, 100, 1328, 60, 157.72
2026/09/08 20:53:39.342, GPU-ecc6a1f9-42fe-2932-7ea0-1dd285491b7b, 1059, 100, 1328, 59, 216.68
2026/09/08 20:53:39.547, GPU-ecc6a1f9-42fe-2932-7ea0-1dd285491b7b, 1059, 100, 1316, 60, 248.38
2026/09/08 20:53:39.751, GPU-ecc6a1f9-42fe-2932-7ea0-1dd285491b7b, 1059, 100, 1316, 60, 215.47
2026/09/08 20:53:39.955, GPU-ecc6a1f9-42fe-2932-7ea0-1dd285491b7b, 1059, 100, 1316, 61, 207.41
2026/09/08 20:53:40.158, GPU-ecc6a1f9-42fe-2932-7ea0-1dd285491b7b, 1059, 100, 1316, 61, 239.64
2026/09/08 20:53:40.362, GPU-ecc6a1f9-42fe-2932-7ea0-1dd285491b7b, 1059, 100, 1316, 60, 204.04
2026/09/08 20:53:40.567, GPU-ecc6a1f9-42fe-2932-7ea0-1dd285491b7b, 1059, 100, 1328, 60, 196.69
2026/09/08 20:53:40.770, GPU-ecc6a1f9-42fe-2932-7ea0-1dd285491b7b, 1059, 100, 1316, 61, 241.56
2026/09/08 20:53:40.974, GPU-ecc6a1f9-42fe-2932-7ea0-1dd285491b7b, 1059, 100, 1328, 61, 234.00
2026/09/08 20:53:41.177, GPU-ecc6a1f9-42fe-2932-7ea0-1dd285491b7b, 1059, 100, 1328, 61, 168.76
2026/09/08 20:53:41.381, GPU-ecc6a1f9-42fe-2932-7ea0-1dd285491b7b, 1059, 100, 1328, 60, 217.64
2026/09/08 20:53:41.586, GPU-ecc6a1f9-42fe-2932-7ea0-1dd285491b7b, 1059, 100, 1303, 62, 220.89
2026/09/08 20:53:41.794, GPU-ecc6a1f9-42fe-2932-7ea0-1dd285491b7b, 1059, 100, 1328, 61, 247.65
2026/09/08 20:53:41.998, GPU-ecc6a1f9-42fe-2932-7ea0-1dd285491b7b, 1059, 100, 1316, 61, 156.76
2026/09/08 20:53:42.201, GPU-ecc6a1f9-42fe-2932-7ea0-1dd285491b7b, 1059, 100, 1328, 60, 135.88
2026/09/08 20:53:42.406, GPU-ecc6a1f9-42fe-2932-7ea0-1dd285491b7b, 1059, 100, 1316, 61, 205.23
2026/09/08 20:53:42.610, GPU-ecc6a1f9-42fe-2932-7ea0-1dd285491b7b, 1059, 100, 1328, 61, 214.27
2026/09/08 20:53:42.814, GPU-ecc6a1f9-42fe-2932-7ea0-1dd285491b7b, 1059, 100, 1316, 61, 232.07
2026/09/08 20:53:43.017, GPU-ecc6a1f9-42fe-2932-7ea0-1dd285491b7b, 1059, 100, 1290, 61, 183.04
2026/09/08 20:53:43.221, GPU-ecc6a1f9-42fe-2932-7ea0-1dd285491b7b, 1059, 100, 1328, 62, 226.17
2026/09/08 20:53:43.424, GPU-ecc6a1f9-42fe-2932-7ea0-1dd285491b7b, 1059, 100, 1316, 62, 229.54
2026/09/08 20:53:43.631, GPU-ecc6a1f9-42fe-2932-7ea0-1dd285491b7b, 1059, 100, 1316, 62, 192.59
2026/09/08 20:53:43.835, GPU-ecc6a1f9-42fe-2932-7ea0-1dd285491b7b, 1059, 100, 1328, 61, 217.88
2026/09/08 20:53:44.038, GPU-ecc6a1f9-42fe-2932-7ea0-1dd285491b7b, 1059, 100, 1316, 62, 235.44
2026/09/08 20:53:44.242, GPU-ecc6a1f9-42fe-2932-7ea0-1dd285491b7b, 1059, 100, 1290, 62, 188.11
2026/09/08 20:53:44.445, GPU-ecc6a1f9-42fe-2932-7ea0-1dd285491b7b, 1059, 100, 1328, 62, 239.88
2026/09/08 20:53:44.650, GPU-ecc6a1f9-42fe-2932-7ea0-1dd285491b7b, 1059, 100, 1328, 62, 209.57
2026/09/08 20:53:44.854, GPU-ecc6a1f9-42fe-2932-7ea0-1dd285491b7b, 1059, 100, 1328, 62, 243.95
2026/09/08 20:53:45.057, GPU-ecc6a1f9-42fe-2932-7ea0-1dd285491b7b, 1059, 100, 1303, 62, 195.00
2026/09/08 20:53:45.261, GPU-ecc6a1f9-42fe-2932-7ea0-1dd285491b7b, 1059, 100, 1316, 62, 234.22
2026/09/08 20:53:45.465, GPU-ecc6a1f9-42fe-2932-7ea0-1dd285491b7b, 1059, 100, 1328, 62, 206.69
2026/09/08 20:53:45.668, GPU-ecc6a1f9-42fe-2932-7ea0-1dd285491b7b, 1059, 100, 1328, 62, 244.91
2026/09/08 20:53:45.872, GPU-ecc6a1f9-42fe-2932-7ea0-1dd285491b7b, 1059, 100, 1328, 62, 159.17
2026/09/08 20:53:46.076, GPU-ecc6a1f9-42fe-2932-7ea0-1dd285491b7b, 1059, 100, 1328, 61, 183.52
2026/09/08 20:53:46.279, GPU-ecc6a1f9-42fe-2932-7ea0-1dd285491b7b, 1059, 100, 1316, 62, 242.76
2026/09/08 20:53:46.483, GPU-ecc6a1f9-42fe-2932-7ea0-1dd285491b7b, 1059, 100, 1328, 62, 219.46
2026/09/08 20:53:46.686, GPU-ecc6a1f9-42fe-2932-7ea0-1dd285491b7b, 1059, 100, 1316, 63, 213.10
2026/09/08 20:53:46.890, GPU-ecc6a1f9-42fe-2932-7ea0-1dd285491b7b, 1059, 100, 1328, 63, 251.26
2026/09/08 20:53:47.094, GPU-ecc6a1f9-42fe-2932-7ea0-1dd285491b7b, 1059, 100, 1290, 63, 231.13
2026/09/08 20:53:47.299, GPU-ecc6a1f9-42fe-2932-7ea0-1dd285491b7b, 1059, 100, 1316, 63, 217.76
2026/09/08 20:53:47.505, GPU-ecc6a1f9-42fe-2932-7ea0-1dd285491b7b, 1059, 100, 1328, 62, 161.99
2026/09/08 20:53:47.709, GPU-ecc6a1f9-42fe-2932-7ea0-1dd285491b7b, 1059, 100, 1328, 62, 164.41
2026/09/08 20:53:47.916, GPU-ecc6a1f9-42fe-2932-7ea0-1dd285491b7b, 1059, 100, 1328, 62, 214.14
2026/09/08 20:53:48.119, GPU-ecc6a1f9-42fe-2932-7ea0-1dd285491b7b, 1059, 100, 1328, 63, 214.75
2026/09/08 20:53:48.323, GPU-ecc6a1f9-42fe-2932-7ea0-1dd285491b7b, 1059, 100, 1328, 63, 194.76
2026/09/08 20:53:48.526, GPU-ecc6a1f9-42fe-2932-7ea0-1dd285491b7b, 1059, 100, 1328, 62, 151.21
2026/09/08 20:53:48.730, GPU-ecc6a1f9-42fe-2932-7ea0-1dd285491b7b, 1059, 100, 1328, 62, 227.39
2026/09/08 20:53:48.935, GPU-ecc6a1f9-42fe-2932-7ea0-1dd285491b7b, 1059, 100, 1316, 63, 231.95
2026/09/08 20:53:49.140, GPU-ecc6a1f9-42fe-2932-7ea0-1dd285491b7b, 1059, 100, 1316, 63, 238.43
2026/09/08 20:53:49.346, GPU-ecc6a1f9-42fe-2932-7ea0-1dd285491b7b, 1059, 100, 1328, 63, 232.80
2026/09/08 20:53:49.549, GPU-ecc6a1f9-42fe-2932-7ea0-1dd285491b7b, 1059, 100, 1290, 64, 221.63
2026/09/08 20:53:49.755, GPU-ecc6a1f9-42fe-2932-7ea0-1dd285491b7b, 1059, 100, 1316, 63, 202.35
2026/09/08 20:53:49.959, GPU-ecc6a1f9-42fe-2932-7ea0-1dd285491b7b, 1059, 100, 1328, 63, 206.69
2026/09/08 20:53:50.162, GPU-ecc6a1f9-42fe-2932-7ea0-1dd285491b7b, 1059, 100, 1316, 64, 205.49
2026/09/08 20:53:50.366, GPU-ecc6a1f9-42fe-2932-7ea0-1dd285491b7b, 1059, 100, 1316, 64, 243.95
2026/09/08 20:53:50.569, GPU-ecc6a1f9-42fe-2932-7ea0-1dd285491b7b, 1059, 100, 1316, 64, 233.74
2026/09/08 20:53:50.773, GPU-ecc6a1f9-42fe-2932-7ea0-1dd285491b7b, 1059, 100, 1328, 64, 238.19
2026/09/08 20:53:50.976, GPU-ecc6a1f9-42fe-2932-7ea0-1dd285491b7b, 1059, 100, 1328, 63, 170.12
2026/09/08 20:53:51.182, GPU-ecc6a1f9-42fe-2932-7ea0-1dd285491b7b, 1059, 100, 1328, 63, 170.12
2026/09/08 20:53:51.385, GPU-ecc6a1f9-42fe-2932-7ea0-1dd285491b7b, 1059, 100, 1328, 63, 216.44
2026/09/08 20:53:51.589, GPU-ecc6a1f9-42fe-2932-7ea0-1dd285491b7b, 1059, 100, 1328, 64, 216.70
2026/09/08 20:53:51.792, GPU-ecc6a1f9-42fe-2932-7ea0-1dd285491b7b, 1059, 100, 1328, 63, 153.38
2026/09/08 20:53:51.996, GPU-ecc6a1f9-42fe-2932-7ea0-1dd285491b7b, 1059, 100, 1316, 63, 217.88
2026/09/08 20:53:52.201, GPU-ecc6a1f9-42fe-2932-7ea0-1dd285491b7b, 1059, 100, 1328, 64, 224.52
2026/09/08 20:53:52.405, GPU-ecc6a1f9-42fe-2932-7ea0-1dd285491b7b, 1059, 100, 1328, 64, 243.71
2026/09/08 20:53:52.608, GPU-ecc6a1f9-42fe-2932-7ea0-1dd285491b7b, 1059, 100, 1316, 64, 248.85
2026/09/08 20:53:52.811, GPU-ecc6a1f9-42fe-2932-7ea0-1dd285491b7b, 1059, 100, 1290, 64, 201.52
2026/09/08 20:53:53.015, GPU-ecc6a1f9-42fe-2932-7ea0-1dd285491b7b, 1059, 100, 1328, 64, 201.14
2026/09/08 20:53:53.221, GPU-ecc6a1f9-42fe-2932-7ea0-1dd285491b7b, 1059, 100, 1316, 64, 244.77
2026/09/08 20:53:53.428, GPU-ecc6a1f9-42fe-2932-7ea0-1dd285491b7b, 1059, 100, 1316, 64, 200.20
2026/09/08 20:53:53.632, GPU-ecc6a1f9-42fe-2932-7ea0-1dd285491b7b, 1059, 100, 1316, 65, 250.78
2026/09/08 20:53:53.835, GPU-ecc6a1f9-42fe-2932-7ea0-1dd285491b7b, 1059, 100, 1290, 65, 241.08
2026/09/08 20:53:54.042, GPU-ecc6a1f9-42fe-2932-7ea0-1dd285491b7b, 1059, 100, 1328, 65, 228.48
2026/09/08 20:53:54.245, GPU-ecc6a1f9-42fe-2932-7ea0-1dd285491b7b, 1059, 100, 1328, 64, 162.96
2026/09/08 20:53:54.449, GPU-ecc6a1f9-42fe-2932-7ea0-1dd285491b7b, 1059, 100, 1328, 63, 162.96
2026/09/08 20:53:54.652, GPU-ecc6a1f9-42fe-2932-7ea0-1dd285491b7b, 1059, 100, 1328, 64, 217.51
2026/09/08 20:53:54.856, GPU-ecc6a1f9-42fe-2932-7ea0-1dd285491b7b, 1059, 100, 1328, 64, 219.46
2026/09/08 20:53:55.061, GPU-ecc6a1f9-42fe-2932-7ea0-1dd285491b7b, 1059, 100, 1328, 64, 145.49
2026/09/08 20:53:55.265, GPU-ecc6a1f9-42fe-2932-7ea0-1dd285491b7b, 1059, 100, 1328, 63, 208.74
2026/09/08 20:53:55.468, GPU-ecc6a1f9-42fe-2932-7ea0-1dd285491b7b, 1059, 100, 1328, 64, 248.38
2026/09/08 20:53:55.672, GPU-ecc6a1f9-42fe-2932-7ea0-1dd285491b7b, 1059, 100, 1316, 65, 245.15
2026/09/08 20:53:55.875, GPU-ecc6a1f9-42fe-2932-7ea0-1dd285491b7b, 1059, 100, 1316, 65, 232.54
2026/09/08 20:53:56.081, GPU-ecc6a1f9-42fe-2932-7ea0-1dd285491b7b, 1059, 100, 1328, 64, 161.51
2026/09/08 20:53:56.285, GPU-ecc6a1f9-42fe-2932-7ea0-1dd285491b7b, 1059, 100, 1328, 64, 164.89
2026/09/08 20:53:56.488, GPU-ecc6a1f9-42fe-2932-7ea0-1dd285491b7b, 1059, 100, 1328, 64, 231.81
2026/09/08 20:53:56.692, GPU-ecc6a1f9-42fe-2932-7ea0-1dd285491b7b, 1059, 100, 1328, 64, 214.27
2026/09/08 20:53:56.895, GPU-ecc6a1f9-42fe-2932-7ea0-1dd285491b7b, 1059, 100, 1328, 65, 161.75
2026/09/08 20:53:57.099, GPU-ecc6a1f9-42fe-2932-7ea0-1dd285491b7b, 1059, 100, 1328, 63, 148.87
2026/09/08 20:53:57.303, GPU-ecc6a1f9-42fe-2932-7ea0-1dd285491b7b, 1059, 100, 1328, 64, 224.48
2026/09/08 20:53:57.509, GPU-ecc6a1f9-42fe-2932-7ea0-1dd285491b7b, 1059, 100, 1316, 65, 244.43
2026/09/08 20:53:57.714, GPU-ecc6a1f9-42fe-2932-7ea0-1dd285491b7b, 1059, 100, 1303, 65, 236.89
2026/09/08 20:53:57.917, GPU-ecc6a1f9-42fe-2932-7ea0-1dd285491b7b, 1059, 100, 1328, 65, 250.22
2026/09/08 20:53:58.121, GPU-ecc6a1f9-42fe-2932-7ea0-1dd285491b7b, 1059, 100, 1290, 65, 208.65
2026/09/08 20:53:58.324, GPU-ecc6a1f9-42fe-2932-7ea0-1dd285491b7b, 1059, 100, 1316, 65, 204.16
2026/09/08 20:53:58.530, GPU-ecc6a1f9-42fe-2932-7ea0-1dd285491b7b, 1059, 100, 1328, 65, 244.69
2026/09/08 20:53:58.734, GPU-ecc6a1f9-42fe-2932-7ea0-1dd285491b7b, 1059, 100, 1316, 65, 204.64
2026/09/08 20:53:58.937, GPU-ecc6a1f9-42fe-2932-7ea0-1dd285491b7b, 1059, 100, 1328, 65, 224.87
2026/09/08 20:53:59.141, GPU-ecc6a1f9-42fe-2932-7ea0-1dd285491b7b, 1059, 100, 1328, 66, 244.35
2026/09/08 20:53:59.344, GPU-ecc6a1f9-42fe-2932-7ea0-1dd285491b7b, 1059, 100, 1328, 66, 251.67
2026/09/08 20:53:59.548, GPU-ecc6a1f9-42fe-2932-7ea0-1dd285491b7b, 1059, 100, 1290, 66, 207.07
2026/09/08 20:53:59.754, GPU-ecc6a1f9-42fe-2932-7ea0-1dd285491b7b, 1059, 100, 1328, 66, 202.48
2026/09/08 20:53:59.958, GPU-ecc6a1f9-42fe-2932-7ea0-1dd285491b7b, 1059, 100, 1328, 66, 242.18
2026/09/08 20:54:00.161, GPU-ecc6a1f9-42fe-2932-7ea0-1dd285491b7b, 1059, 100, 1303, 66, 208.50
2026/09/08 20:54:00.365, GPU-ecc6a1f9-42fe-2932-7ea0-1dd285491b7b, 1059, 100, 1328, 64, 151.06
2026/09/08 20:54:00.568, GPU-ecc6a1f9-42fe-2932-7ea0-1dd285491b7b, 1059, 100, 1328, 65, 205.26
2026/09/08 20:54:00.774, GPU-ecc6a1f9-42fe-2932-7ea0-1dd285491b7b, 1059, 100, 1316, 66, 237.63
2026/09/08 20:54:00.977, GPU-ecc6a1f9-42fe-2932-7ea0-1dd285491b7b, 1059, 100, 1290, 66, 233.43
2026/09/08 20:54:01.182, GPU-ecc6a1f9-42fe-2932-7ea0-1dd285491b7b, 1059, 100, 1316, 66, 232.47
2026/09/08 20:54:01.385, GPU-ecc6a1f9-42fe-2932-7ea0-1dd285491b7b, 1059, 100, 1303, 66, 244.45
2026/09/08 20:54:01.589, GPU-ecc6a1f9-42fe-2932-7ea0-1dd285491b7b, 1059, 100, 1316, 66, 208.62
2026/09/08 20:54:01.792, GPU-ecc6a1f9-42fe-2932-7ea0-1dd285491b7b, 1059, 100, 1328, 66, 208.88
2026/09/08 20:54:01.999, GPU-ecc6a1f9-42fe-2932-7ea0-1dd285491b7b, 1059, 100, 1290, 66, 219.85
2026/09/08 20:54:02.202, GPU-ecc6a1f9-42fe-2932-7ea0-1dd285491b7b, 1059, 100, 1316, 66, 241.70
2026/09/08 20:54:02.409, GPU-ecc6a1f9-42fe-2932-7ea0-1dd285491b7b, 1059, 100, 1316, 67, 247.10
2026/09/08 20:54:02.613, GPU-ecc6a1f9-42fe-2932-7ea0-1dd285491b7b, 1059, 100, 1303, 66, 227.30
2026/09/08 20:54:02.816, GPU-ecc6a1f9-42fe-2932-7ea0-1dd285491b7b, 1059, 100, 1328, 66, 181.94
2026/09/08 20:54:03.020, GPU-ecc6a1f9-42fe-2932-7ea0-1dd285491b7b, 1059, 100, 1328, 65, 180.26
2026/09/08 20:54:03.223, GPU-ecc6a1f9-42fe-2932-7ea0-1dd285491b7b, 1059, 100, 1328, 66, 238.55
2026/09/08 20:54:03.427, GPU-ecc6a1f9-42fe-2932-7ea0-1dd285491b7b, 1059, 100, 1328, 66, 212.24
2026/09/08 20:54:03.630, GPU-ecc6a1f9-42fe-2932-7ea0-1dd285491b7b, 1059, 100, 1328, 65, 157.02
2026/09/08 20:54:03.834, GPU-ecc6a1f9-42fe-2932-7ea0-1dd285491b7b, 1059, 100, 1328, 66, 232.93
2026/09/08 20:54:04.039, GPU-ecc6a1f9-42fe-2932-7ea0-1dd285491b7b, 1059, 100, 1328, 66, 220.77
2026/09/08 20:54:04.244, GPU-ecc6a1f9-42fe-2932-7ea0-1dd285491b7b, 1059, 100, 1328, 67, 245.17
2026/09/08 20:54:04.447, GPU-ecc6a1f9-42fe-2932-7ea0-1dd285491b7b, 1059, 100, 1328, 66, 224.19
2026/09/08 20:54:04.651, GPU-ecc6a1f9-42fe-2932-7ea0-1dd285491b7b, 1059, 100, 1290, 67, 243.17
2026/09/08 20:54:04.854, GPU-ecc6a1f9-42fe-2932-7ea0-1dd285491b7b, 1059, 100, 1316, 66, 203.93
2026/09/08 20:54:05.061, GPU-ecc6a1f9-42fe-2932-7ea0-1dd285491b7b, 1059, 100, 1328, 66, 209.60
2026/09/08 20:54:05.264, GPU-ecc6a1f9-42fe-2932-7ea0-1dd285491b7b, 1059, 100, 1316, 67, 214.17
2026/09/08 20:54:05.468, GPU-ecc6a1f9-42fe-2932-7ea0-1dd285491b7b, 1059, 100, 1290, 67, 232.93
2026/09/08 20:54:05.671, GPU-ecc6a1f9-42fe-2932-7ea0-1dd285491b7b, 1059, 100, 1278, 67, 235.34
2026/09/08 20:54:05.875, GPU-ecc6a1f9-42fe-2932-7ea0-1dd285491b7b, 1059, 100, 1316, 67, 224.89
2026/09/08 20:54:06.088, GPU-ecc6a1f9-42fe-2932-7ea0-1dd285491b7b, 1059, 100, 1328, 66, 174.08
2026/09/08 20:54:06.291, GPU-ecc6a1f9-42fe-2932-7ea0-1dd285491b7b, 1059, 100, 1328, 66, 166.59
2026/09/08 20:54:06.495, GPU-ecc6a1f9-42fe-2932-7ea0-1dd285491b7b, 1059, 100, 1328, 66, 211.27
2026/09/08 20:54:06.701, GPU-ecc6a1f9-42fe-2932-7ea0-1dd285491b7b, 1059, 100, 1328, 66, 219.33
2026/09/08 20:54:06.905, GPU-ecc6a1f9-42fe-2932-7ea0-1dd285491b7b, 1059, 100, 1328, 66, 149.62
2026/09/08 20:54:07.108, GPU-ecc6a1f9-42fe-2932-7ea0-1dd285491b7b, 1059, 100, 1328, 65, 146.70
2026/09/08 20:54:07.312, GPU-ecc6a1f9-42fe-2932-7ea0-1dd285491b7b, 1059, 100, 1328, 66, 236.65
2026/09/08 20:54:07.515, GPU-ecc6a1f9-42fe-2932-7ea0-1dd285491b7b, 1059, 100, 1316, 67, 244.69
2026/09/08 20:54:07.721, GPU-ecc6a1f9-42fe-2932-7ea0-1dd285491b7b, 1059, 100, 1316, 67, 235.82
2026/09/08 20:54:07.926, GPU-ecc6a1f9-42fe-2932-7ea0-1dd285491b7b, 1059, 100, 1328, 67, 203.71
2026/09/08 20:54:08.129, GPU-ecc6a1f9-42fe-2932-7ea0-1dd285491b7b, 1059, 100, 1328, 66, 181.47
2026/09/08 20:54:08.332, GPU-ecc6a1f9-42fe-2932-7ea0-1dd285491b7b, 1059, 100, 1328, 66, 166.59
2026/09/08 20:54:08.536, GPU-ecc6a1f9-42fe-2932-7ea0-1dd285491b7b, 1059, 100, 1328, 66, 216.71
2026/09/08 20:54:08.741, GPU-ecc6a1f9-42fe-2932-7ea0-1dd285491b7b, 1059, 100, 1328, 67, 231.26
2026/09/08 20:54:08.945, GPU-ecc6a1f9-42fe-2932-7ea0-1dd285491b7b, 1059, 100, 1328, 66, 149.85
2026/09/08 20:54:09.148, GPU-ecc6a1f9-42fe-2932-7ea0-1dd285491b7b, 1059, 100, 1328, 66, 228.37
2026/09/08 20:54:09.352, GPU-ecc6a1f9-42fe-2932-7ea0-1dd285491b7b, 1059, 100, 1316, 67, 236.76
2026/09/08 20:54:09.555, GPU-ecc6a1f9-42fe-2932-7ea0-1dd285491b7b, 1059, 100, 1316, 67, 237.63
2026/09/08 20:54:09.761, GPU-ecc6a1f9-42fe-2932-7ea0-1dd285491b7b, 1059, 100, 1328, 68, 225.63
2026/09/08 20:54:09.964, GPU-ecc6a1f9-42fe-2932-7ea0-1dd285491b7b, 1059, 100, 1290, 68, 241.96
2026/09/08 20:54:10.168, GPU-ecc6a1f9-42fe-2932-7ea0-1dd285491b7b, 1059, 100, 1316, 67, 208.65
2026/09/08 20:54:10.371, GPU-ecc6a1f9-42fe-2932-7ea0-1dd285491b7b, 1059, 100, 1328, 67, 217.32
2026/09/08 20:54:10.575, GPU-ecc6a1f9-42fe-2932-7ea0-1dd285491b7b, 1059, 100, 1316, 68, 222.94
2026/09/08 20:54:10.778, GPU-ecc6a1f9-42fe-2932-7ea0-1dd285491b7b, 1059, 100, 1328, 68, 229.34
2026/09/08 20:54:10.983, GPU-ecc6a1f9-42fe-2932-7ea0-1dd285491b7b, 1059, 100, 1316, 68, 229.82
2026/09/08 20:54:11.189, GPU-ecc6a1f9-42fe-2932-7ea0-1dd285491b7b, 1059, 100, 1328, 68, 225.02
2026/09/08 20:54:11.393, GPU-ecc6a1f9-42fe-2932-7ea0-1dd285491b7b, 1059, 100, 1316, 68, 241.48
2026/09/08 20:54:11.600, GPU-ecc6a1f9-42fe-2932-7ea0-1dd285491b7b, 1059, 100, 1328, 68, 208.38
2026/09/08 20:54:11.804, GPU-ecc6a1f9-42fe-2932-7ea0-1dd285491b7b, 1059, 100, 1328, 68, 206.36
2026/09/08 20:54:12.008, GPU-ecc6a1f9-42fe-2932-7ea0-1dd285491b7b, 1059, 100, 1316, 68, 217.54
2026/09/08 20:54:12.212, GPU-ecc6a1f9-42fe-2932-7ea0-1dd285491b7b, 1059, 100, 1290, 68, 240.72
2026/09/08 20:54:12.415, GPU-ecc6a1f9-42fe-2932-7ea0-1dd285491b7b, 1059, 100, 1290, 68, 242.06
2026/09/08 20:54:12.619, GPU-ecc6a1f9-42fe-2932-7ea0-1dd285491b7b, 1059, 100, 1316, 68, 212.98
2026/09/08 20:54:12.823, GPU-ecc6a1f9-42fe-2932-7ea0-1dd285491b7b, 1059, 100, 1328, 67, 175.77
2026/09/08 20:54:13.028, GPU-ecc6a1f9-42fe-2932-7ea0-1dd285491b7b, 1059, 100, 1328, 67, 168.04
2026/09/08 20:54:13.231, GPU-ecc6a1f9-42fe-2932-7ea0-1dd285491b7b, 1059, 100, 1328, 67, 217.66
2026/09/08 20:54:13.435, GPU-ecc6a1f9-42fe-2932-7ea0-1dd285491b7b, 1059, 100, 1328, 68, 218.88
2026/09/08 20:54:13.638, GPU-ecc6a1f9-42fe-2932-7ea0-1dd285491b7b, 1059, 100, 1328, 68, 226.80
2026/09/08 20:54:13.842, GPU-ecc6a1f9-42fe-2932-7ea0-1dd285491b7b, 1059, 100, 1328, 68, 206.33
2026/09/08 20:54:14.048, GPU-ecc6a1f9-42fe-2932-7ea0-1dd285491b7b, 1059, 100, 1290, 68, 263.28
2026/09/08 20:54:14.255, GPU-ecc6a1f9-42fe-2932-7ea0-1dd285491b7b, 1059, 100, 1328, 68, 211.29
2026/09/08 20:54:14.459, GPU-ecc6a1f9-42fe-2932-7ea0-1dd285491b7b, 1059, 100, 1316, 69, 247.34
2026/09/08 20:54:14.662, GPU-ecc6a1f9-42fe-2932-7ea0-1dd285491b7b, 1059, 100, 1316, 69, 229.12
2026/09/08 20:54:14.867, GPU-ecc6a1f9-42fe-2932-7ea0-1dd285491b7b, 1059, 100, 1316, 69, 187.15
2026/09/08 20:54:15.072, GPU-ecc6a1f9-42fe-2932-7ea0-1dd285491b7b, 1059, 100, 1328, 67, 174.32
2026/09/08 20:54:15.280, GPU-ecc6a1f9-42fe-2932-7ea0-1dd285491b7b, 1059, 100, 1328, 67, 232.57
2026/09/08 20:54:15.484, GPU-ecc6a1f9-42fe-2932-7ea0-1dd285491b7b, 1059, 100, 1328, 68, 214.17
2026/09/08 20:54:15.688, GPU-ecc6a1f9-42fe-2932-7ea0-1dd285491b7b, 1059, 100, 1328, 68, 183.63
2026/09/08 20:54:15.891, GPU-ecc6a1f9-42fe-2932-7ea0-1dd285491b7b, 1059, 100, 1328, 67, 157.99
2026/09/08 20:54:16.095, GPU-ecc6a1f9-42fe-2932-7ea0-1dd285491b7b, 1059, 100, 1316, 68, 224.28
2026/09/08 20:54:16.298, GPU-ecc6a1f9-42fe-2932-7ea0-1dd285491b7b, 1059, 100, 1328, 68, 240.98
2026/09/08 20:54:16.502, GPU-ecc6a1f9-42fe-2932-7ea0-1dd285491b7b, 1059, 100, 1316, 69, 220.44
2026/09/08 20:54:16.705, GPU-ecc6a1f9-42fe-2932-7ea0-1dd285491b7b, 1059, 100, 1290, 69, 241.96
2026/09/08 20:54:16.911, GPU-ecc6a1f9-42fe-2932-7ea0-1dd285491b7b, 1059, 100, 1316, 69, 207.07
2026/09/08 20:54:17.121, GPU-ecc6a1f9-42fe-2932-7ea0-1dd285491b7b, 1059, 100, 1328, 68, 198.86
2026/09/08 20:54:17.324, GPU-ecc6a1f9-42fe-2932-7ea0-1dd285491b7b, 1059, 100, 1290, 69, 235.95
2026/09/08 20:54:17.528, GPU-ecc6a1f9-42fe-2932-7ea0-1dd285491b7b, 1059, 100, 1316, 68, 228.61
2026/09/08 20:54:17.732, GPU-ecc6a1f9-42fe-2932-7ea0-1dd285491b7b, 1059, 100, 1290, 69, 242.91
2026/09/08 20:54:17.936, GPU-ecc6a1f9-42fe-2932-7ea0-1dd285491b7b, 1059, 100, 1290, 69, 217.18
2026/09/08 20:54:18.174, GPU-ecc6a1f9-42fe-2932-7ea0-1dd285491b7b, 1059, 100, 1328, 68, 164.04
2026/09/08 20:54:18.378, GPU-ecc6a1f9-42fe-2932-7ea0-1dd285491b7b, 1059, 100, 1328, 68, 168.76
2026/09/08 20:54:18.581, GPU-ecc6a1f9-42fe-2932-7ea0-1dd285491b7b, 1059, 100, 1328, 68, 221.76
2026/09/08 20:54:18.785, GPU-ecc6a1f9-42fe-2932-7ea0-1dd285491b7b, 1059, 100, 1328, 68, 221.98
2026/09/08 20:54:18.988, GPU-ecc6a1f9-42fe-2932-7ea0-1dd285491b7b, 1059, 100, 1328, 69, 237.49
2026/09/08 20:54:19.191, GPU-ecc6a1f9-42fe-2932-7ea0-1dd285491b7b, 1059, 100, 1328, 67, 147.67
2026/09/08 20:54:19.396, GPU-ecc6a1f9-42fe-2932-7ea0-1dd285491b7b, 1059, 100, 1328, 68, 234.00
2026/09/08 20:54:19.600, GPU-ecc6a1f9-42fe-2932-7ea0-1dd285491b7b, 1059, 100, 1316, 69, 228.49
2026/09/08 20:54:19.803, GPU-ecc6a1f9-42fe-2932-7ea0-1dd285491b7b, 1059, 100, 1303, 69, 235.34
2026/09/08 20:54:20.007, GPU-ecc6a1f9-42fe-2932-7ea0-1dd285491b7b, 1059, 100, 1316, 69, 226.95
2026/09/08 20:54:20.210, GPU-ecc6a1f9-42fe-2932-7ea0-1dd285491b7b, 1059, 100, 1328, 68, 169.26
2026/09/08 20:54:20.414, GPU-ecc6a1f9-42fe-2932-7ea0-1dd285491b7b, 1059, 100, 1328, 68, 173.11
2026/09/08 20:54:20.618, GPU-ecc6a1f9-42fe-2932-7ea0-1dd285491b7b, 1059, 100, 1328, 68, 232.21
2026/09/08 20:54:20.821, GPU-ecc6a1f9-42fe-2932-7ea0-1dd285491b7b, 1059, 100, 1328, 69, 216.58
2026/09/08 20:54:21.025, GPU-ecc6a1f9-42fe-2932-7ea0-1dd285491b7b, 1059, 100, 1328, 68, 153.49
2026/09/08 20:54:21.228, GPU-ecc6a1f9-42fe-2932-7ea0-1dd285491b7b, 1059, 100, 1328, 68, 230.26
2026/09/08 20:54:21.432, GPU-ecc6a1f9-42fe-2932-7ea0-1dd285491b7b, 1059, 100, 1303, 69, 244.45
2026/09/08 20:54:21.638, GPU-ecc6a1f9-42fe-2932-7ea0-1dd285491b7b, 1059, 100, 1316, 69, 235.20
2026/09/08 20:54:21.841, GPU-ecc6a1f9-42fe-2932-7ea0-1dd285491b7b, 1059, 100, 1303, 69, 223.22
2026/09/08 20:54:22.045, GPU-ecc6a1f9-42fe-2932-7ea0-1dd285491b7b, 1059, 100, 1290, 69, 242.69
2026/09/08 20:54:22.248, GPU-ecc6a1f9-42fe-2932-7ea0-1dd285491b7b, 1059, 100, 1290, 69, 210.10
2026/09/08 20:54:22.452, GPU-ecc6a1f9-42fe-2932-7ea0-1dd285491b7b, 1059, 100, 1328, 69, 204.66
2026/09/08 20:54:22.655, GPU-ecc6a1f9-42fe-2932-7ea0-1dd285491b7b, 1059, 100, 1278, 69, 225.02
2026/09/08 20:54:22.860, GPU-ecc6a1f9-42fe-2932-7ea0-1dd285491b7b, 1059, 100, 1316, 69, 198.98
2026/09/08 20:54:23.063, GPU-ecc6a1f9-42fe-2932-7ea0-1dd285491b7b, 1059, 100, 1328, 69, 245.07
2026/09/08 20:54:23.267, GPU-ecc6a1f9-42fe-2932-7ea0-1dd285491b7b, 1059, 100, 1316, 70, 227.19
2026/09/08 20:54:23.470, GPU-ecc6a1f9-42fe-2932-7ea0-1dd285491b7b, 1059, 100, 1290, 70, 241.00
2026/09/08 20:54:23.674, GPU-ecc6a1f9-42fe-2932-7ea0-1dd285491b7b, 1059, 100, 1303, 70, 205.86
2026/09/08 20:54:23.877, GPU-ecc6a1f9-42fe-2932-7ea0-1dd285491b7b, 1059, 100, 1328, 70, 206.83
2026/09/08 20:54:24.082, GPU-ecc6a1f9-42fe-2932-7ea0-1dd285491b7b, 1059, 100, 1278, 70, 225.87
2026/09/08 20:54:24.286, GPU-ecc6a1f9-42fe-2932-7ea0-1dd285491b7b, 1059, 100, 1328, 69, 205.12
2026/09/08 20:54:24.489, GPU-ecc6a1f9-42fe-2932-7ea0-1dd285491b7b, 1059, 100, 1290, 70, 234.50
2026/09/08 20:54:24.693, GPU-ecc6a1f9-42fe-2932-7ea0-1dd285491b7b, 1059, 100, 1278, 70, 222.24
2026/09/08 20:54:24.896, GPU-ecc6a1f9-42fe-2932-7ea0-1dd285491b7b, 1059, 100, 1316, 70, 199.12
2026/09/08 20:54:25.103, GPU-ecc6a1f9-42fe-2932-7ea0-1dd285491b7b, 1059, 100, 1328, 69, 184.60
2026/09/08 20:54:25.307, GPU-ecc6a1f9-42fe-2932-7ea0-1dd285491b7b, 1059, 100, 1328, 69, 175.67
2026/09/08 20:54:25.510, GPU-ecc6a1f9-42fe-2932-7ea0-1dd285491b7b, 1059, 100, 1328, 69, 214.65
2026/09/08 20:54:25.714, GPU-ecc6a1f9-42fe-2932-7ea0-1dd285491b7b, 1059, 100, 1328, 70, 235.82
2026/09/08 20:54:25.917, GPU-ecc6a1f9-42fe-2932-7ea0-1dd285491b7b, 1059, 100, 1328, 69, 155.40
2026/09/08 20:54:26.123, GPU-ecc6a1f9-42fe-2932-7ea0-1dd285491b7b, 1059, 100, 1328, 69, 233.04
2026/09/08 20:54:26.326, GPU-ecc6a1f9-42fe-2932-7ea0-1dd285491b7b, 1059, 100, 1290, 70, 236.65
2026/09/08 20:54:26.530, GPU-ecc6a1f9-42fe-2932-7ea0-1dd285491b7b, 1059, 100, 1303, 70, 232.49
2026/09/08 20:54:26.733, GPU-ecc6a1f9-42fe-2932-7ea0-1dd285491b7b, 1059, 100, 1290, 70, 223.95
2026/09/08 20:54:26.937, GPU-ecc6a1f9-42fe-2932-7ea0-1dd285491b7b, 1059, 100, 1278, 70, 234.17
2026/09/08 20:54:27.140, GPU-ecc6a1f9-42fe-2932-7ea0-1dd285491b7b, 1059, 100, 1290, 70, 227.63
2026/09/08 20:54:27.344, GPU-ecc6a1f9-42fe-2932-7ea0-1dd285491b7b, 1059, 100, 1328, 70, 240.76
2026/09/08 20:54:27.547, GPU-ecc6a1f9-42fe-2932-7ea0-1dd285491b7b, 1059, 100, 1328, 69, 175.29
2026/09/08 20:54:27.751, GPU-ecc6a1f9-42fe-2932-7ea0-1dd285491b7b, 1059, 100, 1328, 69, 174.95
2026/09/08 20:54:27.955, GPU-ecc6a1f9-42fe-2932-7ea0-1dd285491b7b, 1059, 100, 1328, 70, 221.53
2026/09/08 20:54:28.158, GPU-ecc6a1f9-42fe-2932-7ea0-1dd285491b7b, 1059, 100, 1328, 70, 224.65
2026/09/08 20:54:28.363, GPU-ecc6a1f9-42fe-2932-7ea0-1dd285491b7b, 1059, 100, 1328, 69, 158.71
2026/09/08 20:54:28.567, GPU-ecc6a1f9-42fe-2932-7ea0-1dd285491b7b, 1059, 100, 1316, 69, 220.77
2026/09/08 20:54:28.770, GPU-ecc6a1f9-42fe-2932-7ea0-1dd285491b7b, 1059, 100, 1328, 70, 233.91
2026/09/08 20:54:28.974, GPU-ecc6a1f9-42fe-2932-7ea0-1dd285491b7b, 1059, 100, 1316, 70, 240.50
2026/09/08 20:54:29.177, GPU-ecc6a1f9-42fe-2932-7ea0-1dd285491b7b, 1059, 100, 1328, 70, 255.61
2026/09/08 20:54:29.383, GPU-ecc6a1f9-42fe-2932-7ea0-1dd285491b7b, 1059, 100, 1290, 70, 211.07
2026/09/08 20:54:29.589, GPU-ecc6a1f9-42fe-2932-7ea0-1dd285491b7b, 1059, 100, 1316, 70, 204.66
2026/09/08 20:54:29.792, GPU-ecc6a1f9-42fe-2932-7ea0-1dd285491b7b, 1059, 100, 1328, 70, 252.37
2026/09/08 20:54:29.996, GPU-ecc6a1f9-42fe-2932-7ea0-1dd285491b7b, 1059, 100, 1316, 70, 206.47
2026/09/08 20:54:30.199, GPU-ecc6a1f9-42fe-2932-7ea0-1dd285491b7b, 1059, 100, 1290, 71, 238.11
2026/09/08 20:54:30.404, GPU-ecc6a1f9-42fe-2932-7ea0-1dd285491b7b, 1059, 100, 1278, 71, 236.30
2026/09/08 20:54:30.609, GPU-ecc6a1f9-42fe-2932-7ea0-1dd285491b7b, 1059, 100, 1278, 70, 219.59
2026/09/08 20:54:30.812, GPU-ecc6a1f9-42fe-2932-7ea0-1dd285491b7b, 1059, 100, 1328, 69, 164.76
2026/09/08 20:54:31.016, GPU-ecc6a1f9-42fe-2932-7ea0-1dd285491b7b, 1059, 100, 1328, 69, 169.00
2026/09/08 20:54:31.219, GPU-ecc6a1f9-42fe-2932-7ea0-1dd285491b7b, 1059, 100, 1328, 70, 220.79
2026/09/08 20:54:31.423, GPU-ecc6a1f9-42fe-2932-7ea0-1dd285491b7b, 1059, 100, 1328, 70, 221.98
2026/09/08 20:54:31.627, GPU-ecc6a1f9-42fe-2932-7ea0-1dd285491b7b, 1059, 100, 1328, 70, 157.74
2026/09/08 20:54:31.830, GPU-ecc6a1f9-42fe-2932-7ea0-1dd285491b7b, 1059, 100, 1328, 69, 159.10
2026/09/08 20:54:32.034, GPU-ecc6a1f9-42fe-2932-7ea0-1dd285491b7b, 1059, 100, 1328, 70, 239.30
2026/09/08 20:54:32.237, GPU-ecc6a1f9-42fe-2932-7ea0-1dd285491b7b, 1059, 100, 1303, 70, 235.70
2026/09/08 20:54:32.441, GPU-ecc6a1f9-42fe-2932-7ea0-1dd285491b7b, 1059, 100, 1290, 71, 229.32
2026/09/08 20:54:32.646, GPU-ecc6a1f9-42fe-2932-7ea0-1dd285491b7b, 1059, 100, 1328, 70, 169.50
2026/09/08 20:54:32.849, GPU-ecc6a1f9-42fe-2932-7ea0-1dd285491b7b, 1059, 100, 1328, 69, 170.70
2026/09/08 20:54:33.053, GPU-ecc6a1f9-42fe-2932-7ea0-1dd285491b7b, 1059, 100, 1328, 69, 230.52
2026/09/08 20:54:33.257, GPU-ecc6a1f9-42fe-2932-7ea0-1dd285491b7b, 1059, 100, 1328, 70, 218.16
2026/09/08 20:54:33.460, GPU-ecc6a1f9-42fe-2932-7ea0-1dd285491b7b, 1059, 100, 1328, 70, 236.04
2026/09/08 20:54:33.665, GPU-ecc6a1f9-42fe-2932-7ea0-1dd285491b7b, 1059, 100, 1328, 69, 154.60
2026/09/08 20:54:33.869, GPU-ecc6a1f9-42fe-2932-7ea0-1dd285491b7b, 1059, 100, 1316, 70, 222.74
2026/09/08 20:54:34.072, GPU-ecc6a1f9-42fe-2932-7ea0-1dd285491b7b, 1059, 100, 1290, 71, 237.63
2026/09/08 20:54:34.275, GPU-ecc6a1f9-42fe-2932-7ea0-1dd285491b7b, 1059, 100, 1290, 71, 231.49
2026/09/08 20:54:34.479, GPU-ecc6a1f9-42fe-2932-7ea0-1dd285491b7b, 1059, 100, 1328, 71, 236.19
2026/09/08 20:54:34.687, GPU-ecc6a1f9-42fe-2932-7ea0-1dd285491b7b, 1059, 100, 1290, 71, 243.17
2026/09/08 20:54:34.891, GPU-ecc6a1f9-42fe-2932-7ea0-1dd285491b7b, 1059, 100, 1328, 71, 210.79
2026/09/08 20:54:35.094, GPU-ecc6a1f9-42fe-2932-7ea0-1dd285491b7b, 1059, 100, 1328, 71, 219.83
2026/09/08 20:54:35.297, GPU-ecc6a1f9-42fe-2932-7ea0-1dd285491b7b, 1059, 100, 1278, 71, 221.05
2026/09/08 20:54:35.504, GPU-ecc6a1f9-42fe-2932-7ea0-1dd285491b7b, 1059, 100, 1328, 71, 229.58
2026/09/08 20:54:35.708, GPU-ecc6a1f9-42fe-2932-7ea0-1dd285491b7b, 1059, 100, 1316, 71, 233.43
2026/09/08 20:54:35.911, GPU-ecc6a1f9-42fe-2932-7ea0-1dd285491b7b, 1059, 100, 1316, 71, 230.30
2026/09/08 20:54:36.115, GPU-ecc6a1f9-42fe-2932-7ea0-1dd285491b7b, 1059, 100, 1278, 71, 240.76
2026/09/08 20:54:36.318, GPU-ecc6a1f9-42fe-2932-7ea0-1dd285491b7b, 1059, 100, 1328, 71, 206.81
2026/09/08 20:54:36.528, GPU-ecc6a1f9-42fe-2932-7ea0-1dd285491b7b, 1059, 100, 1328, 71, 216.60
2026/09/08 20:54:36.732, GPU-ecc6a1f9-42fe-2932-7ea0-1dd285491b7b, 1059, 100, 1290, 71, 216.58
2026/09/08 20:54:36.935, GPU-ecc6a1f9-42fe-2932-7ea0-1dd285491b7b, 1059, 100, 1278, 71, 228.35
2026/09/08 20:54:37.139, GPU-ecc6a1f9-42fe-2932-7ea0-1dd285491b7b, 1059, 100, 1278, 71, 239.32
2026/09/08 20:54:37.342, GPU-ecc6a1f9-42fe-2932-7ea0-1dd285491b7b, 1059, 100, 1316, 71, 227.63
2026/09/08 20:54:37.549, GPU-ecc6a1f9-42fe-2932-7ea0-1dd285491b7b, 1059, 100, 1328, 71, 181.23
2026/09/08 20:54:37.752, GPU-ecc6a1f9-42fe-2932-7ea0-1dd285491b7b, 1059, 100, 1328, 70, 186.91
2026/09/08 20:54:37.956, GPU-ecc6a1f9-42fe-2932-7ea0-1dd285491b7b, 1059, 100, 1328, 71, 225.71
2026/09/08 20:54:38.159, GPU-ecc6a1f9-42fe-2932-7ea0-1dd285491b7b, 1059, 100, 1328, 71, 223.43
2026/09/08 20:54:38.362, GPU-ecc6a1f9-42fe-2932-7ea0-1dd285491b7b, 1059, 100, 1328, 70, 150.09
2026/09/08 20:54:38.569, GPU-ecc6a1f9-42fe-2932-7ea0-1dd285491b7b, 1059, 100, 1328, 70, 148.64
2026/09/08 20:54:38.773, GPU-ecc6a1f9-42fe-2932-7ea0-1dd285491b7b, 1059, 100, 1328, 71, 235.36
2026/09/08 20:54:38.976, GPU-ecc6a1f9-42fe-2932-7ea0-1dd285491b7b, 1059, 100, 1278, 71, 230.08
2026/09/08 20:54:39.180, GPU-ecc6a1f9-42fe-2932-7ea0-1dd285491b7b, 1059, 100, 1290, 72, 228.37
2026/09/08 20:54:39.383, GPU-ecc6a1f9-42fe-2932-7ea0-1dd285491b7b, 1059, 100, 1316, 72, 252.63
2026/09/08 20:54:39.589, GPU-ecc6a1f9-42fe-2932-7ea0-1dd285491b7b, 1059, 100, 1278, 72, 206.97
2026/09/08 20:54:39.793, GPU-ecc6a1f9-42fe-2932-7ea0-1dd285491b7b, 1059, 100, 1316, 72, 209.71
2026/09/08 20:54:39.997, GPU-ecc6a1f9-42fe-2932-7ea0-1dd285491b7b, 1059, 100, 1328, 72, 253.09
2026/09/08 20:54:40.200, GPU-ecc6a1f9-42fe-2932-7ea0-1dd285491b7b, 1059, 100, 1316, 71, 212.74
2026/09/08 20:54:40.404, GPU-ecc6a1f9-42fe-2932-7ea0-1dd285491b7b, 1059, 100, 1303, 72, 236.91
2026/09/08 20:54:40.608, GPU-ecc6a1f9-42fe-2932-7ea0-1dd285491b7b, 1059, 100, 1316, 72, 218.16
2026/09/08 20:54:40.812, GPU-ecc6a1f9-42fe-2932-7ea0-1dd285491b7b, 1059, 100, 1328, 72, 246.04
2026/09/08 20:54:41.015, GPU-ecc6a1f9-42fe-2932-7ea0-1dd285491b7b, 1059, 100, 1316, 72, 235.60
2026/09/08 20:54:41.219, GPU-ecc6a1f9-42fe-2932-7ea0-1dd285491b7b, 1059, 100, 1278, 72, 235.34
2026/09/08 20:54:41.422, GPU-ecc6a1f9-42fe-2932-7ea0-1dd285491b7b, 1059, 100, 1278, 72, 211.07
2026/09/08 20:54:41.626, GPU-ecc6a1f9-42fe-2932-7ea0-1dd285491b7b, 1059, 100, 1328, 72, 207.07
2026/09/08 20:54:41.832, GPU-ecc6a1f9-42fe-2932-7ea0-1dd285491b7b, 1059, 100, 1278, 72, 240.04
2026/09/08 20:54:42.036, GPU-ecc6a1f9-42fe-2932-7ea0-1dd285491b7b, 1059, 100, 1328, 72, 212.74
2026/09/08 20:54:42.239, GPU-ecc6a1f9-42fe-2932-7ea0-1dd285491b7b, 1059, 100, 1290, 72, 244.09
2026/09/08 20:54:42.443, GPU-ecc6a1f9-42fe-2932-7ea0-1dd285491b7b, 1059, 100, 1278, 72, 244.09
2026/09/08 20:54:42.646, GPU-ecc6a1f9-42fe-2932-7ea0-1dd285491b7b, 1059, 100, 1303, 72, 220.44
2026/09/08 20:54:42.852, GPU-ecc6a1f9-42fe-2932-7ea0-1dd285491b7b, 1059, 100, 1328, 71, 166.60
2026/09/08 20:54:43.055, GPU-ecc6a1f9-42fe-2932-7ea0-1dd285491b7b, 1059, 100, 1328, 71, 168.28
2026/09/08 20:54:43.259, GPU-ecc6a1f9-42fe-2932-7ea0-1dd285491b7b, 1059, 100, 1328, 71, 228.63
2026/09/08 20:54:43.462, GPU-ecc6a1f9-42fe-2932-7ea0-1dd285491b7b, 1059, 100, 1328, 72, 232.95
2026/09/08 20:54:43.666, GPU-ecc6a1f9-42fe-2932-7ea0-1dd285491b7b, 1059, 100, 1328, 71, 147.91
2026/09/08 20:54:43.871, GPU-ecc6a1f9-42fe-2932-7ea0-1dd285491b7b, 1059, 100, 1328, 71, 235.70
2026/09/08 20:54:44.074, GPU-ecc6a1f9-42fe-2932-7ea0-1dd285491b7b, 1059, 100, 1303, 72, 242.18
2026/09/08 20:54:44.280, GPU-ecc6a1f9-42fe-2932-7ea0-1dd285491b7b, 1059, 100, 1316, 72, 238.23
2026/09/08 20:54:44.483, GPU-ecc6a1f9-42fe-2932-7ea0-1dd285491b7b, 1059, 100, 1303, 72, 240.76
2026/09/08 20:54:44.686, GPU-ecc6a1f9-42fe-2932-7ea0-1dd285491b7b, 1059, 100, 1328, 71, 166.60
2026/09/08 20:54:44.891, GPU-ecc6a1f9-42fe-2932-7ea0-1dd285491b7b, 1059, 100, 1328, 71, 169.50
2026/09/08 20:54:45.094, GPU-ecc6a1f9-42fe-2932-7ea0-1dd285491b7b, 1059, 100, 1328, 71, 235.58
2026/09/08 20:54:45.298, GPU-ecc6a1f9-42fe-2932-7ea0-1dd285491b7b, 1059, 100, 1328, 72, 217.06
2026/09/08 20:54:45.501, GPU-ecc6a1f9-42fe-2932-7ea0-1dd285491b7b, 1059, 100, 1328, 72, 159.92
2026/09/08 20:54:45.705, GPU-ecc6a1f9-42fe-2932-7ea0-1dd285491b7b, 1059, 100, 1328, 70, 153.49
2026/09/08 20:54:45.908, GPU-ecc6a1f9-42fe-2932-7ea0-1dd285491b7b, 1059, 100, 1328, 72, 236.41
2026/09/08 20:54:46.112, GPU-ecc6a1f9-42fe-2932-7ea0-1dd285491b7b, 1059, 100, 1290, 72, 242.43
2026/09/08 20:54:46.316, GPU-ecc6a1f9-42fe-2932-7ea0-1dd285491b7b, 1059, 100, 1290, 72, 230.19
2026/09/08 20:54:46.520, GPU-ecc6a1f9-42fe-2932-7ea0-1dd285491b7b, 1059, 100, 1290, 72, 254.07
2026/09/08 20:54:46.723, GPU-ecc6a1f9-42fe-2932-7ea0-1dd285491b7b, 1059, 100, 1278, 72, 214.41
2026/09/08 20:54:46.927, GPU-ecc6a1f9-42fe-2932-7ea0-1dd285491b7b, 1059, 100, 1328, 72, 210.31
2026/09/08 20:54:47.130, GPU-ecc6a1f9-42fe-2932-7ea0-1dd285491b7b, 1059, 100, 1328, 72, 248.78
2026/09/08 20:54:47.335, GPU-ecc6a1f9-42fe-2932-7ea0-1dd285491b7b, 1059, 100, 1278, 72, 204.90
2026/09/08 20:54:47.540, GPU-ecc6a1f9-42fe-2932-7ea0-1dd285491b7b, 1059, 100, 1328, 72, 234.40
2026/09/08 20:54:47.743, GPU-ecc6a1f9-42fe-2932-7ea0-1dd285491b7b, 1059, 100, 1316, 73, 246.04
2026/09/08 20:54:47.947, GPU-ecc6a1f9-42fe-2932-7ea0-1dd285491b7b, 1059, 100, 1328, 73, 248.78
2026/09/08 20:54:48.150, GPU-ecc6a1f9-42fe-2932-7ea0-1dd285491b7b, 1059, 100, 1278, 73, 213.68
2026/09/08 20:54:48.355, GPU-ecc6a1f9-42fe-2932-7ea0-1dd285491b7b, 1059, 100, 1316, 72, 206.83
2026/09/08 20:54:48.558, GPU-ecc6a1f9-42fe-2932-7ea0-1dd285491b7b, 1059, 100, 1328, 72, 213.10
2026/09/08 20:54:48.761, GPU-ecc6a1f9-42fe-2932-7ea0-1dd285491b7b, 1059, 100, 1316, 72, 202.97
2026/09/08 20:54:48.965, GPU-ecc6a1f9-42fe-2932-7ea0-1dd285491b7b, 1059, 100, 1278, 73, 233.41
2026/09/08 20:54:49.169, GPU-ecc6a1f9-42fe-2932-7ea0-1dd285491b7b, 1059, 100, 1278, 73, 245.29
2026/09/08 20:54:49.375, GPU-ecc6a1f9-42fe-2932-7ea0-1dd285491b7b, 1059, 100, 1316, 73, 219.10
2026/09/08 20:54:49.578, GPU-ecc6a1f9-42fe-2932-7ea0-1dd285491b7b, 1059, 100, 1328, 72, 170.94
2026/09/08 20:54:49.782, GPU-ecc6a1f9-42fe-2932-7ea0-1dd285491b7b, 1059, 100, 1328, 71, 175.43
2026/09/08 20:54:49.986, GPU-ecc6a1f9-42fe-2932-7ea0-1dd285491b7b, 1059, 100, 1328, 72, 224.98
2026/09/08 20:54:50.189, GPU-ecc6a1f9-42fe-2932-7ea0-1dd285491b7b, 1059, 100, 1328, 72, 224.15
2026/09/08 20:54:50.395, GPU-ecc6a1f9-42fe-2932-7ea0-1dd285491b7b, 1059, 100, 1328, 72, 156.54
2026/09/08 20:54:50.598, GPU-ecc6a1f9-42fe-2932-7ea0-1dd285491b7b, 1059, 100, 1328, 71, 215.95
2026/09/08 20:54:50.802, GPU-ecc6a1f9-42fe-2932-7ea0-1dd285491b7b, 1059, 100, 1290, 72, 251.43
2026/09/08 20:54:51.005, GPU-ecc6a1f9-42fe-2932-7ea0-1dd285491b7b, 1059, 100, 1278, 73, 238.83
2026/09/08 20:54:51.209, GPU-ecc6a1f9-42fe-2932-7ea0-1dd285491b7b, 1059, 100, 1303, 73, 222.50
2026/09/08 20:54:51.414, GPU-ecc6a1f9-42fe-2932-7ea0-1dd285491b7b, 1059, 100, 1278, 73, 237.15
2026/09/08 20:54:51.617, GPU-ecc6a1f9-42fe-2932-7ea0-1dd285491b7b, 1059, 100, 1265, 73, 204.17
2026/09/08 20:54:51.821, GPU-ecc6a1f9-42fe-2932-7ea0-1dd285491b7b, 1059, 100, 1328, 73, 211.03
2026/09/08 20:54:52.024, GPU-ecc6a1f9-42fe-2932-7ea0-1dd285491b7b, 1059, 100, 1252, 73, 243.61
2026/09/08 20:54:52.228, GPU-ecc6a1f9-42fe-2932-7ea0-1dd285491b7b, 1059, 100, 1328, 72, 199.70
2026/09/08 20:54:52.431, GPU-ecc6a1f9-42fe-2932-7ea0-1dd285491b7b, 1059, 100, 1290, 73, 241.68
2026/09/08 20:54:52.635, GPU-ecc6a1f9-42fe-2932-7ea0-1dd285491b7b, 1059, 100, 1316, 73, 233.78
2026/09/08 20:54:52.839, GPU-ecc6a1f9-42fe-2932-7ea0-1dd285491b7b, 1059, 100, 1316, 73, 184.37
2026/09/08 20:54:53.043, GPU-ecc6a1f9-42fe-2932-7ea0-1dd285491b7b, 1059, 100, 1328, 72, 175.29
2026/09/08 20:54:53.253, GPU-ecc6a1f9-42fe-2932-7ea0-1dd285491b7b, 1059, 100, 1328, 72, 236.91
2026/09/08 20:54:53.458, GPU-ecc6a1f9-42fe-2932-7ea0-1dd285491b7b, 1059, 100, 1328, 73, 216.34
2026/09/08 20:54:53.662, GPU-ecc6a1f9-42fe-2932-7ea0-1dd285491b7b, 1059, 100, 1328, 73, 169.97
2026/09/08 20:54:53.865, GPU-ecc6a1f9-42fe-2932-7ea0-1dd285491b7b, 1059, 100, 1328, 71, 158.96
2026/09/08 20:54:54.069, GPU-ecc6a1f9-42fe-2932-7ea0-1dd285491b7b, 1059, 36, 1278, 70, 174.93
2026/09/08 20:54:54.272, GPU-ecc6a1f9-42fe-2932-7ea0-1dd285491b7b, 1059, 76, 1328, 70, 165.38
2026/09/08 20:54:54.478, GPU-ecc6a1f9-42fe-2932-7ea0-1dd285491b7b, 1059, 70, 1328, 70, 80.43
2026/09/08 20:54:54.682, GPU-ecc6a1f9-42fe-2932-7ea0-1dd285491b7b, 1059, 71, 1328, 70, 142.11
2026/09/08 20:54:54.885, GPU-ecc6a1f9-42fe-2932-7ea0-1dd285491b7b, 1059, 63, 1328, 70, 74.68
2026/09/08 20:54:55.089, GPU-ecc6a1f9-42fe-2932-7ea0-1dd285491b7b, 1059, 69, 1316, 70, 132.01
2026/09/08 20:54:55.292, GPU-ecc6a1f9-42fe-2932-7ea0-1dd285491b7b, 1059, 66, 1278, 70, 194.76
2026/09/08 20:54:55.497, GPU-ecc6a1f9-42fe-2932-7ea0-1dd285491b7b, 1059, 66, 1328, 69, 132.73
2026/09/08 20:54:55.701, GPU-ecc6a1f9-42fe-2932-7ea0-1dd285491b7b, 1059, 54, 1328, 69, 208.50
2026/09/08 20:54:55.904, GPU-ecc6a1f9-42fe-2932-7ea0-1dd285491b7b, 1059, 66, 1316, 70, 212.38
2026/09/08 20:54:56.107, GPU-ecc6a1f9-42fe-2932-7ea0-1dd285491b7b, 1059, 83, 1328, 69, 207.05
2026/09/08 20:54:56.311, GPU-ecc6a1f9-42fe-2932-7ea0-1dd285491b7b, 1059, 66, 1328, 69, 61.10
2026/09/08 20:54:56.516, GPU-ecc6a1f9-42fe-2932-7ea0-1dd285491b7b, 1059, 66, 1328, 69, 129.42
2026/09/08 20:54:56.720, GPU-ecc6a1f9-42fe-2932-7ea0-1dd285491b7b, 1059, 69, 1328, 69, 62.56
2026/09/08 20:54:56.923, GPU-ecc6a1f9-42fe-2932-7ea0-1dd285491b7b, 1059, 69, 1303, 69, 196.93
2026/09/08 20:54:57.127, GPU-ecc6a1f9-42fe-2932-7ea0-1dd285491b7b, 1059, 66, 1328, 69, 73.37
2026/09/08 20:54:57.330, GPU-ecc6a1f9-42fe-2932-7ea0-1dd285491b7b, 1059, 61, 1328, 68, 193.67
2026/09/08 20:54:57.534, GPU-ecc6a1f9-42fe-2932-7ea0-1dd285491b7b, 1059, 62, 1316, 69, 217.18
2026/09/08 20:54:57.738, GPU-ecc6a1f9-42fe-2932-7ea0-1dd285491b7b, 1059, 78, 1328, 68, 58.66
2026/09/08 20:54:57.941, GPU-ecc6a1f9-42fe-2932-7ea0-1dd285491b7b, 1059, 71, 1328, 69, 198.64
2026/09/08 20:54:58.145, GPU-ecc6a1f9-42fe-2932-7ea0-1dd285491b7b, 1059, 66, 1328, 69, 82.42
2026/09/08 20:54:58.348, GPU-ecc6a1f9-42fe-2932-7ea0-1dd285491b7b, 1059, 54, 1316, 69, 221.87
2026/09/08 20:54:58.552, GPU-ecc6a1f9-42fe-2932-7ea0-1dd285491b7b, 1059, 73, 1328, 69, 166.10
2026/09/08 20:54:58.757, GPU-ecc6a1f9-42fe-2932-7ea0-1dd285491b7b, 1059, 72, 1328, 69, 194.28
2026/09/08 20:54:58.960, GPU-ecc6a1f9-42fe-2932-7ea0-1dd285491b7b, 1059, 60, 1328, 68, 91.11
2026/09/08 20:54:59.164, GPU-ecc6a1f9-42fe-2932-7ea0-1dd285491b7b, 1059, 66, 1328, 69, 252.46
2026/09/08 20:54:59.367, GPU-ecc6a1f9-42fe-2932-7ea0-1dd285491b7b, 1059, 66, 1316, 69, 89.90
2026/09/08 20:54:59.571, GPU-ecc6a1f9-42fe-2932-7ea0-1dd285491b7b, 1059, 69, 1328, 68, 138.23
2026/09/08 20:54:59.777, GPU-ecc6a1f9-42fe-2932-7ea0-1dd285491b7b, 1059, 63, 1328, 68, 72.45
2026/09/08 20:54:59.982, GPU-ecc6a1f9-42fe-2932-7ea0-1dd285491b7b, 1059, 56, 1328, 69, 65.24
2026/09/08 20:55:00.185, GPU-ecc6a1f9-42fe-2932-7ea0-1dd285491b7b, 1059, 70, 1328, 68, 221.13
2026/09/08 20:55:00.388, GPU-ecc6a1f9-42fe-2932-7ea0-1dd285491b7b, 1059, 70, 1316, 69, 130.46
2026/09/08 20:55:00.592, GPU-ecc6a1f9-42fe-2932-7ea0-1dd285491b7b, 1059, 49, 1328, 68, 81.45
2026/09/08 20:55:00.798, GPU-ecc6a1f9-42fe-2932-7ea0-1dd285491b7b, 265, 53, 1328, 67, 51.87
2026/09/08 20:55:01.001, GPU-ecc6a1f9-42fe-2932-7ea0-1dd285491b7b, 5, 5, 1328, 66, 51.14
2026/09/08 20:55:01.205, GPU-ecc6a1f9-42fe-2932-7ea0-1dd285491b7b, 5, 0, 1328, 66, 50.42
2026/09/08 20:55:01.409, GPU-ecc6a1f9-42fe-2932-7ea0-1dd285491b7b, 5, 0, 1328, 66, 50.18
2026/09/08 20:55:01.612, GPU-ecc6a1f9-42fe-2932-7ea0-1dd285491b7b, 5, 0, 1328, 65, 50.18
2026/09/08 20:55:01.818, GPU-ecc6a1f9-42fe-2932-7ea0-1dd285491b7b, 5, 0, 1328, 65, 49.93
2026/09/08 20:55:02.021, GPU-ecc6a1f9-42fe-2932-7ea0-1dd285491b7b, 5, 0, 1328, 65, 49.93
2026/09/08 20:55:02.225, GPU-ecc6a1f9-42fe-2932-7ea0-1dd285491b7b, 5, 0, 1328, 65, 49.20
2026/09/08 20:55:02.428, GPU-ecc6a1f9-42fe-2932-7ea0-1dd285491b7b, 5, 0, 1328, 65, 49.20
2026/09/08 20:55:02.631, GPU-ecc6a1f9-42fe-2932-7ea0-1dd285491b7b, 5, 0, 1328, 65, 49.20
2026/09/08 20:55:02.837, GPU-ecc6a1f9-42fe-2932-7ea0-1dd285491b7b, 5, 0, 1328, 64, 48.96
2026/09/08 20:55:03.040, GPU-ecc6a1f9-42fe-2932-7ea0-1dd285491b7b, 5, 0, 1328, 64, 48.96
2026/09/08 20:55:03.244, GPU-ecc6a1f9-42fe-2932-7ea0-1dd285491b7b, 5, 0, 1328, 64, 48.96
2026/09/08 20:55:03.447, GPU-ecc6a1f9-42fe-2932-7ea0-1dd285491b7b, 5, 0, 430, 64, 35.85
2026/09/08 20:55:03.651, GPU-ecc6a1f9-42fe-2932-7ea0-1dd285491b7b, 5, 0, 430, 64, 35.12
2026/09/08 20:55:03.854, GPU-ecc6a1f9-42fe-2932-7ea0-1dd285491b7b, 5, 0, 430, 63, 34.87
2026/09/08 20:55:04.058, GPU-ecc6a1f9-42fe-2932-7ea0-1dd285491b7b, 5, 0, 430, 63, 34.87
2026/09/08 20:55:04.262, GPU-ecc6a1f9-42fe-2932-7ea0-1dd285491b7b, 5, 0, 430, 63, 34.87
2026/09/08 20:55:04.466, GPU-ecc6a1f9-42fe-2932-7ea0-1dd285491b7b, 5, 0, 430, 63, 34.63
2026/09/08 20:55:04.669, GPU-ecc6a1f9-42fe-2932-7ea0-1dd285491b7b, 5, 0, 430, 63, 34.63
2026/09/08 20:55:04.873, GPU-ecc6a1f9-42fe-2932-7ea0-1dd285491b7b, 5, 0, 430, 63, 34.38
2026/09/08 20:55:05.076, GPU-ecc6a1f9-42fe-2932-7ea0-1dd285491b7b, 5, 0, 430, 63, 34.38
2026/09/08 20:55:05.281, GPU-ecc6a1f9-42fe-2932-7ea0-1dd285491b7b, 5, 0, 430, 62, 34.38
2026/09/08 20:55:05.485, GPU-ecc6a1f9-42fe-2932-7ea0-1dd285491b7b, 5, 0, 430, 62, 34.38
2026/09/08 20:55:05.688, GPU-ecc6a1f9-42fe-2932-7ea0-1dd285491b7b, 5, 0, 430, 62, 34.38
2026/09/08 20:55:05.892, GPU-ecc6a1f9-42fe-2932-7ea0-1dd285491b7b, 5, 0, 430, 62, 34.38
2026/09/08 20:55:06.095, GPU-ecc6a1f9-42fe-2932-7ea0-1dd285491b7b, 5, 0, 405, 62, 34.14
2026/09/08 20:55:06.301, GPU-ecc6a1f9-42fe-2932-7ea0-1dd285491b7b, 5, 0, 405, 62, 34.14
2026/09/08 20:55:06.505, GPU-ecc6a1f9-42fe-2932-7ea0-1dd285491b7b, 5, 0, 405, 62, 34.14
2026/09/08 20:55:06.708, GPU-ecc6a1f9-42fe-2932-7ea0-1dd285491b7b, 5, 0, 405, 62, 34.14
2026/09/08 20:55:06.912, GPU-ecc6a1f9-42fe-2932-7ea0-1dd285491b7b, 5, 0, 405, 62, 34.14
2026/09/08 20:55:07.115, GPU-ecc6a1f9-42fe-2932-7ea0-1dd285491b7b, 5, 0, 405, 62, 34.14
2026/09/08 20:55:07.320, GPU-ecc6a1f9-42fe-2932-7ea0-1dd285491b7b, 5, 0, 405, 62, 33.90
2026/09/08 20:55:07.524, GPU-ecc6a1f9-42fe-2932-7ea0-1dd285491b7b, 5, 0, 405, 61, 33.90
2026/09/08 20:55:07.727, GPU-ecc6a1f9-42fe-2932-7ea0-1dd285491b7b, 5, 0, 405, 61, 33.90
2026/09/08 20:55:07.931, GPU-ecc6a1f9-42fe-2932-7ea0-1dd285491b7b, 5, 0, 405, 61, 33.90
2026/09/08 20:55:08.134, GPU-ecc6a1f9-42fe-2932-7ea0-1dd285491b7b, 5, 0, 405, 61, 33.90
2026/09/08 20:55:08.340, GPU-ecc6a1f9-42fe-2932-7ea0-1dd285491b7b, 5, 0, 405, 61, 33.90
2026/09/08 20:55:08.543, GPU-ecc6a1f9-42fe-2932-7ea0-1dd285491b7b, 5, 0, 405, 61, 33.65
2026/09/08 20:55:08.747, GPU-ecc6a1f9-42fe-2932-7ea0-1dd285491b7b, 5, 0, 405, 61, 33.65
2026/09/08 20:55:08.950, GPU-ecc6a1f9-42fe-2932-7ea0-1dd285491b7b, 5, 0, 405, 61, 33.65
2026/09/08 20:55:09.154, GPU-ecc6a1f9-42fe-2932-7ea0-1dd285491b7b, 5, 0, 405, 61, 33.65
2026/09/08 20:55:09.359, GPU-ecc6a1f9-42fe-2932-7ea0-1dd285491b7b, 5, 0, 405, 61, 33.65
2026/09/08 20:55:09.563, GPU-ecc6a1f9-42fe-2932-7ea0-1dd285491b7b, 5, 0, 405, 61, 33.65
2026/09/08 20:55:09.766, GPU-ecc6a1f9-42fe-2932-7ea0-1dd285491b7b, 5, 0, 405, 60, 33.65
2026/09/08 20:55:09.970, GPU-ecc6a1f9-42fe-2932-7ea0-1dd285491b7b, 5, 0, 405, 60, 33.65
2026/09/08 20:55:10.173, GPU-ecc6a1f9-42fe-2932-7ea0-1dd285491b7b, 5, 0, 405, 60, 33.65
2026/09/08 20:55:10.378, GPU-ecc6a1f9-42fe-2932-7ea0-1dd285491b7b, 5, 0, 405, 60, 33.65
2026/09/08 20:55:10.582, GPU-ecc6a1f9-42fe-2932-7ea0-1dd285491b7b, 5, 0, 405, 60, 33.41
2026/09/08 20:55:10.785, GPU-ecc6a1f9-42fe-2932-7ea0-1dd285491b7b, 5, 0, 405, 60, 33.41
2026/09/08 20:55:10.989, GPU-ecc6a1f9-42fe-2932-7ea0-1dd285491b7b, 5, 0, 405, 60, 33.41
2026/09/08 20:55:11.193, GPU-ecc6a1f9-42fe-2932-7ea0-1dd285491b7b, 5, 0, 405, 60, 33.41
2026/09/08 20:55:11.398, GPU-ecc6a1f9-42fe-2932-7ea0-1dd285491b7b, 5, 0, 405, 60, 33.41
2026/09/08 20:55:11.601, GPU-ecc6a1f9-42fe-2932-7ea0-1dd285491b7b, 5, 0, 405, 60, 33.41
2026/09/08 20:55:11.805, GPU-ecc6a1f9-42fe-2932-7ea0-1dd285491b7b, 5, 0, 405, 60, 33.17
2026/09/08 20:55:12.009, GPU-ecc6a1f9-42fe-2932-7ea0-1dd285491b7b, 5, 0, 405, 59, 33.17
2026/09/08 20:55:12.212, GPU-ecc6a1f9-42fe-2932-7ea0-1dd285491b7b, 5, 0, 405, 59, 33.17
2026/09/08 20:55:12.417, GPU-ecc6a1f9-42fe-2932-7ea0-1dd285491b7b, 5, 0, 405, 59, 32.92
2026/09/08 20:55:12.621, GPU-ecc6a1f9-42fe-2932-7ea0-1dd285491b7b, 5, 0, 405, 59, 33.17
2026/09/08 20:55:12.824, GPU-ecc6a1f9-42fe-2932-7ea0-1dd285491b7b, 5, 0, 405, 59, 32.92
2026/09/08 20:55:13.028, GPU-ecc6a1f9-42fe-2932-7ea0-1dd285491b7b, 5, 0, 405, 59, 32.92
2026/09/08 20:55:13.231, GPU-ecc6a1f9-42fe-2932-7ea0-1dd285491b7b, 5, 0, 405, 59, 32.92
2026/09/08 20:55:13.548, GPU-ecc6a1f9-42fe-2932-7ea0-1dd285491b7b, 5, 0, 405, 59, 33.41
2026/09/08 20:55:13.752, GPU-ecc6a1f9-42fe-2932-7ea0-1dd285491b7b, 5, 0, 405, 59, 33.41
2026/09/08 20:55:13.955, GPU-ecc6a1f9-42fe-2932-7ea0-1dd285491b7b, 5, 0, 405, 59, 33.17
2026/09/08 20:55:14.159, GPU-ecc6a1f9-42fe-2932-7ea0-1dd285491b7b, 5, 0, 405, 59, 33.17
2026/09/08 20:55:14.365, GPU-ecc6a1f9-42fe-2932-7ea0-1dd285491b7b, 5, 0, 405, 59, 33.17
2026/09/08 20:55:14.568, GPU-ecc6a1f9-42fe-2932-7ea0-1dd285491b7b, 5, 0, 405, 58, 33.17
2026/09/08 20:55:14.772, GPU-ecc6a1f9-42fe-2932-7ea0-1dd285491b7b, 5, 0, 405, 58, 33.17
2026/09/08 20:55:14.975, GPU-ecc6a1f9-42fe-2932-7ea0-1dd285491b7b, 5, 0, 405, 58, 32.92
2026/09/08 20:55:15.179, GPU-ecc6a1f9-42fe-2932-7ea0-1dd285491b7b, 5, 0, 405, 58, 32.92
2026/09/08 20:55:15.384, GPU-ecc6a1f9-42fe-2932-7ea0-1dd285491b7b, 5, 0, 405, 58, 33.17
2026/09/08 20:55:15.588, GPU-ecc6a1f9-42fe-2932-7ea0-1dd285491b7b, 5, 0, 405, 58, 32.92
2026/09/08 20:55:15.791, GPU-ecc6a1f9-42fe-2932-7ea0-1dd285491b7b, 5, 0, 405, 58, 32.68
2026/09/08 20:55:15.995, GPU-ecc6a1f9-42fe-2932-7ea0-1dd285491b7b, 5, 0, 405, 58, 32.68
2026/09/08 20:55:16.199, GPU-ecc6a1f9-42fe-2932-7ea0-1dd285491b7b, 5, 0, 405, 58, 32.68
2026/09/08 20:55:16.403, GPU-ecc6a1f9-42fe-2932-7ea0-1dd285491b7b, 5, 0, 405, 58, 32.92
2026/09/08 20:55:16.607, GPU-ecc6a1f9-42fe-2932-7ea0-1dd285491b7b, 5, 0, 405, 58, 32.68
2026/09/08 20:55:16.811, GPU-ecc6a1f9-42fe-2932-7ea0-1dd285491b7b, 5, 0, 405, 58, 32.68
2026/09/08 20:55:17.014, GPU-ecc6a1f9-42fe-2932-7ea0-1dd285491b7b, 5, 0, 405, 57, 32.68
2026/09/08 20:55:17.218, GPU-ecc6a1f9-42fe-2932-7ea0-1dd285491b7b, 5, 0, 405, 57, 32.68
2026/09/08 20:55:17.423, GPU-ecc6a1f9-42fe-2932-7ea0-1dd285491b7b, 5, 0, 405, 57, 32.68
2026/09/08 20:55:17.626, GPU-ecc6a1f9-42fe-2932-7ea0-1dd285491b7b, 5, 0, 405, 57, 32.68
2026/09/08 20:55:17.830, GPU-ecc6a1f9-42fe-2932-7ea0-1dd285491b7b, 5, 0, 405, 57, 32.43
2026/09/08 20:55:18.033, GPU-ecc6a1f9-42fe-2932-7ea0-1dd285491b7b, 5, 0, 405, 57, 32.43
2026/09/08 20:55:18.237, GPU-ecc6a1f9-42fe-2932-7ea0-1dd285491b7b, 5, 0, 405, 57, 32.43
2026/09/08 20:55:18.442, GPU-ecc6a1f9-42fe-2932-7ea0-1dd285491b7b, 5, 0, 405, 57, 32.43
2026/09/08 20:55:18.646, GPU-ecc6a1f9-42fe-2932-7ea0-1dd285491b7b, 5, 0, 405, 57, 32.43
2026/09/08 20:55:18.850, GPU-ecc6a1f9-42fe-2932-7ea0-1dd285491b7b, 5, 0, 405, 57, 32.43
2026/09/08 20:55:19.053, GPU-ecc6a1f9-42fe-2932-7ea0-1dd285491b7b, 5, 0, 405, 57, 32.43
2026/09/08 20:55:19.257, GPU-ecc6a1f9-42fe-2932-7ea0-1dd285491b7b, 5, 0, 405, 57, 32.43
2026/09/08 20:55:19.462, GPU-ecc6a1f9-42fe-2932-7ea0-1dd285491b7b, 5, 0, 405, 57, 32.43
2026/09/08 20:55:19.665, GPU-ecc6a1f9-42fe-2932-7ea0-1dd285491b7b, 5, 0, 405, 57, 32.43
2026/09/08 20:55:19.869, GPU-ecc6a1f9-42fe-2932-7ea0-1dd285491b7b, 5, 0, 405, 56, 32.43
2026/09/08 20:55:20.072, GPU-ecc6a1f9-42fe-2932-7ea0-1dd285491b7b, 5, 0, 405, 56, 32.43
2026/09/08 20:55:20.276, GPU-ecc6a1f9-42fe-2932-7ea0-1dd285491b7b, 5, 0, 405, 56, 32.19
2026/09/08 20:55:20.482, GPU-ecc6a1f9-42fe-2932-7ea0-1dd285491b7b, 5, 0, 405, 56, 32.43
2026/09/08 20:55:20.685, GPU-ecc6a1f9-42fe-2932-7ea0-1dd285491b7b, 5, 0, 405, 56, 32.19
2026/09/08 20:55:20.889, GPU-ecc6a1f9-42fe-2932-7ea0-1dd285491b7b, 5, 0, 405, 56, 32.19
2026/09/08 20:55:21.092, GPU-ecc6a1f9-42fe-2932-7ea0-1dd285491b7b, 5, 0, 405, 56, 32.19
2026/09/08 20:55:21.296, GPU-ecc6a1f9-42fe-2932-7ea0-1dd285491b7b, 5, 0, 405, 56, 32.19
2026/09/08 20:55:21.501, GPU-ecc6a1f9-42fe-2932-7ea0-1dd285491b7b, 5, 0, 405, 56, 32.19
2026/09/08 20:55:21.705, GPU-ecc6a1f9-42fe-2932-7ea0-1dd285491b7b, 5, 0, 405, 56, 32.19
2026/09/08 20:55:21.908, GPU-ecc6a1f9-42fe-2932-7ea0-1dd285491b7b, 5, 0, 405, 56, 32.19
2026/09/08 20:55:22.112, GPU-ecc6a1f9-42fe-2932-7ea0-1dd285491b7b, 5, 0, 405, 56, 32.19
2026/09/08 20:55:22.315, GPU-ecc6a1f9-42fe-2932-7ea0-1dd285491b7b, 5, 0, 405, 56, 32.19
2026/09/08 20:55:22.521, GPU-ecc6a1f9-42fe-2932-7ea0-1dd285491b7b, 5, 0, 405, 56, 32.19
2026/09/08 20:55:22.724, GPU-ecc6a1f9-42fe-2932-7ea0-1dd285491b7b, 5, 0, 405, 55, 32.19
2026/09/08 20:55:22.928, GPU-ecc6a1f9-42fe-2932-7ea0-1dd285491b7b, 5, 0, 405, 55, 32.19
2026/09/08 20:55:23.131, GPU-ecc6a1f9-42fe-2932-7ea0-1dd285491b7b, 5, 0, 405, 55, 31.95
2026/09/08 20:55:23.335, GPU-ecc6a1f9-42fe-2932-7ea0-1dd285491b7b, 5, 0, 405, 55, 31.95
2026/09/08 20:55:23.541, GPU-ecc6a1f9-42fe-2932-7ea0-1dd285491b7b, 5, 0, 405, 55, 31.95
2026/09/08 20:55:23.745, GPU-ecc6a1f9-42fe-2932-7ea0-1dd285491b7b, 5, 0, 405, 55, 31.95
2026/09/08 20:55:23.948, GPU-ecc6a1f9-42fe-2932-7ea0-1dd285491b7b, 5, 0, 405, 55, 31.95
2026/09/08 20:55:24.152, GPU-ecc6a1f9-42fe-2932-7ea0-1dd285491b7b, 5, 0, 405, 55, 31.95
2026/09/08 20:55:24.355, GPU-ecc6a1f9-42fe-2932-7ea0-1dd285491b7b, 5, 0, 405, 55, 31.95
2026/09/08 20:55:24.561, GPU-ecc6a1f9-42fe-2932-7ea0-1dd285491b7b, 5, 0, 405, 55, 31.95
2026/09/08 20:55:24.765, GPU-ecc6a1f9-42fe-2932-7ea0-1dd285491b7b, 5, 0, 405, 55, 31.95
2026/09/08 20:55:24.968, GPU-ecc6a1f9-42fe-2932-7ea0-1dd285491b7b, 5, 0, 405, 55, 31.95
2026/09/08 20:55:25.172, GPU-ecc6a1f9-42fe-2932-7ea0-1dd285491b7b, 5, 0, 405, 55, 31.95
2026/09/08 20:55:25.375, GPU-ecc6a1f9-42fe-2932-7ea0-1dd285491b7b, 5, 0, 405, 55, 31.70
2026/09/08 20:55:25.581, GPU-ecc6a1f9-42fe-2932-7ea0-1dd285491b7b, 5, 0, 405, 55, 31.70
2026/09/08 20:55:25.784, GPU-ecc6a1f9-42fe-2932-7ea0-1dd285491b7b, 5, 0, 405, 55, 31.46
2026/09/08 20:55:25.988, GPU-ecc6a1f9-42fe-2932-7ea0-1dd285491b7b, 5, 0, 405, 54, 31.46
2026/09/08 20:55:26.191, GPU-ecc6a1f9-42fe-2932-7ea0-1dd285491b7b, 5, 0, 405, 54, 31.70
2026/09/08 20:55:26.395, GPU-ecc6a1f9-42fe-2932-7ea0-1dd285491b7b, 5, 0, 405, 54, 31.46
2026/09/08 20:55:26.600, GPU-ecc6a1f9-42fe-2932-7ea0-1dd285491b7b, 5, 0, 405, 54, 31.46
2026/09/08 20:55:26.803, GPU-ecc6a1f9-42fe-2932-7ea0-1dd285491b7b, 5, 0, 405, 54, 31.46
2026/09/08 20:55:27.007, GPU-ecc6a1f9-42fe-2932-7ea0-1dd285491b7b, 5, 0, 405, 54, 31.46
2026/09/08 20:55:27.210, GPU-ecc6a1f9-42fe-2932-7ea0-1dd285491b7b, 5, 0, 405, 54, 31.46
2026/09/08 20:55:27.414, GPU-ecc6a1f9-42fe-2932-7ea0-1dd285491b7b, 5, 0, 405, 54, 31.46
2026/09/08 20:55:27.620, GPU-ecc6a1f9-42fe-2932-7ea0-1dd285491b7b, 5, 0, 405, 54, 31.46
2026/09/08 20:55:27.824, GPU-ecc6a1f9-42fe-2932-7ea0-1dd285491b7b, 5, 0, 405, 54, 31.46
2026/09/08 20:55:28.027, GPU-ecc6a1f9-42fe-2932-7ea0-1dd285491b7b, 5, 0, 405, 54, 31.46
2026/09/08 20:55:28.231, GPU-ecc6a1f9-42fe-2932-7ea0-1dd285491b7b, 5, 0, 405, 54, 31.46
2026/09/08 20:55:28.434, GPU-ecc6a1f9-42fe-2932-7ea0-1dd285491b7b, 5, 0, 405, 54, 31.46
2026/09/08 20:55:28.638, GPU-ecc6a1f9-42fe-2932-7ea0-1dd285491b7b, 5, 0, 405, 53, 31.21
2026/09/08 20:55:28.843, GPU-ecc6a1f9-42fe-2932-7ea0-1dd285491b7b, 5, 0, 405, 53, 31.21
2026/09/08 20:55:29.047, GPU-ecc6a1f9-42fe-2932-7ea0-1dd285491b7b, 5, 0, 405, 53, 31.21
2026/09/08 20:55:29.250, GPU-ecc6a1f9-42fe-2932-7ea0-1dd285491b7b, 5, 0, 405, 53, 31.21
2026/09/08 20:55:29.454, GPU-ecc6a1f9-42fe-2932-7ea0-1dd285491b7b, 5, 0, 405, 53, 31.21
2026/09/08 20:55:29.657, GPU-ecc6a1f9-42fe-2932-7ea0-1dd285491b7b, 5, 0, 405, 53, 31.21
2026/09/08 20:55:29.863, GPU-ecc6a1f9-42fe-2932-7ea0-1dd285491b7b, 5, 0, 405, 53, 31.21
2026/09/08 20:55:30.066, GPU-ecc6a1f9-42fe-2932-7ea0-1dd285491b7b, 5, 0, 405, 53, 31.21
2026/09/08 20:55:30.270, GPU-ecc6a1f9-42fe-2932-7ea0-1dd285491b7b, 5, 0, 405, 53, 31.21
2026/09/08 20:55:30.474, GPU-ecc6a1f9-42fe-2932-7ea0-1dd285491b7b, 5, 0, 405, 53, 31.21
2026/09/08 20:55:30.677, GPU-ecc6a1f9-42fe-2932-7ea0-1dd285491b7b, 5, 0, 405, 53, 31.21
2026/09/08 20:55:30.882, GPU-ecc6a1f9-42fe-2932-7ea0-1dd285491b7b, 5, 0, 405, 53, 30.97
2026/09/08 20:55:31.086, GPU-ecc6a1f9-42fe-2932-7ea0-1dd285491b7b, 5, 0, 405, 53, 30.97
2026/09/08 20:55:31.289, GPU-ecc6a1f9-42fe-2932-7ea0-1dd285491b7b, 5, 0, 405, 53, 30.97
2026/09/08 20:55:31.493, GPU-ecc6a1f9-42fe-2932-7ea0-1dd285491b7b, 5, 0, 405, 53, 30.97
2026/09/08 20:55:31.696, GPU-ecc6a1f9-42fe-2932-7ea0-1dd285491b7b, 5, 0, 405, 53, 30.97
2026/09/08 20:55:31.901, GPU-ecc6a1f9-42fe-2932-7ea0-1dd285491b7b, 5, 0, 405, 52, 30.97
2026/09/08 20:55:32.105, GPU-ecc6a1f9-42fe-2932-7ea0-1dd285491b7b, 5, 0, 405, 52, 30.97
2026/09/08 20:55:32.308, GPU-ecc6a1f9-42fe-2932-7ea0-1dd285491b7b, 5, 0, 405, 52, 30.97
2026/09/08 20:55:32.512, GPU-ecc6a1f9-42fe-2932-7ea0-1dd285491b7b, 5, 0, 405, 52, 30.97
2026/09/08 20:55:32.715, GPU-ecc6a1f9-42fe-2932-7ea0-1dd285491b7b, 5, 0, 405, 52, 30.97
2026/09/08 20:55:32.921, GPU-ecc6a1f9-42fe-2932-7ea0-1dd285491b7b, 5, 0, 405, 52, 30.97
2026/09/08 20:55:33.125, GPU-ecc6a1f9-42fe-2932-7ea0-1dd285491b7b, 5, 0, 405, 52, 30.97
2026/09/08 20:55:33.328, GPU-ecc6a1f9-42fe-2932-7ea0-1dd285491b7b, 5, 0, 405, 52, 30.97
2026/09/08 20:55:33.532, GPU-ecc6a1f9-42fe-2932-7ea0-1dd285491b7b, 5, 0, 405, 52, 30.97
2026/09/08 20:55:33.735, GPU-ecc6a1f9-42fe-2932-7ea0-1dd285491b7b, 5, 0, 405, 52, 30.97
2026/09/08 20:55:33.940, GPU-ecc6a1f9-42fe-2932-7ea0-1dd285491b7b, 5, 0, 405, 52, 30.97
2026/09/08 20:55:34.144, GPU-ecc6a1f9-42fe-2932-7ea0-1dd285491b7b, 5, 0, 405, 52, 30.73
2026/09/08 20:55:34.347, GPU-ecc6a1f9-42fe-2932-7ea0-1dd285491b7b, 5, 0, 405, 52, 30.97
2026/09/08 20:55:34.551, GPU-ecc6a1f9-42fe-2932-7ea0-1dd285491b7b, 5, 0, 405, 52, 30.97
2026/09/08 20:55:34.754, GPU-ecc6a1f9-42fe-2932-7ea0-1dd285491b7b, 5, 0, 405, 52, 30.73
2026/09/08 20:55:34.960, GPU-ecc6a1f9-42fe-2932-7ea0-1dd285491b7b, 5, 0, 405, 52, 30.73
2026/09/08 20:55:35.163, GPU-ecc6a1f9-42fe-2932-7ea0-1dd285491b7b, 5, 0, 405, 52, 30.73
2026/09/08 20:55:35.367, GPU-ecc6a1f9-42fe-2932-7ea0-1dd285491b7b, 5, 0, 405, 52, 30.73
2026/09/08 20:55:35.570, GPU-ecc6a1f9-42fe-2932-7ea0-1dd285491b7b, 5, 0, 405, 51, 30.73
2026/09/08 20:55:35.774, GPU-ecc6a1f9-42fe-2932-7ea0-1dd285491b7b, 5, 0, 405, 51, 30.73
2026/09/08 20:55:35.979, GPU-ecc6a1f9-42fe-2932-7ea0-1dd285491b7b, 5, 0, 405, 51, 30.73
2026/09/08 20:55:36.183, GPU-ecc6a1f9-42fe-2932-7ea0-1dd285491b7b, 5, 0, 405, 51, 30.73
2026/09/08 20:55:36.386, GPU-ecc6a1f9-42fe-2932-7ea0-1dd285491b7b, 5, 0, 405, 51, 30.73
2026/09/08 20:55:36.590, GPU-ecc6a1f9-42fe-2932-7ea0-1dd285491b7b, 5, 0, 405, 51, 30.73
2026/09/08 20:55:36.793, GPU-ecc6a1f9-42fe-2932-7ea0-1dd285491b7b, 5, 0, 405, 51, 30.73
2026/09/08 20:55:36.999, GPU-ecc6a1f9-42fe-2932-7ea0-1dd285491b7b, 5, 0, 405, 51, 30.73
2026/09/08 20:55:37.202, GPU-ecc6a1f9-42fe-2932-7ea0-1dd285491b7b, 5, 0, 405, 51, 30.73
2026/09/08 20:55:37.406, GPU-ecc6a1f9-42fe-2932-7ea0-1dd285491b7b, 5, 0, 405, 51, 30.48
2026/09/08 20:55:37.609, GPU-ecc6a1f9-42fe-2932-7ea0-1dd285491b7b, 5, 0, 405, 51, 30.48
2026/09/08 20:55:37.813, GPU-ecc6a1f9-42fe-2932-7ea0-1dd285491b7b, 5, 0, 405, 51, 30.48
2026/09/08 20:55:38.018, GPU-ecc6a1f9-42fe-2932-7ea0-1dd285491b7b, 5, 0, 405, 51, 30.48
2026/09/08 20:55:38.221, GPU-ecc6a1f9-42fe-2932-7ea0-1dd285491b7b, 5, 0, 405, 51, 30.48
2026/09/08 20:55:38.425, GPU-ecc6a1f9-42fe-2932-7ea0-1dd285491b7b, 5, 0, 405, 51, 30.48
2026/09/08 20:55:38.628, GPU-ecc6a1f9-42fe-2932-7ea0-1dd285491b7b, 5, 0, 405, 51, 30.48
2026/09/08 20:55:38.832, GPU-ecc6a1f9-42fe-2932-7ea0-1dd285491b7b, 5, 0, 405, 50, 30.48
2026/09/08 20:55:39.035, GPU-ecc6a1f9-42fe-2932-7ea0-1dd285491b7b, 5, 0, 405, 50, 30.48
2026/09/08 20:55:39.240, GPU-ecc6a1f9-42fe-2932-7ea0-1dd285491b7b, 5, 0, 405, 50, 30.48
2026/09/08 20:55:39.443, GPU-ecc6a1f9-42fe-2932-7ea0-1dd285491b7b, 5, 0, 405, 50, 30.48
2026/09/08 20:55:39.647, GPU-ecc6a1f9-42fe-2932-7ea0-1dd285491b7b, 5, 0, 405, 50, 30.48
2026/09/08 20:55:39.850, GPU-ecc6a1f9-42fe-2932-7ea0-1dd285491b7b, 5, 0, 405, 50, 30.48
2026/09/08 20:55:40.054, GPU-ecc6a1f9-42fe-2932-7ea0-1dd285491b7b, 5, 0, 405, 50, 30.48
2026/09/08 20:55:40.257, GPU-ecc6a1f9-42fe-2932-7ea0-1dd285491b7b, 5, 0, 405, 50, 30.48
2026/09/08 20:55:40.464, GPU-ecc6a1f9-42fe-2932-7ea0-1dd285491b7b, 5, 0, 405, 50, 30.48
2026/09/08 20:55:40.667, GPU-ecc6a1f9-42fe-2932-7ea0-1dd285491b7b, 5, 0, 405, 50, 30.48
2026/09/08 20:55:40.871, GPU-ecc6a1f9-42fe-2932-7ea0-1dd285491b7b, 5, 0, 405, 50, 30.48
2026/09/08 20:55:41.074, GPU-ecc6a1f9-42fe-2932-7ea0-1dd285491b7b, 5, 0, 405, 50, 30.24
2026/09/08 20:55:41.278, GPU-ecc6a1f9-42fe-2932-7ea0-1dd285491b7b, 5, 0, 405, 50, 30.24
2026/09/08 20:55:41.482, GPU-ecc6a1f9-42fe-2932-7ea0-1dd285491b7b, 5, 0, 405, 50, 30.24
2026/09/08 20:55:41.686, GPU-ecc6a1f9-42fe-2932-7ea0-1dd285491b7b, 5, 0, 405, 50, 30.24
2026/09/08 20:55:41.890, GPU-ecc6a1f9-42fe-2932-7ea0-1dd285491b7b, 5, 0, 405, 50, 30.24
2026/09/08 20:55:42.093, GPU-ecc6a1f9-42fe-2932-7ea0-1dd285491b7b, 5, 0, 405, 49, 30.24
2026/09/08 20:55:42.297, GPU-ecc6a1f9-42fe-2932-7ea0-1dd285491b7b, 5, 0, 405, 49, 30.24
2026/09/08 20:55:42.500, GPU-ecc6a1f9-42fe-2932-7ea0-1dd285491b7b, 5, 0, 405, 49, 30.24
2026/09/08 20:55:42.706, GPU-ecc6a1f9-42fe-2932-7ea0-1dd285491b7b, 5, 0, 405, 49, 30.24
2026/09/08 20:55:42.910, GPU-ecc6a1f9-42fe-2932-7ea0-1dd285491b7b, 5, 0, 405, 49, 30.24
2026/09/08 20:55:43.113, GPU-ecc6a1f9-42fe-2932-7ea0-1dd285491b7b, 5, 0, 405, 49, 30.24
2026/09/08 20:55:43.317, GPU-ecc6a1f9-42fe-2932-7ea0-1dd285491b7b, 5, 0, 405, 49, 30.24
2026/09/08 20:55:43.520, GPU-ecc6a1f9-42fe-2932-7ea0-1dd285491b7b, 5, 0, 405, 49, 30.24
2026/09/08 20:55:43.725, GPU-ecc6a1f9-42fe-2932-7ea0-1dd285491b7b, 5, 0, 405, 49, 30.24
2026/09/08 20:55:43.929, GPU-ecc6a1f9-42fe-2932-7ea0-1dd285491b7b, 5, 0, 405, 49, 30.24
2026/09/08 20:55:44.132, GPU-ecc6a1f9-42fe-2932-7ea0-1dd285491b7b, 5, 0, 405, 49, 30.00
2026/09/08 20:55:44.336, GPU-ecc6a1f9-42fe-2932-7ea0-1dd285491b7b, 5, 0, 405, 49, 30.00
2026/09/08 20:55:44.539, GPU-ecc6a1f9-42fe-2932-7ea0-1dd285491b7b, 5, 0, 405, 49, 30.00
2026/09/08 20:55:44.745, GPU-ecc6a1f9-42fe-2932-7ea0-1dd285491b7b, 5, 0, 405, 49, 30.00
2026/09/08 20:55:44.949, GPU-ecc6a1f9-42fe-2932-7ea0-1dd285491b7b, 5, 0, 405, 49, 29.75
2026/09/08 20:55:45.152, GPU-ecc6a1f9-42fe-2932-7ea0-1dd285491b7b, 5, 0, 405, 49, 29.75
2026/09/08 20:55:45.356, GPU-ecc6a1f9-42fe-2932-7ea0-1dd285491b7b, 5, 0, 405, 49, 30.24
2026/09/08 20:55:45.559, GPU-ecc6a1f9-42fe-2932-7ea0-1dd285491b7b, 5, 0, 405, 49, 30.24
2026/09/08 20:55:45.765, GPU-ecc6a1f9-42fe-2932-7ea0-1dd285491b7b, 5, 0, 405, 49, 30.24
2026/09/08 20:55:45.968, GPU-ecc6a1f9-42fe-2932-7ea0-1dd285491b7b, 5, 0, 405, 49, 30.24
2026/09/08 20:55:46.172, GPU-ecc6a1f9-42fe-2932-7ea0-1dd285491b7b, 5, 0, 405, 49, 30.24
2026/09/08 20:55:46.375, GPU-ecc6a1f9-42fe-2932-7ea0-1dd285491b7b, 5, 0, 405, 48, 30.24
2026/09/08 20:55:46.579, GPU-ecc6a1f9-42fe-2932-7ea0-1dd285491b7b, 5, 0, 405, 48, 30.24
2026/09/08 20:55:46.785, GPU-ecc6a1f9-42fe-2932-7ea0-1dd285491b7b, 5, 0, 405, 48, 30.24
2026/09/08 20:55:46.989, GPU-ecc6a1f9-42fe-2932-7ea0-1dd285491b7b, 5, 0, 405, 48, 30.24
2026/09/08 20:55:47.192, GPU-ecc6a1f9-42fe-2932-7ea0-1dd285491b7b, 5, 0, 405, 48, 30.00
2026/09/08 20:55:47.396, GPU-ecc6a1f9-42fe-2932-7ea0-1dd285491b7b, 5, 0, 405, 48, 30.00
2026/09/08 20:55:47.599, GPU-ecc6a1f9-42fe-2932-7ea0-1dd285491b7b, 5, 0, 405, 48, 30.00
2026/09/08 20:55:47.805, GPU-ecc6a1f9-42fe-2932-7ea0-1dd285491b7b, 5, 0, 405, 48, 30.00
2026/09/08 20:55:48.008, GPU-ecc6a1f9-42fe-2932-7ea0-1dd285491b7b, 5, 0, 405, 48, 30.00
2026/09/08 20:55:48.212, GPU-ecc6a1f9-42fe-2932-7ea0-1dd285491b7b, 5, 0, 405, 48, 30.00
2026/09/08 20:55:48.415, GPU-ecc6a1f9-42fe-2932-7ea0-1dd285491b7b, 5, 0, 405, 48, 30.00
2026/09/08 20:55:48.619, GPU-ecc6a1f9-42fe-2932-7ea0-1dd285491b7b, 5, 0, 405, 48, 30.00
2026/09/08 20:55:48.822, GPU-ecc6a1f9-42fe-2932-7ea0-1dd285491b7b, 5, 0, 405, 48, 30.00
2026/09/08 20:55:49.028, GPU-ecc6a1f9-42fe-2932-7ea0-1dd285491b7b, 5, 0, 405, 48, 30.00
2026/09/08 20:55:49.231, GPU-ecc6a1f9-42fe-2932-7ea0-1dd285491b7b, 5, 0, 405, 48, 30.00
2026/09/08 20:55:49.435, GPU-ecc6a1f9-42fe-2932-7ea0-1dd285491b7b, 5, 0, 405, 48, 30.00
2026/09/08 20:55:49.638, GPU-ecc6a1f9-42fe-2932-7ea0-1dd285491b7b, 5, 0, 405, 48, 30.00
2026/09/08 20:55:49.842, GPU-ecc6a1f9-42fe-2932-7ea0-1dd285491b7b, 5, 0, 405, 48, 30.00
2026/09/08 20:55:50.045, GPU-ecc6a1f9-42fe-2932-7ea0-1dd285491b7b, 5, 0, 405, 48, 30.00
2026/09/08 20:55:50.251, GPU-ecc6a1f9-42fe-2932-7ea0-1dd285491b7b, 5, 0, 405, 48, 30.00
2026/09/08 20:55:50.455, GPU-ecc6a1f9-42fe-2932-7ea0-1dd285491b7b, 5, 0, 405, 47, 30.00
2026/09/08 20:55:50.658, GPU-ecc6a1f9-42fe-2932-7ea0-1dd285491b7b, 5, 0, 405, 47, 29.75
2026/09/08 20:55:50.862, GPU-ecc6a1f9-42fe-2932-7ea0-1dd285491b7b, 5, 0, 405, 47, 30.00
2026/09/08 20:55:51.065, GPU-ecc6a1f9-42fe-2932-7ea0-1dd285491b7b, 5, 0, 405, 47, 29.75
2026/09/08 20:55:51.272, GPU-ecc6a1f9-42fe-2932-7ea0-1dd285491b7b, 5, 0, 405, 47, 29.75
2026/09/08 20:55:51.475, GPU-ecc6a1f9-42fe-2932-7ea0-1dd285491b7b, 5, 0, 405, 47, 29.75
2026/09/08 20:55:51.679, GPU-ecc6a1f9-42fe-2932-7ea0-1dd285491b7b, 5, 0, 405, 47, 29.75
2026/09/08 20:55:51.882, GPU-ecc6a1f9-42fe-2932-7ea0-1dd285491b7b, 5, 0, 405, 47, 29.75
2026/09/08 20:55:52.086, GPU-ecc6a1f9-42fe-2932-7ea0-1dd285491b7b, 5, 0, 405, 47, 30.00
2026/09/08 20:55:52.292, GPU-ecc6a1f9-42fe-2932-7ea0-1dd285491b7b, 5, 0, 405, 47, 29.75
2026/09/08 20:55:52.496, GPU-ecc6a1f9-42fe-2932-7ea0-1dd285491b7b, 5, 0, 405, 47, 29.75
2026/09/08 20:55:52.699, GPU-ecc6a1f9-42fe-2932-7ea0-1dd285491b7b, 5, 0, 405, 47, 29.75
2026/09/08 20:55:52.903, GPU-ecc6a1f9-42fe-2932-7ea0-1dd285491b7b, 5, 0, 405, 47, 29.75
2026/09/08 20:55:53.106, GPU-ecc6a1f9-42fe-2932-7ea0-1dd285491b7b, 5, 0, 405, 47, 29.51
2026/09/08 20:55:53.311, GPU-ecc6a1f9-42fe-2932-7ea0-1dd285491b7b, 5, 0, 405, 47, 29.51
2026/09/08 20:55:53.515, GPU-ecc6a1f9-42fe-2932-7ea0-1dd285491b7b, 5, 0, 405, 47, 29.51
2026/09/08 20:55:53.718, GPU-ecc6a1f9-42fe-2932-7ea0-1dd285491b7b, 5, 0, 405, 47, 29.75
2026/09/08 20:55:53.922, GPU-ecc6a1f9-42fe-2932-7ea0-1dd285491b7b, 5, 0, 405, 47, 29.51
2026/09/08 20:55:54.125, GPU-ecc6a1f9-42fe-2932-7ea0-1dd285491b7b, 5, 0, 405, 47, 29.51
2026/09/08 20:55:54.331, GPU-ecc6a1f9-42fe-2932-7ea0-1dd285491b7b, 5, 0, 405, 46, 29.51
2026/09/08 20:55:54.534, GPU-ecc6a1f9-42fe-2932-7ea0-1dd285491b7b, 5, 0, 405, 46, 29.51
2026/09/08 20:55:54.738, GPU-ecc6a1f9-42fe-2932-7ea0-1dd285491b7b, 5, 0, 405, 46, 29.51
2026/09/08 20:55:54.941, GPU-ecc6a1f9-42fe-2932-7ea0-1dd285491b7b, 5, 0, 405, 46, 29.51
2026/09/08 20:55:55.145, GPU-ecc6a1f9-42fe-2932-7ea0-1dd285491b7b, 5, 0, 405, 46, 29.51
2026/09/08 20:55:55.350, GPU-ecc6a1f9-42fe-2932-7ea0-1dd285491b7b, 5, 0, 405, 46, 29.51
2026/09/08 20:55:55.554, GPU-ecc6a1f9-42fe-2932-7ea0-1dd285491b7b, 5, 0, 405, 46, 29.51
2026/09/08 20:55:55.757, GPU-ecc6a1f9-42fe-2932-7ea0-1dd285491b7b, 5, 0, 405, 46, 29.51
2026/09/08 20:55:55.961, GPU-ecc6a1f9-42fe-2932-7ea0-1dd285491b7b, 5, 0, 405, 46, 29.51
2026/09/08 20:55:56.164, GPU-ecc6a1f9-42fe-2932-7ea0-1dd285491b7b, 5, 0, 405, 46, 29.51
2026/09/08 20:55:56.370, GPU-ecc6a1f9-42fe-2932-7ea0-1dd285491b7b, 5, 0, 405, 46, 29.51
2026/09/08 20:55:56.573, GPU-ecc6a1f9-42fe-2932-7ea0-1dd285491b7b, 5, 0, 405, 46, 29.51
2026/09/08 20:55:56.777, GPU-ecc6a1f9-42fe-2932-7ea0-1dd285491b7b, 5, 0, 405, 46, 29.51
2026/09/08 20:55:56.980, GPU-ecc6a1f9-42fe-2932-7ea0-1dd285491b7b, 5, 0, 405, 46, 29.51
2026/09/08 20:55:57.185, GPU-ecc6a1f9-42fe-2932-7ea0-1dd285491b7b, 5, 0, 405, 46, 29.51
2026/09/08 20:55:57.389, GPU-ecc6a1f9-42fe-2932-7ea0-1dd285491b7b, 5, 0, 405, 46, 29.26
2026/09/08 20:55:57.593, GPU-ecc6a1f9-42fe-2932-7ea0-1dd285491b7b, 5, 0, 405, 46, 29.26
2026/09/08 20:55:57.796, GPU-ecc6a1f9-42fe-2932-7ea0-1dd285491b7b, 5, 0, 405, 46, 29.26
2026/09/08 20:55:58.000, GPU-ecc6a1f9-42fe-2932-7ea0-1dd285491b7b, 5, 0, 405, 46, 29.26
2026/09/08 20:55:58.203, GPU-ecc6a1f9-42fe-2932-7ea0-1dd285491b7b, 5, 0, 405, 46, 29.26
2026/09/08 20:55:58.408, GPU-ecc6a1f9-42fe-2932-7ea0-1dd285491b7b, 5, 0, 405, 46, 29.26
2026/09/08 20:55:58.612, GPU-ecc6a1f9-42fe-2932-7ea0-1dd285491b7b, 5, 0, 405, 46, 29.26
2026/09/08 20:55:58.815, GPU-ecc6a1f9-42fe-2932-7ea0-1dd285491b7b, 5, 0, 405, 45, 29.26
2026/09/08 20:55:59.019, GPU-ecc6a1f9-42fe-2932-7ea0-1dd285491b7b, 5, 0, 405, 45, 29.26
2026/09/08 20:55:59.222, GPU-ecc6a1f9-42fe-2932-7ea0-1dd285491b7b, 5, 0, 405, 46, 29.26
2026/09/08 20:55:59.428, GPU-ecc6a1f9-42fe-2932-7ea0-1dd285491b7b, 5, 0, 405, 45, 29.26
2026/09/08 20:55:59.631, GPU-ecc6a1f9-42fe-2932-7ea0-1dd285491b7b, 5, 0, 405, 45, 29.26
2026/09/08 20:55:59.835, GPU-ecc6a1f9-42fe-2932-7ea0-1dd285491b7b, 5, 0, 405, 45, 29.26
2026/09/08 20:56:00.038, GPU-ecc6a1f9-42fe-2932-7ea0-1dd285491b7b, 5, 0, 405, 45, 29.26
2026/09/08 20:56:00.242, GPU-ecc6a1f9-42fe-2932-7ea0-1dd285491b7b, 5, 0, 405, 45, 29.26
2026/09/08 20:56:00.447, GPU-ecc6a1f9-42fe-2932-7ea0-1dd285491b7b, 5, 0, 405, 45, 29.26
2026/09/08 20:56:00.651, GPU-ecc6a1f9-42fe-2932-7ea0-1dd285491b7b, 5, 0, 405, 45, 29.26
2026/09/08 20:56:00.854, GPU-ecc6a1f9-42fe-2932-7ea0-1dd285491b7b, 5, 0, 405, 45, 29.26
2026/09/08 20:56:01.058, GPU-ecc6a1f9-42fe-2932-7ea0-1dd285491b7b, 5, 0, 405, 45, 29.26
2026/09/08 20:56:01.262, GPU-ecc6a1f9-42fe-2932-7ea0-1dd285491b7b, 5, 0, 405, 45, 29.26
2026/09/08 20:56:01.467, GPU-ecc6a1f9-42fe-2932-7ea0-1dd285491b7b, 5, 0, 405, 45, 29.26
2026/09/08 20:56:01.670, GPU-ecc6a1f9-42fe-2932-7ea0-1dd285491b7b, 5, 0, 405, 45, 29.26
2026/09/08 20:56:01.874, GPU-ecc6a1f9-42fe-2932-7ea0-1dd285491b7b, 5, 0, 405, 45, 29.02
2026/09/08 20:56:02.077, GPU-ecc6a1f9-42fe-2932-7ea0-1dd285491b7b, 5, 0, 405, 45, 29.26
2026/09/08 20:56:02.281, GPU-ecc6a1f9-42fe-2932-7ea0-1dd285491b7b, 5, 0, 405, 45, 29.26
2026/09/08 20:56:02.486, GPU-ecc6a1f9-42fe-2932-7ea0-1dd285491b7b, 5, 0, 405, 45, 29.02
2026/09/08 20:56:02.690, GPU-ecc6a1f9-42fe-2932-7ea0-1dd285491b7b, 5, 0, 405, 45, 29.02
2026/09/08 20:56:02.894, GPU-ecc6a1f9-42fe-2932-7ea0-1dd285491b7b, 5, 0, 405, 45, 29.02
2026/09/08 20:56:03.097, GPU-ecc6a1f9-42fe-2932-7ea0-1dd285491b7b, 5, 0, 405, 45, 29.02
2026/09/08 20:56:03.301, GPU-ecc6a1f9-42fe-2932-7ea0-1dd285491b7b, 5, 0, 405, 45, 29.02
2026/09/08 20:56:03.506, GPU-ecc6a1f9-42fe-2932-7ea0-1dd285491b7b, 5, 0, 405, 45, 29.02
2026/09/08 20:56:03.709, GPU-ecc6a1f9-42fe-2932-7ea0-1dd285491b7b, 5, 0, 405, 44, 29.02
2026/09/08 20:56:03.913, GPU-ecc6a1f9-42fe-2932-7ea0-1dd285491b7b, 5, 0, 405, 44, 29.02
2026/09/08 20:56:04.116, GPU-ecc6a1f9-42fe-2932-7ea0-1dd285491b7b, 5, 0, 405, 44, 29.02
2026/09/08 20:56:04.320, GPU-ecc6a1f9-42fe-2932-7ea0-1dd285491b7b, 5, 0, 405, 44, 29.02
2026/09/08 20:56:04.525, GPU-ecc6a1f9-42fe-2932-7ea0-1dd285491b7b, 5, 0, 405, 44, 29.02
2026/09/08 20:56:04.729, GPU-ecc6a1f9-42fe-2932-7ea0-1dd285491b7b, 5, 0, 405, 44, 29.02
2026/09/08 20:56:04.932, GPU-ecc6a1f9-42fe-2932-7ea0-1dd285491b7b, 5, 0, 405, 44, 29.02
2026/09/08 20:56:05.136, GPU-ecc6a1f9-42fe-2932-7ea0-1dd285491b7b, 5, 0, 405, 44, 29.02
2026/09/08 20:56:05.339, GPU-ecc6a1f9-42fe-2932-7ea0-1dd285491b7b, 5, 0, 405, 44, 29.02
2026/09/08 20:56:05.545, GPU-ecc6a1f9-42fe-2932-7ea0-1dd285491b7b, 5, 0, 405, 44, 29.02
2026/09/08 20:56:05.748, GPU-ecc6a1f9-42fe-2932-7ea0-1dd285491b7b, 5, 0, 405, 44, 29.02
2026/09/08 20:56:05.952, GPU-ecc6a1f9-42fe-2932-7ea0-1dd285491b7b, 5, 0, 405, 44, 29.02
2026/09/08 20:56:06.155, GPU-ecc6a1f9-42fe-2932-7ea0-1dd285491b7b, 5, 0, 405, 44, 29.02
2026/09/08 20:56:06.359, GPU-ecc6a1f9-42fe-2932-7ea0-1dd285491b7b, 5, 0, 405, 44, 29.02
2026/09/08 20:56:06.564, GPU-ecc6a1f9-42fe-2932-7ea0-1dd285491b7b, 5, 0, 405, 44, 29.02
2026/09/08 20:56:06.768, GPU-ecc6a1f9-42fe-2932-7ea0-1dd285491b7b, 5, 0, 405, 44, 29.02
2026/09/08 20:56:06.971, GPU-ecc6a1f9-42fe-2932-7ea0-1dd285491b7b, 5, 0, 405, 44, 29.02
2026/09/08 20:56:07.175, GPU-ecc6a1f9-42fe-2932-7ea0-1dd285491b7b, 5, 0, 405, 44, 28.77
2026/09/08 20:56:07.378, GPU-ecc6a1f9-42fe-2932-7ea0-1dd285491b7b, 5, 0, 405, 44, 29.02
2026/09/08 20:56:07.585, GPU-ecc6a1f9-42fe-2932-7ea0-1dd285491b7b, 5, 0, 405, 44, 29.02
2026/09/08 20:56:07.788, GPU-ecc6a1f9-42fe-2932-7ea0-1dd285491b7b, 5, 0, 405, 44, 29.02
2026/09/08 20:56:07.992, GPU-ecc6a1f9-42fe-2932-7ea0-1dd285491b7b, 5, 0, 405, 44, 29.02
2026/09/08 20:56:08.195, GPU-ecc6a1f9-42fe-2932-7ea0-1dd285491b7b, 5, 0, 405, 44, 29.02
2026/09/08 20:56:08.399, GPU-ecc6a1f9-42fe-2932-7ea0-1dd285491b7b, 5, 0, 405, 44, 29.02
2026/09/08 20:56:08.605, GPU-ecc6a1f9-42fe-2932-7ea0-1dd285491b7b, 5, 0, 405, 44, 29.02
2026/09/08 20:56:08.809, GPU-ecc6a1f9-42fe-2932-7ea0-1dd285491b7b, 5, 0, 405, 44, 29.02
2026/09/08 20:56:09.012, GPU-ecc6a1f9-42fe-2932-7ea0-1dd285491b7b, 5, 0, 405, 43, 29.02
2026/09/08 20:56:09.216, GPU-ecc6a1f9-42fe-2932-7ea0-1dd285491b7b, 5, 0, 405, 44, 29.02
2026/09/08 20:56:09.419, GPU-ecc6a1f9-42fe-2932-7ea0-1dd285491b7b, 5, 0, 405, 44, 29.02
2026/09/08 20:56:09.624, GPU-ecc6a1f9-42fe-2932-7ea0-1dd285491b7b, 5, 0, 405, 43, 29.02
2026/09/08 20:56:09.828, GPU-ecc6a1f9-42fe-2932-7ea0-1dd285491b7b, 5, 0, 405, 43, 29.02
2026/09/08 20:56:10.031, GPU-ecc6a1f9-42fe-2932-7ea0-1dd285491b7b, 5, 0, 405, 43, 29.02
2026/09/08 20:56:10.235, GPU-ecc6a1f9-42fe-2932-7ea0-1dd285491b7b, 5, 0, 405, 43, 29.02
2026/09/08 20:56:10.439, GPU-ecc6a1f9-42fe-2932-7ea0-1dd285491b7b, 5, 0, 405, 43, 29.02
2026/09/08 20:56:10.642, GPU-ecc6a1f9-42fe-2932-7ea0-1dd285491b7b, 5, 0, 405, 43, 29.02
2026/09/08 20:56:10.846, GPU-ecc6a1f9-42fe-2932-7ea0-1dd285491b7b, 5, 0, 405, 43, 29.02
2026/09/08 20:56:11.049, GPU-ecc6a1f9-42fe-2932-7ea0-1dd285491b7b, 5, 0, 405, 43, 29.02
2026/09/08 20:56:11.253, GPU-ecc6a1f9-42fe-2932-7ea0-1dd285491b7b, 5, 0, 405, 43, 29.02
2026/09/08 20:56:11.457, GPU-ecc6a1f9-42fe-2932-7ea0-1dd285491b7b, 5, 0, 405, 43, 28.77
2026/09/08 20:56:11.660, GPU-ecc6a1f9-42fe-2932-7ea0-1dd285491b7b, 5, 0, 405, 43, 28.77
2026/09/08 20:56:11.864, GPU-ecc6a1f9-42fe-2932-7ea0-1dd285491b7b, 5, 0, 405, 43, 28.77
2026/09/08 20:56:12.069, GPU-ecc6a1f9-42fe-2932-7ea0-1dd285491b7b, 5, 0, 405, 43, 28.77
2026/09/08 20:56:12.273, GPU-ecc6a1f9-42fe-2932-7ea0-1dd285491b7b, 5, 0, 405, 43, 28.77
2026/09/08 20:56:12.476, GPU-ecc6a1f9-42fe-2932-7ea0-1dd285491b7b, 5, 0, 405, 43, 28.77
2026/09/08 20:56:12.680, GPU-ecc6a1f9-42fe-2932-7ea0-1dd285491b7b, 5, 0, 405, 43, 28.77
2026/09/08 20:56:12.883, GPU-ecc6a1f9-42fe-2932-7ea0-1dd285491b7b, 5, 0, 405, 43, 28.77
2026/09/08 20:56:13.087, GPU-ecc6a1f9-42fe-2932-7ea0-1dd285491b7b, 5, 0, 405, 43, 28.77
2026/09/08 20:56:13.292, GPU-ecc6a1f9-42fe-2932-7ea0-1dd285491b7b, 5, 0, 405, 43, 28.77
2026/09/08 20:56:13.495, GPU-ecc6a1f9-42fe-2932-7ea0-1dd285491b7b, 5, 0, 405, 43, 28.77
2026/09/08 20:56:13.699, GPU-ecc6a1f9-42fe-2932-7ea0-1dd285491b7b, 5, 0, 405, 43, 28.77
2026/09/08 20:56:13.902, GPU-ecc6a1f9-42fe-2932-7ea0-1dd285491b7b, 5, 0, 405, 43, 28.77
2026/09/08 20:56:14.106, GPU-ecc6a1f9-42fe-2932-7ea0-1dd285491b7b, 5, 0, 405, 43, 28.77
2026/09/08 20:56:14.312, GPU-ecc6a1f9-42fe-2932-7ea0-1dd285491b7b, 5, 0, 405, 42, 28.77
2026/09/08 20:56:14.516, GPU-ecc6a1f9-42fe-2932-7ea0-1dd285491b7b, 5, 0, 405, 43, 28.77
2026/09/08 20:56:14.719, GPU-ecc6a1f9-42fe-2932-7ea0-1dd285491b7b, 5, 0, 405, 43, 28.77
2026/09/08 20:56:14.923, GPU-ecc6a1f9-42fe-2932-7ea0-1dd285491b7b, 5, 0, 405, 42, 28.77
2026/09/08 20:56:15.126, GPU-ecc6a1f9-42fe-2932-7ea0-1dd285491b7b, 5, 0, 405, 42, 28.77
2026/09/08 20:56:15.332, GPU-ecc6a1f9-42fe-2932-7ea0-1dd285491b7b, 5, 0, 405, 42, 28.77
2026/09/08 20:56:15.535, GPU-ecc6a1f9-42fe-2932-7ea0-1dd285491b7b, 5, 0, 405, 42, 28.77
2026/09/08 20:56:15.739, GPU-ecc6a1f9-42fe-2932-7ea0-1dd285491b7b, 5, 0, 405, 42, 28.77
2026/09/08 20:56:15.942, GPU-ecc6a1f9-42fe-2932-7ea0-1dd285491b7b, 5, 0, 405, 42, 28.77
2026/09/08 20:56:16.146, GPU-ecc6a1f9-42fe-2932-7ea0-1dd285491b7b, 5, 0, 405, 42, 28.77
2026/09/08 20:56:16.351, GPU-ecc6a1f9-42fe-2932-7ea0-1dd285491b7b, 5, 0, 405, 42, 28.77
2026/09/08 20:56:16.554, GPU-ecc6a1f9-42fe-2932-7ea0-1dd285491b7b, 5, 0, 405, 42, 28.77
2026/09/08 20:56:16.758, GPU-ecc6a1f9-42fe-2932-7ea0-1dd285491b7b, 5, 0, 405, 42, 28.77
2026/09/08 20:56:16.961, GPU-ecc6a1f9-42fe-2932-7ea0-1dd285491b7b, 5, 0, 405, 42, 28.77
2026/09/08 20:56:17.165, GPU-ecc6a1f9-42fe-2932-7ea0-1dd285491b7b, 5, 0, 405, 42, 28.77
2026/09/08 20:56:17.370, GPU-ecc6a1f9-42fe-2932-7ea0-1dd285491b7b, 5, 0, 405, 42, 28.77
2026/09/08 20:56:17.574, GPU-ecc6a1f9-42fe-2932-7ea0-1dd285491b7b, 5, 0, 405, 42, 28.77
2026/09/08 20:56:17.777, GPU-ecc6a1f9-42fe-2932-7ea0-1dd285491b7b, 5, 0, 405, 42, 28.53
2026/09/08 20:56:17.982, GPU-ecc6a1f9-42fe-2932-7ea0-1dd285491b7b, 5, 0, 405, 42, 28.53
2026/09/08 20:56:18.185, GPU-ecc6a1f9-42fe-2932-7ea0-1dd285491b7b, 5, 0, 405, 42, 28.77
2026/09/08 20:56:18.390, GPU-ecc6a1f9-42fe-2932-7ea0-1dd285491b7b, 5, 0, 405, 42, 28.77
2026/09/08 20:56:18.593, GPU-ecc6a1f9-42fe-2932-7ea0-1dd285491b7b, 5, 0, 405, 42, 28.53
2026/09/08 20:56:18.797, GPU-ecc6a1f9-42fe-2932-7ea0-1dd285491b7b, 5, 0, 405, 42, 28.53
2026/09/08 20:56:19.000, GPU-ecc6a1f9-42fe-2932-7ea0-1dd285491b7b, 5, 0, 405, 42, 28.53
2026/09/08 20:56:19.204, GPU-ecc6a1f9-42fe-2932-7ea0-1dd285491b7b, 5, 0, 405, 42, 28.77
2026/09/08 20:56:19.409, GPU-ecc6a1f9-42fe-2932-7ea0-1dd285491b7b, 5, 0, 405, 42, 28.53
2026/09/08 20:56:19.613, GPU-ecc6a1f9-42fe-2932-7ea0-1dd285491b7b, 5, 0, 405, 42, 28.53
2026/09/08 20:56:19.816, GPU-ecc6a1f9-42fe-2932-7ea0-1dd285491b7b, 5, 0, 405, 42, 28.53
2026/09/08 20:56:20.020, GPU-ecc6a1f9-42fe-2932-7ea0-1dd285491b7b, 5, 0, 405, 42, 28.53
2026/09/08 20:56:20.223, GPU-ecc6a1f9-42fe-2932-7ea0-1dd285491b7b, 5, 0, 405, 42, 28.53
2026/09/08 20:56:20.429, GPU-ecc6a1f9-42fe-2932-7ea0-1dd285491b7b, 5, 0, 405, 42, 28.53
2026/09/08 20:56:20.632, GPU-ecc6a1f9-42fe-2932-7ea0-1dd285491b7b, 5, 0, 405, 42, 28.53
2026/09/08 20:56:20.836, GPU-ecc6a1f9-42fe-2932-7ea0-1dd285491b7b, 5, 0, 405, 41, 28.53
2026/09/08 20:56:21.039, GPU-ecc6a1f9-42fe-2932-7ea0-1dd285491b7b, 5, 0, 405, 42, 28.53
2026/09/08 20:56:21.243, GPU-ecc6a1f9-42fe-2932-7ea0-1dd285491b7b, 5, 0, 405, 41, 28.53
2026/09/08 20:56:21.448, GPU-ecc6a1f9-42fe-2932-7ea0-1dd285491b7b, 5, 0, 405, 41, 28.53
2026/09/08 20:56:21.652, GPU-ecc6a1f9-42fe-2932-7ea0-1dd285491b7b, 5, 0, 405, 41, 28.53
2026/09/08 20:56:21.855, GPU-ecc6a1f9-42fe-2932-7ea0-1dd285491b7b, 5, 0, 405, 41, 28.53
2026/09/08 20:56:22.059, GPU-ecc6a1f9-42fe-2932-7ea0-1dd285491b7b, 5, 0, 405, 41, 28.53
2026/09/08 20:56:22.262, GPU-ecc6a1f9-42fe-2932-7ea0-1dd285491b7b, 5, 0, 405, 41, 28.53
2026/09/08 20:56:22.468, GPU-ecc6a1f9-42fe-2932-7ea0-1dd285491b7b, 5, 0, 405, 41, 28.53
2026/09/08 20:56:22.671, GPU-ecc6a1f9-42fe-2932-7ea0-1dd285491b7b, 5, 0, 405, 41, 28.53
2026/09/08 20:56:22.875, GPU-ecc6a1f9-42fe-2932-7ea0-1dd285491b7b, 5, 0, 405, 41, 28.53
2026/09/08 20:56:23.078, GPU-ecc6a1f9-42fe-2932-7ea0-1dd285491b7b, 5, 0, 405, 41, 28.53
2026/09/08 20:56:23.282, GPU-ecc6a1f9-42fe-2932-7ea0-1dd285491b7b, 5, 0, 405, 41, 28.53
2026/09/08 20:56:23.487, GPU-ecc6a1f9-42fe-2932-7ea0-1dd285491b7b, 5, 0, 405, 41, 28.53
2026/09/08 20:56:23.691, GPU-ecc6a1f9-42fe-2932-7ea0-1dd285491b7b, 5, 0, 405, 41, 28.53
2026/09/08 20:56:23.894, GPU-ecc6a1f9-42fe-2932-7ea0-1dd285491b7b, 5, 0, 405, 41, 28.53
2026/09/08 20:56:24.098, GPU-ecc6a1f9-42fe-2932-7ea0-1dd285491b7b, 5, 0, 405, 41, 28.53
2026/09/08 20:56:24.301, GPU-ecc6a1f9-42fe-2932-7ea0-1dd285491b7b, 5, 0, 405, 41, 28.53
2026/09/08 20:56:24.507, GPU-ecc6a1f9-42fe-2932-7ea0-1dd285491b7b, 5, 0, 405, 41, 28.53
2026/09/08 20:56:24.710, GPU-ecc6a1f9-42fe-2932-7ea0-1dd285491b7b, 5, 0, 405, 41, 28.53
2026/09/08 20:56:24.914, GPU-ecc6a1f9-42fe-2932-7ea0-1dd285491b7b, 5, 0, 405, 41, 28.53
2026/09/08 20:56:25.118, GPU-ecc6a1f9-42fe-2932-7ea0-1dd285491b7b, 5, 0, 405, 41, 28.53
2026/09/08 20:56:25.321, GPU-ecc6a1f9-42fe-2932-7ea0-1dd285491b7b, 5, 0, 405, 41, 28.53
2026/09/08 20:56:25.526, GPU-ecc6a1f9-42fe-2932-7ea0-1dd285491b7b, 5, 0, 405, 41, 28.53
2026/09/08 20:56:25.730, GPU-ecc6a1f9-42fe-2932-7ea0-1dd285491b7b, 5, 0, 405, 41, 28.53
2026/09/08 20:56:25.933, GPU-ecc6a1f9-42fe-2932-7ea0-1dd285491b7b, 5, 0, 405, 41, 28.29
2026/09/08 20:56:26.137, GPU-ecc6a1f9-42fe-2932-7ea0-1dd285491b7b, 5, 0, 405, 41, 28.29
2026/09/08 20:56:26.340, GPU-ecc6a1f9-42fe-2932-7ea0-1dd285491b7b, 5, 0, 405, 41, 28.29
2026/09/08 20:56:26.545, GPU-ecc6a1f9-42fe-2932-7ea0-1dd285491b7b, 5, 0, 405, 41, 28.29
2026/09/08 20:56:26.749, GPU-ecc6a1f9-42fe-2932-7ea0-1dd285491b7b, 5, 0, 405, 41, 28.29
2026/09/08 20:56:26.952, GPU-ecc6a1f9-42fe-2932-7ea0-1dd285491b7b, 5, 0, 405, 41, 28.29
2026/09/08 20:56:27.156, GPU-ecc6a1f9-42fe-2932-7ea0-1dd285491b7b, 5, 0, 405, 41, 28.29
2026/09/08 20:56:27.359, GPU-ecc6a1f9-42fe-2932-7ea0-1dd285491b7b, 5, 0, 405, 40, 28.53
2026/09/08 20:56:27.565, GPU-ecc6a1f9-42fe-2932-7ea0-1dd285491b7b, 5, 0, 405, 40, 28.29
2026/09/08 20:56:27.769, GPU-ecc6a1f9-42fe-2932-7ea0-1dd285491b7b, 5, 0, 405, 40, 28.29
2026/09/08 20:56:27.972, GPU-ecc6a1f9-42fe-2932-7ea0-1dd285491b7b, 5, 0, 405, 41, 28.29
2026/09/08 20:56:28.176, GPU-ecc6a1f9-42fe-2932-7ea0-1dd285491b7b, 5, 0, 405, 41, 28.29
2026/09/08 20:56:28.379, GPU-ecc6a1f9-42fe-2932-7ea0-1dd285491b7b, 5, 0, 405, 40, 28.29
2026/09/08 20:56:28.585, GPU-ecc6a1f9-42fe-2932-7ea0-1dd285491b7b, 5, 0, 405, 40, 28.04
2026/09/08 20:56:28.788, GPU-ecc6a1f9-42fe-2932-7ea0-1dd285491b7b, 5, 0, 405, 40, 28.29
2026/09/08 20:56:28.992, GPU-ecc6a1f9-42fe-2932-7ea0-1dd285491b7b, 5, 0, 405, 40, 28.29
2026/09/08 20:56:29.195, GPU-ecc6a1f9-42fe-2932-7ea0-1dd285491b7b, 5, 0, 405, 40, 28.29
2026/09/08 20:56:29.400, GPU-ecc6a1f9-42fe-2932-7ea0-1dd285491b7b, 7, 0, 405, 40, 28.29
2026/09/08 20:56:29.605, GPU-ecc6a1f9-42fe-2932-7ea0-1dd285491b7b, 15, 0, 405, 40, 28.29
2026/09/08 20:56:29.809, GPU-ecc6a1f9-42fe-2932-7ea0-1dd285491b7b, 493, 4, 1189, 41, 121.18
2026/09/08 20:56:30.012, GPU-ecc6a1f9-42fe-2932-7ea0-1dd285491b7b, 493, 100, 1328, 41, 140.16
2026/09/08 20:56:30.216, GPU-ecc6a1f9-42fe-2932-7ea0-1dd285491b7b, 493, 100, 1328, 42, 142.59
2026/09/08 20:56:30.419, GPU-ecc6a1f9-42fe-2932-7ea0-1dd285491b7b, 493, 100, 1328, 43, 142.34
2026/09/08 20:56:30.623, GPU-ecc6a1f9-42fe-2932-7ea0-1dd285491b7b, 493, 100, 1328, 43, 143.31
2026/09/08 20:56:30.827, GPU-ecc6a1f9-42fe-2932-7ea0-1dd285491b7b, 493, 100, 1328, 43, 142.83
2026/09/08 20:56:31.030, GPU-ecc6a1f9-42fe-2932-7ea0-1dd285491b7b, 493, 73, 1328, 43, 103.87
2026/09/08 20:56:31.234, GPU-ecc6a1f9-42fe-2932-7ea0-1dd285491b7b, 493, 92, 1328, 43, 120.05
2026/09/08 20:56:31.437, GPU-ecc6a1f9-42fe-2932-7ea0-1dd285491b7b, 493, 100, 1328, 43, 73.95
2026/09/08 20:56:31.640, GPU-ecc6a1f9-42fe-2932-7ea0-1dd285491b7b, 493, 78, 1328, 42, 56.72
2026/09/08 20:56:31.846, GPU-ecc6a1f9-42fe-2932-7ea0-1dd285491b7b, 601, 30, 1328, 42, 40.21
2026/09/08 20:56:32.049, GPU-ecc6a1f9-42fe-2932-7ea0-1dd285491b7b, 601, 47, 1328, 43, 142.83
2026/09/08 20:56:32.253, GPU-ecc6a1f9-42fe-2932-7ea0-1dd285491b7b, 601, 100, 1328, 43, 143.07
2026/09/08 20:56:32.456, GPU-ecc6a1f9-42fe-2932-7ea0-1dd285491b7b, 601, 100, 1328, 43, 144.04
2026/09/08 20:56:32.660, GPU-ecc6a1f9-42fe-2932-7ea0-1dd285491b7b, 601, 100, 1328, 44, 143.31
2026/09/08 20:56:32.865, GPU-ecc6a1f9-42fe-2932-7ea0-1dd285491b7b, 601, 100, 1328, 44, 143.55
2026/09/08 20:56:33.069, GPU-ecc6a1f9-42fe-2932-7ea0-1dd285491b7b, 601, 100, 1328, 44, 144.28
2026/09/08 20:56:33.272, GPU-ecc6a1f9-42fe-2932-7ea0-1dd285491b7b, 601, 96, 1328, 44, 131.12
2026/09/08 20:56:33.476, GPU-ecc6a1f9-42fe-2932-7ea0-1dd285491b7b, 601, 100, 1328, 44, 130.87
2026/09/08 20:56:33.679, GPU-ecc6a1f9-42fe-2932-7ea0-1dd285491b7b, 601, 100, 1328, 44, 76.59
2026/09/08 20:56:33.885, GPU-ecc6a1f9-42fe-2932-7ea0-1dd285491b7b, 601, 83, 1328, 44, 135.16
2026/09/08 20:56:34.088, GPU-ecc6a1f9-42fe-2932-7ea0-1dd285491b7b, 601, 100, 1328, 44, 134.92
2026/09/08 20:56:34.292, GPU-ecc6a1f9-42fe-2932-7ea0-1dd285491b7b, 601, 100, 1328, 44, 121.75
2026/09/08 20:56:34.495, GPU-ecc6a1f9-42fe-2932-7ea0-1dd285491b7b, 601, 96, 1328, 44, 120.71
2026/09/08 20:56:34.699, GPU-ecc6a1f9-42fe-2932-7ea0-1dd285491b7b, 601, 100, 1328, 44, 64.51
2026/09/08 20:56:34.904, GPU-ecc6a1f9-42fe-2932-7ea0-1dd285491b7b, 601, 91, 1328, 44, 121.43
2026/09/08 20:56:35.108, GPU-ecc6a1f9-42fe-2932-7ea0-1dd285491b7b, 601, 100, 1328, 44, 77.32
2026/09/08 20:56:35.312, GPU-ecc6a1f9-42fe-2932-7ea0-1dd285491b7b, 601, 100, 1328, 44, 127.01
2026/09/08 20:56:35.515, GPU-ecc6a1f9-42fe-2932-7ea0-1dd285491b7b, 601, 100, 1328, 44, 78.04
2026/09/08 20:56:35.719, GPU-ecc6a1f9-42fe-2932-7ea0-1dd285491b7b, 601, 96, 1328, 44, 144.52
2026/09/08 20:56:35.924, GPU-ecc6a1f9-42fe-2932-7ea0-1dd285491b7b, 601, 100, 1328, 44, 143.80
2026/09/08 20:56:36.127, GPU-ecc6a1f9-42fe-2932-7ea0-1dd285491b7b, 601, 100, 1328, 45, 143.55
2026/09/08 20:56:36.331, GPU-ecc6a1f9-42fe-2932-7ea0-1dd285491b7b, 601, 100, 1328, 45, 144.28
2026/09/08 20:56:36.534, GPU-ecc6a1f9-42fe-2932-7ea0-1dd285491b7b, 601, 100, 1328, 45, 144.28
2026/09/08 20:56:36.738, GPU-ecc6a1f9-42fe-2932-7ea0-1dd285491b7b, 601, 100, 1328, 45, 122.40
2026/09/08 20:56:36.943, GPU-ecc6a1f9-42fe-2932-7ea0-1dd285491b7b, 601, 85, 1328, 45, 132.25
2026/09/08 20:56:37.146, GPU-ecc6a1f9-42fe-2932-7ea0-1dd285491b7b, 601, 100, 1328, 45, 131.77
2026/09/08 20:56:37.350, GPU-ecc6a1f9-42fe-2932-7ea0-1dd285491b7b, 601, 99, 1328, 45, 58.18
2026/09/08 20:56:37.553, GPU-ecc6a1f9-42fe-2932-7ea0-1dd285491b7b, 601, 97, 1328, 45, 135.40
2026/09/08 20:56:37.757, GPU-ecc6a1f9-42fe-2932-7ea0-1dd285491b7b, 601, 100, 1328, 45, 135.64
2026/09/08 20:56:37.962, GPU-ecc6a1f9-42fe-2932-7ea0-1dd285491b7b, 601, 100, 1328, 45, 121.50
2026/09/08 20:56:38.166, GPU-ecc6a1f9-42fe-2932-7ea0-1dd285491b7b, 601, 96, 1328, 45, 121.02
2026/09/08 20:56:38.369, GPU-ecc6a1f9-42fe-2932-7ea0-1dd285491b7b, 601, 91, 1328, 44, 109.63
2026/09/08 20:56:38.573, GPU-ecc6a1f9-42fe-2932-7ea0-1dd285491b7b, 601, 100, 1328, 45, 121.19
2026/09/08 20:56:38.776, GPU-ecc6a1f9-42fe-2932-7ea0-1dd285491b7b, 601, 100, 1328, 45, 76.10
2026/09/08 20:56:38.982, GPU-ecc6a1f9-42fe-2932-7ea0-1dd285491b7b, 601, 96, 1328, 45, 127.48
2026/09/08 20:56:39.185, GPU-ecc6a1f9-42fe-2932-7ea0-1dd285491b7b, 601, 100, 1328, 45, 80.72
2026/09/08 20:56:39.389, GPU-ecc6a1f9-42fe-2932-7ea0-1dd285491b7b, 5, 17, 1328, 44, 40.70
2026/09/08 20:56:39.592, GPU-ecc6a1f9-42fe-2932-7ea0-1dd285491b7b, 5, 0, 1328, 44, 40.21
2026/09/08 20:56:39.796, GPU-ecc6a1f9-42fe-2932-7ea0-1dd285491b7b, 5, 0, 1328, 43, 40.21
2026/09/08 20:56:40.001, GPU-ecc6a1f9-42fe-2932-7ea0-1dd285491b7b, 5, 0, 1328, 43, 40.21
2026/09/08 20:56:40.204, GPU-ecc6a1f9-42fe-2932-7ea0-1dd285491b7b, 5, 0, 1328, 43, 39.72
2026/09/08 20:56:40.408, GPU-ecc6a1f9-42fe-2932-7ea0-1dd285491b7b, 5, 0, 1328, 43, 39.72
2026/09/08 20:56:40.611, GPU-ecc6a1f9-42fe-2932-7ea0-1dd285491b7b, 5, 0, 1328, 43, 39.72
2026/09/08 20:56:40.815, GPU-ecc6a1f9-42fe-2932-7ea0-1dd285491b7b, 5, 0, 1328, 43, 39.72
2026/09/08 20:56:41.020, GPU-ecc6a1f9-42fe-2932-7ea0-1dd285491b7b, 5, 0, 1328, 43, 39.72
2026/09/08 20:56:41.224, GPU-ecc6a1f9-42fe-2932-7ea0-1dd285491b7b, 5, 0, 1328, 43, 39.24
2026/09/08 20:56:41.427, GPU-ecc6a1f9-42fe-2932-7ea0-1dd285491b7b, 5, 0, 1328, 43, 39.48
2026/09/08 20:56:41.631, GPU-ecc6a1f9-42fe-2932-7ea0-1dd285491b7b, 5, 0, 1328, 42, 39.48
2026/09/08 20:56:41.834, GPU-ecc6a1f9-42fe-2932-7ea0-1dd285491b7b, 5, 0, 1328, 42, 39.48
2026/09/08 20:56:42.038, GPU-ecc6a1f9-42fe-2932-7ea0-1dd285491b7b, 5, 0, 721, 42, 30.00
2026/09/08 20:56:42.242, GPU-ecc6a1f9-42fe-2932-7ea0-1dd285491b7b, 5, 0, 721, 42, 30.00
2026/09/08 20:56:42.445, GPU-ecc6a1f9-42fe-2932-7ea0-1dd285491b7b, 5, 0, 721, 42, 30.00
2026/09/08 20:56:42.649, GPU-ecc6a1f9-42fe-2932-7ea0-1dd285491b7b, 5, 0, 721, 42, 30.00
2026/09/08 20:56:42.852, GPU-ecc6a1f9-42fe-2932-7ea0-1dd285491b7b, 5, 0, 721, 42, 30.00
2026/09/08 20:56:43.056, GPU-ecc6a1f9-42fe-2932-7ea0-1dd285491b7b, 5, 0, 721, 42, 30.00
2026/09/08 20:56:43.261, GPU-ecc6a1f9-42fe-2932-7ea0-1dd285491b7b, 5, 0, 721, 42, 30.00
2026/09/08 20:56:43.465, GPU-ecc6a1f9-42fe-2932-7ea0-1dd285491b7b, 5, 0, 721, 42, 30.00
2026/09/08 20:56:43.669, GPU-ecc6a1f9-42fe-2932-7ea0-1dd285491b7b, 5, 0, 721, 42, 29.75
2026/09/08 20:56:43.872, GPU-ecc6a1f9-42fe-2932-7ea0-1dd285491b7b, 5, 0, 721, 42, 30.00
2026/09/08 20:56:44.076, GPU-ecc6a1f9-42fe-2932-7ea0-1dd285491b7b, 5, 0, 721, 42, 29.75
2026/09/08 20:56:44.281, GPU-ecc6a1f9-42fe-2932-7ea0-1dd285491b7b, 5, 0, 721, 41, 29.75
2026/09/08 20:56:44.484, GPU-ecc6a1f9-42fe-2932-7ea0-1dd285491b7b, 5, 0, 721, 41, 29.75
2026/09/08 20:56:44.688, GPU-ecc6a1f9-42fe-2932-7ea0-1dd285491b7b, 5, 0, 405, 41, 28.53
2026/09/08 20:56:44.891, GPU-ecc6a1f9-42fe-2932-7ea0-1dd285491b7b, 5, 0, 405, 41, 28.53
2026/09/08 20:56:45.095, GPU-ecc6a1f9-42fe-2932-7ea0-1dd285491b7b, 5, 0, 405, 41, 28.53
2026/09/08 20:56:45.299, GPU-ecc6a1f9-42fe-2932-7ea0-1dd285491b7b, 5, 0, 405, 41, 28.53
2026/09/08 20:56:45.503, GPU-ecc6a1f9-42fe-2932-7ea0-1dd285491b7b, 5, 0, 405, 41, 28.53
2026/09/08 20:56:45.707, GPU-ecc6a1f9-42fe-2932-7ea0-1dd285491b7b, 5, 0, 405, 41, 28.53
2026/09/08 20:56:45.910, GPU-ecc6a1f9-42fe-2932-7ea0-1dd285491b7b, 5, 0, 405, 41, 28.53
2026/09/08 20:56:46.114, GPU-ecc6a1f9-42fe-2932-7ea0-1dd285491b7b, 5, 0, 405, 41, 28.53
2026/09/08 20:56:46.317, GPU-ecc6a1f9-42fe-2932-7ea0-1dd285491b7b, 5, 0, 405, 41, 28.53
2026/09/08 20:56:46.523, GPU-ecc6a1f9-42fe-2932-7ea0-1dd285491b7b, 5, 0, 405, 41, 28.53
2026/09/08 20:56:46.726, GPU-ecc6a1f9-42fe-2932-7ea0-1dd285491b7b, 5, 0, 405, 41, 28.53
2026/09/08 20:56:46.930, GPU-ecc6a1f9-42fe-2932-7ea0-1dd285491b7b, 5, 0, 405, 41, 28.29
2026/09/08 20:56:47.134, GPU-ecc6a1f9-42fe-2932-7ea0-1dd285491b7b, 5, 0, 405, 41, 28.53
2026/09/08 20:56:47.337, GPU-ecc6a1f9-42fe-2932-7ea0-1dd285491b7b, 5, 0, 405, 41, 28.53
2026/09/08 20:56:47.542, GPU-ecc6a1f9-42fe-2932-7ea0-1dd285491b7b, 5, 0, 405, 41, 28.53
2026/09/08 20:56:47.746, GPU-ecc6a1f9-42fe-2932-7ea0-1dd285491b7b, 5, 0, 405, 41, 28.53
2026/09/08 20:56:47.950, GPU-ecc6a1f9-42fe-2932-7ea0-1dd285491b7b, 5, 0, 405, 41, 28.53
2026/09/08 20:56:48.153, GPU-ecc6a1f9-42fe-2932-7ea0-1dd285491b7b, 5, 0, 405, 41, 28.29
2026/09/08 20:56:48.357, GPU-ecc6a1f9-42fe-2932-7ea0-1dd285491b7b, 5, 0, 405, 41, 28.29
2026/09/08 20:56:48.562, GPU-ecc6a1f9-42fe-2932-7ea0-1dd285491b7b, 5, 0, 405, 41, 28.29
2026/09/08 20:56:48.765, GPU-ecc6a1f9-42fe-2932-7ea0-1dd285491b7b, 5, 0, 405, 41, 28.29
2026/09/08 20:56:48.969, GPU-ecc6a1f9-42fe-2932-7ea0-1dd285491b7b, 5, 0, 405, 40, 28.29
2026/09/08 20:56:49.172, GPU-ecc6a1f9-42fe-2932-7ea0-1dd285491b7b, 5, 0, 405, 40, 28.29
2026/09/08 20:56:49.376, GPU-ecc6a1f9-42fe-2932-7ea0-1dd285491b7b, 5, 0, 405, 40, 28.29
2026/09/08 20:56:49.581, GPU-ecc6a1f9-42fe-2932-7ea0-1dd285491b7b, 5, 0, 405, 40, 28.29
2026/09/08 20:56:49.784, GPU-ecc6a1f9-42fe-2932-7ea0-1dd285491b7b, 5, 0, 405, 40, 28.29
2026/09/08 20:56:49.988, GPU-ecc6a1f9-42fe-2932-7ea0-1dd285491b7b, 5, 0, 405, 40, 28.29
2026/09/08 20:56:50.191, GPU-ecc6a1f9-42fe-2932-7ea0-1dd285491b7b, 5, 0, 405, 40, 28.29
2026/09/08 20:56:50.395, GPU-ecc6a1f9-42fe-2932-7ea0-1dd285491b7b, 5, 0, 405, 40, 28.29
2026/09/08 20:56:50.600, GPU-ecc6a1f9-42fe-2932-7ea0-1dd285491b7b, 5, 0, 405, 40, 28.29
2026/09/08 20:56:50.804, GPU-ecc6a1f9-42fe-2932-7ea0-1dd285491b7b, 5, 0, 405, 40, 28.30
2026/09/08 20:56:51.007, GPU-ecc6a1f9-42fe-2932-7ea0-1dd285491b7b, 5, 0, 405, 40, 28.29
2026/09/08 20:56:51.211, GPU-ecc6a1f9-42fe-2932-7ea0-1dd285491b7b, 5, 0, 405, 40, 28.29
2026/09/08 20:56:51.414, GPU-ecc6a1f9-42fe-2932-7ea0-1dd285491b7b, 5, 0, 405, 40, 28.04
2026/09/08 20:56:51.620, GPU-ecc6a1f9-42fe-2932-7ea0-1dd285491b7b, 5, 0, 405, 40, 28.29
2026/09/08 20:56:51.824, GPU-ecc6a1f9-42fe-2932-7ea0-1dd285491b7b, 5, 0, 405, 40, 28.29
2026/09/08 20:56:52.027, GPU-ecc6a1f9-42fe-2932-7ea0-1dd285491b7b, 5, 0, 405, 40, 28.29
2026/09/08 20:56:52.231, GPU-ecc6a1f9-42fe-2932-7ea0-1dd285491b7b, 5, 0, 405, 40, 28.29
2026/09/08 20:56:52.434, GPU-ecc6a1f9-42fe-2932-7ea0-1dd285491b7b, 5, 0, 405, 40, 28.29
2026/09/08 20:56:52.640, GPU-ecc6a1f9-42fe-2932-7ea0-1dd285491b7b, 5, 0, 405, 40, 28.29
2026/09/08 20:56:52.844, GPU-ecc6a1f9-42fe-2932-7ea0-1dd285491b7b, 5, 0, 405, 40, 28.29
2026/09/08 20:56:53.048, GPU-ecc6a1f9-42fe-2932-7ea0-1dd285491b7b, 5, 0, 405, 40, 28.29
2026/09/08 20:56:53.251, GPU-ecc6a1f9-42fe-2932-7ea0-1dd285491b7b, 5, 0, 405, 40, 28.30
2026/09/08 20:56:53.455, GPU-ecc6a1f9-42fe-2932-7ea0-1dd285491b7b, 5, 0, 405, 40, 28.29
2026/09/08 20:56:53.660, GPU-ecc6a1f9-42fe-2932-7ea0-1dd285491b7b, 5, 0, 405, 40, 28.29
2026/09/08 20:56:53.864, GPU-ecc6a1f9-42fe-2932-7ea0-1dd285491b7b, 5, 0, 405, 40, 28.04
2026/09/08 20:56:54.067, GPU-ecc6a1f9-42fe-2932-7ea0-1dd285491b7b, 5, 0, 405, 40, 28.29
2026/09/08 20:56:54.271, GPU-ecc6a1f9-42fe-2932-7ea0-1dd285491b7b, 5, 0, 405, 40, 28.29
2026/09/08 20:56:54.474, GPU-ecc6a1f9-42fe-2932-7ea0-1dd285491b7b, 5, 0, 405, 40, 28.04
2026/09/08 20:56:54.680, GPU-ecc6a1f9-42fe-2932-7ea0-1dd285491b7b, 5, 0, 405, 40, 28.04
2026/09/08 20:56:54.883, GPU-ecc6a1f9-42fe-2932-7ea0-1dd285491b7b, 5, 0, 405, 40, 28.04
2026/09/08 20:56:55.087, GPU-ecc6a1f9-42fe-2932-7ea0-1dd285491b7b, 5, 0, 405, 40, 28.29
2026/09/08 20:56:55.290, GPU-ecc6a1f9-42fe-2932-7ea0-1dd285491b7b, 5, 0, 405, 40, 28.29
2026/09/08 20:56:55.494, GPU-ecc6a1f9-42fe-2932-7ea0-1dd285491b7b, 5, 0, 405, 40, 28.29
2026/09/08 20:56:55.699, GPU-ecc6a1f9-42fe-2932-7ea0-1dd285491b7b, 5, 0, 405, 40, 28.29
2026/09/08 20:56:55.903, GPU-ecc6a1f9-42fe-2932-7ea0-1dd285491b7b, 5, 0, 405, 39, 28.04
2026/09/08 20:56:56.106, GPU-ecc6a1f9-42fe-2932-7ea0-1dd285491b7b, 5, 0, 405, 39, 28.04
2026/09/08 20:56:56.310, GPU-ecc6a1f9-42fe-2932-7ea0-1dd285491b7b, 5, 0, 405, 39, 27.80
2026/09/08 20:56:56.513, GPU-ecc6a1f9-42fe-2932-7ea0-1dd285491b7b, 5, 0, 405, 39, 28.04
2026/09/08 20:56:56.718, GPU-ecc6a1f9-42fe-2932-7ea0-1dd285491b7b, 5, 0, 405, 39, 28.04
2026/09/08 20:56:56.922, GPU-ecc6a1f9-42fe-2932-7ea0-1dd285491b7b, 5, 0, 405, 39, 28.04
2026/09/08 20:56:57.126, GPU-ecc6a1f9-42fe-2932-7ea0-1dd285491b7b, 5, 0, 405, 39, 27.80
2026/09/08 20:56:57.329, GPU-ecc6a1f9-42fe-2932-7ea0-1dd285491b7b, 5, 0, 405, 39, 27.80
2026/09/08 20:56:57.533, GPU-ecc6a1f9-42fe-2932-7ea0-1dd285491b7b, 5, 0, 405, 39, 28.04
2026/09/08 20:56:57.738, GPU-ecc6a1f9-42fe-2932-7ea0-1dd285491b7b, 5, 0, 405, 39, 27.80
2026/09/08 20:56:57.941, GPU-ecc6a1f9-42fe-2932-7ea0-1dd285491b7b, 5, 0, 405, 39, 27.80
2026/09/08 20:56:58.145, GPU-ecc6a1f9-42fe-2932-7ea0-1dd285491b7b, 5, 0, 405, 39, 27.80
2026/09/08 20:56:58.348, GPU-ecc6a1f9-42fe-2932-7ea0-1dd285491b7b, 5, 0, 405, 39, 27.80
2026/09/08 20:56:58.552, GPU-ecc6a1f9-42fe-2932-7ea0-1dd285491b7b, 5, 0, 405, 39, 28.04
2026/09/08 20:56:58.757, GPU-ecc6a1f9-42fe-2932-7ea0-1dd285491b7b, 5, 0, 405, 39, 27.80
2026/09/08 20:56:58.961, GPU-ecc6a1f9-42fe-2932-7ea0-1dd285491b7b, 5, 0, 405, 39, 27.80
2026/09/08 20:56:59.164, GPU-ecc6a1f9-42fe-2932-7ea0-1dd285491b7b, 5, 0, 405, 39, 28.04
2026/09/08 20:56:59.368, GPU-ecc6a1f9-42fe-2932-7ea0-1dd285491b7b, 5, 0, 405, 39, 28.04
2026/09/08 20:56:59.571, GPU-ecc6a1f9-42fe-2932-7ea0-1dd285491b7b, 5, 0, 405, 39, 27.80
2026/09/08 20:56:59.776, GPU-ecc6a1f9-42fe-2932-7ea0-1dd285491b7b, 5, 0, 405, 39, 27.80
2026/09/08 20:56:59.980, GPU-ecc6a1f9-42fe-2932-7ea0-1dd285491b7b, 5, 0, 405, 39, 28.04
2026/09/08 20:57:00.185, GPU-ecc6a1f9-42fe-2932-7ea0-1dd285491b7b, 5, 0, 405, 39, 27.80
2026/09/08 20:57:00.388, GPU-ecc6a1f9-42fe-2932-7ea0-1dd285491b7b, 5, 0, 405, 39, 27.80
2026/09/08 20:57:00.592, GPU-ecc6a1f9-42fe-2932-7ea0-1dd285491b7b, 5, 0, 405, 39, 27.80
2026/09/08 20:57:00.796, GPU-ecc6a1f9-42fe-2932-7ea0-1dd285491b7b, 5, 0, 405, 39, 28.04
2026/09/08 20:57:00.999, GPU-ecc6a1f9-42fe-2932-7ea0-1dd285491b7b, 5, 0, 405, 39, 27.80
2026/09/08 20:57:01.203, GPU-ecc6a1f9-42fe-2932-7ea0-1dd285491b7b, 5, 0, 405, 39, 28.04
2026/09/08 20:57:01.406, GPU-ecc6a1f9-42fe-2932-7ea0-1dd285491b7b, 5, 0, 405, 39, 27.80
2026/09/08 20:57:01.610, GPU-ecc6a1f9-42fe-2932-7ea0-1dd285491b7b, 5, 0, 405, 39, 27.80
2026/09/08 20:57:01.816, GPU-ecc6a1f9-42fe-2932-7ea0-1dd285491b7b, 5, 0, 405, 39, 28.04
2026/09/08 20:57:02.020, GPU-ecc6a1f9-42fe-2932-7ea0-1dd285491b7b, 5, 0, 405, 39, 27.80
2026/09/08 20:57:02.223, GPU-ecc6a1f9-42fe-2932-7ea0-1dd285491b7b, 5, 0, 405, 39, 27.80
2026/09/08 20:57:02.427, GPU-ecc6a1f9-42fe-2932-7ea0-1dd285491b7b, 5, 0, 405, 38, 27.80
2026/09/08 20:57:02.630, GPU-ecc6a1f9-42fe-2932-7ea0-1dd285491b7b, 5, 0, 405, 39, 27.80
2026/09/08 20:57:02.834, GPU-ecc6a1f9-42fe-2932-7ea0-1dd285491b7b, 5, 0, 405, 39, 27.80
2026/09/08 20:57:03.037, GPU-ecc6a1f9-42fe-2932-7ea0-1dd285491b7b, 5, 0, 405, 39, 27.80
2026/09/08 20:57:03.241, GPU-ecc6a1f9-42fe-2932-7ea0-1dd285491b7b, 5, 0, 405, 39, 27.80
2026/09/08 20:57:03.445, GPU-ecc6a1f9-42fe-2932-7ea0-1dd285491b7b, 5, 0, 405, 39, 27.80
2026/09/08 20:57:03.648, GPU-ecc6a1f9-42fe-2932-7ea0-1dd285491b7b, 5, 0, 405, 39, 28.04
2026/09/08 20:57:03.852, GPU-ecc6a1f9-42fe-2932-7ea0-1dd285491b7b, 5, 0, 405, 39, 27.80
2026/09/08 20:57:04.055, GPU-ecc6a1f9-42fe-2932-7ea0-1dd285491b7b, 5, 0, 405, 39, 27.80
2026/09/08 20:57:04.261, GPU-ecc6a1f9-42fe-2932-7ea0-1dd285491b7b, 5, 0, 405, 38, 27.80
2026/09/08 20:57:04.464, GPU-ecc6a1f9-42fe-2932-7ea0-1dd285491b7b, 5, 0, 405, 38, 28.04
2026/09/08 20:57:04.668, GPU-ecc6a1f9-42fe-2932-7ea0-1dd285491b7b, 5, 0, 405, 38, 28.04
2026/09/08 20:57:04.871, GPU-ecc6a1f9-42fe-2932-7ea0-1dd285491b7b, 5, 0, 405, 39, 27.80
2026/09/08 20:57:05.075, GPU-ecc6a1f9-42fe-2932-7ea0-1dd285491b7b, 5, 0, 405, 38, 27.80
2026/09/08 20:57:05.281, GPU-ecc6a1f9-42fe-2932-7ea0-1dd285491b7b, 5, 0, 405, 38, 27.80
2026/09/08 20:57:05.484, GPU-ecc6a1f9-42fe-2932-7ea0-1dd285491b7b, 5, 0, 405, 38, 27.80
2026/09/08 20:57:05.688, GPU-ecc6a1f9-42fe-2932-7ea0-1dd285491b7b, 5, 0, 405, 38, 27.80
2026/09/08 20:57:05.891, GPU-ecc6a1f9-42fe-2932-7ea0-1dd285491b7b, 5, 0, 405, 38, 27.80
2026/09/08 20:57:06.095, GPU-ecc6a1f9-42fe-2932-7ea0-1dd285491b7b, 5, 0, 405, 38, 27.80
2026/09/08 20:57:06.298, GPU-ecc6a1f9-42fe-2932-7ea0-1dd285491b7b, 5, 0, 405, 38, 27.80
2026/09/08 20:57:06.504, GPU-ecc6a1f9-42fe-2932-7ea0-1dd285491b7b, 5, 0, 405, 38, 27.80
2026/09/08 20:57:06.707, GPU-ecc6a1f9-42fe-2932-7ea0-1dd285491b7b, 5, 0, 405, 38, 27.80
2026/09/08 20:57:06.911, GPU-ecc6a1f9-42fe-2932-7ea0-1dd285491b7b, 5, 0, 405, 38, 27.80
2026/09/08 20:57:07.114, GPU-ecc6a1f9-42fe-2932-7ea0-1dd285491b7b, 5, 0, 405, 38, 27.80
2026/09/08 20:57:07.318, GPU-ecc6a1f9-42fe-2932-7ea0-1dd285491b7b, 5, 0, 405, 38, 27.80
2026/09/08 20:57:07.521, GPU-ecc6a1f9-42fe-2932-7ea0-1dd285491b7b, 5, 0, 405, 38, 27.80
2026/09/08 20:57:07.728, GPU-ecc6a1f9-42fe-2932-7ea0-1dd285491b7b, 5, 0, 405, 38, 27.80
2026/09/08 20:57:07.931, GPU-ecc6a1f9-42fe-2932-7ea0-1dd285491b7b, 5, 0, 405, 38, 27.80
2026/09/08 20:57:08.135, GPU-ecc6a1f9-42fe-2932-7ea0-1dd285491b7b, 5, 0, 405, 38, 27.80
2026/09/08 20:57:08.339, GPU-ecc6a1f9-42fe-2932-7ea0-1dd285491b7b, 5, 0, 405, 38, 27.56
2026/09/08 20:57:08.542, GPU-ecc6a1f9-42fe-2932-7ea0-1dd285491b7b, 5, 0, 405, 38, 27.80
2026/09/08 20:57:08.748, GPU-ecc6a1f9-42fe-2932-7ea0-1dd285491b7b, 5, 0, 405, 38, 27.56
2026/09/08 20:57:08.952, GPU-ecc6a1f9-42fe-2932-7ea0-1dd285491b7b, 5, 0, 405, 38, 27.56
2026/09/08 20:57:09.155, GPU-ecc6a1f9-42fe-2932-7ea0-1dd285491b7b, 5, 0, 405, 38, 27.56
2026/09/08 20:57:09.359, GPU-ecc6a1f9-42fe-2932-7ea0-1dd285491b7b, 5, 0, 405, 38, 27.56
2026/09/08 20:57:09.562, GPU-ecc6a1f9-42fe-2932-7ea0-1dd285491b7b, 5, 0, 405, 38, 27.56
2026/09/08 20:57:09.768, GPU-ecc6a1f9-42fe-2932-7ea0-1dd285491b7b, 5, 0, 405, 38, 27.80
2026/09/08 20:57:09.971, GPU-ecc6a1f9-42fe-2932-7ea0-1dd285491b7b, 5, 0, 405, 38, 27.80
2026/09/08 20:57:10.175, GPU-ecc6a1f9-42fe-2932-7ea0-1dd285491b7b, 5, 0, 405, 38, 27.56
2026/09/08 20:57:10.378, GPU-ecc6a1f9-42fe-2932-7ea0-1dd285491b7b, 5, 0, 405, 38, 27.56
2026/09/08 20:57:10.582, GPU-ecc6a1f9-42fe-2932-7ea0-1dd285491b7b, 5, 0, 405, 38, 27.80
2026/09/08 20:57:10.787, GPU-ecc6a1f9-42fe-2932-7ea0-1dd285491b7b, 5, 0, 405, 38, 27.56
2026/09/08 20:57:10.991, GPU-ecc6a1f9-42fe-2932-7ea0-1dd285491b7b, 5, 0, 405, 38, 27.56
2026/09/08 20:57:11.194, GPU-ecc6a1f9-42fe-2932-7ea0-1dd285491b7b, 5, 0, 405, 38, 27.56
2026/09/08 20:57:11.398, GPU-ecc6a1f9-42fe-2932-7ea0-1dd285491b7b, 5, 0, 405, 38, 27.56
2026/09/08 20:57:11.601, GPU-ecc6a1f9-42fe-2932-7ea0-1dd285491b7b, 5, 0, 405, 38, 27.56
2026/09/08 20:57:11.806, GPU-ecc6a1f9-42fe-2932-7ea0-1dd285491b7b, 5, 0, 405, 38, 27.56
2026/09/08 20:57:12.010, GPU-ecc6a1f9-42fe-2932-7ea0-1dd285491b7b, 5, 0, 405, 38, 27.56
2026/09/08 20:57:12.213, GPU-ecc6a1f9-42fe-2932-7ea0-1dd285491b7b, 5, 0, 405, 38, 27.56
2026/09/08 20:57:12.417, GPU-ecc6a1f9-42fe-2932-7ea0-1dd285491b7b, 5, 0, 405, 38, 27.56
2026/09/08 20:57:12.620, GPU-ecc6a1f9-42fe-2932-7ea0-1dd285491b7b, 5, 0, 405, 38, 27.56
2026/09/08 20:57:12.826, GPU-ecc6a1f9-42fe-2932-7ea0-1dd285491b7b, 5, 0, 405, 38, 27.56
2026/09/08 20:57:13.030, GPU-ecc6a1f9-42fe-2932-7ea0-1dd285491b7b, 5, 0, 405, 38, 27.56
2026/09/08 20:57:13.233, GPU-ecc6a1f9-42fe-2932-7ea0-1dd285491b7b, 5, 0, 405, 38, 27.56
2026/09/08 20:57:13.437, GPU-ecc6a1f9-42fe-2932-7ea0-1dd285491b7b, 5, 0, 405, 38, 27.56
2026/09/08 20:57:13.640, GPU-ecc6a1f9-42fe-2932-7ea0-1dd285491b7b, 5, 0, 405, 38, 27.56
2026/09/08 20:57:13.847, GPU-ecc6a1f9-42fe-2932-7ea0-1dd285491b7b, 5, 0, 405, 38, 27.56
2026/09/08 20:57:14.050, GPU-ecc6a1f9-42fe-2932-7ea0-1dd285491b7b, 5, 0, 405, 38, 27.56
2026/09/08 20:57:14.254, GPU-ecc6a1f9-42fe-2932-7ea0-1dd285491b7b, 5, 0, 405, 38, 27.56
2026/09/08 20:57:14.457, GPU-ecc6a1f9-42fe-2932-7ea0-1dd285491b7b, 5, 0, 405, 38, 27.56
2026/09/08 20:57:14.661, GPU-ecc6a1f9-42fe-2932-7ea0-1dd285491b7b, 5, 0, 405, 37, 27.56
2026/09/08 20:57:14.867, GPU-ecc6a1f9-42fe-2932-7ea0-1dd285491b7b, 5, 0, 405, 37, 27.56
2026/09/08 20:57:15.070, GPU-ecc6a1f9-42fe-2932-7ea0-1dd285491b7b, 5, 0, 405, 37, 27.57
2026/09/08 20:57:15.274, GPU-ecc6a1f9-42fe-2932-7ea0-1dd285491b7b, 5, 0, 405, 37, 27.56
2026/09/08 20:57:15.477, GPU-ecc6a1f9-42fe-2932-7ea0-1dd285491b7b, 5, 0, 405, 37, 27.56
2026/09/08 20:57:15.681, GPU-ecc6a1f9-42fe-2932-7ea0-1dd285491b7b, 5, 0, 405, 37, 27.56
2026/09/08 20:57:15.886, GPU-ecc6a1f9-42fe-2932-7ea0-1dd285491b7b, 5, 0, 405, 37, 27.56
2026/09/08 20:57:16.090, GPU-ecc6a1f9-42fe-2932-7ea0-1dd285491b7b, 5, 0, 405, 37, 27.56
2026/09/08 20:57:16.293, GPU-ecc6a1f9-42fe-2932-7ea0-1dd285491b7b, 5, 0, 405, 37, 27.56
2026/09/08 20:57:16.497, GPU-ecc6a1f9-42fe-2932-7ea0-1dd285491b7b, 5, 0, 405, 37, 27.56
2026/09/08 20:57:16.700, GPU-ecc6a1f9-42fe-2932-7ea0-1dd285491b7b, 5, 0, 405, 37, 27.56
2026/09/08 20:57:16.906, GPU-ecc6a1f9-42fe-2932-7ea0-1dd285491b7b, 5, 0, 405, 37, 27.56
2026/09/08 20:57:17.109, GPU-ecc6a1f9-42fe-2932-7ea0-1dd285491b7b, 5, 0, 405, 37, 27.56
2026/09/08 20:57:17.313, GPU-ecc6a1f9-42fe-2932-7ea0-1dd285491b7b, 5, 0, 405, 37, 27.56
2026/09/08 20:57:17.516, GPU-ecc6a1f9-42fe-2932-7ea0-1dd285491b7b, 5, 0, 405, 37, 27.56
2026/09/08 20:57:17.720, GPU-ecc6a1f9-42fe-2932-7ea0-1dd285491b7b, 5, 0, 405, 37, 27.56
2026/09/08 20:57:17.925, GPU-ecc6a1f9-42fe-2932-7ea0-1dd285491b7b, 5, 0, 405, 37, 27.56
2026/09/08 20:57:18.129, GPU-ecc6a1f9-42fe-2932-7ea0-1dd285491b7b, 5, 0, 405, 37, 27.56
2026/09/08 20:57:18.333, GPU-ecc6a1f9-42fe-2932-7ea0-1dd285491b7b, 5, 0, 405, 37, 27.56
2026/09/08 20:57:18.536, GPU-ecc6a1f9-42fe-2932-7ea0-1dd285491b7b, 5, 0, 405, 37, 27.56
2026/09/08 20:57:18.740, GPU-ecc6a1f9-42fe-2932-7ea0-1dd285491b7b, 5, 0, 405, 37, 27.56
2026/09/08 20:57:18.945, GPU-ecc6a1f9-42fe-2932-7ea0-1dd285491b7b, 5, 0, 405, 37, 27.56
2026/09/08 20:57:19.148, GPU-ecc6a1f9-42fe-2932-7ea0-1dd285491b7b, 5, 0, 405, 37, 27.56
2026/09/08 20:57:19.352, GPU-ecc6a1f9-42fe-2932-7ea0-1dd285491b7b, 5, 0, 405, 37, 27.56
2026/09/08 20:57:19.555, GPU-ecc6a1f9-42fe-2932-7ea0-1dd285491b7b, 5, 0, 405, 37, 27.56
2026/09/08 20:57:19.759, GPU-ecc6a1f9-42fe-2932-7ea0-1dd285491b7b, 5, 0, 405, 37, 27.56
2026/09/08 20:57:19.964, GPU-ecc6a1f9-42fe-2932-7ea0-1dd285491b7b, 5, 0, 405, 37, 27.56
2026/09/08 20:57:20.168, GPU-ecc6a1f9-42fe-2932-7ea0-1dd285491b7b, 5, 0, 405, 37, 27.56
2026/09/08 20:57:20.371, GPU-ecc6a1f9-42fe-2932-7ea0-1dd285491b7b, 5, 0, 405, 37, 27.56
2026/09/08 20:57:20.575, GPU-ecc6a1f9-42fe-2932-7ea0-1dd285491b7b, 5, 0, 405, 37, 27.31
2026/09/08 20:57:20.778, GPU-ecc6a1f9-42fe-2932-7ea0-1dd285491b7b, 5, 0, 405, 37, 27.56
2026/09/08 20:57:20.984, GPU-ecc6a1f9-42fe-2932-7ea0-1dd285491b7b, 5, 0, 405, 37, 27.56
2026/09/08 20:57:21.187, GPU-ecc6a1f9-42fe-2932-7ea0-1dd285491b7b, 5, 0, 405, 37, 27.31
2026/09/08 20:57:21.391, GPU-ecc6a1f9-42fe-2932-7ea0-1dd285491b7b, 5, 0, 405, 37, 27.31
2026/09/08 20:57:21.594, GPU-ecc6a1f9-42fe-2932-7ea0-1dd285491b7b, 5, 0, 405, 37, 27.31
2026/09/08 20:57:21.798, GPU-ecc6a1f9-42fe-2932-7ea0-1dd285491b7b, 5, 0, 405, 37, 27.31
2026/09/08 20:57:22.004, GPU-ecc6a1f9-42fe-2932-7ea0-1dd285491b7b, 5, 0, 405, 37, 27.31
2026/09/08 20:57:22.207, GPU-ecc6a1f9-42fe-2932-7ea0-1dd285491b7b, 5, 0, 405, 37, 27.31
2026/09/08 20:57:22.410, GPU-ecc6a1f9-42fe-2932-7ea0-1dd285491b7b, 5, 0, 405, 37, 27.31
2026/09/08 20:57:22.614, GPU-ecc6a1f9-42fe-2932-7ea0-1dd285491b7b, 5, 0, 405, 37, 27.31
2026/09/08 20:57:22.817, GPU-ecc6a1f9-42fe-2932-7ea0-1dd285491b7b, 5, 0, 405, 37, 27.31
2026/09/08 20:57:23.023, GPU-ecc6a1f9-42fe-2932-7ea0-1dd285491b7b, 5, 0, 405, 37, 27.31
2026/09/08 20:57:23.226, GPU-ecc6a1f9-42fe-2932-7ea0-1dd285491b7b, 5, 0, 405, 37, 27.31
2026/09/08 20:57:23.430, GPU-ecc6a1f9-42fe-2932-7ea0-1dd285491b7b, 5, 0, 405, 37, 27.31
2026/09/08 20:57:23.634, GPU-ecc6a1f9-42fe-2932-7ea0-1dd285491b7b, 5, 0, 405, 36, 27.31
2026/09/08 20:57:23.837, GPU-ecc6a1f9-42fe-2932-7ea0-1dd285491b7b, 5, 0, 405, 37, 27.31
2026/09/08 20:57:24.043, GPU-ecc6a1f9-42fe-2932-7ea0-1dd285491b7b, 5, 0, 405, 37, 27.31
2026/09/08 20:57:24.246, GPU-ecc6a1f9-42fe-2932-7ea0-1dd285491b7b, 5, 0, 405, 36, 27.31
2026/09/08 20:57:24.450, GPU-ecc6a1f9-42fe-2932-7ea0-1dd285491b7b, 5, 0, 405, 37, 27.33
2026/09/08 20:57:24.653, GPU-ecc6a1f9-42fe-2932-7ea0-1dd285491b7b, 5, 0, 405, 36, 27.31
2026/09/08 20:57:24.857, GPU-ecc6a1f9-42fe-2932-7ea0-1dd285491b7b, 5, 0, 405, 37, 27.33
2026/09/08 20:57:25.062, GPU-ecc6a1f9-42fe-2932-7ea0-1dd285491b7b, 5, 0, 405, 37, 27.33
2026/09/08 20:57:25.266, GPU-ecc6a1f9-42fe-2932-7ea0-1dd285491b7b, 5, 0, 405, 36, 27.31
2026/09/08 20:57:25.469, GPU-ecc6a1f9-42fe-2932-7ea0-1dd285491b7b, 5, 0, 405, 36, 27.31
2026/09/08 20:57:25.673, GPU-ecc6a1f9-42fe-2932-7ea0-1dd285491b7b, 5, 0, 405, 36, 27.31
2026/09/08 20:57:25.876, GPU-ecc6a1f9-42fe-2932-7ea0-1dd285491b7b, 5, 0, 405, 36, 27.31
2026/09/08 20:57:26.081, GPU-ecc6a1f9-42fe-2932-7ea0-1dd285491b7b, 5, 0, 405, 36, 27.31
2026/09/08 20:57:26.285, GPU-ecc6a1f9-42fe-2932-7ea0-1dd285491b7b, 5, 0, 405, 36, 27.31
2026/09/08 20:57:26.488, GPU-ecc6a1f9-42fe-2932-7ea0-1dd285491b7b, 5, 0, 405, 36, 27.31
2026/09/08 20:57:26.692, GPU-ecc6a1f9-42fe-2932-7ea0-1dd285491b7b, 5, 0, 405, 36, 27.31
2026/09/08 20:57:26.896, GPU-ecc6a1f9-42fe-2932-7ea0-1dd285491b7b, 5, 0, 405, 36, 27.31
2026/09/08 20:57:27.101, GPU-ecc6a1f9-42fe-2932-7ea0-1dd285491b7b, 5, 0, 405, 36, 27.31
2026/09/08 20:57:27.304, GPU-ecc6a1f9-42fe-2932-7ea0-1dd285491b7b, 5, 0, 405, 36, 27.31
2026/09/08 20:57:27.508, GPU-ecc6a1f9-42fe-2932-7ea0-1dd285491b7b, 5, 0, 405, 36, 27.31
2026/09/08 20:57:27.711, GPU-ecc6a1f9-42fe-2932-7ea0-1dd285491b7b, 5, 0, 405, 36, 27.31
2026/09/08 20:57:27.915, GPU-ecc6a1f9-42fe-2932-7ea0-1dd285491b7b, 5, 0, 405, 36, 27.31
2026/09/08 20:57:28.118, GPU-ecc6a1f9-42fe-2932-7ea0-1dd285491b7b, 5, 0, 405, 36, 27.31
2026/09/08 20:57:28.323, GPU-ecc6a1f9-42fe-2932-7ea0-1dd285491b7b, 5, 0, 405, 36, 27.31
2026/09/08 20:57:28.527, GPU-ecc6a1f9-42fe-2932-7ea0-1dd285491b7b, 5, 0, 405, 36, 27.31
2026/09/08 20:57:28.730, GPU-ecc6a1f9-42fe-2932-7ea0-1dd285491b7b, 5, 0, 405, 36, 27.31
2026/09/08 20:57:28.934, GPU-ecc6a1f9-42fe-2932-7ea0-1dd285491b7b, 5, 0, 405, 36, 27.31
2026/09/08 20:57:29.138, GPU-ecc6a1f9-42fe-2932-7ea0-1dd285491b7b, 5, 0, 405, 36, 27.31
2026/09/08 20:57:29.341, GPU-ecc6a1f9-42fe-2932-7ea0-1dd285491b7b, 5, 0, 405, 36, 27.31
2026/09/08 20:57:29.547, GPU-ecc6a1f9-42fe-2932-7ea0-1dd285491b7b, 5, 0, 405, 36, 27.31
2026/09/08 20:57:29.751, GPU-ecc6a1f9-42fe-2932-7ea0-1dd285491b7b, 5, 0, 405, 36, 27.31
2026/09/08 20:57:29.954, GPU-ecc6a1f9-42fe-2932-7ea0-1dd285491b7b, 5, 0, 405, 36, 27.31
2026/09/08 20:57:30.158, GPU-ecc6a1f9-42fe-2932-7ea0-1dd285491b7b, 5, 0, 405, 36, 27.31
2026/09/08 20:57:30.361, GPU-ecc6a1f9-42fe-2932-7ea0-1dd285491b7b, 5, 0, 405, 36, 27.31
2026/09/08 20:57:30.565, GPU-ecc6a1f9-42fe-2932-7ea0-1dd285491b7b, 5, 0, 405, 36, 27.31
2026/09/08 20:57:30.769, GPU-ecc6a1f9-42fe-2932-7ea0-1dd285491b7b, 5, 0, 405, 36, 27.31
2026/09/08 20:57:30.973, GPU-ecc6a1f9-42fe-2932-7ea0-1dd285491b7b, 5, 0, 405, 36, 27.31
2026/09/08 20:57:31.176, GPU-ecc6a1f9-42fe-2932-7ea0-1dd285491b7b, 5, 0, 405, 36, 27.31
2026/09/08 20:57:31.380, GPU-ecc6a1f9-42fe-2932-7ea0-1dd285491b7b, 5, 0, 405, 36, 27.31
2026/09/08 20:57:31.583, GPU-ecc6a1f9-42fe-2932-7ea0-1dd285491b7b, 5, 0, 405, 36, 27.31
2026/09/08 20:57:31.789, GPU-ecc6a1f9-42fe-2932-7ea0-1dd285491b7b, 5, 0, 405, 36, 27.31
2026/09/08 20:57:31.992, GPU-ecc6a1f9-42fe-2932-7ea0-1dd285491b7b, 5, 0, 405, 36, 27.31
2026/09/08 20:57:32.196, GPU-ecc6a1f9-42fe-2932-7ea0-1dd285491b7b, 5, 0, 405, 36, 27.31
2026/09/08 20:57:32.399, GPU-ecc6a1f9-42fe-2932-7ea0-1dd285491b7b, 5, 0, 405, 36, 27.31
2026/09/08 20:57:32.603, GPU-ecc6a1f9-42fe-2932-7ea0-1dd285491b7b, 5, 0, 405, 36, 27.31
2026/09/08 20:57:32.808, GPU-ecc6a1f9-42fe-2932-7ea0-1dd285491b7b, 5, 0, 405, 36, 27.31
2026/09/08 20:57:33.012, GPU-ecc6a1f9-42fe-2932-7ea0-1dd285491b7b, 5, 0, 405, 36, 27.07
2026/09/08 20:57:33.215, GPU-ecc6a1f9-42fe-2932-7ea0-1dd285491b7b, 5, 0, 405, 36, 27.31
2026/09/08 20:57:33.419, GPU-ecc6a1f9-42fe-2932-7ea0-1dd285491b7b, 5, 0, 405, 36, 27.31
2026/09/08 20:57:33.622, GPU-ecc6a1f9-42fe-2932-7ea0-1dd285491b7b, 5, 0, 405, 36, 27.31
2026/09/08 20:57:33.828, GPU-ecc6a1f9-42fe-2932-7ea0-1dd285491b7b, 5, 0, 405, 36, 27.31
2026/09/08 20:57:34.031, GPU-ecc6a1f9-42fe-2932-7ea0-1dd285491b7b, 5, 0, 405, 36, 27.31
2026/09/08 20:57:34.235, GPU-ecc6a1f9-42fe-2932-7ea0-1dd285491b7b, 5, 0, 405, 36, 27.31
2026/09/08 20:57:34.438, GPU-ecc6a1f9-42fe-2932-7ea0-1dd285491b7b, 5, 0, 405, 36, 27.07
2026/09/08 20:57:34.642, GPU-ecc6a1f9-42fe-2932-7ea0-1dd285491b7b, 5, 0, 405, 36, 27.07
2026/09/08 20:57:34.847, GPU-ecc6a1f9-42fe-2932-7ea0-1dd285491b7b, 5, 0, 405, 36, 27.07
2026/09/08 20:57:35.051, GPU-ecc6a1f9-42fe-2932-7ea0-1dd285491b7b, 5, 0, 405, 36, 27.07
2026/09/08 20:57:35.254, GPU-ecc6a1f9-42fe-2932-7ea0-1dd285491b7b, 5, 0, 405, 36, 27.07
2026/09/08 20:57:35.458, GPU-ecc6a1f9-42fe-2932-7ea0-1dd285491b7b, 5, 0, 405, 36, 27.07
2026/09/08 20:57:35.661, GPU-ecc6a1f9-42fe-2932-7ea0-1dd285491b7b, 5, 0, 405, 36, 27.07
2026/09/08 20:57:35.867, GPU-ecc6a1f9-42fe-2932-7ea0-1dd285491b7b, 5, 0, 405, 36, 27.07
2026/09/08 20:57:36.071, GPU-ecc6a1f9-42fe-2932-7ea0-1dd285491b7b, 5, 0, 405, 36, 27.31
2026/09/08 20:57:36.274, GPU-ecc6a1f9-42fe-2932-7ea0-1dd285491b7b, 5, 0, 405, 36, 27.07
2026/09/08 20:57:36.478, GPU-ecc6a1f9-42fe-2932-7ea0-1dd285491b7b, 5, 0, 405, 36, 27.07
2026/09/08 20:57:36.682, GPU-ecc6a1f9-42fe-2932-7ea0-1dd285491b7b, 5, 0, 405, 36, 27.07
2026/09/08 20:57:36.887, GPU-ecc6a1f9-42fe-2932-7ea0-1dd285491b7b, 5, 0, 405, 36, 27.07
2026/09/08 20:57:37.091, GPU-ecc6a1f9-42fe-2932-7ea0-1dd285491b7b, 5, 0, 405, 35, 27.07
2026/09/08 20:57:37.294, GPU-ecc6a1f9-42fe-2932-7ea0-1dd285491b7b, 5, 0, 405, 35, 27.07
2026/09/08 20:57:37.498, GPU-ecc6a1f9-42fe-2932-7ea0-1dd285491b7b, 5, 0, 405, 35, 27.07
2026/09/08 20:57:37.701, GPU-ecc6a1f9-42fe-2932-7ea0-1dd285491b7b, 5, 0, 405, 35, 27.07
2026/09/08 20:57:37.907, GPU-ecc6a1f9-42fe-2932-7ea0-1dd285491b7b, 5, 0, 405, 35, 27.07
2026/09/08 20:57:38.111, GPU-ecc6a1f9-42fe-2932-7ea0-1dd285491b7b, 5, 0, 405, 35, 27.07
2026/09/08 20:57:38.314, GPU-ecc6a1f9-42fe-2932-7ea0-1dd285491b7b, 5, 0, 405, 35, 27.07
2026/09/08 20:57:38.518, GPU-ecc6a1f9-42fe-2932-7ea0-1dd285491b7b, 5, 0, 405, 35, 27.07
2026/09/08 20:57:38.721, GPU-ecc6a1f9-42fe-2932-7ea0-1dd285491b7b, 5, 0, 405, 35, 27.07
2026/09/08 20:57:38.927, GPU-ecc6a1f9-42fe-2932-7ea0-1dd285491b7b, 5, 0, 405, 35, 27.07
2026/09/08 20:57:39.130, GPU-ecc6a1f9-42fe-2932-7ea0-1dd285491b7b, 5, 0, 405, 35, 27.07
2026/09/08 20:57:39.334, GPU-ecc6a1f9-42fe-2932-7ea0-1dd285491b7b, 5, 0, 405, 35, 27.07
2026/09/08 20:57:39.537, GPU-ecc6a1f9-42fe-2932-7ea0-1dd285491b7b, 5, 0, 405, 35, 27.08
2026/09/08 20:57:39.741, GPU-ecc6a1f9-42fe-2932-7ea0-1dd285491b7b, 5, 0, 405, 35, 27.07
2026/09/08 20:57:39.946, GPU-ecc6a1f9-42fe-2932-7ea0-1dd285491b7b, 5, 0, 405, 35, 27.07
2026/09/08 20:57:40.150, GPU-ecc6a1f9-42fe-2932-7ea0-1dd285491b7b, 5, 0, 405, 35, 27.07
2026/09/08 20:57:40.354, GPU-ecc6a1f9-42fe-2932-7ea0-1dd285491b7b, 5, 0, 405, 35, 27.07
2026/09/08 20:57:40.557, GPU-ecc6a1f9-42fe-2932-7ea0-1dd285491b7b, 5, 0, 405, 35, 27.07
2026/09/08 20:57:40.761, GPU-ecc6a1f9-42fe-2932-7ea0-1dd285491b7b, 5, 0, 405, 35, 27.07
2026/09/08 20:57:40.966, GPU-ecc6a1f9-42fe-2932-7ea0-1dd285491b7b, 5, 0, 405, 35, 27.07
2026/09/08 20:57:41.169, GPU-ecc6a1f9-42fe-2932-7ea0-1dd285491b7b, 5, 0, 405, 35, 27.08
2026/09/08 20:57:41.373, GPU-ecc6a1f9-42fe-2932-7ea0-1dd285491b7b, 5, 0, 405, 35, 27.07
2026/09/08 20:57:41.576, GPU-ecc6a1f9-42fe-2932-7ea0-1dd285491b7b, 5, 0, 405, 35, 27.07
2026/09/08 20:57:41.780, GPU-ecc6a1f9-42fe-2932-7ea0-1dd285491b7b, 5, 0, 405, 35, 27.07
2026/09/08 20:57:41.985, GPU-ecc6a1f9-42fe-2932-7ea0-1dd285491b7b, 5, 0, 405, 35, 27.07
2026/09/08 20:57:42.189, GPU-ecc6a1f9-42fe-2932-7ea0-1dd285491b7b, 5, 0, 405, 35, 27.07
2026/09/08 20:57:42.392, GPU-ecc6a1f9-42fe-2932-7ea0-1dd285491b7b, 5, 0, 405, 35, 27.07
2026/09/08 20:57:42.596, GPU-ecc6a1f9-42fe-2932-7ea0-1dd285491b7b, 5, 0, 405, 35, 27.07
2026/09/08 20:57:42.799, GPU-ecc6a1f9-42fe-2932-7ea0-1dd285491b7b, 5, 0, 405, 35, 27.07
2026/09/08 20:57:43.005, GPU-ecc6a1f9-42fe-2932-7ea0-1dd285491b7b, 5, 0, 405, 35, 27.07
2026/09/08 20:57:43.208, GPU-ecc6a1f9-42fe-2932-7ea0-1dd285491b7b, 5, 0, 405, 35, 27.07
2026/09/08 20:57:43.412, GPU-ecc6a1f9-42fe-2932-7ea0-1dd285491b7b, 5, 0, 405, 35, 27.07
2026/09/08 20:57:43.615, GPU-ecc6a1f9-42fe-2932-7ea0-1dd285491b7b, 5, 0, 405, 35, 27.07
2026/09/08 20:57:43.819, GPU-ecc6a1f9-42fe-2932-7ea0-1dd285491b7b, 5, 0, 405, 35, 27.07
2026/09/08 20:57:44.024, GPU-ecc6a1f9-42fe-2932-7ea0-1dd285491b7b, 5, 0, 405, 35, 27.07
2026/09/08 20:57:44.228, GPU-ecc6a1f9-42fe-2932-7ea0-1dd285491b7b, 5, 0, 405, 35, 27.07
2026/09/08 20:57:44.431, GPU-ecc6a1f9-42fe-2932-7ea0-1dd285491b7b, 5, 0, 405, 35, 27.07
2026/09/08 20:57:44.635, GPU-ecc6a1f9-42fe-2932-7ea0-1dd285491b7b, 5, 0, 405, 35, 27.07
2026/09/08 20:57:44.838, GPU-ecc6a1f9-42fe-2932-7ea0-1dd285491b7b, 5, 0, 405, 35, 27.07
2026/09/08 20:57:45.044, GPU-ecc6a1f9-42fe-2932-7ea0-1dd285491b7b, 5, 0, 405, 35, 27.07
2026/09/08 20:57:45.247, GPU-ecc6a1f9-42fe-2932-7ea0-1dd285491b7b, 5, 0, 405, 35, 27.07
2026/09/08 20:57:45.451, GPU-ecc6a1f9-42fe-2932-7ea0-1dd285491b7b, 5, 0, 405, 35, 27.07
2026/09/08 20:57:45.655, GPU-ecc6a1f9-42fe-2932-7ea0-1dd285491b7b, 5, 0, 405, 35, 27.07
2026/09/08 20:57:45.858, GPU-ecc6a1f9-42fe-2932-7ea0-1dd285491b7b, 5, 0, 405, 35, 27.07
2026/09/08 20:57:46.064, GPU-ecc6a1f9-42fe-2932-7ea0-1dd285491b7b, 5, 0, 405, 35, 27.07
2026/09/08 20:57:46.267, GPU-ecc6a1f9-42fe-2932-7ea0-1dd285491b7b, 5, 0, 405, 35, 27.07
2026/09/08 20:57:46.471, GPU-ecc6a1f9-42fe-2932-7ea0-1dd285491b7b, 5, 0, 405, 35, 27.07
2026/09/08 20:57:46.674, GPU-ecc6a1f9-42fe-2932-7ea0-1dd285491b7b, 5, 0, 405, 35, 27.07
2026/09/08 20:57:46.878, GPU-ecc6a1f9-42fe-2932-7ea0-1dd285491b7b, 5, 0, 405, 35, 27.07
2026/09/08 20:57:47.083, GPU-ecc6a1f9-42fe-2932-7ea0-1dd285491b7b, 5, 0, 405, 35, 27.07
2026/09/08 20:57:47.287, GPU-ecc6a1f9-42fe-2932-7ea0-1dd285491b7b, 5, 0, 405, 35, 27.07
2026/09/08 20:57:47.490, GPU-ecc6a1f9-42fe-2932-7ea0-1dd285491b7b, 5, 0, 405, 35, 27.07
2026/09/08 20:57:47.694, GPU-ecc6a1f9-42fe-2932-7ea0-1dd285491b7b, 5, 0, 405, 35, 27.07
2026/09/08 20:57:47.897, GPU-ecc6a1f9-42fe-2932-7ea0-1dd285491b7b, 5, 0, 405, 35, 27.07
2026/09/08 20:57:48.103, GPU-ecc6a1f9-42fe-2932-7ea0-1dd285491b7b, 5, 0, 405, 35, 27.07
2026/09/08 20:57:48.306, GPU-ecc6a1f9-42fe-2932-7ea0-1dd285491b7b, 5, 0, 405, 35, 27.07
2026/09/08 20:57:48.510, GPU-ecc6a1f9-42fe-2932-7ea0-1dd285491b7b, 5, 0, 405, 35, 27.07
2026/09/08 20:57:48.713, GPU-ecc6a1f9-42fe-2932-7ea0-1dd285491b7b, 5, 0, 405, 35, 27.07
2026/09/08 20:57:48.917, GPU-ecc6a1f9-42fe-2932-7ea0-1dd285491b7b, 5, 0, 405, 35, 27.07
2026/09/08 20:57:49.122, GPU-ecc6a1f9-42fe-2932-7ea0-1dd285491b7b, 5, 0, 405, 35, 27.07
2026/09/08 20:57:49.325, GPU-ecc6a1f9-42fe-2932-7ea0-1dd285491b7b, 5, 0, 405, 35, 27.07
2026/09/08 20:57:49.529, GPU-ecc6a1f9-42fe-2932-7ea0-1dd285491b7b, 5, 0, 405, 35, 27.08
2026/09/08 20:57:49.732, GPU-ecc6a1f9-42fe-2932-7ea0-1dd285491b7b, 5, 0, 405, 35, 27.07
2026/09/08 20:57:49.936, GPU-ecc6a1f9-42fe-2932-7ea0-1dd285491b7b, 5, 0, 405, 35, 27.07
2026/09/08 20:57:50.139, GPU-ecc6a1f9-42fe-2932-7ea0-1dd285491b7b, 5, 0, 405, 35, 27.07
2026/09/08 20:57:50.344, GPU-ecc6a1f9-42fe-2932-7ea0-1dd285491b7b, 5, 0, 405, 35, 27.07
2026/09/08 20:57:50.547, GPU-ecc6a1f9-42fe-2932-7ea0-1dd285491b7b, 5, 0, 405, 35, 27.07
2026/09/08 20:57:50.751, GPU-ecc6a1f9-42fe-2932-7ea0-1dd285491b7b, 5, 0, 405, 34, 27.07
2026/09/08 20:57:50.954, GPU-ecc6a1f9-42fe-2932-7ea0-1dd285491b7b, 5, 0, 405, 35, 27.07
2026/09/08 20:57:51.158, GPU-ecc6a1f9-42fe-2932-7ea0-1dd285491b7b, 5, 0, 405, 35, 27.07
2026/09/08 20:57:51.362, GPU-ecc6a1f9-42fe-2932-7ea0-1dd285491b7b, 5, 0, 405, 35, 27.08
2026/09/08 20:57:51.568, GPU-ecc6a1f9-42fe-2932-7ea0-1dd285491b7b, 5, 0, 405, 34, 27.07
2026/09/08 20:57:51.771, GPU-ecc6a1f9-42fe-2932-7ea0-1dd285491b7b, 5, 0, 405, 34, 27.07
2026/09/08 20:57:51.975, GPU-ecc6a1f9-42fe-2932-7ea0-1dd285491b7b, 5, 0, 405, 35, 27.07
2026/09/08 20:57:52.178, GPU-ecc6a1f9-42fe-2932-7ea0-1dd285491b7b, 5, 0, 405, 34, 27.07
2026/09/08 20:57:52.382, GPU-ecc6a1f9-42fe-2932-7ea0-1dd285491b7b, 5, 0, 405, 34, 27.07
2026/09/08 20:57:52.585, GPU-ecc6a1f9-42fe-2932-7ea0-1dd285491b7b, 5, 0, 405, 35, 27.07
2026/09/08 20:57:52.791, GPU-ecc6a1f9-42fe-2932-7ea0-1dd285491b7b, 5, 0, 405, 34, 27.07
2026/09/08 20:57:52.994, GPU-ecc6a1f9-42fe-2932-7ea0-1dd285491b7b, 5, 0, 405, 34, 27.07
2026/09/08 20:57:53.198, GPU-ecc6a1f9-42fe-2932-7ea0-1dd285491b7b, 5, 0, 405, 34, 27.07
2026/09/08 20:57:53.401, GPU-ecc6a1f9-42fe-2932-7ea0-1dd285491b7b, 5, 0, 405, 34, 27.07
2026/09/08 20:57:53.605, GPU-ecc6a1f9-42fe-2932-7ea0-1dd285491b7b, 5, 0, 405, 34, 27.07
2026/09/08 20:57:53.811, GPU-ecc6a1f9-42fe-2932-7ea0-1dd285491b7b, 5, 0, 405, 34, 27.07
2026/09/08 20:57:54.014, GPU-ecc6a1f9-42fe-2932-7ea0-1dd285491b7b, 5, 0, 405, 34, 26.83
2026/09/08 20:57:54.218, GPU-ecc6a1f9-42fe-2932-7ea0-1dd285491b7b, 5, 0, 405, 34, 26.83
2026/09/08 20:57:54.422, GPU-ecc6a1f9-42fe-2932-7ea0-1dd285491b7b, 5, 0, 405, 34, 26.83
2026/09/08 20:57:54.625, GPU-ecc6a1f9-42fe-2932-7ea0-1dd285491b7b, 5, 0, 405, 34, 26.83
2026/09/08 20:57:54.830, GPU-ecc6a1f9-42fe-2932-7ea0-1dd285491b7b, 5, 0, 405, 34, 26.83
2026/09/08 20:57:55.034, GPU-ecc6a1f9-42fe-2932-7ea0-1dd285491b7b, 5, 0, 405, 34, 27.07
2026/09/08 20:57:55.237, GPU-ecc6a1f9-42fe-2932-7ea0-1dd285491b7b, 5, 0, 405, 34, 27.07
2026/09/08 20:57:55.441, GPU-ecc6a1f9-42fe-2932-7ea0-1dd285491b7b, 5, 0, 405, 34, 26.83
2026/09/08 20:57:55.644, GPU-ecc6a1f9-42fe-2932-7ea0-1dd285491b7b, 5, 0, 405, 34, 27.07
2026/09/08 20:57:55.850, GPU-ecc6a1f9-42fe-2932-7ea0-1dd285491b7b, 5, 0, 405, 34, 27.07
2026/09/08 20:57:56.053, GPU-ecc6a1f9-42fe-2932-7ea0-1dd285491b7b, 5, 0, 405, 34, 27.07
2026/09/08 20:57:56.257, GPU-ecc6a1f9-42fe-2932-7ea0-1dd285491b7b, 5, 0, 405, 34, 27.07
2026/09/08 20:57:56.460, GPU-ecc6a1f9-42fe-2932-7ea0-1dd285491b7b, 5, 0, 405, 34, 26.83
2026/09/08 20:57:56.664, GPU-ecc6a1f9-42fe-2932-7ea0-1dd285491b7b, 5, 0, 405, 34, 27.07
2026/09/08 20:57:56.869, GPU-ecc6a1f9-42fe-2932-7ea0-1dd285491b7b, 5, 0, 405, 34, 26.83
2026/09/08 20:57:57.073, GPU-ecc6a1f9-42fe-2932-7ea0-1dd285491b7b, 5, 0, 405, 34, 26.83
2026/09/08 20:57:57.276, GPU-ecc6a1f9-42fe-2932-7ea0-1dd285491b7b, 5, 0, 405, 34, 26.83
2026/09/08 20:57:57.480, GPU-ecc6a1f9-42fe-2932-7ea0-1dd285491b7b, 5, 0, 405, 34, 26.83
2026/09/08 20:57:57.683, GPU-ecc6a1f9-42fe-2932-7ea0-1dd285491b7b, 5, 0, 405, 34, 27.07
2026/09/08 20:57:57.890, GPU-ecc6a1f9-42fe-2932-7ea0-1dd285491b7b, 5, 0, 405, 34, 27.07
2026/09/08 20:57:58.093, GPU-ecc6a1f9-42fe-2932-7ea0-1dd285491b7b, 5, 0, 405, 34, 27.07
2026/09/08 20:57:58.297, GPU-ecc6a1f9-42fe-2932-7ea0-1dd285491b7b, 5, 0, 405, 34, 26.83
2026/09/08 20:57:58.500, GPU-ecc6a1f9-42fe-2932-7ea0-1dd285491b7b, 5, 0, 405, 34, 26.83
2026/09/08 20:57:58.704, GPU-ecc6a1f9-42fe-2932-7ea0-1dd285491b7b, 5, 0, 405, 34, 27.07
2026/09/08 20:57:58.909, GPU-ecc6a1f9-42fe-2932-7ea0-1dd285491b7b, 5, 0, 405, 34, 26.83
2026/09/08 20:57:59.113, GPU-ecc6a1f9-42fe-2932-7ea0-1dd285491b7b, 5, 0, 405, 34, 26.83
2026/09/08 20:57:59.316, GPU-ecc6a1f9-42fe-2932-7ea0-1dd285491b7b, 5, 0, 405, 34, 26.83
2026/09/08 20:57:59.520, GPU-ecc6a1f9-42fe-2932-7ea0-1dd285491b7b, 5, 0, 405, 34, 26.83
2026/09/08 20:57:59.724, GPU-ecc6a1f9-42fe-2932-7ea0-1dd285491b7b, 5, 0, 405, 34, 26.83
2026/09/08 20:57:59.929, GPU-ecc6a1f9-42fe-2932-7ea0-1dd285491b7b, 5, 0, 405, 34, 26.83
2026/09/08 20:58:00.133, GPU-ecc6a1f9-42fe-2932-7ea0-1dd285491b7b, 5, 0, 405, 34, 26.83
2026/09/08 20:58:00.336, GPU-ecc6a1f9-42fe-2932-7ea0-1dd285491b7b, 5, 0, 405, 34, 26.83
2026/09/08 20:58:00.540, GPU-ecc6a1f9-42fe-2932-7ea0-1dd285491b7b, 5, 0, 405, 34, 26.83
2026/09/08 20:58:00.743, GPU-ecc6a1f9-42fe-2932-7ea0-1dd285491b7b, 5, 0, 405, 34, 26.83
2026/09/08 20:58:00.949, GPU-ecc6a1f9-42fe-2932-7ea0-1dd285491b7b, 5, 0, 405, 34, 26.83
2026/09/08 20:58:01.153, GPU-ecc6a1f9-42fe-2932-7ea0-1dd285491b7b, 5, 0, 405, 34, 26.83
2026/09/08 20:58:01.356, GPU-ecc6a1f9-42fe-2932-7ea0-1dd285491b7b, 5, 0, 405, 34, 26.83
2026/09/08 20:58:01.560, GPU-ecc6a1f9-42fe-2932-7ea0-1dd285491b7b, 5, 0, 405, 34, 26.83
2026/09/08 20:58:01.763, GPU-ecc6a1f9-42fe-2932-7ea0-1dd285491b7b, 5, 0, 405, 34, 26.83
2026/09/08 20:58:01.969, GPU-ecc6a1f9-42fe-2932-7ea0-1dd285491b7b, 5, 0, 405, 34, 26.83
2026/09/08 20:58:02.172, GPU-ecc6a1f9-42fe-2932-7ea0-1dd285491b7b, 5, 0, 405, 34, 26.83
2026/09/08 20:58:02.376, GPU-ecc6a1f9-42fe-2932-7ea0-1dd285491b7b, 5, 0, 405, 34, 26.83
2026/09/08 20:58:02.580, GPU-ecc6a1f9-42fe-2932-7ea0-1dd285491b7b, 5, 0, 405, 34, 26.83
2026/09/08 20:58:02.783, GPU-ecc6a1f9-42fe-2932-7ea0-1dd285491b7b, 5, 0, 405, 34, 26.83
2026/09/08 20:58:02.989, GPU-ecc6a1f9-42fe-2932-7ea0-1dd285491b7b, 5, 0, 405, 34, 26.83
2026/09/08 20:58:03.192, GPU-ecc6a1f9-42fe-2932-7ea0-1dd285491b7b, 5, 0, 405, 34, 26.83
2026/09/08 20:58:03.396, GPU-ecc6a1f9-42fe-2932-7ea0-1dd285491b7b, 5, 0, 405, 34, 26.83
2026/09/08 20:58:03.599, GPU-ecc6a1f9-42fe-2932-7ea0-1dd285491b7b, 5, 0, 405, 34, 26.83
2026/09/08 20:58:03.803, GPU-ecc6a1f9-42fe-2932-7ea0-1dd285491b7b, 5, 0, 405, 34, 26.83
2026/09/08 20:58:04.008, GPU-ecc6a1f9-42fe-2932-7ea0-1dd285491b7b, 5, 0, 405, 34, 26.83
2026/09/08 20:58:04.212, GPU-ecc6a1f9-42fe-2932-7ea0-1dd285491b7b, 5, 0, 405, 34, 26.83
2026/09/08 20:58:04.415, GPU-ecc6a1f9-42fe-2932-7ea0-1dd285491b7b, 5, 0, 405, 34, 26.83
2026/09/08 20:58:04.619, GPU-ecc6a1f9-42fe-2932-7ea0-1dd285491b7b, 5, 0, 405, 34, 26.83
2026/09/08 20:58:04.822, GPU-ecc6a1f9-42fe-2932-7ea0-1dd285491b7b, 5, 0, 405, 34, 26.83
2026/09/08 20:58:05.027, GPU-ecc6a1f9-42fe-2932-7ea0-1dd285491b7b, 5, 0, 405, 34, 26.83
2026/09/08 20:58:05.231, GPU-ecc6a1f9-42fe-2932-7ea0-1dd285491b7b, 5, 0, 405, 34, 26.83
2026/09/08 20:58:05.434, GPU-ecc6a1f9-42fe-2932-7ea0-1dd285491b7b, 5, 0, 405, 34, 26.84
2026/09/08 20:58:05.638, GPU-ecc6a1f9-42fe-2932-7ea0-1dd285491b7b, 5, 0, 405, 34, 26.83
2026/09/08 20:58:05.847, GPU-ecc6a1f9-42fe-2932-7ea0-1dd285491b7b, 5, 0, 405, 34, 27.07
2026/09/08 20:58:06.051, GPU-ecc6a1f9-42fe-2932-7ea0-1dd285491b7b, 5, 0, 405, 34, 27.07
2026/09/08 20:58:06.255, GPU-ecc6a1f9-42fe-2932-7ea0-1dd285491b7b, 5, 0, 405, 34, 27.07
2026/09/08 20:58:06.458, GPU-ecc6a1f9-42fe-2932-7ea0-1dd285491b7b, 5, 0, 405, 34, 27.07
2026/09/08 20:58:06.662, GPU-ecc6a1f9-42fe-2932-7ea0-1dd285491b7b, 5, 0, 405, 34, 27.07
2026/09/08 20:58:06.865, GPU-ecc6a1f9-42fe-2932-7ea0-1dd285491b7b, 5, 0, 405, 34, 27.07
2026/09/08 20:58:07.070, GPU-ecc6a1f9-42fe-2932-7ea0-1dd285491b7b, 5, 0, 405, 34, 27.07
2026/09/08 20:58:07.274, GPU-ecc6a1f9-42fe-2932-7ea0-1dd285491b7b, 5, 0, 405, 33, 27.07
2026/09/08 20:58:07.477, GPU-ecc6a1f9-42fe-2932-7ea0-1dd285491b7b, 5, 0, 405, 34, 27.07
2026/09/08 20:58:07.682, GPU-ecc6a1f9-42fe-2932-7ea0-1dd285491b7b, 5, 0, 405, 34, 27.07
2026/09/08 20:58:07.886, GPU-ecc6a1f9-42fe-2932-7ea0-1dd285491b7b, 5, 0, 405, 33, 26.83
2026/09/08 20:58:08.091, GPU-ecc6a1f9-42fe-2932-7ea0-1dd285491b7b, 5, 0, 405, 34, 27.07
2026/09/08 20:58:08.295, GPU-ecc6a1f9-42fe-2932-7ea0-1dd285491b7b, 5, 0, 405, 34, 27.07
2026/09/08 20:58:08.499, GPU-ecc6a1f9-42fe-2932-7ea0-1dd285491b7b, 5, 0, 405, 33, 27.07
2026/09/08 20:58:08.702, GPU-ecc6a1f9-42fe-2932-7ea0-1dd285491b7b, 5, 0, 405, 33, 27.07
2026/09/08 20:58:08.906, GPU-ecc6a1f9-42fe-2932-7ea0-1dd285491b7b, 5, 0, 405, 34, 26.83
2026/09/08 20:58:09.109, GPU-ecc6a1f9-42fe-2932-7ea0-1dd285491b7b, 5, 0, 405, 34, 27.07
2026/09/08 20:58:09.314, GPU-ecc6a1f9-42fe-2932-7ea0-1dd285491b7b, 5, 0, 405, 33, 27.07
2026/09/08 20:58:09.518, GPU-ecc6a1f9-42fe-2932-7ea0-1dd285491b7b, 7, 0, 405, 34, 26.83
2026/09/08 20:58:09.721, GPU-ecc6a1f9-42fe-2932-7ea0-1dd285491b7b, 15, 0, 405, 33, 27.07
2026/09/08 20:58:10.036, GPU-ecc6a1f9-42fe-2932-7ea0-1dd285491b7b, 455, 14, 1189, 34, 76.38
2026/09/08 20:58:10.240, GPU-ecc6a1f9-42fe-2932-7ea0-1dd285491b7b, 563, 7, 1189, 34, 33.17
2026/09/08 20:58:10.443, GPU-ecc6a1f9-42fe-2932-7ea0-1dd285491b7b, 563, 13, 1189, 34, 32.68
2026/09/08 20:58:10.647, GPU-ecc6a1f9-42fe-2932-7ea0-1dd285491b7b, 563, 70, 1316, 35, 166.74
2026/09/08 20:58:10.850, GPU-ecc6a1f9-42fe-2932-7ea0-1dd285491b7b, 563, 100, 1328, 37, 192.09
2026/09/08 20:58:11.056, GPU-ecc6a1f9-42fe-2932-7ea0-1dd285491b7b, 563, 100, 1328, 38, 200.54
2026/09/08 20:58:11.259, GPU-ecc6a1f9-42fe-2932-7ea0-1dd285491b7b, 563, 100, 1328, 38, 194.02
2026/09/08 20:58:11.463, GPU-ecc6a1f9-42fe-2932-7ea0-1dd285491b7b, 563, 100, 1328, 39, 235.31
2026/09/08 20:58:11.666, GPU-ecc6a1f9-42fe-2932-7ea0-1dd285491b7b, 563, 100, 1328, 39, 209.10
2026/09/08 20:58:11.870, GPU-ecc6a1f9-42fe-2932-7ea0-1dd285491b7b, 563, 100, 1328, 39, 233.28
2026/09/08 20:58:12.073, GPU-ecc6a1f9-42fe-2932-7ea0-1dd285491b7b, 563, 100, 1328, 40, 190.29
2026/09/08 20:58:12.280, GPU-ecc6a1f9-42fe-2932-7ea0-1dd285491b7b, 563, 100, 1328, 40, 190.98
2026/09/08 20:58:12.484, GPU-ecc6a1f9-42fe-2932-7ea0-1dd285491b7b, 563, 100, 1328, 41, 201.63
2026/09/08 20:58:12.687, GPU-ecc6a1f9-42fe-2932-7ea0-1dd285491b7b, 563, 100, 1328, 41, 214.75
2026/09/08 20:58:12.891, GPU-ecc6a1f9-42fe-2932-7ea0-1dd285491b7b, 563, 100, 1328, 41, 237.71
2026/09/08 20:58:13.094, GPU-ecc6a1f9-42fe-2932-7ea0-1dd285491b7b, 563, 100, 1328, 41, 191.14
2026/09/08 20:58:13.299, GPU-ecc6a1f9-42fe-2932-7ea0-1dd285491b7b, 563, 100, 1328, 41, 189.80
2026/09/08 20:58:13.503, GPU-ecc6a1f9-42fe-2932-7ea0-1dd285491b7b, 563, 100, 1328, 41, 185.46
2026/09/08 20:58:13.706, GPU-ecc6a1f9-42fe-2932-7ea0-1dd285491b7b, 563, 100, 1328, 42, 208.00
2026/09/08 20:58:13.910, GPU-ecc6a1f9-42fe-2932-7ea0-1dd285491b7b, 563, 100, 1328, 42, 241.54
2026/09/08 20:58:14.113, GPU-ecc6a1f9-42fe-2932-7ea0-1dd285491b7b, 563, 100, 1328, 42, 192.82
2026/09/08 20:58:14.319, GPU-ecc6a1f9-42fe-2932-7ea0-1dd285491b7b, 563, 100, 1328, 42, 210.89
2026/09/08 20:58:14.522, GPU-ecc6a1f9-42fe-2932-7ea0-1dd285491b7b, 563, 100, 1328, 42, 220.66
2026/09/08 20:58:14.726, GPU-ecc6a1f9-42fe-2932-7ea0-1dd285491b7b, 265, 64, 1328, 40, 40.46
2026/09/08 20:58:14.929, GPU-ecc6a1f9-42fe-2932-7ea0-1dd285491b7b, 5, 14, 1328, 39, 39.48
2026/09/08 20:58:15.133, GPU-ecc6a1f9-42fe-2932-7ea0-1dd285491b7b, 5, 0, 1328, 38, 38.99
2026/09/08 20:58:15.338, GPU-ecc6a1f9-42fe-2932-7ea0-1dd285491b7b, 5, 0, 1328, 38, 38.99
2026/09/08 20:58:15.542, GPU-ecc6a1f9-42fe-2932-7ea0-1dd285491b7b, 5, 0, 1328, 37, 38.75
2026/09/08 20:58:15.745, GPU-ecc6a1f9-42fe-2932-7ea0-1dd285491b7b, 7, 0, 1328, 37, 38.51
2026/09/08 20:58:15.949, GPU-ecc6a1f9-42fe-2932-7ea0-1dd285491b7b, 15, 0, 1328, 37, 38.51
2026/09/08 20:58:16.239, GPU-ecc6a1f9-42fe-2932-7ea0-1dd285491b7b, 443, 0, 1328, 37, 38.26
2026/09/08 20:58:16.442, GPU-ecc6a1f9-42fe-2932-7ea0-1dd285491b7b, 455, 13, 1328, 37, 38.26
2026/09/08 20:58:16.646, GPU-ecc6a1f9-42fe-2932-7ea0-1dd285491b7b, 563, 11, 1328, 37, 38.02
2026/09/08 20:58:16.849, GPU-ecc6a1f9-42fe-2932-7ea0-1dd285491b7b, 563, 16, 1328, 37, 112.70
2026/09/08 20:58:17.052, GPU-ecc6a1f9-42fe-2932-7ea0-1dd285491b7b, 563, 76, 1328, 39, 201.63
2026/09/08 20:58:17.258, GPU-ecc6a1f9-42fe-2932-7ea0-1dd285491b7b, 563, 100, 1328, 40, 233.76
2026/09/08 20:58:17.461, GPU-ecc6a1f9-42fe-2932-7ea0-1dd285491b7b, 563, 100, 1328, 41, 193.54
2026/09/08 20:58:17.665, GPU-ecc6a1f9-42fe-2932-7ea0-1dd285491b7b, 563, 100, 1328, 41, 191.14
2026/09/08 20:58:17.868, GPU-ecc6a1f9-42fe-2932-7ea0-1dd285491b7b, 563, 100, 1328, 42, 195.71
2026/09/08 20:58:18.072, GPU-ecc6a1f9-42fe-2932-7ea0-1dd285491b7b, 563, 100, 1328, 42, 209.48
2026/09/08 20:58:18.277, GPU-ecc6a1f9-42fe-2932-7ea0-1dd285491b7b, 563, 100, 1328, 42, 198.49
2026/09/08 20:58:18.481, GPU-ecc6a1f9-42fe-2932-7ea0-1dd285491b7b, 563, 100, 1328, 43, 201.63
2026/09/08 20:58:18.685, GPU-ecc6a1f9-42fe-2932-7ea0-1dd285491b7b, 563, 100, 1328, 43, 222.46
2026/09/08 20:58:18.888, GPU-ecc6a1f9-42fe-2932-7ea0-1dd285491b7b, 563, 100, 1328, 43, 227.13
2026/09/08 20:58:19.092, GPU-ecc6a1f9-42fe-2932-7ea0-1dd285491b7b, 563, 100, 1328, 43, 231.11
2026/09/08 20:58:19.297, GPU-ecc6a1f9-42fe-2932-7ea0-1dd285491b7b, 563, 100, 1328, 43, 195.47
2026/09/08 20:58:19.501, GPU-ecc6a1f9-42fe-2932-7ea0-1dd285491b7b, 563, 100, 1328, 43, 205.23
2026/09/08 20:58:19.704, GPU-ecc6a1f9-42fe-2932-7ea0-1dd285491b7b, 563, 100, 1328, 44, 217.64
2026/09/08 20:58:19.908, GPU-ecc6a1f9-42fe-2932-7ea0-1dd285491b7b, 563, 100, 1328, 44, 235.79
2026/09/08 20:58:20.111, GPU-ecc6a1f9-42fe-2932-7ea0-1dd285491b7b, 563, 100, 1328, 44, 241.18
2026/09/08 20:58:20.317, GPU-ecc6a1f9-42fe-2932-7ea0-1dd285491b7b, 563, 100, 1328, 44, 194.74
2026/09/08 20:58:20.520, GPU-ecc6a1f9-42fe-2932-7ea0-1dd285491b7b, 563, 100, 1328, 44, 188.84
2026/09/08 20:58:20.724, GPU-ecc6a1f9-42fe-2932-7ea0-1dd285491b7b, 563, 100, 1328, 44, 199.71
2026/09/08 20:58:20.927, GPU-ecc6a1f9-42fe-2932-7ea0-1dd285491b7b, 563, 96, 1328, 43, 94.64
2026/09/08 20:58:21.131, GPU-ecc6a1f9-42fe-2932-7ea0-1dd285491b7b, 5, 40, 1328, 41, 40.46
2026/09/08 20:58:21.334, GPU-ecc6a1f9-42fe-2932-7ea0-1dd285491b7b, 5, 0, 1328, 40, 39.72
2026/09/08 20:58:21.538, GPU-ecc6a1f9-42fe-2932-7ea0-1dd285491b7b, 5, 0, 1328, 40, 39.24
2026/09/08 20:58:21.743, GPU-ecc6a1f9-42fe-2932-7ea0-1dd285491b7b, 7, 0, 1328, 39, 39.24
2026/09/08 20:58:21.947, GPU-ecc6a1f9-42fe-2932-7ea0-1dd285491b7b, 19, 0, 1328, 39, 38.26
2026/09/08 20:58:22.150, GPU-ecc6a1f9-42fe-2932-7ea0-1dd285491b7b, 455, 8, 1328, 39, 38.99
2026/09/08 20:58:22.354, GPU-ecc6a1f9-42fe-2932-7ea0-1dd285491b7b, 563, 24, 1328, 39, 38.75
2026/09/08 20:58:22.557, GPU-ecc6a1f9-42fe-2932-7ea0-1dd285491b7b, 563, 10, 1328, 39, 121.75
2026/09/08 20:58:22.761, GPU-ecc6a1f9-42fe-2932-7ea0-1dd285491b7b, 563, 59, 1328, 41, 218.85
2026/09/08 20:58:22.966, GPU-ecc6a1f9-42fe-2932-7ea0-1dd285491b7b, 563, 100, 1328, 42, 215.47
2026/09/08 20:58:23.169, GPU-ecc6a1f9-42fe-2932-7ea0-1dd285491b7b, 563, 100, 1328, 43, 198.85
2026/09/08 20:58:23.372, GPU-ecc6a1f9-42fe-2932-7ea0-1dd285491b7b, 563, 100, 1328, 43, 189.93
2026/09/08 20:58:23.576, GPU-ecc6a1f9-42fe-2932-7ea0-1dd285491b7b, 563, 100, 1328, 44, 194.02
2026/09/08 20:58:23.779, GPU-ecc6a1f9-42fe-2932-7ea0-1dd285491b7b, 563, 100, 1328, 44, 207.90
2026/09/08 20:58:23.985, GPU-ecc6a1f9-42fe-2932-7ea0-1dd285491b7b, 563, 100, 1328, 45, 213.30
2026/09/08 20:58:24.188, GPU-ecc6a1f9-42fe-2932-7ea0-1dd285491b7b, 563, 100, 1328, 45, 200.05
2026/09/08 20:58:24.392, GPU-ecc6a1f9-42fe-2932-7ea0-1dd285491b7b, 563, 100, 1328, 45, 194.52
2026/09/08 20:58:24.595, GPU-ecc6a1f9-42fe-2932-7ea0-1dd285491b7b, 563, 100, 1328, 45, 199.21
2026/09/08 20:58:24.798, GPU-ecc6a1f9-42fe-2932-7ea0-1dd285491b7b, 563, 100, 1328, 45, 198.37
2026/09/08 20:58:25.002, GPU-ecc6a1f9-42fe-2932-7ea0-1dd285491b7b, 563, 100, 1328, 45, 206.11
2026/09/08 20:58:25.206, GPU-ecc6a1f9-42fe-2932-7ea0-1dd285491b7b, 563, 100, 1328, 45, 199.33
2026/09/08 20:58:25.409, GPU-ecc6a1f9-42fe-2932-7ea0-1dd285491b7b, 563, 100, 1328, 46, 237.93
2026/09/08 20:58:25.613, GPU-ecc6a1f9-42fe-2932-7ea0-1dd285491b7b, 563, 100, 1328, 46, 224.48
2026/09/08 20:58:25.816, GPU-ecc6a1f9-42fe-2932-7ea0-1dd285491b7b, 563, 100, 1328, 46, 240.84
2026/09/08 20:58:26.019, GPU-ecc6a1f9-42fe-2932-7ea0-1dd285491b7b, 563, 100, 1328, 46, 199.33
2026/09/08 20:58:26.225, GPU-ecc6a1f9-42fe-2932-7ea0-1dd285491b7b, 563, 100, 1328, 46, 193.06
2026/09/08 20:58:26.428, GPU-ecc6a1f9-42fe-2932-7ea0-1dd285491b7b, 563, 100, 1328, 46, 218.26
2026/09/08 20:58:26.632, GPU-ecc6a1f9-42fe-2932-7ea0-1dd285491b7b, 563, 100, 1328, 45, 136.36
2026/09/08 20:58:26.835, GPU-ecc6a1f9-42fe-2932-7ea0-1dd285491b7b, 5, 23, 1328, 43, 41.67
2026/09/08 20:58:27.058, GPU-ecc6a1f9-42fe-2932-7ea0-1dd285491b7b, 5, 0, 1328, 42, 40.46
2026/09/08 20:58:27.264, GPU-ecc6a1f9-42fe-2932-7ea0-1dd285491b7b, 5, 0, 1328, 42, 40.21
2026/09/08 20:58:27.468, GPU-ecc6a1f9-42fe-2932-7ea0-1dd285491b7b, 5, 0, 1328, 42, 39.97
2026/09/08 20:58:27.671, GPU-ecc6a1f9-42fe-2932-7ea0-1dd285491b7b, 5, 0, 1328, 41, 39.72
2026/09/08 20:58:27.875, GPU-ecc6a1f9-42fe-2932-7ea0-1dd285491b7b, 5, 0, 1328, 41, 39.48
2026/09/08 20:58:28.078, GPU-ecc6a1f9-42fe-2932-7ea0-1dd285491b7b, 7, 0, 1328, 41, 39.48
2026/09/08 20:58:28.284, GPU-ecc6a1f9-42fe-2932-7ea0-1dd285491b7b, 15, 0, 1328, 41, 38.99
2026/09/08 20:58:28.527, GPU-ecc6a1f9-42fe-2932-7ea0-1dd285491b7b, 21, 1, 1328, 40, 38.99
2026/09/08 20:58:28.730, GPU-ecc6a1f9-42fe-2932-7ea0-1dd285491b7b, 455, 12, 1328, 41, 71.28
2026/09/08 20:58:28.934, GPU-ecc6a1f9-42fe-2932-7ea0-1dd285491b7b, 455, 11, 1328, 40, 39.48
2026/09/08 20:58:29.138, GPU-ecc6a1f9-42fe-2932-7ea0-1dd285491b7b, 565, 26, 1328, 40, 38.99
2026/09/08 20:58:29.343, GPU-ecc6a1f9-42fe-2932-7ea0-1dd285491b7b, 565, 2, 1328, 41, 62.07
2026/09/08 20:58:29.547, GPU-ecc6a1f9-42fe-2932-7ea0-1dd285491b7b, 565, 84, 1328, 43, 205.24
2026/09/08 20:58:29.750, GPU-ecc6a1f9-42fe-2932-7ea0-1dd285491b7b, 565, 100, 1328, 44, 236.17
2026/09/08 20:58:29.954, GPU-ecc6a1f9-42fe-2932-7ea0-1dd285491b7b, 565, 100, 1328, 44, 190.04
2026/09/08 20:58:30.157, GPU-ecc6a1f9-42fe-2932-7ea0-1dd285491b7b, 565, 100, 1328, 45, 187.87
2026/09/08 20:58:30.362, GPU-ecc6a1f9-42fe-2932-7ea0-1dd285491b7b, 565, 100, 1328, 45, 196.19
2026/09/08 20:58:30.566, GPU-ecc6a1f9-42fe-2932-7ea0-1dd285491b7b, 565, 100, 1328, 46, 208.60
2026/09/08 20:58:30.769, GPU-ecc6a1f9-42fe-2932-7ea0-1dd285491b7b, 565, 100, 1328, 46, 198.49
2026/09/08 20:58:30.973, GPU-ecc6a1f9-42fe-2932-7ea0-1dd285491b7b, 565, 100, 1328, 46, 207.88
2026/09/08 20:58:31.176, GPU-ecc6a1f9-42fe-2932-7ea0-1dd285491b7b, 565, 100, 1328, 47, 225.93
2026/09/08 20:58:31.382, GPU-ecc6a1f9-42fe-2932-7ea0-1dd285491b7b, 565, 100, 1328, 47, 241.56
2026/09/08 20:58:31.585, GPU-ecc6a1f9-42fe-2932-7ea0-1dd285491b7b, 565, 100, 1328, 47, 233.76
2026/09/08 20:58:31.789, GPU-ecc6a1f9-42fe-2932-7ea0-1dd285491b7b, 565, 100, 1328, 47, 192.82
2026/09/08 20:58:31.992, GPU-ecc6a1f9-42fe-2932-7ea0-1dd285491b7b, 565, 100, 1328, 47, 192.22
2026/09/08 20:58:32.196, GPU-ecc6a1f9-42fe-2932-7ea0-1dd285491b7b, 565, 100, 1328, 47, 191.74
2026/09/08 20:58:32.402, GPU-ecc6a1f9-42fe-2932-7ea0-1dd285491b7b, 565, 100, 1328, 48, 201.87
2026/09/08 20:58:32.605, GPU-ecc6a1f9-42fe-2932-7ea0-1dd285491b7b, 565, 100, 1316, 48, 229.43
2026/09/08 20:58:32.809, GPU-ecc6a1f9-42fe-2932-7ea0-1dd285491b7b, 565, 100, 1328, 48, 194.26
2026/09/08 20:58:33.012, GPU-ecc6a1f9-42fe-2932-7ea0-1dd285491b7b, 565, 100, 1328, 48, 223.76
2026/09/08 20:58:33.216, GPU-ecc6a1f9-42fe-2932-7ea0-1dd285491b7b, 565, 100, 1328, 48, 202.85
2026/09/08 20:58:33.421, GPU-ecc6a1f9-42fe-2932-7ea0-1dd285491b7b, 565, 53, 1328, 46, 70.99
2026/09/08 20:58:33.625, GPU-ecc6a1f9-42fe-2932-7ea0-1dd285491b7b, 5, 27, 1328, 45, 41.19
2026/09/08 20:58:33.828, GPU-ecc6a1f9-42fe-2932-7ea0-1dd285491b7b, 5, 5, 1328, 44, 40.70
2026/09/08 20:58:34.032, GPU-ecc6a1f9-42fe-2932-7ea0-1dd285491b7b, 5, 0, 1328, 43, 40.46
2026/09/08 20:58:34.235, GPU-ecc6a1f9-42fe-2932-7ea0-1dd285491b7b, 7, 0, 1328, 43, 40.21
2026/09/08 20:58:34.440, GPU-ecc6a1f9-42fe-2932-7ea0-1dd285491b7b, 23, 0, 1328, 43, 40.21
2026/09/08 20:58:34.644, GPU-ecc6a1f9-42fe-2932-7ea0-1dd285491b7b, 455, 12, 1328, 43, 41.43
2026/09/08 20:58:34.847, GPU-ecc6a1f9-42fe-2932-7ea0-1dd285491b7b, 565, 7, 1328, 42, 39.97
2026/09/08 20:58:35.051, GPU-ecc6a1f9-42fe-2932-7ea0-1dd285491b7b, 565, 27, 1328, 43, 115.51
2026/09/08 20:58:35.254, GPU-ecc6a1f9-42fe-2932-7ea0-1dd285491b7b, 565, 81, 1328, 45, 220.15
2026/09/08 20:58:35.460, GPU-ecc6a1f9-42fe-2932-7ea0-1dd285491b7b, 565, 100, 1328, 46, 242.02
2026/09/08 20:58:35.663, GPU-ecc6a1f9-42fe-2932-7ea0-1dd285491b7b, 565, 100, 1328, 46, 192.59
2026/09/08 20:58:35.867, GPU-ecc6a1f9-42fe-2932-7ea0-1dd285491b7b, 565, 100, 1328, 47, 195.47
2026/09/08 20:58:36.070, GPU-ecc6a1f9-42fe-2932-7ea0-1dd285491b7b, 565, 100, 1328, 47, 189.32
2026/09/08 20:58:36.274, GPU-ecc6a1f9-42fe-2932-7ea0-1dd285491b7b, 565, 100, 1328, 48, 200.54
2026/09/08 20:58:36.479, GPU-ecc6a1f9-42fe-2932-7ea0-1dd285491b7b, 565, 100, 1328, 48, 194.50
2026/09/08 20:58:36.683, GPU-ecc6a1f9-42fe-2932-7ea0-1dd285491b7b, 565, 100, 1328, 48, 205.26
2026/09/08 20:58:36.886, GPU-ecc6a1f9-42fe-2932-7ea0-1dd285491b7b, 565, 100, 1328, 48, 230.39
2026/09/08 20:58:37.090, GPU-ecc6a1f9-42fe-2932-7ea0-1dd285491b7b, 565, 100, 1328, 48, 242.26
2026/09/08 20:58:37.293, GPU-ecc6a1f9-42fe-2932-7ea0-1dd285491b7b, 565, 100, 1328, 49, 226.89
2026/09/08 20:58:37.499, GPU-ecc6a1f9-42fe-2932-7ea0-1dd285491b7b, 565, 100, 1328, 49, 198.37
2026/09/08 20:58:37.702, GPU-ecc6a1f9-42fe-2932-7ea0-1dd285491b7b, 565, 100, 1328, 49, 192.11
2026/09/08 20:58:37.906, GPU-ecc6a1f9-42fe-2932-7ea0-1dd285491b7b, 565, 100, 1328, 49, 197.40
2026/09/08 20:58:38.110, GPU-ecc6a1f9-42fe-2932-7ea0-1dd285491b7b, 565, 100, 1328, 49, 203.07
2026/09/08 20:58:38.313, GPU-ecc6a1f9-42fe-2932-7ea0-1dd285491b7b, 565, 100, 1316, 49, 231.59
2026/09/08 20:58:38.519, GPU-ecc6a1f9-42fe-2932-7ea0-1dd285491b7b, 565, 100, 1328, 49, 190.90
2026/09/08 20:58:38.722, GPU-ecc6a1f9-42fe-2932-7ea0-1dd285491b7b, 565, 100, 1328, 49, 227.02
2026/09/08 20:58:38.926, GPU-ecc6a1f9-42fe-2932-7ea0-1dd285491b7b, 565, 100, 1328, 49, 202.47
2026/09/08 20:58:39.129, GPU-ecc6a1f9-42fe-2932-7ea0-1dd285491b7b, 265, 63, 1328, 47, 43.36
2026/09/08 20:58:39.333, GPU-ecc6a1f9-42fe-2932-7ea0-1dd285491b7b, 5, 23, 1328, 46, 41.92
2026/09/08 20:58:39.538, GPU-ecc6a1f9-42fe-2932-7ea0-1dd285491b7b, 5, 0, 1328, 45, 41.43
2026/09/08 20:58:39.741, GPU-ecc6a1f9-42fe-2932-7ea0-1dd285491b7b, 5, 0, 1328, 45, 40.94
2026/09/08 20:58:39.945, GPU-ecc6a1f9-42fe-2932-7ea0-1dd285491b7b, 5, 0, 1328, 44, 40.70
2026/09/08 20:58:40.148, GPU-ecc6a1f9-42fe-2932-7ea0-1dd285491b7b, 5, 0, 1328, 44, 40.70
2026/09/08 20:58:40.352, GPU-ecc6a1f9-42fe-2932-7ea0-1dd285491b7b, 15, 0, 1328, 44, 39.97
2026/09/08 20:58:40.619, GPU-ecc6a1f9-42fe-2932-7ea0-1dd285491b7b, 455, 12, 1328, 44, 42.63
2026/09/08 20:58:40.822, GPU-ecc6a1f9-42fe-2932-7ea0-1dd285491b7b, 565, 18, 1328, 44, 40.21
2026/09/08 20:58:41.026, GPU-ecc6a1f9-42fe-2932-7ea0-1dd285491b7b, 565, 3, 1328, 44, 165.03
2026/09/08 20:58:41.229, GPU-ecc6a1f9-42fe-2932-7ea0-1dd285491b7b, 565, 100, 1328, 46, 214.99
2026/09/08 20:58:41.433, GPU-ecc6a1f9-42fe-2932-7ea0-1dd285491b7b, 565, 100, 1328, 47, 206.19
2026/09/08 20:58:41.639, GPU-ecc6a1f9-42fe-2932-7ea0-1dd285491b7b, 565, 100, 1328, 48, 200.05
2026/09/08 20:58:41.843, GPU-ecc6a1f9-42fe-2932-7ea0-1dd285491b7b, 565, 100, 1328, 48, 241.78
2026/09/08 20:58:42.046, GPU-ecc6a1f9-42fe-2932-7ea0-1dd285491b7b, 565, 100, 1328, 49, 234.48
2026/09/08 20:58:42.250, GPU-ecc6a1f9-42fe-2932-7ea0-1dd285491b7b, 565, 100, 1328, 49, 237.47
2026/09/08 20:58:42.453, GPU-ecc6a1f9-42fe-2932-7ea0-1dd285491b7b, 565, 100, 1328, 49, 195.95
2026/09/08 20:58:42.659, GPU-ecc6a1f9-42fe-2932-7ea0-1dd285491b7b, 565, 100, 1328, 49, 193.54
2026/09/08 20:58:42.863, GPU-ecc6a1f9-42fe-2932-7ea0-1dd285491b7b, 565, 100, 1328, 50, 202.35
2026/09/08 20:58:43.066, GPU-ecc6a1f9-42fe-2932-7ea0-1dd285491b7b, 565, 100, 1328, 50, 214.99
2026/09/08 20:58:43.270, GPU-ecc6a1f9-42fe-2932-7ea0-1dd285491b7b, 565, 100, 1328, 50, 229.30
2026/09/08 20:58:43.473, GPU-ecc6a1f9-42fe-2932-7ea0-1dd285491b7b, 565, 100, 1328, 50, 199.57
2026/09/08 20:58:43.676, GPU-ecc6a1f9-42fe-2932-7ea0-1dd285491b7b, 565, 100, 1328, 50, 211.01
2026/09/08 20:58:43.880, GPU-ecc6a1f9-42fe-2932-7ea0-1dd285491b7b, 565, 100, 1328, 50, 191.98
2026/09/08 20:58:44.085, GPU-ecc6a1f9-42fe-2932-7ea0-1dd285491b7b, 565, 100, 1328, 50, 198.12
2026/09/08 20:58:44.288, GPU-ecc6a1f9-42fe-2932-7ea0-1dd285491b7b, 565, 100, 1316, 51, 206.69
2026/09/08 20:58:44.492, GPU-ecc6a1f9-42fe-2932-7ea0-1dd285491b7b, 565, 100, 1328, 51, 189.32
2026/09/08 20:58:44.695, GPU-ecc6a1f9-42fe-2932-7ea0-1dd285491b7b, 565, 100, 1328, 51, 219.33
2026/09/08 20:58:44.899, GPU-ecc6a1f9-42fe-2932-7ea0-1dd285491b7b, 565, 100, 1328, 50, 56.96
2026/09/08 20:58:45.102, GPU-ecc6a1f9-42fe-2932-7ea0-1dd285491b7b, 265, 40, 1328, 48, 43.14
2026/09/08 20:58:45.306, GPU-ecc6a1f9-42fe-2932-7ea0-1dd285491b7b, 5, 5, 1328, 47, 42.16
2026/09/08 20:58:45.510, GPU-ecc6a1f9-42fe-2932-7ea0-1dd285491b7b, 5, 0, 1328, 46, 41.67
2026/09/08 20:58:45.714, GPU-ecc6a1f9-42fe-2932-7ea0-1dd285491b7b, 5, 0, 1328, 46, 41.43
2026/09/08 20:58:45.917, GPU-ecc6a1f9-42fe-2932-7ea0-1dd285491b7b, 5, 0, 1328, 46, 41.43
2026/09/08 20:58:46.121, GPU-ecc6a1f9-42fe-2932-7ea0-1dd285491b7b, 5, 0, 1328, 45, 41.19
2026/09/08 20:58:46.325, GPU-ecc6a1f9-42fe-2932-7ea0-1dd285491b7b, 5, 0, 1328, 45, 40.70
2026/09/08 20:58:46.529, GPU-ecc6a1f9-42fe-2932-7ea0-1dd285491b7b, 7, 0, 1328, 45, 40.46
2026/09/08 20:58:46.732, GPU-ecc6a1f9-42fe-2932-7ea0-1dd285491b7b, 7, 0, 1328, 45, 40.46
2026/09/08 20:58:46.936, GPU-ecc6a1f9-42fe-2932-7ea0-1dd285491b7b, 553, 1, 1328, 45, 40.94
2026/09/08 20:58:47.140, GPU-ecc6a1f9-42fe-2932-7ea0-1dd285491b7b, 565, 22, 1328, 45, 45.06
2026/09/08 20:58:47.345, GPU-ecc6a1f9-42fe-2932-7ea0-1dd285491b7b, 727, 20, 1328, 45, 40.46
2026/09/08 20:58:47.548, GPU-ecc6a1f9-42fe-2932-7ea0-1dd285491b7b, 727, 7, 1328, 44, 39.97
2026/09/08 20:58:47.752, GPU-ecc6a1f9-42fe-2932-7ea0-1dd285491b7b, 727, 1, 1189, 44, 142.10
2026/09/08 20:58:47.955, GPU-ecc6a1f9-42fe-2932-7ea0-1dd285491b7b, 727, 70, 1316, 45, 74.88
2026/09/08 20:58:48.159, GPU-ecc6a1f9-42fe-2932-7ea0-1dd285491b7b, 727, 85, 1328, 47, 201.14
2026/09/08 20:58:48.362, GPU-ecc6a1f9-42fe-2932-7ea0-1dd285491b7b, 727, 100, 1328, 48, 209.57
2026/09/08 20:58:48.566, GPU-ecc6a1f9-42fe-2932-7ea0-1dd285491b7b, 727, 100, 1316, 49, 221.39
2026/09/08 20:58:48.771, GPU-ecc6a1f9-42fe-2932-7ea0-1dd285491b7b, 727, 100, 1328, 49, 200.42
2026/09/08 20:58:48.974, GPU-ecc6a1f9-42fe-2932-7ea0-1dd285491b7b, 727, 100, 1328, 50, 197.16
2026/09/08 20:58:49.177, GPU-ecc6a1f9-42fe-2932-7ea0-1dd285491b7b, 727, 100, 1328, 50, 198.12
2026/09/08 20:58:49.381, GPU-ecc6a1f9-42fe-2932-7ea0-1dd285491b7b, 727, 100, 1328, 50, 187.15
2026/09/08 20:58:49.584, GPU-ecc6a1f9-42fe-2932-7ea0-1dd285491b7b, 727, 100, 1328, 51, 249.34
2026/09/08 20:58:49.790, GPU-ecc6a1f9-42fe-2932-7ea0-1dd285491b7b, 727, 100, 1328, 51, 193.54
2026/09/08 20:58:49.994, GPU-ecc6a1f9-42fe-2932-7ea0-1dd285491b7b, 727, 100, 1328, 51, 230.39
2026/09/08 20:58:50.197, GPU-ecc6a1f9-42fe-2932-7ea0-1dd285491b7b, 727, 100, 1316, 51, 199.70
2026/09/08 20:58:50.401, GPU-ecc6a1f9-42fe-2932-7ea0-1dd285491b7b, 727, 100, 1328, 51, 242.26
2026/09/08 20:58:50.604, GPU-ecc6a1f9-42fe-2932-7ea0-1dd285491b7b, 727, 100, 1328, 51, 200.42
2026/09/08 20:58:50.810, GPU-ecc6a1f9-42fe-2932-7ea0-1dd285491b7b, 727, 100, 1328, 51, 185.21
2026/09/08 20:58:51.013, GPU-ecc6a1f9-42fe-2932-7ea0-1dd285491b7b, 727, 100, 1328, 51, 209.45
2026/09/08 20:58:51.217, GPU-ecc6a1f9-42fe-2932-7ea0-1dd285491b7b, 727, 100, 1328, 51, 203.06
2026/09/08 20:58:51.420, GPU-ecc6a1f9-42fe-2932-7ea0-1dd285491b7b, 727, 100, 1316, 52, 215.95
2026/09/08 20:58:51.624, GPU-ecc6a1f9-42fe-2932-7ea0-1dd285491b7b, 727, 100, 1328, 52, 183.28
2026/09/08 20:58:51.829, GPU-ecc6a1f9-42fe-2932-7ea0-1dd285491b7b, 727, 100, 1328, 52, 248.62
2026/09/08 20:58:52.033, GPU-ecc6a1f9-42fe-2932-7ea0-1dd285491b7b, 727, 100, 1316, 52, 190.90
2026/09/08 20:58:52.236, GPU-ecc6a1f9-42fe-2932-7ea0-1dd285491b7b, 727, 100, 1328, 52, 238.05
2026/09/08 20:58:52.440, GPU-ecc6a1f9-42fe-2932-7ea0-1dd285491b7b, 727, 100, 1316, 52, 191.87
2026/09/08 20:58:52.643, GPU-ecc6a1f9-42fe-2932-7ea0-1dd285491b7b, 727, 100, 1328, 52, 191.25
2026/09/08 20:58:52.849, GPU-ecc6a1f9-42fe-2932-7ea0-1dd285491b7b, 727, 100, 1328, 52, 200.66
2026/09/08 20:58:53.052, GPU-ecc6a1f9-42fe-2932-7ea0-1dd285491b7b, 727, 100, 1328, 52, 190.04
2026/09/08 20:58:53.256, GPU-ecc6a1f9-42fe-2932-7ea0-1dd285491b7b, 727, 100, 1316, 53, 242.26
2026/09/08 20:58:53.459, GPU-ecc6a1f9-42fe-2932-7ea0-1dd285491b7b, 727, 100, 1328, 52, 192.57
2026/09/08 20:58:53.662, GPU-ecc6a1f9-42fe-2932-7ea0-1dd285491b7b, 727, 100, 1316, 53, 223.80
2026/09/08 20:58:53.868, GPU-ecc6a1f9-42fe-2932-7ea0-1dd285491b7b, 727, 100, 1328, 53, 205.24
2026/09/08 20:58:54.072, GPU-ecc6a1f9-42fe-2932-7ea0-1dd285491b7b, 727, 100, 1316, 53, 235.44
2026/09/08 20:58:54.276, GPU-ecc6a1f9-42fe-2932-7ea0-1dd285491b7b, 727, 100, 1316, 53, 244.19
2026/09/08 20:58:54.479, GPU-ecc6a1f9-42fe-2932-7ea0-1dd285491b7b, 727, 100, 1328, 53, 202.11
2026/09/08 20:58:54.683, GPU-ecc6a1f9-42fe-2932-7ea0-1dd285491b7b, 727, 100, 1328, 53, 193.06
2026/09/08 20:58:54.888, GPU-ecc6a1f9-42fe-2932-7ea0-1dd285491b7b, 727, 100, 1328, 53, 188.84
2026/09/08 20:58:55.091, GPU-ecc6a1f9-42fe-2932-7ea0-1dd285491b7b, 727, 100, 1328, 53, 236.85
2026/09/08 20:58:55.294, GPU-ecc6a1f9-42fe-2932-7ea0-1dd285491b7b, 727, 100, 1328, 53, 220.03
2026/09/08 20:58:55.498, GPU-ecc6a1f9-42fe-2932-7ea0-1dd285491b7b, 727, 100, 1328, 54, 244.91
2026/09/08 20:58:55.701, GPU-ecc6a1f9-42fe-2932-7ea0-1dd285491b7b, 727, 63, 1328, 52, 86.06
2026/09/08 20:58:55.907, GPU-ecc6a1f9-42fe-2932-7ea0-1dd285491b7b, 5, 54, 1328, 50, 43.38
2026/09/08 20:58:56.111, GPU-ecc6a1f9-42fe-2932-7ea0-1dd285491b7b, 5, 0, 1328, 49, 42.90
2026/09/08 20:58:56.314, GPU-ecc6a1f9-42fe-2932-7ea0-1dd285491b7b, 5, 0, 1328, 49, 42.41
2026/09/08 20:58:56.518, GPU-ecc6a1f9-42fe-2932-7ea0-1dd285491b7b, 5, 0, 1328, 48, 42.16
2026/09/08 20:58:56.721, GPU-ecc6a1f9-42fe-2932-7ea0-1dd285491b7b, 5, 0, 1328, 48, 41.92
2026/09/08 20:58:56.927, GPU-ecc6a1f9-42fe-2932-7ea0-1dd285491b7b, 5, 0, 1328, 48, 41.92
2026/09/08 20:58:57.130, GPU-ecc6a1f9-42fe-2932-7ea0-1dd285491b7b, 5, 0, 1328, 48, 41.67
2026/09/08 20:58:57.334, GPU-ecc6a1f9-42fe-2932-7ea0-1dd285491b7b, 5, 0, 1328, 47, 41.43
2026/09/08 20:58:57.537, GPU-ecc6a1f9-42fe-2932-7ea0-1dd285491b7b, 5, 0, 1328, 47, 41.19
2026/09/08 20:58:57.741, GPU-ecc6a1f9-42fe-2932-7ea0-1dd285491b7b, 7, 0, 1328, 47, 41.19
2026/09/08 20:58:57.946, GPU-ecc6a1f9-42fe-2932-7ea0-1dd285491b7b, 25, 1, 1328, 47, 40.70
2026/09/08 20:58:58.150, GPU-ecc6a1f9-42fe-2932-7ea0-1dd285491b7b, 565, 22, 1328, 47, 140.89
2026/09/08 20:58:58.353, GPU-ecc6a1f9-42fe-2932-7ea0-1dd285491b7b, 565, 19, 1328, 47, 42.87
2026/09/08 20:58:58.557, GPU-ecc6a1f9-42fe-2932-7ea0-1dd285491b7b, 727, 18, 1328, 47, 41.43
2026/09/08 20:58:58.760, GPU-ecc6a1f9-42fe-2932-7ea0-1dd285491b7b, 727, 3, 1328, 47, 40.94
2026/09/08 20:58:58.966, GPU-ecc6a1f9-42fe-2932-7ea0-1dd285491b7b, 727, 0, 1328, 46, 40.94
2026/09/08 20:58:59.169, GPU-ecc6a1f9-42fe-2932-7ea0-1dd285491b7b, 727, 0, 1328, 47, 133.78
2026/09/08 20:58:59.373, GPU-ecc6a1f9-42fe-2932-7ea0-1dd285491b7b, 727, 55, 1328, 48, 63.05
2026/09/08 20:58:59.577, GPU-ecc6a1f9-42fe-2932-7ea0-1dd285491b7b, 727, 52, 1328, 50, 204.04
2026/09/08 20:58:59.780, GPU-ecc6a1f9-42fe-2932-7ea0-1dd285491b7b, 727, 100, 1328, 50, 203.56
2026/09/08 20:58:59.985, GPU-ecc6a1f9-42fe-2932-7ea0-1dd285491b7b, 727, 100, 1316, 51, 243.23
2026/09/08 20:59:00.192, GPU-ecc6a1f9-42fe-2932-7ea0-1dd285491b7b, 727, 100, 1328, 52, 201.14
2026/09/08 20:59:00.396, GPU-ecc6a1f9-42fe-2932-7ea0-1dd285491b7b, 727, 100, 1328, 52, 185.21
2026/09/08 20:59:00.599, GPU-ecc6a1f9-42fe-2932-7ea0-1dd285491b7b, 727, 100, 1328, 52, 208.36
2026/09/08 20:59:00.803, GPU-ecc6a1f9-42fe-2932-7ea0-1dd285491b7b, 727, 100, 1328, 52, 189.80
2026/09/08 20:59:01.009, GPU-ecc6a1f9-42fe-2932-7ea0-1dd285491b7b, 727, 100, 1328, 53, 247.65
2026/09/08 20:59:01.212, GPU-ecc6a1f9-42fe-2932-7ea0-1dd285491b7b, 727, 100, 1316, 53, 180.72
2026/09/08 20:59:01.416, GPU-ecc6a1f9-42fe-2932-7ea0-1dd285491b7b, 727, 100, 1328, 53, 245.15
2026/09/08 20:59:01.619, GPU-ecc6a1f9-42fe-2932-7ea0-1dd285491b7b, 727, 100, 1316, 53, 194.76
2026/09/08 20:59:01.822, GPU-ecc6a1f9-42fe-2932-7ea0-1dd285491b7b, 727, 100, 1328, 53, 240.34
2026/09/08 20:59:02.026, GPU-ecc6a1f9-42fe-2932-7ea0-1dd285491b7b, 727, 100, 1328, 53, 208.36
2026/09/08 20:59:02.230, GPU-ecc6a1f9-42fe-2932-7ea0-1dd285491b7b, 727, 100, 1328, 53, 197.64
2026/09/08 20:59:02.434, GPU-ecc6a1f9-42fe-2932-7ea0-1dd285491b7b, 727, 100, 1328, 53, 198.73
2026/09/08 20:59:02.637, GPU-ecc6a1f9-42fe-2932-7ea0-1dd285491b7b, 727, 100, 1328, 53, 190.04
2026/09/08 20:59:02.840, GPU-ecc6a1f9-42fe-2932-7ea0-1dd285491b7b, 727, 100, 1316, 54, 241.78
2026/09/08 20:59:03.044, GPU-ecc6a1f9-42fe-2932-7ea0-1dd285491b7b, 727, 100, 1328, 54, 193.33
2026/09/08 20:59:03.247, GPU-ecc6a1f9-42fe-2932-7ea0-1dd285491b7b, 727, 100, 1328, 54, 245.15
2026/09/08 20:59:03.453, GPU-ecc6a1f9-42fe-2932-7ea0-1dd285491b7b, 727, 100, 1316, 54, 201.38
2026/09/08 20:59:03.656, GPU-ecc6a1f9-42fe-2932-7ea0-1dd285491b7b, 727, 100, 1328, 54, 248.38
2026/09/08 20:59:03.859, GPU-ecc6a1f9-42fe-2932-7ea0-1dd285491b7b, 727, 100, 1316, 54, 194.52
2026/09/08 20:59:04.063, GPU-ecc6a1f9-42fe-2932-7ea0-1dd285491b7b, 727, 100, 1328, 54, 186.18
2026/09/08 20:59:04.266, GPU-ecc6a1f9-42fe-2932-7ea0-1dd285491b7b, 727, 100, 1328, 54, 210.05
2026/09/08 20:59:04.470, GPU-ecc6a1f9-42fe-2932-7ea0-1dd285491b7b, 727, 100, 1328, 54, 197.40
2026/09/08 20:59:04.677, GPU-ecc6a1f9-42fe-2932-7ea0-1dd285491b7b, 727, 100, 1328, 54, 250.30
2026/09/08 20:59:04.880, GPU-ecc6a1f9-42fe-2932-7ea0-1dd285491b7b, 727, 100, 1328, 54, 186.18
2026/09/08 20:59:05.097, GPU-ecc6a1f9-42fe-2932-7ea0-1dd285491b7b, 727, 100, 1316, 55, 248.13
2026/09/08 20:59:05.305, GPU-ecc6a1f9-42fe-2932-7ea0-1dd285491b7b, 727, 100, 1316, 55, 197.40
2026/09/08 20:59:05.509, GPU-ecc6a1f9-42fe-2932-7ea0-1dd285491b7b, 727, 100, 1328, 55, 243.32
2026/09/08 20:59:05.712, GPU-ecc6a1f9-42fe-2932-7ea0-1dd285491b7b, 727, 100, 1316, 55, 241.30
2026/09/08 20:59:05.918, GPU-ecc6a1f9-42fe-2932-7ea0-1dd285491b7b, 727, 100, 1316, 55, 202.35
2026/09/08 20:59:06.121, GPU-ecc6a1f9-42fe-2932-7ea0-1dd285491b7b, 727, 100, 1328, 55, 204.52
2026/09/08 20:59:06.325, GPU-ecc6a1f9-42fe-2932-7ea0-1dd285491b7b, 727, 100, 1328, 55, 186.18
2026/09/08 20:59:06.528, GPU-ecc6a1f9-42fe-2932-7ea0-1dd285491b7b, 727, 100, 1328, 55, 231.37
2026/09/08 20:59:06.732, GPU-ecc6a1f9-42fe-2932-7ea0-1dd285491b7b, 727, 99, 1328, 55, 221.85
2026/09/08 20:59:06.937, GPU-ecc6a1f9-42fe-2932-7ea0-1dd285491b7b, 727, 100, 1328, 55, 210.05
2026/09/08 20:59:07.141, GPU-ecc6a1f9-42fe-2932-7ea0-1dd285491b7b, 727, 93, 1328, 54, 149.75
2026/09/08 20:59:07.344, GPU-ecc6a1f9-42fe-2932-7ea0-1dd285491b7b, 265, 42, 1328, 52, 44.60
2026/09/08 20:59:07.548, GPU-ecc6a1f9-42fe-2932-7ea0-1dd285491b7b, 5, 5, 1328, 52, 43.87
2026/09/08 20:59:07.751, GPU-ecc6a1f9-42fe-2932-7ea0-1dd285491b7b, 5, 0, 1328, 51, 43.14
2026/09/08 20:59:07.957, GPU-ecc6a1f9-42fe-2932-7ea0-1dd285491b7b, 5, 0, 1328, 50, 42.90
2026/09/08 20:59:08.160, GPU-ecc6a1f9-42fe-2932-7ea0-1dd285491b7b, 5, 0, 1328, 50, 42.90
2026/09/08 20:59:08.364, GPU-ecc6a1f9-42fe-2932-7ea0-1dd285491b7b, 5, 0, 1328, 50, 42.65
2026/09/08 20:59:08.567, GPU-ecc6a1f9-42fe-2932-7ea0-1dd285491b7b, 5, 0, 1328, 50, 42.65
2026/09/08 20:59:08.771, GPU-ecc6a1f9-42fe-2932-7ea0-1dd285491b7b, 7, 0, 1328, 49, 41.67
2026/09/08 20:59:08.974, GPU-ecc6a1f9-42fe-2932-7ea0-1dd285491b7b, 15, 0, 1328, 49, 41.92
2026/09/08 20:59:09.192, GPU-ecc6a1f9-42fe-2932-7ea0-1dd285491b7b, 565, 8, 1328, 50, 116.23
2026/09/08 20:59:09.399, GPU-ecc6a1f9-42fe-2932-7ea0-1dd285491b7b, 565, 21, 1328, 49, 43.38
2026/09/08 20:59:09.603, GPU-ecc6a1f9-42fe-2932-7ea0-1dd285491b7b, 727, 13, 1328, 49, 43.84
2026/09/08 20:59:09.806, GPU-ecc6a1f9-42fe-2932-7ea0-1dd285491b7b, 727, 18, 1328, 49, 41.92
2026/09/08 20:59:10.010, GPU-ecc6a1f9-42fe-2932-7ea0-1dd285491b7b, 727, 0, 1328, 49, 41.92
2026/09/08 20:59:10.213, GPU-ecc6a1f9-42fe-2932-7ea0-1dd285491b7b, 727, 0, 1328, 49, 41.67
2026/09/08 20:59:10.418, GPU-ecc6a1f9-42fe-2932-7ea0-1dd285491b7b, 727, 0, 1328, 49, 174.95
2026/09/08 20:59:10.622, GPU-ecc6a1f9-42fe-2932-7ea0-1dd285491b7b, 727, 57, 1328, 49, 61.33
2026/09/08 20:59:10.826, GPU-ecc6a1f9-42fe-2932-7ea0-1dd285491b7b, 727, 92, 1328, 51, 197.88
2026/09/08 20:59:11.029, GPU-ecc6a1f9-42fe-2932-7ea0-1dd285491b7b, 727, 100, 1328, 52, 200.66
2026/09/08 20:59:11.232, GPU-ecc6a1f9-42fe-2932-7ea0-1dd285491b7b, 727, 100, 1316, 53, 236.65
2026/09/08 20:59:11.438, GPU-ecc6a1f9-42fe-2932-7ea0-1dd285491b7b, 727, 100, 1328, 54, 197.16
2026/09/08 20:59:11.641, GPU-ecc6a1f9-42fe-2932-7ea0-1dd285491b7b, 727, 100, 1328, 54, 189.08
2026/09/08 20:59:11.845, GPU-ecc6a1f9-42fe-2932-7ea0-1dd285491b7b, 727, 100, 1328, 54, 204.54
2026/09/08 20:59:12.048, GPU-ecc6a1f9-42fe-2932-7ea0-1dd285491b7b, 727, 100, 1328, 54, 190.98
2026/09/08 20:59:12.251, GPU-ecc6a1f9-42fe-2932-7ea0-1dd285491b7b, 727, 100, 1328, 55, 249.10
2026/09/08 20:59:12.455, GPU-ecc6a1f9-42fe-2932-7ea0-1dd285491b7b, 727, 100, 1316, 55, 182.32
2026/09/08 20:59:12.658, GPU-ecc6a1f9-42fe-2932-7ea0-1dd285491b7b, 727, 100, 1328, 55, 247.65
2026/09/08 20:59:12.862, GPU-ecc6a1f9-42fe-2932-7ea0-1dd285491b7b, 727, 100, 1328, 55, 197.16
2026/09/08 20:59:13.067, GPU-ecc6a1f9-42fe-2932-7ea0-1dd285491b7b, 727, 100, 1328, 55, 244.91
2026/09/08 20:59:13.271, GPU-ecc6a1f9-42fe-2932-7ea0-1dd285491b7b, 727, 100, 1316, 55, 201.63
2026/09/08 20:59:13.474, GPU-ecc6a1f9-42fe-2932-7ea0-1dd285491b7b, 727, 100, 1328, 55, 196.43
2026/09/08 20:59:13.678, GPU-ecc6a1f9-42fe-2932-7ea0-1dd285491b7b, 727, 100, 1328, 55, 200.54
2026/09/08 20:59:13.881, GPU-ecc6a1f9-42fe-2932-7ea0-1dd285491b7b, 727, 100, 1328, 55, 193.06
2026/09/08 20:59:14.087, GPU-ecc6a1f9-42fe-2932-7ea0-1dd285491b7b, 727, 100, 1316, 56, 238.68
2026/09/08 20:59:14.290, GPU-ecc6a1f9-42fe-2932-7ea0-1dd285491b7b, 727, 100, 1328, 56, 193.78
2026/09/08 20:59:14.494, GPU-ecc6a1f9-42fe-2932-7ea0-1dd285491b7b, 727, 100, 1328, 56, 249.34
2026/09/08 20:59:14.697, GPU-ecc6a1f9-42fe-2932-7ea0-1dd285491b7b, 727, 100, 1328, 56, 204.52
2026/09/08 20:59:14.901, GPU-ecc6a1f9-42fe-2932-7ea0-1dd285491b7b, 727, 100, 1328, 56, 248.28
2026/09/08 20:59:15.104, GPU-ecc6a1f9-42fe-2932-7ea0-1dd285491b7b, 727, 100, 1328, 56, 205.73
2026/09/08 20:59:15.307, GPU-ecc6a1f9-42fe-2932-7ea0-1dd285491b7b, 727, 100, 1328, 56, 194.50
2026/09/08 20:59:15.512, GPU-ecc6a1f9-42fe-2932-7ea0-1dd285491b7b, 727, 100, 1328, 56, 210.41
2026/09/08 20:59:15.716, GPU-ecc6a1f9-42fe-2932-7ea0-1dd285491b7b, 727, 100, 1328, 56, 197.88
2026/09/08 20:59:15.919, GPU-ecc6a1f9-42fe-2932-7ea0-1dd285491b7b, 727, 100, 1328, 56, 245.39
2026/09/08 20:59:16.123, GPU-ecc6a1f9-42fe-2932-7ea0-1dd285491b7b, 727, 100, 1316, 56, 180.39
2026/09/08 20:59:16.326, GPU-ecc6a1f9-42fe-2932-7ea0-1dd285491b7b, 727, 100, 1328, 57, 246.11
2026/09/08 20:59:16.532, GPU-ecc6a1f9-42fe-2932-7ea0-1dd285491b7b, 727, 100, 1316, 57, 203.32
2026/09/08 20:59:16.737, GPU-ecc6a1f9-42fe-2932-7ea0-1dd285491b7b, 727, 100, 1328, 57, 244.91
2026/09/08 20:59:16.940, GPU-ecc6a1f9-42fe-2932-7ea0-1dd285491b7b, 727, 100, 1316, 57, 238.90
2026/09/08 20:59:17.143, GPU-ecc6a1f9-42fe-2932-7ea0-1dd285491b7b, 727, 100, 1316, 57, 200.54
2026/09/08 20:59:17.347, GPU-ecc6a1f9-42fe-2932-7ea0-1dd285491b7b, 727, 100, 1328, 57, 207.88
2026/09/08 20:59:17.551, GPU-ecc6a1f9-42fe-2932-7ea0-1dd285491b7b, 727, 100, 1328, 57, 190.53
2026/09/08 20:59:17.755, GPU-ecc6a1f9-42fe-2932-7ea0-1dd285491b7b, 727, 100, 1328, 57, 233.48
2026/09/08 20:59:17.958, GPU-ecc6a1f9-42fe-2932-7ea0-1dd285491b7b, 727, 100, 1328, 57, 221.61
2026/09/08 20:59:18.162, GPU-ecc6a1f9-42fe-2932-7ea0-1dd285491b7b, 727, 100, 1328, 57, 210.91
2026/09/08 20:59:18.365, GPU-ecc6a1f9-42fe-2932-7ea0-1dd285491b7b, 727, 50, 1328, 56, 59.64
2026/09/08 20:59:18.571, GPU-ecc6a1f9-42fe-2932-7ea0-1dd285491b7b, 265, 45, 1328, 54, 45.54
2026/09/08 20:59:18.774, GPU-ecc6a1f9-42fe-2932-7ea0-1dd285491b7b, 5, 10, 1328, 53, 44.60
2026/09/08 20:59:18.978, GPU-ecc6a1f9-42fe-2932-7ea0-1dd285491b7b, 5, 0, 1328, 53, 44.11
2026/09/08 20:59:19.182, GPU-ecc6a1f9-42fe-2932-7ea0-1dd285491b7b, 5, 0, 1328, 52, 43.84
2026/09/08 20:59:19.386, GPU-ecc6a1f9-42fe-2932-7ea0-1dd285491b7b, 5, 0, 1328, 52, 43.87
2026/09/08 20:59:19.590, GPU-ecc6a1f9-42fe-2932-7ea0-1dd285491b7b, 5, 0, 1328, 52, 43.38
2026/09/08 20:59:19.794, GPU-ecc6a1f9-42fe-2932-7ea0-1dd285491b7b, 5, 0, 1328, 52, 43.38
2026/09/08 20:59:19.998, GPU-ecc6a1f9-42fe-2932-7ea0-1dd285491b7b, 5, 0, 1328, 51, 43.11
2026/09/08 20:59:20.201, GPU-ecc6a1f9-42fe-2932-7ea0-1dd285491b7b, 7, 0, 1328, 51, 42.90
2026/09/08 20:59:20.405, GPU-ecc6a1f9-42fe-2932-7ea0-1dd285491b7b, 15, 0, 1328, 51, 42.90
2026/09/08 20:59:20.611, GPU-ecc6a1f9-42fe-2932-7ea0-1dd285491b7b, 565, 22, 1328, 51, 43.11
2026/09/08 20:59:20.814, GPU-ecc6a1f9-42fe-2932-7ea0-1dd285491b7b, 565, 11, 1328, 51, 44.08
2026/09/08 20:59:21.018, GPU-ecc6a1f9-42fe-2932-7ea0-1dd285491b7b, 733, 17, 1328, 51, 42.40
2026/09/08 20:59:21.221, GPU-ecc6a1f9-42fe-2932-7ea0-1dd285491b7b, 733, 40, 1328, 51, 91.83
2026/09/08 20:59:21.425, GPU-ecc6a1f9-42fe-2932-7ea0-1dd285491b7b, 733, 65, 1328, 53, 203.78
2026/09/08 20:59:21.629, GPU-ecc6a1f9-42fe-2932-7ea0-1dd285491b7b, 733, 100, 1328, 54, 214.29
2026/09/08 20:59:21.833, GPU-ecc6a1f9-42fe-2932-7ea0-1dd285491b7b, 733, 100, 1328, 55, 217.40
2026/09/08 20:59:22.036, GPU-ecc6a1f9-42fe-2932-7ea0-1dd285491b7b, 733, 100, 1328, 55, 240.10
2026/09/08 20:59:22.243, GPU-ecc6a1f9-42fe-2932-7ea0-1dd285491b7b, 733, 100, 1328, 56, 205.02
2026/09/08 20:59:22.448, GPU-ecc6a1f9-42fe-2932-7ea0-1dd285491b7b, 733, 100, 1328, 56, 186.91
2026/09/08 20:59:22.652, GPU-ecc6a1f9-42fe-2932-7ea0-1dd285491b7b, 733, 100, 1328, 56, 207.28
2026/09/08 20:59:22.855, GPU-ecc6a1f9-42fe-2932-7ea0-1dd285491b7b, 733, 100, 1328, 56, 199.09
2026/09/08 20:59:23.059, GPU-ecc6a1f9-42fe-2932-7ea0-1dd285491b7b, 733, 100, 1328, 57, 236.75
2026/09/08 20:59:23.262, GPU-ecc6a1f9-42fe-2932-7ea0-1dd285491b7b, 733, 100, 1328, 56, 192.59
2026/09/08 20:59:23.466, GPU-ecc6a1f9-42fe-2932-7ea0-1dd285491b7b, 733, 100, 1316, 57, 232.80
2026/09/08 20:59:23.670, GPU-ecc6a1f9-42fe-2932-7ea0-1dd285491b7b, 733, 100, 1316, 57, 196.95
2026/09/08 20:59:23.874, GPU-ecc6a1f9-42fe-2932-7ea0-1dd285491b7b, 733, 100, 1316, 57, 234.59
2026/09/08 20:59:24.077, GPU-ecc6a1f9-42fe-2932-7ea0-1dd285491b7b, 733, 100, 1328, 57, 201.14
2026/09/08 20:59:24.281, GPU-ecc6a1f9-42fe-2932-7ea0-1dd285491b7b, 733, 100, 1328, 57, 190.53
2026/09/08 20:59:24.484, GPU-ecc6a1f9-42fe-2932-7ea0-1dd285491b7b, 733, 100, 1328, 57, 210.41
2026/09/08 20:59:24.688, GPU-ecc6a1f9-42fe-2932-7ea0-1dd285491b7b, 733, 100, 1328, 57, 197.16
2026/09/08 20:59:24.892, GPU-ecc6a1f9-42fe-2932-7ea0-1dd285491b7b, 733, 100, 1316, 57, 223.55
2026/09/08 20:59:25.097, GPU-ecc6a1f9-42fe-2932-7ea0-1dd285491b7b, 733, 100, 1328, 57, 188.60
2026/09/08 20:59:25.301, GPU-ecc6a1f9-42fe-2932-7ea0-1dd285491b7b, 733, 100, 1316, 58, 233.50
2026/09/08 20:59:25.504, GPU-ecc6a1f9-42fe-2932-7ea0-1dd285491b7b, 733, 100, 1328, 57, 195.36
2026/09/08 20:59:25.707, GPU-ecc6a1f9-42fe-2932-7ea0-1dd285491b7b, 733, 100, 1316, 58, 216.20
2026/09/08 20:59:25.914, GPU-ecc6a1f9-42fe-2932-7ea0-1dd285491b7b, 733, 100, 1328, 58, 212.34
2026/09/08 20:59:26.117, GPU-ecc6a1f9-42fe-2932-7ea0-1dd285491b7b, 733, 100, 1328, 58, 201.74
2026/09/08 20:59:26.321, GPU-ecc6a1f9-42fe-2932-7ea0-1dd285491b7b, 733, 100, 1328, 58, 202.35
2026/09/08 20:59:26.524, GPU-ecc6a1f9-42fe-2932-7ea0-1dd285491b7b, 733, 100, 1328, 58, 193.54
2026/09/08 20:59:26.727, GPU-ecc6a1f9-42fe-2932-7ea0-1dd285491b7b, 733, 100, 1316, 58, 234.96
2026/09/08 20:59:26.931, GPU-ecc6a1f9-42fe-2932-7ea0-1dd285491b7b, 733, 100, 1328, 58, 193.06
2026/09/08 20:59:27.135, GPU-ecc6a1f9-42fe-2932-7ea0-1dd285491b7b, 733, 100, 1316, 58, 224.52
2026/09/08 20:59:27.339, GPU-ecc6a1f9-42fe-2932-7ea0-1dd285491b7b, 733, 100, 1316, 58, 202.71
2026/09/08 20:59:27.543, GPU-ecc6a1f9-42fe-2932-7ea0-1dd285491b7b, 733, 100, 1316, 58, 238.92
2026/09/08 20:59:27.746, GPU-ecc6a1f9-42fe-2932-7ea0-1dd285491b7b, 733, 100, 1316, 59, 244.41
2026/09/08 20:59:27.950, GPU-ecc6a1f9-42fe-2932-7ea0-1dd285491b7b, 733, 100, 1316, 58, 186.42
2026/09/08 20:59:28.155, GPU-ecc6a1f9-42fe-2932-7ea0-1dd285491b7b, 733, 100, 1328, 58, 191.87
2026/09/08 20:59:28.358, GPU-ecc6a1f9-42fe-2932-7ea0-1dd285491b7b, 733, 100, 1328, 58, 183.62
2026/09/08 20:59:28.562, GPU-ecc6a1f9-42fe-2932-7ea0-1dd285491b7b, 733, 100, 1328, 58, 232.42
2026/09/08 20:59:28.766, GPU-ecc6a1f9-42fe-2932-7ea0-1dd285491b7b, 733, 100, 1328, 59, 220.40
2026/09/08 20:59:28.970, GPU-ecc6a1f9-42fe-2932-7ea0-1dd285491b7b, 733, 100, 1328, 59, 215.71
2026/09/08 20:59:29.175, GPU-ecc6a1f9-42fe-2932-7ea0-1dd285491b7b, 733, 65, 1316, 57, 71.52
2026/09/08 20:59:29.378, GPU-ecc6a1f9-42fe-2932-7ea0-1dd285491b7b, 263, 56, 1328, 56, 45.31
2026/09/08 20:59:29.582, GPU-ecc6a1f9-42fe-2932-7ea0-1dd285491b7b, 5, 2, 1328, 55, 44.84
2026/09/08 20:59:29.785, GPU-ecc6a1f9-42fe-2932-7ea0-1dd285491b7b, 5, 0, 1328, 54, 44.35
2026/09/08 20:59:29.989, GPU-ecc6a1f9-42fe-2932-7ea0-1dd285491b7b, 5, 0, 1328, 54, 43.87
2026/09/08 20:59:30.192, GPU-ecc6a1f9-42fe-2932-7ea0-1dd285491b7b, 5, 0, 1328, 54, 43.87
2026/09/08 20:59:30.397, GPU-ecc6a1f9-42fe-2932-7ea0-1dd285491b7b, 5, 0, 1328, 53, 43.63
2026/09/08 20:59:30.600, GPU-ecc6a1f9-42fe-2932-7ea0-1dd285491b7b, 5, 0, 1328, 53, 43.63
2026/09/08 20:59:30.803, GPU-ecc6a1f9-42fe-2932-7ea0-1dd285491b7b, 5, 0, 1328, 53, 43.38
2026/09/08 20:59:31.007, GPU-ecc6a1f9-42fe-2932-7ea0-1dd285491b7b, 5, 0, 1328, 53, 43.38
2026/09/08 20:59:31.210, GPU-ecc6a1f9-42fe-2932-7ea0-1dd285491b7b, 7, 0, 1328, 53, 43.14
2026/09/08 20:59:31.416, GPU-ecc6a1f9-42fe-2932-7ea0-1dd285491b7b, 15, 0, 1328, 52, 43.14
2026/09/08 20:59:31.623, GPU-ecc6a1f9-42fe-2932-7ea0-1dd285491b7b, 565, 22, 1328, 53, 43.60
2026/09/08 20:59:31.826, GPU-ecc6a1f9-42fe-2932-7ea0-1dd285491b7b, 613, 15, 1328, 52, 44.82
2026/09/08 20:59:32.030, GPU-ecc6a1f9-42fe-2932-7ea0-1dd285491b7b, 733, 13, 1328, 52, 43.36
2026/09/08 20:59:32.235, GPU-ecc6a1f9-42fe-2932-7ea0-1dd285491b7b, 733, 0, 1328, 52, 43.11
2026/09/08 20:59:32.439, GPU-ecc6a1f9-42fe-2932-7ea0-1dd285491b7b, 733, 64, 1328, 53, 70.79
2026/09/08 20:59:32.643, GPU-ecc6a1f9-42fe-2932-7ea0-1dd285491b7b, 733, 77, 1328, 55, 194.50
2026/09/08 20:59:32.846, GPU-ecc6a1f9-42fe-2932-7ea0-1dd285491b7b, 733, 100, 1328, 56, 197.88
2026/09/08 20:59:33.050, GPU-ecc6a1f9-42fe-2932-7ea0-1dd285491b7b, 733, 100, 1316, 57, 238.92
2026/09/08 20:59:33.255, GPU-ecc6a1f9-42fe-2932-7ea0-1dd285491b7b, 733, 100, 1316, 57, 203.32
2026/09/08 20:59:33.459, GPU-ecc6a1f9-42fe-2932-7ea0-1dd285491b7b, 733, 100, 1328, 57, 181.44
2026/09/08 20:59:33.663, GPU-ecc6a1f9-42fe-2932-7ea0-1dd285491b7b, 733, 100, 1328, 57, 209.81
2026/09/08 20:59:33.866, GPU-ecc6a1f9-42fe-2932-7ea0-1dd285491b7b, 733, 100, 1328, 57, 197.64
2026/09/08 20:59:34.070, GPU-ecc6a1f9-42fe-2932-7ea0-1dd285491b7b, 733, 100, 1328, 57, 249.34
2026/09/08 20:59:34.273, GPU-ecc6a1f9-42fe-2932-7ea0-1dd285491b7b, 733, 100, 1316, 58, 186.91
2026/09/08 20:59:34.477, GPU-ecc6a1f9-42fe-2932-7ea0-1dd285491b7b, 733, 100, 1328, 58, 243.71
2026/09/08 20:59:34.682, GPU-ecc6a1f9-42fe-2932-7ea0-1dd285491b7b, 733, 100, 1316, 58, 192.35
2026/09/08 20:59:34.885, GPU-ecc6a1f9-42fe-2932-7ea0-1dd285491b7b, 733, 100, 1328, 58, 220.66
2026/09/08 20:59:35.089, GPU-ecc6a1f9-42fe-2932-7ea0-1dd285491b7b, 733, 100, 1328, 58, 218.98
2026/09/08 20:59:35.292, GPU-ecc6a1f9-42fe-2932-7ea0-1dd285491b7b, 733, 100, 1328, 58, 210.53
2026/09/08 20:59:35.498, GPU-ecc6a1f9-42fe-2932-7ea0-1dd285491b7b, 733, 100, 1328, 58, 206.79
2026/09/08 20:59:35.701, GPU-ecc6a1f9-42fe-2932-7ea0-1dd285491b7b, 733, 100, 1328, 58, 197.64
2026/09/08 20:59:35.905, GPU-ecc6a1f9-42fe-2932-7ea0-1dd285491b7b, 733, 100, 1328, 58, 243.47
2026/09/08 20:59:36.108, GPU-ecc6a1f9-42fe-2932-7ea0-1dd285491b7b, 733, 100, 1316, 59, 228.58
2026/09/08 20:59:36.312, GPU-ecc6a1f9-42fe-2932-7ea0-1dd285491b7b, 733, 100, 1328, 58, 202.82
2026/09/08 20:59:36.515, GPU-ecc6a1f9-42fe-2932-7ea0-1dd285491b7b, 733, 100, 1316, 59, 220.77
2026/09/08 20:59:36.720, GPU-ecc6a1f9-42fe-2932-7ea0-1dd285491b7b, 733, 100, 1328, 59, 207.31
2026/09/08 20:59:36.923, GPU-ecc6a1f9-42fe-2932-7ea0-1dd285491b7b, 733, 100, 1316, 59, 242.26
2026/09/08 20:59:37.127, GPU-ecc6a1f9-42fe-2932-7ea0-1dd285491b7b, 733, 100, 1328, 59, 203.32
2026/09/08 20:59:37.330, GPU-ecc6a1f9-42fe-2932-7ea0-1dd285491b7b, 733, 100, 1328, 59, 195.47
2026/09/08 20:59:37.534, GPU-ecc6a1f9-42fe-2932-7ea0-1dd285491b7b, 733, 100, 1328, 59, 208.12
2026/09/08 20:59:37.737, GPU-ecc6a1f9-42fe-2932-7ea0-1dd285491b7b, 733, 100, 1328, 59, 201.88
2026/09/08 20:59:37.943, GPU-ecc6a1f9-42fe-2932-7ea0-1dd285491b7b, 733, 100, 1316, 59, 228.70
2026/09/08 20:59:38.148, GPU-ecc6a1f9-42fe-2932-7ea0-1dd285491b7b, 733, 100, 1328, 59, 190.04
2026/09/08 20:59:38.352, GPU-ecc6a1f9-42fe-2932-7ea0-1dd285491b7b, 733, 100, 1316, 59, 232.55
2026/09/08 20:59:38.555, GPU-ecc6a1f9-42fe-2932-7ea0-1dd285491b7b, 733, 100, 1316, 59, 208.12
2026/09/08 20:59:38.759, GPU-ecc6a1f9-42fe-2932-7ea0-1dd285491b7b, 733, 100, 1316, 60, 240.36
2026/09/08 20:59:38.962, GPU-ecc6a1f9-42fe-2932-7ea0-1dd285491b7b, 733, 100, 1303, 60, 220.66
2026/09/08 20:59:39.174, GPU-ecc6a1f9-42fe-2932-7ea0-1dd285491b7b, 733, 100, 1328, 60, 196.43
2026/09/08 20:59:39.377, GPU-ecc6a1f9-42fe-2932-7ea0-1dd285491b7b, 733, 100, 1328, 59, 192.82
2026/09/08 20:59:39.581, GPU-ecc6a1f9-42fe-2932-7ea0-1dd285491b7b, 733, 100, 1328, 59, 189.56
2026/09/08 20:59:39.784, GPU-ecc6a1f9-42fe-2932-7ea0-1dd285491b7b, 733, 100, 1328, 60, 236.97
2026/09/08 20:59:39.988, GPU-ecc6a1f9-42fe-2932-7ea0-1dd285491b7b, 733, 100, 1328, 60, 205.23
2026/09/08 20:59:40.193, GPU-ecc6a1f9-42fe-2932-7ea0-1dd285491b7b, 733, 100, 1328, 59, 51.87
2026/09/08 20:59:40.397, GPU-ecc6a1f9-42fe-2932-7ea0-1dd285491b7b, 733, 56, 1328, 58, 106.11
2026/09/08 20:59:40.600, GPU-ecc6a1f9-42fe-2932-7ea0-1dd285491b7b, 5, 45, 1328, 57, 46.28
2026/09/08 20:59:40.804, GPU-ecc6a1f9-42fe-2932-7ea0-1dd285491b7b, 5, 0, 1328, 56, 45.79
2026/09/08 20:59:41.007, GPU-ecc6a1f9-42fe-2932-7ea0-1dd285491b7b, 5, 0, 1328, 55, 45.33
2026/09/08 20:59:41.213, GPU-ecc6a1f9-42fe-2932-7ea0-1dd285491b7b, 5, 0, 1328, 55, 44.82
2026/09/08 20:59:41.417, GPU-ecc6a1f9-42fe-2932-7ea0-1dd285491b7b, 5, 0, 1328, 55, 44.60
2026/09/08 20:59:41.645, GPU-ecc6a1f9-42fe-2932-7ea0-1dd285491b7b, 5, 0, 1328, 54, 44.09
2026/09/08 20:59:41.848, GPU-ecc6a1f9-42fe-2932-7ea0-1dd285491b7b, 5, 0, 1328, 54, 43.87
2026/09/08 20:59:42.052, GPU-ecc6a1f9-42fe-2932-7ea0-1dd285491b7b, 5, 0, 1328, 54, 43.87
2026/09/08 20:59:42.255, GPU-ecc6a1f9-42fe-2932-7ea0-1dd285491b7b, 7, 0, 1328, 54, 43.38
2026/09/08 20:59:42.462, GPU-ecc6a1f9-42fe-2932-7ea0-1dd285491b7b, 15, 0, 1328, 54, 43.63
2026/09/08 20:59:42.742, GPU-ecc6a1f9-42fe-2932-7ea0-1dd285491b7b, 565, 7, 1328, 54, 44.33
2026/09/08 20:59:42.945, GPU-ecc6a1f9-42fe-2932-7ea0-1dd285491b7b, 565, 18, 1328, 54, 44.09
2026/09/08 20:59:43.149, GPU-ecc6a1f9-42fe-2932-7ea0-1dd285491b7b, 733, 9, 1189, 53, 39.48
2026/09/08 20:59:43.352, GPU-ecc6a1f9-42fe-2932-7ea0-1dd285491b7b, 733, 2, 1189, 54, 92.99
2026/09/08 20:59:43.556, GPU-ecc6a1f9-42fe-2932-7ea0-1dd285491b7b, 733, 69, 1316, 54, 203.07
2026/09/08 20:59:43.763, GPU-ecc6a1f9-42fe-2932-7ea0-1dd285491b7b, 733, 75, 1328, 56, 236.25
2026/09/08 20:59:43.966, GPU-ecc6a1f9-42fe-2932-7ea0-1dd285491b7b, 733, 100, 1328, 57, 236.51
2026/09/08 20:59:44.170, GPU-ecc6a1f9-42fe-2932-7ea0-1dd285491b7b, 733, 100, 1328, 58, 219.81
2026/09/08 20:59:44.373, GPU-ecc6a1f9-42fe-2932-7ea0-1dd285491b7b, 733, 100, 1316, 58, 200.90
2026/09/08 20:59:44.577, GPU-ecc6a1f9-42fe-2932-7ea0-1dd285491b7b, 733, 100, 1328, 58, 200.05
2026/09/08 20:59:44.783, GPU-ecc6a1f9-42fe-2932-7ea0-1dd285491b7b, 733, 100, 1328, 58, 192.43
2026/09/08 20:59:44.987, GPU-ecc6a1f9-42fe-2932-7ea0-1dd285491b7b, 733, 100, 1328, 58, 186.18
2026/09/08 20:59:45.190, GPU-ecc6a1f9-42fe-2932-7ea0-1dd285491b7b, 733, 100, 1316, 59, 238.19
2026/09/08 20:59:45.394, GPU-ecc6a1f9-42fe-2932-7ea0-1dd285491b7b, 733, 100, 1316, 59, 190.29
2026/09/08 20:59:45.597, GPU-ecc6a1f9-42fe-2932-7ea0-1dd285491b7b, 733, 100, 1316, 59, 230.39
2026/09/08 20:59:45.803, GPU-ecc6a1f9-42fe-2932-7ea0-1dd285491b7b, 733, 100, 1316, 59, 201.63
2026/09/08 20:59:46.008, GPU-ecc6a1f9-42fe-2932-7ea0-1dd285491b7b, 733, 100, 1328, 59, 247.56
2026/09/08 20:59:46.211, GPU-ecc6a1f9-42fe-2932-7ea0-1dd285491b7b, 733, 100, 1316, 59, 194.74
2026/09/08 20:59:46.414, GPU-ecc6a1f9-42fe-2932-7ea0-1dd285491b7b, 733, 100, 1328, 59, 187.87
2026/09/08 20:59:46.618, GPU-ecc6a1f9-42fe-2932-7ea0-1dd285491b7b, 733, 100, 1328, 59, 196.68
2026/09/08 20:59:46.822, GPU-ecc6a1f9-42fe-2932-7ea0-1dd285491b7b, 733, 100, 1328, 59, 191.16
2026/09/08 20:59:47.026, GPU-ecc6a1f9-42fe-2932-7ea0-1dd285491b7b, 733, 100, 1316, 60, 235.31
2026/09/08 20:59:47.229, GPU-ecc6a1f9-42fe-2932-7ea0-1dd285491b7b, 733, 100, 1316, 60, 177.12
2026/09/08 20:59:47.436, GPU-ecc6a1f9-42fe-2932-7ea0-1dd285491b7b, 733, 100, 1328, 60, 241.54
2026/09/08 20:59:47.640, GPU-ecc6a1f9-42fe-2932-7ea0-1dd285491b7b, 733, 100, 1316, 60, 209.83
2026/09/08 20:59:47.843, GPU-ecc6a1f9-42fe-2932-7ea0-1dd285491b7b, 733, 100, 1328, 60, 251.50
2026/09/08 20:59:48.046, GPU-ecc6a1f9-42fe-2932-7ea0-1dd285491b7b, 733, 100, 1316, 60, 194.01
2026/09/08 20:59:48.250, GPU-ecc6a1f9-42fe-2932-7ea0-1dd285491b7b, 733, 100, 1328, 60, 185.46
2026/09/08 20:59:48.454, GPU-ecc6a1f9-42fe-2932-7ea0-1dd285491b7b, 733, 100, 1328, 60, 214.03
2026/09/08 20:59:48.658, GPU-ecc6a1f9-42fe-2932-7ea0-1dd285491b7b, 733, 100, 1328, 60, 204.50
2026/09/08 20:59:48.862, GPU-ecc6a1f9-42fe-2932-7ea0-1dd285491b7b, 733, 100, 1328, 60, 227.50
2026/09/08 20:59:49.066, GPU-ecc6a1f9-42fe-2932-7ea0-1dd285491b7b, 733, 100, 1316, 60, 201.14
2026/09/08 20:59:49.269, GPU-ecc6a1f9-42fe-2932-7ea0-1dd285491b7b, 733, 100, 1328, 60, 235.68
2026/09/08 20:59:49.475, GPU-ecc6a1f9-42fe-2932-7ea0-1dd285491b7b, 733, 100, 1303, 61, 220.66
2026/09/08 20:59:49.683, GPU-ecc6a1f9-42fe-2932-7ea0-1dd285491b7b, 733, 100, 1328, 60, 220.66
2026/09/08 20:59:49.886, GPU-ecc6a1f9-42fe-2932-7ea0-1dd285491b7b, 733, 100, 1290, 61, 240.12
2026/09/08 20:59:50.090, GPU-ecc6a1f9-42fe-2932-7ea0-1dd285491b7b, 733, 100, 1316, 61, 192.59
2026/09/08 20:59:50.295, GPU-ecc6a1f9-42fe-2932-7ea0-1dd285491b7b, 733, 100, 1328, 61, 205.24
2026/09/08 20:59:50.498, GPU-ecc6a1f9-42fe-2932-7ea0-1dd285491b7b, 733, 100, 1328, 60, 185.94
2026/09/08 20:59:50.702, GPU-ecc6a1f9-42fe-2932-7ea0-1dd285491b7b, 733, 100, 1328, 61, 220.42
2026/09/08 20:59:50.905, GPU-ecc6a1f9-42fe-2932-7ea0-1dd285491b7b, 733, 100, 1328, 61, 225.22
2026/09/08 20:59:51.109, GPU-ecc6a1f9-42fe-2932-7ea0-1dd285491b7b, 733, 100, 1328, 61, 209.81
2026/09/08 20:59:51.314, GPU-ecc6a1f9-42fe-2932-7ea0-1dd285491b7b, 733, 100, 1316, 60, 86.74
2026/09/08 20:59:51.518, GPU-ecc6a1f9-42fe-2932-7ea0-1dd285491b7b, 265, 53, 1328, 59, 48.46
2026/09/08 20:59:51.721, GPU-ecc6a1f9-42fe-2932-7ea0-1dd285491b7b, 5, 8, 1328, 57, 46.28
2026/09/08 20:59:51.925, GPU-ecc6a1f9-42fe-2932-7ea0-1dd285491b7b, 5, 0, 1328, 57, 45.57
2026/09/08 20:59:52.128, GPU-ecc6a1f9-42fe-2932-7ea0-1dd285491b7b, 5, 0, 1328, 56, 45.06
2026/09/08 20:59:52.334, GPU-ecc6a1f9-42fe-2932-7ea0-1dd285491b7b, 5, 0, 1328, 56, 45.08
2026/09/08 20:59:52.538, GPU-ecc6a1f9-42fe-2932-7ea0-1dd285491b7b, 5, 0, 1328, 56, 44.84
2026/09/08 20:59:52.741, GPU-ecc6a1f9-42fe-2932-7ea0-1dd285491b7b, 5, 0, 1328, 55, 44.58
2026/09/08 20:59:52.945, GPU-ecc6a1f9-42fe-2932-7ea0-1dd285491b7b, 5, 0, 1328, 55, 44.60
2026/09/08 20:59:53.148, GPU-ecc6a1f9-42fe-2932-7ea0-1dd285491b7b, 5, 0, 1328, 55, 44.60
2026/09/08 20:59:53.354, GPU-ecc6a1f9-42fe-2932-7ea0-1dd285491b7b, 5, 0, 1328, 55, 44.35
2026/09/08 20:59:53.557, GPU-ecc6a1f9-42fe-2932-7ea0-1dd285491b7b, 5, 0, 1328, 55, 44.11
2026/09/08 20:59:53.797, GPU-ecc6a1f9-42fe-2932-7ea0-1dd285491b7b, 7, 0, 1328, 55, 44.33
2026/09/08 20:59:54.000, GPU-ecc6a1f9-42fe-2932-7ea0-1dd285491b7b, 7, 0, 1328, 55, 44.11
2026/09/08 20:59:54.204, GPU-ecc6a1f9-42fe-2932-7ea0-1dd285491b7b, 15, 0, 1328, 54, 44.09
2026/09/08 20:59:54.414, GPU-ecc6a1f9-42fe-2932-7ea0-1dd285491b7b, 787, 22, 1328, 55, 49.44
2026/09/08 20:59:54.618, GPU-ecc6a1f9-42fe-2932-7ea0-1dd285491b7b, 787, 19, 1328, 54, 44.57
2026/09/08 20:59:54.822, GPU-ecc6a1f9-42fe-2932-7ea0-1dd285491b7b, 787, 19, 1328, 55, 45.06
2026/09/08 20:59:55.025, GPU-ecc6a1f9-42fe-2932-7ea0-1dd285491b7b, 1057, 15, 1328, 54, 46.28
2026/09/08 20:59:55.229, GPU-ecc6a1f9-42fe-2932-7ea0-1dd285491b7b, 1057, 3, 1328, 54, 44.33
2026/09/08 20:59:55.434, GPU-ecc6a1f9-42fe-2932-7ea0-1dd285491b7b, 1057, 5, 1328, 54, 43.87
2026/09/08 20:59:55.637, GPU-ecc6a1f9-42fe-2932-7ea0-1dd285491b7b, 1057, 0, 1328, 54, 43.87
2026/09/08 20:59:55.841, GPU-ecc6a1f9-42fe-2932-7ea0-1dd285491b7b, 1057, 0, 1328, 54, 43.84
2026/09/08 20:59:56.044, GPU-ecc6a1f9-42fe-2932-7ea0-1dd285491b7b, 1057, 0, 1328, 54, 43.84
2026/09/08 20:59:56.248, GPU-ecc6a1f9-42fe-2932-7ea0-1dd285491b7b, 1057, 0, 1328, 54, 43.84
2026/09/08 20:59:56.453, GPU-ecc6a1f9-42fe-2932-7ea0-1dd285491b7b, 1057, 0, 1328, 53, 43.84
2026/09/08 20:59:56.656, GPU-ecc6a1f9-42fe-2932-7ea0-1dd285491b7b, 1057, 0, 1328, 53, 43.38
2026/09/08 20:59:56.860, GPU-ecc6a1f9-42fe-2932-7ea0-1dd285491b7b, 1057, 15, 1328, 54, 242.51
2026/09/08 20:59:57.063, GPU-ecc6a1f9-42fe-2932-7ea0-1dd285491b7b, 1057, 30, 1328, 55, 62.79
2026/09/08 20:59:57.267, GPU-ecc6a1f9-42fe-2932-7ea0-1dd285491b7b, 1057, 60, 1328, 54, 47.74
2026/09/08 20:59:57.472, GPU-ecc6a1f9-42fe-2932-7ea0-1dd285491b7b, 1057, 32, 1328, 54, 51.39
2026/09/08 20:59:57.676, GPU-ecc6a1f9-42fe-2932-7ea0-1dd285491b7b, 1057, 42, 1328, 56, 217.38
2026/09/08 20:59:57.879, GPU-ecc6a1f9-42fe-2932-7ea0-1dd285491b7b, 1057, 100, 1328, 57, 218.36
2026/09/08 20:59:58.083, GPU-ecc6a1f9-42fe-2932-7ea0-1dd285491b7b, 1057, 100, 1316, 57, 216.20
2026/09/08 20:59:58.286, GPU-ecc6a1f9-42fe-2932-7ea0-1dd285491b7b, 1057, 100, 1316, 58, 209.10
2026/09/08 20:59:58.492, GPU-ecc6a1f9-42fe-2932-7ea0-1dd285491b7b, 1057, 100, 1316, 58, 205.97
2026/09/08 20:59:58.695, GPU-ecc6a1f9-42fe-2932-7ea0-1dd285491b7b, 1057, 100, 1316, 59, 210.65
2026/09/08 20:59:58.899, GPU-ecc6a1f9-42fe-2932-7ea0-1dd285491b7b, 1057, 100, 1303, 59, 226.67
2026/09/08 20:59:59.103, GPU-ecc6a1f9-42fe-2932-7ea0-1dd285491b7b, 1057, 100, 1316, 59, 202.23
2026/09/08 20:59:59.306, GPU-ecc6a1f9-42fe-2932-7ea0-1dd285491b7b, 1057, 100, 1328, 59, 200.78
2026/09/08 20:59:59.510, GPU-ecc6a1f9-42fe-2932-7ea0-1dd285491b7b, 1057, 100, 1328, 59, 205.74
2026/09/08 20:59:59.713, GPU-ecc6a1f9-42fe-2932-7ea0-1dd285491b7b, 1057, 100, 1328, 59, 194.39
2026/09/08 20:59:59.917, GPU-ecc6a1f9-42fe-2932-7ea0-1dd285491b7b, 1057, 100, 1328, 59, 219.33
2026/09/08 21:00:00.120, GPU-ecc6a1f9-42fe-2932-7ea0-1dd285491b7b, 1057, 100, 1328, 60, 224.74
2026/09/08 21:00:00.324, GPU-ecc6a1f9-42fe-2932-7ea0-1dd285491b7b, 1057, 100, 1328, 60, 190.04
2026/09/08 21:00:00.527, GPU-ecc6a1f9-42fe-2932-7ea0-1dd285491b7b, 1057, 100, 1328, 60, 221.85
2026/09/08 21:00:00.733, GPU-ecc6a1f9-42fe-2932-7ea0-1dd285491b7b, 1057, 100, 1316, 60, 240.12
2026/09/08 21:00:00.937, GPU-ecc6a1f9-42fe-2932-7ea0-1dd285491b7b, 1057, 100, 1316, 60, 211.13
2026/09/08 21:00:01.142, GPU-ecc6a1f9-42fe-2932-7ea0-1dd285491b7b, 1057, 100, 1328, 60, 195.95
2026/09/08 21:00:01.345, GPU-ecc6a1f9-42fe-2932-7ea0-1dd285491b7b, 1057, 100, 1328, 60, 225.93
2026/09/08 21:00:01.549, GPU-ecc6a1f9-42fe-2932-7ea0-1dd285491b7b, 1057, 100, 1316, 60, 213.79
2026/09/08 21:00:01.752, GPU-ecc6a1f9-42fe-2932-7ea0-1dd285491b7b, 1057, 100, 1303, 61, 238.43
2026/09/08 21:00:01.956, GPU-ecc6a1f9-42fe-2932-7ea0-1dd285491b7b, 1057, 100, 1328, 60, 218.98
2026/09/08 21:00:02.162, GPU-ecc6a1f9-42fe-2932-7ea0-1dd285491b7b, 1057, 100, 1328, 60, 217.53
2026/09/08 21:00:02.365, GPU-ecc6a1f9-42fe-2932-7ea0-1dd285491b7b, 1057, 100, 1316, 61, 240.36
2026/09/08 21:00:02.569, GPU-ecc6a1f9-42fe-2932-7ea0-1dd285491b7b, 1057, 100, 1316, 61, 216.09
2026/09/08 21:00:02.773, GPU-ecc6a1f9-42fe-2932-7ea0-1dd285491b7b, 1057, 100, 1328, 61, 205.24
2026/09/08 21:00:02.976, GPU-ecc6a1f9-42fe-2932-7ea0-1dd285491b7b, 1057, 100, 1328, 61, 213.18
2026/09/08 21:00:03.182, GPU-ecc6a1f9-42fe-2932-7ea0-1dd285491b7b, 1057, 100, 1328, 61, 198.61
2026/09/08 21:00:03.385, GPU-ecc6a1f9-42fe-2932-7ea0-1dd285491b7b, 1057, 100, 1328, 61, 211.50
2026/09/08 21:00:03.589, GPU-ecc6a1f9-42fe-2932-7ea0-1dd285491b7b, 1057, 100, 1328, 61, 218.85
2026/09/08 21:00:03.792, GPU-ecc6a1f9-42fe-2932-7ea0-1dd285491b7b, 1057, 100, 1328, 61, 205.49
2026/09/08 21:00:03.996, GPU-ecc6a1f9-42fe-2932-7ea0-1dd285491b7b, 1057, 100, 1328, 61, 202.85
2026/09/08 21:00:04.201, GPU-ecc6a1f9-42fe-2932-7ea0-1dd285491b7b, 1057, 100, 1316, 61, 251.98
2026/09/08 21:00:04.408, GPU-ecc6a1f9-42fe-2932-7ea0-1dd285491b7b, 1057, 100, 1316, 61, 214.75
2026/09/08 21:00:04.611, GPU-ecc6a1f9-42fe-2932-7ea0-1dd285491b7b, 1057, 100, 1303, 62, 208.85
2026/09/08 21:00:04.815, GPU-ecc6a1f9-42fe-2932-7ea0-1dd285491b7b, 1057, 100, 1328, 61, 194.74
2026/09/08 21:00:05.020, GPU-ecc6a1f9-42fe-2932-7ea0-1dd285491b7b, 1057, 100, 1328, 61, 220.03
2026/09/08 21:00:05.223, GPU-ecc6a1f9-42fe-2932-7ea0-1dd285491b7b, 1057, 100, 1316, 62, 248.85
2026/09/08 21:00:05.427, GPU-ecc6a1f9-42fe-2932-7ea0-1dd285491b7b, 1057, 100, 1316, 61, 199.31
2026/09/08 21:00:05.631, GPU-ecc6a1f9-42fe-2932-7ea0-1dd285491b7b, 1057, 100, 1328, 61, 201.97
2026/09/08 21:00:05.834, GPU-ecc6a1f9-42fe-2932-7ea0-1dd285491b7b, 1057, 100, 1328, 61, 242.51
2026/09/08 21:00:06.039, GPU-ecc6a1f9-42fe-2932-7ea0-1dd285491b7b, 1057, 100, 1303, 62, 209.95
2026/09/08 21:00:06.244, GPU-ecc6a1f9-42fe-2932-7ea0-1dd285491b7b, 1057, 100, 1316, 62, 242.24
2026/09/08 21:00:06.447, GPU-ecc6a1f9-42fe-2932-7ea0-1dd285491b7b, 1057, 100, 1328, 62, 228.46
2026/09/08 21:00:06.651, GPU-ecc6a1f9-42fe-2932-7ea0-1dd285491b7b, 1057, 100, 1328, 62, 199.81
2026/09/08 21:00:06.854, GPU-ecc6a1f9-42fe-2932-7ea0-1dd285491b7b, 1057, 100, 1328, 62, 207.64
2026/09/08 21:00:07.059, GPU-ecc6a1f9-42fe-2932-7ea0-1dd285491b7b, 1057, 100, 1328, 62, 208.62
2026/09/08 21:00:07.262, GPU-ecc6a1f9-42fe-2932-7ea0-1dd285491b7b, 1057, 100, 1328, 62, 211.86
2026/09/08 21:00:07.466, GPU-ecc6a1f9-42fe-2932-7ea0-1dd285491b7b, 1057, 100, 1328, 62, 208.85
2026/09/08 21:00:07.669, GPU-ecc6a1f9-42fe-2932-7ea0-1dd285491b7b, 1057, 100, 1328, 62, 191.25
2026/09/08 21:00:07.873, GPU-ecc6a1f9-42fe-2932-7ea0-1dd285491b7b, 1057, 100, 1328, 62, 224.74
2026/09/08 21:00:08.078, GPU-ecc6a1f9-42fe-2932-7ea0-1dd285491b7b, 1057, 100, 1316, 62, 242.48
2026/09/08 21:00:08.281, GPU-ecc6a1f9-42fe-2932-7ea0-1dd285491b7b, 1057, 100, 1303, 62, 188.35
2026/09/08 21:00:08.485, GPU-ecc6a1f9-42fe-2932-7ea0-1dd285491b7b, 1057, 100, 1328, 62, 206.91
2026/09/08 21:00:08.688, GPU-ecc6a1f9-42fe-2932-7ea0-1dd285491b7b, 1057, 100, 1316, 62, 238.68
2026/09/08 21:00:08.892, GPU-ecc6a1f9-42fe-2932-7ea0-1dd285491b7b, 1057, 100, 1328, 62, 222.35
2026/09/08 21:00:09.095, GPU-ecc6a1f9-42fe-2932-7ea0-1dd285491b7b, 1057, 100, 1316, 62, 214.51
2026/09/08 21:00:09.299, GPU-ecc6a1f9-42fe-2932-7ea0-1dd285491b7b, 1057, 100, 1328, 62, 218.01
2026/09/08 21:00:09.503, GPU-ecc6a1f9-42fe-2932-7ea0-1dd285491b7b, 1057, 100, 1316, 62, 251.50
2026/09/08 21:00:09.706, GPU-ecc6a1f9-42fe-2932-7ea0-1dd285491b7b, 1057, 100, 1290, 63, 236.51
2026/09/08 21:00:09.910, GPU-ecc6a1f9-42fe-2932-7ea0-1dd285491b7b, 1057, 100, 1303, 63, 234.46
2026/09/08 21:00:10.113, GPU-ecc6a1f9-42fe-2932-7ea0-1dd285491b7b, 1057, 100, 1303, 63, 237.71
2026/09/08 21:00:10.317, GPU-ecc6a1f9-42fe-2932-7ea0-1dd285491b7b, 1057, 100, 1290, 63, 204.52
2026/09/08 21:00:10.521, GPU-ecc6a1f9-42fe-2932-7ea0-1dd285491b7b, 1057, 100, 1328, 63, 211.62
2026/09/08 21:00:10.725, GPU-ecc6a1f9-42fe-2932-7ea0-1dd285491b7b, 1057, 100, 1328, 63, 209.00
2026/09/08 21:00:10.928, GPU-ecc6a1f9-42fe-2932-7ea0-1dd285491b7b, 1057, 100, 1328, 63, 189.80
2026/09/08 21:00:11.132, GPU-ecc6a1f9-42fe-2932-7ea0-1dd285491b7b, 1057, 100, 1328, 62, 187.39
2026/09/08 21:00:11.335, GPU-ecc6a1f9-42fe-2932-7ea0-1dd285491b7b, 1057, 100, 1328, 62, 192.80
2026/09/08 21:00:11.539, GPU-ecc6a1f9-42fe-2932-7ea0-1dd285491b7b, 1057, 100, 1328, 63, 224.50
2026/09/08 21:00:11.743, GPU-ecc6a1f9-42fe-2932-7ea0-1dd285491b7b, 1057, 100, 1328, 63, 222.57
2026/09/08 21:00:11.947, GPU-ecc6a1f9-42fe-2932-7ea0-1dd285491b7b, 1057, 100, 1328, 63, 226.30
2026/09/08 21:00:12.150, GPU-ecc6a1f9-42fe-2932-7ea0-1dd285491b7b, 1057, 100, 1328, 63, 215.01
2026/09/08 21:00:12.354, GPU-ecc6a1f9-42fe-2932-7ea0-1dd285491b7b, 1057, 100, 1328, 63, 212.84
2026/09/08 21:00:12.557, GPU-ecc6a1f9-42fe-2932-7ea0-1dd285491b7b, 1057, 100, 1290, 62, 47.49
2026/09/08 21:00:12.763, GPU-ecc6a1f9-42fe-2932-7ea0-1dd285491b7b, 1057, 41, 1328, 61, 148.71
2026/09/08 21:00:12.967, GPU-ecc6a1f9-42fe-2932-7ea0-1dd285491b7b, 1057, 48, 1328, 60, 166.33
2026/09/08 21:00:13.170, GPU-ecc6a1f9-42fe-2932-7ea0-1dd285491b7b, 5, 52, 1328, 59, 47.50
2026/09/08 21:00:13.396, GPU-ecc6a1f9-42fe-2932-7ea0-1dd285491b7b, 5, 5, 1328, 59, 46.28
2026/09/08 21:00:13.599, GPU-ecc6a1f9-42fe-2932-7ea0-1dd285491b7b, 5, 0, 1328, 58, 46.04
2026/09/08 21:00:13.804, GPU-ecc6a1f9-42fe-2932-7ea0-1dd285491b7b, 5, 0, 1328, 58, 45.82
2026/09/08 21:00:14.008, GPU-ecc6a1f9-42fe-2932-7ea0-1dd285491b7b, 5, 0, 1328, 58, 45.57
2026/09/08 21:00:14.211, GPU-ecc6a1f9-42fe-2932-7ea0-1dd285491b7b, 5, 0, 1328, 57, 45.33
2026/09/08 21:00:14.415, GPU-ecc6a1f9-42fe-2932-7ea0-1dd285491b7b, 5, 0, 1328, 57, 44.84
2026/09/08 21:00:14.618, GPU-ecc6a1f9-42fe-2932-7ea0-1dd285491b7b, 5, 0, 1328, 57, 45.06
2026/09/08 21:00:14.822, GPU-ecc6a1f9-42fe-2932-7ea0-1dd285491b7b, 7, 0, 1328, 57, 45.06
2026/09/08 21:00:15.027, GPU-ecc6a1f9-42fe-2932-7ea0-1dd285491b7b, 15, 0, 1328, 57, 45.06
2026/09/08 21:00:15.254, GPU-ecc6a1f9-42fe-2932-7ea0-1dd285491b7b, 787, 20, 1328, 56, 219.94
2026/09/08 21:00:15.457, GPU-ecc6a1f9-42fe-2932-7ea0-1dd285491b7b, 787, 21, 1328, 57, 45.55
2026/09/08 21:00:15.661, GPU-ecc6a1f9-42fe-2932-7ea0-1dd285491b7b, 787, 24, 1328, 57, 45.55
2026/09/08 21:00:15.866, GPU-ecc6a1f9-42fe-2932-7ea0-1dd285491b7b, 1057, 9, 1328, 56, 46.27
2026/09/08 21:00:16.070, GPU-ecc6a1f9-42fe-2932-7ea0-1dd285491b7b, 1057, 18, 1328, 56, 45.31
2026/09/08 21:00:16.274, GPU-ecc6a1f9-42fe-2932-7ea0-1dd285491b7b, 1057, 1, 1328, 56, 44.82
2026/09/08 21:00:16.477, GPU-ecc6a1f9-42fe-2932-7ea0-1dd285491b7b, 1057, 0, 1328, 56, 44.82
2026/09/08 21:00:16.680, GPU-ecc6a1f9-42fe-2932-7ea0-1dd285491b7b, 1057, 0, 1328, 56, 44.82
2026/09/08 21:00:16.886, GPU-ecc6a1f9-42fe-2932-7ea0-1dd285491b7b, 1057, 0, 1328, 56, 44.58
2026/09/08 21:00:17.089, GPU-ecc6a1f9-42fe-2932-7ea0-1dd285491b7b, 1057, 0, 1328, 56, 44.58
2026/09/08 21:00:17.292, GPU-ecc6a1f9-42fe-2932-7ea0-1dd285491b7b, 1057, 0, 1328, 56, 44.58
2026/09/08 21:00:17.496, GPU-ecc6a1f9-42fe-2932-7ea0-1dd285491b7b, 1057, 0, 1328, 55, 44.58
2026/09/08 21:00:17.699, GPU-ecc6a1f9-42fe-2932-7ea0-1dd285491b7b, 1057, 0, 1328, 55, 225.20
2026/09/08 21:00:17.905, GPU-ecc6a1f9-42fe-2932-7ea0-1dd285491b7b, 1057, 31, 1328, 56, 204.28
2026/09/08 21:00:18.109, GPU-ecc6a1f9-42fe-2932-7ea0-1dd285491b7b, 1057, 44, 1328, 56, 126.21
2026/09/08 21:00:18.312, GPU-ecc6a1f9-42fe-2932-7ea0-1dd285491b7b, 1057, 23, 1328, 56, 165.12
2026/09/08 21:00:18.516, GPU-ecc6a1f9-42fe-2932-7ea0-1dd285491b7b, 1057, 30, 1328, 56, 129.59
2026/09/08 21:00:18.720, GPU-ecc6a1f9-42fe-2932-7ea0-1dd285491b7b, 1057, 61, 1328, 58, 226.17
2026/09/08 21:00:18.924, GPU-ecc6a1f9-42fe-2932-7ea0-1dd285491b7b, 1057, 100, 1328, 59, 221.63
2026/09/08 21:00:19.128, GPU-ecc6a1f9-42fe-2932-7ea0-1dd285491b7b, 1057, 100, 1328, 59, 218.70
2026/09/08 21:00:19.332, GPU-ecc6a1f9-42fe-2932-7ea0-1dd285491b7b, 1057, 100, 1328, 60, 219.70
2026/09/08 21:00:19.535, GPU-ecc6a1f9-42fe-2932-7ea0-1dd285491b7b, 1057, 100, 1316, 60, 219.57
2026/09/08 21:00:19.739, GPU-ecc6a1f9-42fe-2932-7ea0-1dd285491b7b, 1057, 100, 1303, 60, 217.18
2026/09/08 21:00:19.942, GPU-ecc6a1f9-42fe-2932-7ea0-1dd285491b7b, 1057, 100, 1316, 61, 239.54
2026/09/08 21:00:20.148, GPU-ecc6a1f9-42fe-2932-7ea0-1dd285491b7b, 1057, 100, 1328, 61, 220.90
2026/09/08 21:00:20.352, GPU-ecc6a1f9-42fe-2932-7ea0-1dd285491b7b, 1057, 100, 1328, 61, 213.30
2026/09/08 21:00:20.555, GPU-ecc6a1f9-42fe-2932-7ea0-1dd285491b7b, 1057, 100, 1328, 61, 203.57
2026/09/08 21:00:20.759, GPU-ecc6a1f9-42fe-2932-7ea0-1dd285491b7b, 1057, 100, 1328, 61, 214.04
2026/09/08 21:00:20.962, GPU-ecc6a1f9-42fe-2932-7ea0-1dd285491b7b, 1057, 100, 1328, 61, 211.38
2026/09/08 21:00:21.168, GPU-ecc6a1f9-42fe-2932-7ea0-1dd285491b7b, 1057, 100, 1328, 61, 206.91
2026/09/08 21:00:21.371, GPU-ecc6a1f9-42fe-2932-7ea0-1dd285491b7b, 1057, 100, 1328, 61, 183.37
2026/09/08 21:00:21.575, GPU-ecc6a1f9-42fe-2932-7ea0-1dd285491b7b, 1057, 100, 1328, 61, 217.16
2026/09/08 21:00:21.778, GPU-ecc6a1f9-42fe-2932-7ea0-1dd285491b7b, 1057, 100, 1303, 62, 245.63
2026/09/08 21:00:21.982, GPU-ecc6a1f9-42fe-2932-7ea0-1dd285491b7b, 1057, 100, 1316, 62, 189.80
2026/09/08 21:00:22.187, GPU-ecc6a1f9-42fe-2932-7ea0-1dd285491b7b, 1057, 100, 1328, 62, 204.78
2026/09/08 21:00:22.391, GPU-ecc6a1f9-42fe-2932-7ea0-1dd285491b7b, 1057, 100, 1316, 62, 247.92
2026/09/08 21:00:22.596, GPU-ecc6a1f9-42fe-2932-7ea0-1dd285491b7b, 1057, 100, 1316, 62, 221.15
2026/09/08 21:00:22.799, GPU-ecc6a1f9-42fe-2932-7ea0-1dd285491b7b, 1057, 100, 1316, 62, 213.54
2026/09/08 21:00:23.003, GPU-ecc6a1f9-42fe-2932-7ea0-1dd285491b7b, 1057, 100, 1328, 62, 216.68
2026/09/08 21:00:23.206, GPU-ecc6a1f9-42fe-2932-7ea0-1dd285491b7b, 1057, 100, 1328, 62, 221.00
2026/09/08 21:00:23.410, GPU-ecc6a1f9-42fe-2932-7ea0-1dd285491b7b, 1057, 100, 1303, 62, 247.41
2026/09/08 21:00:23.614, GPU-ecc6a1f9-42fe-2932-7ea0-1dd285491b7b, 1057, 100, 1316, 62, 208.85
2026/09/08 21:00:23.819, GPU-ecc6a1f9-42fe-2932-7ea0-1dd285491b7b, 1057, 100, 1328, 62, 203.56
2026/09/08 21:00:24.022, GPU-ecc6a1f9-42fe-2932-7ea0-1dd285491b7b, 1057, 100, 1328, 62, 212.36
2026/09/08 21:00:24.226, GPU-ecc6a1f9-42fe-2932-7ea0-1dd285491b7b, 1057, 100, 1328, 62, 196.19
2026/09/08 21:00:24.430, GPU-ecc6a1f9-42fe-2932-7ea0-1dd285491b7b, 1057, 100, 1328, 62, 219.09
2026/09/08 21:00:24.633, GPU-ecc6a1f9-42fe-2932-7ea0-1dd285491b7b, 1057, 100, 1328, 62, 211.38
2026/09/08 21:00:24.837, GPU-ecc6a1f9-42fe-2932-7ea0-1dd285491b7b, 1057, 100, 1328, 62, 195.23
2026/09/08 21:00:25.040, GPU-ecc6a1f9-42fe-2932-7ea0-1dd285491b7b, 1057, 100, 1328, 63, 212.84
2026/09/08 21:00:25.244, GPU-ecc6a1f9-42fe-2932-7ea0-1dd285491b7b, 1057, 100, 1303, 63, 241.08
2026/09/08 21:00:25.449, GPU-ecc6a1f9-42fe-2932-7ea0-1dd285491b7b, 1057, 100, 1328, 63, 218.98
2026/09/08 21:00:25.653, GPU-ecc6a1f9-42fe-2932-7ea0-1dd285491b7b, 1057, 100, 1303, 63, 191.14
2026/09/08 21:00:25.856, GPU-ecc6a1f9-42fe-2932-7ea0-1dd285491b7b, 1057, 100, 1328, 63, 191.25
2026/09/08 21:00:26.060, GPU-ecc6a1f9-42fe-2932-7ea0-1dd285491b7b, 1057, 100, 1328, 63, 227.63
2026/09/08 21:00:26.263, GPU-ecc6a1f9-42fe-2932-7ea0-1dd285491b7b, 1057, 100, 1290, 63, 233.02
2026/09/08 21:00:26.467, GPU-ecc6a1f9-42fe-2932-7ea0-1dd285491b7b, 1057, 100, 1328, 63, 224.48
2026/09/08 21:00:26.673, GPU-ecc6a1f9-42fe-2932-7ea0-1dd285491b7b, 1057, 100, 1328, 63, 201.14
2026/09/08 21:00:26.877, GPU-ecc6a1f9-42fe-2932-7ea0-1dd285491b7b, 1057, 100, 1303, 63, 236.99
2026/09/08 21:00:27.082, GPU-ecc6a1f9-42fe-2932-7ea0-1dd285491b7b, 1057, 100, 1316, 63, 223.52
2026/09/08 21:00:27.285, GPU-ecc6a1f9-42fe-2932-7ea0-1dd285491b7b, 1057, 100, 1316, 63, 214.54
2026/09/08 21:00:27.489, GPU-ecc6a1f9-42fe-2932-7ea0-1dd285491b7b, 1057, 100, 1328, 63, 221.50
2026/09/08 21:00:27.693, GPU-ecc6a1f9-42fe-2932-7ea0-1dd285491b7b, 1057, 100, 1328, 63, 194.49
2026/09/08 21:00:27.896, GPU-ecc6a1f9-42fe-2932-7ea0-1dd285491b7b, 1057, 100, 1328, 63, 204.78
2026/09/08 21:00:28.100, GPU-ecc6a1f9-42fe-2932-7ea0-1dd285491b7b, 1057, 100, 1328, 63, 223.18
2026/09/08 21:00:28.303, GPU-ecc6a1f9-42fe-2932-7ea0-1dd285491b7b, 1057, 100, 1328, 63, 216.47
2026/09/08 21:00:28.506, GPU-ecc6a1f9-42fe-2932-7ea0-1dd285491b7b, 1057, 100, 1328, 63, 202.23
2026/09/08 21:00:28.712, GPU-ecc6a1f9-42fe-2932-7ea0-1dd285491b7b, 1057, 100, 1328, 63, 188.21
2026/09/08 21:00:28.915, GPU-ecc6a1f9-42fe-2932-7ea0-1dd285491b7b, 1057, 100, 1316, 64, 252.13
2026/09/08 21:00:29.119, GPU-ecc6a1f9-42fe-2932-7ea0-1dd285491b7b, 1057, 100, 1290, 64, 241.22
2026/09/08 21:00:29.322, GPU-ecc6a1f9-42fe-2932-7ea0-1dd285491b7b, 1057, 100, 1328, 64, 195.36
2026/09/08 21:00:29.526, GPU-ecc6a1f9-42fe-2932-7ea0-1dd285491b7b, 1057, 100, 1328, 64, 199.36
2026/09/08 21:00:29.729, GPU-ecc6a1f9-42fe-2932-7ea0-1dd285491b7b, 1057, 100, 1303, 64, 241.68
2026/09/08 21:00:29.934, GPU-ecc6a1f9-42fe-2932-7ea0-1dd285491b7b, 1057, 100, 1316, 64, 215.47
2026/09/08 21:00:30.138, GPU-ecc6a1f9-42fe-2932-7ea0-1dd285491b7b, 1057, 100, 1316, 64, 198.38
2026/09/08 21:00:30.341, GPU-ecc6a1f9-42fe-2932-7ea0-1dd285491b7b, 1057, 100, 1328, 64, 221.74
2026/09/08 21:00:30.545, GPU-ecc6a1f9-42fe-2932-7ea0-1dd285491b7b, 1057, 100, 1290, 64, 239.05
2026/09/08 21:00:30.748, GPU-ecc6a1f9-42fe-2932-7ea0-1dd285491b7b, 1057, 100, 1303, 64, 249.98
2026/09/08 21:00:30.954, GPU-ecc6a1f9-42fe-2932-7ea0-1dd285491b7b, 1057, 100, 1290, 65, 242.18
2026/09/08 21:00:31.158, GPU-ecc6a1f9-42fe-2932-7ea0-1dd285491b7b, 1057, 100, 1290, 64, 238.11
2026/09/08 21:00:31.361, GPU-ecc6a1f9-42fe-2932-7ea0-1dd285491b7b, 1057, 100, 1316, 64, 200.31
2026/09/08 21:00:31.565, GPU-ecc6a1f9-42fe-2932-7ea0-1dd285491b7b, 1057, 100, 1328, 64, 205.86
2026/09/08 21:00:31.768, GPU-ecc6a1f9-42fe-2932-7ea0-1dd285491b7b, 1057, 100, 1328, 64, 219.61
2026/09/08 21:00:31.972, GPU-ecc6a1f9-42fe-2932-7ea0-1dd285491b7b, 1057, 100, 1328, 64, 198.16
2026/09/08 21:00:32.175, GPU-ecc6a1f9-42fe-2932-7ea0-1dd285491b7b, 1057, 100, 1328, 64, 197.77
2026/09/08 21:00:32.380, GPU-ecc6a1f9-42fe-2932-7ea0-1dd285491b7b, 1057, 100, 1328, 64, 197.53
2026/09/08 21:00:32.583, GPU-ecc6a1f9-42fe-2932-7ea0-1dd285491b7b, 1057, 100, 1328, 64, 227.89
2026/09/08 21:00:32.787, GPU-ecc6a1f9-42fe-2932-7ea0-1dd285491b7b, 1057, 100, 1328, 64, 226.82
2026/09/08 21:00:32.990, GPU-ecc6a1f9-42fe-2932-7ea0-1dd285491b7b, 1057, 100, 1328, 65, 229.82
2026/09/08 21:00:33.194, GPU-ecc6a1f9-42fe-2932-7ea0-1dd285491b7b, 1057, 100, 1328, 65, 211.15
2026/09/08 21:00:33.399, GPU-ecc6a1f9-42fe-2932-7ea0-1dd285491b7b, 1057, 100, 1328, 65, 216.12
2026/09/08 21:00:33.603, GPU-ecc6a1f9-42fe-2932-7ea0-1dd285491b7b, 1057, 100, 1290, 63, 47.99
2026/09/08 21:00:33.806, GPU-ecc6a1f9-42fe-2932-7ea0-1dd285491b7b, 1057, 18, 1290, 63, 57.93
2026/09/08 21:00:34.010, GPU-ecc6a1f9-42fe-2932-7ea0-1dd285491b7b, 1057, 43, 1328, 62, 85.08
2026/09/08 21:00:34.213, GPU-ecc6a1f9-42fe-2932-7ea0-1dd285491b7b, 5, 34, 1328, 61, 47.99
2026/09/08 21:00:34.420, GPU-ecc6a1f9-42fe-2932-7ea0-1dd285491b7b, 5, 5, 1328, 60, 47.01
2026/09/08 21:00:34.624, GPU-ecc6a1f9-42fe-2932-7ea0-1dd285491b7b, 5, 0, 1328, 60, 46.77
2026/09/08 21:00:34.827, GPU-ecc6a1f9-42fe-2932-7ea0-1dd285491b7b, 5, 0, 1328, 59, 46.30
2026/09/08 21:00:35.030, GPU-ecc6a1f9-42fe-2932-7ea0-1dd285491b7b, 5, 0, 1328, 59, 46.30
2026/09/08 21:00:35.234, GPU-ecc6a1f9-42fe-2932-7ea0-1dd285491b7b, 5, 0, 1328, 59, 45.82
2026/09/08 21:00:35.439, GPU-ecc6a1f9-42fe-2932-7ea0-1dd285491b7b, 5, 0, 1328, 59, 46.06
2026/09/08 21:00:35.643, GPU-ecc6a1f9-42fe-2932-7ea0-1dd285491b7b, 5, 0, 1328, 59, 45.79
2026/09/08 21:00:35.846, GPU-ecc6a1f9-42fe-2932-7ea0-1dd285491b7b, 7, 0, 1328, 59, 45.79
2026/09/08 21:00:36.050, GPU-ecc6a1f9-42fe-2932-7ea0-1dd285491b7b, 7, 0, 1328, 58, 45.79
2026/09/08 21:00:36.253, GPU-ecc6a1f9-42fe-2932-7ea0-1dd285491b7b, 15, 0, 1328, 58, 45.79
2026/09/08 21:00:36.535, GPU-ecc6a1f9-42fe-2932-7ea0-1dd285491b7b, 787, 38, 1328, 59, 50.42
2026/09/08 21:00:36.741, GPU-ecc6a1f9-42fe-2932-7ea0-1dd285491b7b, 787, 3, 1328, 58, 46.52
2026/09/08 21:00:36.945, GPU-ecc6a1f9-42fe-2932-7ea0-1dd285491b7b, 787, 24, 1328, 58, 46.76
2026/09/08 21:00:37.149, GPU-ecc6a1f9-42fe-2932-7ea0-1dd285491b7b, 1057, 9, 1328, 58, 47.00
2026/09/08 21:00:37.352, GPU-ecc6a1f9-42fe-2932-7ea0-1dd285491b7b, 1057, 3, 1328, 58, 45.79
2026/09/08 21:00:37.556, GPU-ecc6a1f9-42fe-2932-7ea0-1dd285491b7b, 1057, 2, 1328, 58, 45.79
2026/09/08 21:00:37.759, GPU-ecc6a1f9-42fe-2932-7ea0-1dd285491b7b, 1057, 0, 1328, 57, 45.55
2026/09/08 21:00:37.966, GPU-ecc6a1f9-42fe-2932-7ea0-1dd285491b7b, 1057, 0, 1328, 57, 45.55
2026/09/08 21:00:38.169, GPU-ecc6a1f9-42fe-2932-7ea0-1dd285491b7b, 1057, 0, 1328, 57, 45.55
2026/09/08 21:00:38.373, GPU-ecc6a1f9-42fe-2932-7ea0-1dd285491b7b, 1057, 0, 1328, 57, 45.55
2026/09/08 21:00:38.576, GPU-ecc6a1f9-42fe-2932-7ea0-1dd285491b7b, 1057, 0, 1328, 57, 45.31
2026/09/08 21:00:38.780, GPU-ecc6a1f9-42fe-2932-7ea0-1dd285491b7b, 1057, 0, 1328, 57, 45.31
2026/09/08 21:00:38.985, GPU-ecc6a1f9-42fe-2932-7ea0-1dd285491b7b, 1057, 0, 1328, 57, 45.31
2026/09/08 21:00:39.188, GPU-ecc6a1f9-42fe-2932-7ea0-1dd285491b7b, 1057, 36, 1328, 57, 45.79
2026/09/08 21:00:39.392, GPU-ecc6a1f9-42fe-2932-7ea0-1dd285491b7b, 1057, 56, 1328, 58, 47.74
2026/09/08 21:00:39.596, GPU-ecc6a1f9-42fe-2932-7ea0-1dd285491b7b, 1057, 35, 1328, 58, 49.44
2026/09/08 21:00:39.799, GPU-ecc6a1f9-42fe-2932-7ea0-1dd285491b7b, 1057, 45, 1328, 59, 195.71
2026/09/08 21:00:40.004, GPU-ecc6a1f9-42fe-2932-7ea0-1dd285491b7b, 1057, 100, 1316, 60, 185.21
2026/09/08 21:00:40.209, GPU-ecc6a1f9-42fe-2932-7ea0-1dd285491b7b, 1057, 100, 1316, 61, 195.23
2026/09/08 21:00:40.412, GPU-ecc6a1f9-42fe-2932-7ea0-1dd285491b7b, 1057, 100, 1316, 61, 187.39
2026/09/08 21:00:40.616, GPU-ecc6a1f9-42fe-2932-7ea0-1dd285491b7b, 1057, 100, 1316, 61, 189.08
2026/09/08 21:00:40.819, GPU-ecc6a1f9-42fe-2932-7ea0-1dd285491b7b, 1057, 100, 1316, 62, 231.09
2026/09/08 21:00:41.024, GPU-ecc6a1f9-42fe-2932-7ea0-1dd285491b7b, 1057, 100, 1328, 62, 245.39
2026/09/08 21:00:41.228, GPU-ecc6a1f9-42fe-2932-7ea0-1dd285491b7b, 1057, 100, 1316, 62, 214.51
2026/09/08 21:00:41.431, GPU-ecc6a1f9-42fe-2932-7ea0-1dd285491b7b, 1057, 100, 1328, 62, 213.79
2026/09/08 21:00:41.634, GPU-ecc6a1f9-42fe-2932-7ea0-1dd285491b7b, 1057, 100, 1328, 62, 185.70
2026/09/08 21:00:41.878, GPU-ecc6a1f9-42fe-2932-7ea0-1dd285491b7b, 1057, 100, 1328, 62, 196.68
2026/09/08 21:00:42.082, GPU-ecc6a1f9-42fe-2932-7ea0-1dd285491b7b, 1057, 100, 1328, 63, 218.85
2026/09/08 21:00:42.286, GPU-ecc6a1f9-42fe-2932-7ea0-1dd285491b7b, 1057, 100, 1328, 63, 212.10
2026/09/08 21:00:42.489, GPU-ecc6a1f9-42fe-2932-7ea0-1dd285491b7b, 1057, 100, 1328, 63, 191.87
2026/09/08 21:00:42.693, GPU-ecc6a1f9-42fe-2932-7ea0-1dd285491b7b, 1057, 100, 1328, 63, 202.13
2026/09/08 21:00:42.896, GPU-ecc6a1f9-42fe-2932-7ea0-1dd285491b7b, 1057, 100, 1303, 63, 237.95
2026/09/08 21:00:43.100, GPU-ecc6a1f9-42fe-2932-7ea0-1dd285491b7b, 1057, 100, 1303, 64, 221.01
2026/09/08 21:00:43.305, GPU-ecc6a1f9-42fe-2932-7ea0-1dd285491b7b, 1057, 100, 1328, 63, 202.85
2026/09/08 21:00:43.509, GPU-ecc6a1f9-42fe-2932-7ea0-1dd285491b7b, 1057, 100, 1328, 63, 194.26
2026/09/08 21:00:43.712, GPU-ecc6a1f9-42fe-2932-7ea0-1dd285491b7b, 1057, 100, 1316, 64, 209.45
2026/09/08 21:00:43.916, GPU-ecc6a1f9-42fe-2932-7ea0-1dd285491b7b, 1057, 100, 1290, 64, 237.47
2026/09/08 21:00:44.119, GPU-ecc6a1f9-42fe-2932-7ea0-1dd285491b7b, 1057, 100, 1316, 63, 209.45
2026/09/08 21:00:44.323, GPU-ecc6a1f9-42fe-2932-7ea0-1dd285491b7b, 1057, 100, 1328, 64, 219.70
2026/09/08 21:00:44.526, GPU-ecc6a1f9-42fe-2932-7ea0-1dd285491b7b, 1057, 100, 1303, 64, 240.12
2026/09/08 21:00:44.735, GPU-ecc6a1f9-42fe-2932-7ea0-1dd285491b7b, 1057, 100, 1290, 64, 226.45
2026/09/08 21:00:44.938, GPU-ecc6a1f9-42fe-2932-7ea0-1dd285491b7b, 1057, 100, 1328, 64, 210.55
2026/09/08 21:00:45.142, GPU-ecc6a1f9-42fe-2932-7ea0-1dd285491b7b, 1057, 100, 1328, 64, 216.95
2026/09/08 21:00:45.345, GPU-ecc6a1f9-42fe-2932-7ea0-1dd285491b7b, 1057, 100, 1328, 64, 201.74
2026/09/08 21:00:45.550, GPU-ecc6a1f9-42fe-2932-7ea0-1dd285491b7b, 1057, 100, 1328, 64, 208.26
2026/09/08 21:00:45.754, GPU-ecc6a1f9-42fe-2932-7ea0-1dd285491b7b, 1057, 100, 1328, 64, 228.13
2026/09/08 21:00:45.957, GPU-ecc6a1f9-42fe-2932-7ea0-1dd285491b7b, 1057, 100, 1328, 64, 219.09
2026/09/08 21:00:46.161, GPU-ecc6a1f9-42fe-2932-7ea0-1dd285491b7b, 1057, 100, 1328, 64, 211.53
2026/09/08 21:00:46.365, GPU-ecc6a1f9-42fe-2932-7ea0-1dd285491b7b, 1057, 100, 1328, 64, 194.63
2026/09/08 21:00:46.570, GPU-ecc6a1f9-42fe-2932-7ea0-1dd285491b7b, 1057, 100, 1303, 64, 210.55
2026/09/08 21:00:46.774, GPU-ecc6a1f9-42fe-2932-7ea0-1dd285491b7b, 1057, 100, 1290, 64, 236.43
2026/09/08 21:00:46.978, GPU-ecc6a1f9-42fe-2932-7ea0-1dd285491b7b, 1057, 100, 1316, 64, 192.22
2026/09/08 21:00:47.182, GPU-ecc6a1f9-42fe-2932-7ea0-1dd285491b7b, 1057, 100, 1328, 64, 208.40
2026/09/08 21:00:47.385, GPU-ecc6a1f9-42fe-2932-7ea0-1dd285491b7b, 1057, 100, 1303, 65, 240.26
2026/09/08 21:00:47.589, GPU-ecc6a1f9-42fe-2932-7ea0-1dd285491b7b, 1057, 100, 1290, 65, 207.54
2026/09/08 21:00:47.793, GPU-ecc6a1f9-42fe-2932-7ea0-1dd285491b7b, 1057, 100, 1328, 64, 206.35
2026/09/08 21:00:47.997, GPU-ecc6a1f9-42fe-2932-7ea0-1dd285491b7b, 1057, 100, 1328, 65, 225.13
2026/09/08 21:00:48.200, GPU-ecc6a1f9-42fe-2932-7ea0-1dd285491b7b, 1057, 100, 1316, 65, 209.83
2026/09/08 21:00:48.407, GPU-ecc6a1f9-42fe-2932-7ea0-1dd285491b7b, 1057, 100, 1290, 65, 238.35
2026/09/08 21:00:48.613, GPU-ecc6a1f9-42fe-2932-7ea0-1dd285491b7b, 1057, 100, 1316, 65, 214.65
2026/09/08 21:00:48.817, GPU-ecc6a1f9-42fe-2932-7ea0-1dd285491b7b, 1057, 100, 1328, 65, 219.61
2026/09/08 21:00:49.021, GPU-ecc6a1f9-42fe-2932-7ea0-1dd285491b7b, 1057, 100, 1328, 65, 205.60
2026/09/08 21:00:49.224, GPU-ecc6a1f9-42fe-2932-7ea0-1dd285491b7b, 1057, 100, 1328, 65, 195.60
2026/09/08 21:00:49.428, GPU-ecc6a1f9-42fe-2932-7ea0-1dd285491b7b, 1057, 100, 1328, 65, 218.64
2026/09/08 21:00:49.631, GPU-ecc6a1f9-42fe-2932-7ea0-1dd285491b7b, 1057, 100, 1328, 65, 222.70
2026/09/08 21:00:49.835, GPU-ecc6a1f9-42fe-2932-7ea0-1dd285491b7b, 1057, 100, 1328, 65, 195.45
2026/09/08 21:00:50.039, GPU-ecc6a1f9-42fe-2932-7ea0-1dd285491b7b, 1057, 100, 1328, 65, 214.19
2026/09/08 21:00:50.243, GPU-ecc6a1f9-42fe-2932-7ea0-1dd285491b7b, 1057, 100, 1303, 65, 242.67
2026/09/08 21:00:50.449, GPU-ecc6a1f9-42fe-2932-7ea0-1dd285491b7b, 1057, 100, 1303, 65, 207.66
2026/09/08 21:00:50.652, GPU-ecc6a1f9-42fe-2932-7ea0-1dd285491b7b, 1057, 100, 1328, 65, 206.81
2026/09/08 21:00:50.857, GPU-ecc6a1f9-42fe-2932-7ea0-1dd285491b7b, 1057, 100, 1328, 65, 196.69
2026/09/08 21:00:51.061, GPU-ecc6a1f9-42fe-2932-7ea0-1dd285491b7b, 1057, 100, 1316, 65, 212.48
2026/09/08 21:00:51.264, GPU-ecc6a1f9-42fe-2932-7ea0-1dd285491b7b, 1057, 100, 1303, 65, 241.68
2026/09/08 21:00:51.469, GPU-ecc6a1f9-42fe-2932-7ea0-1dd285491b7b, 1057, 100, 1328, 65, 217.43
2026/09/08 21:00:51.672, GPU-ecc6a1f9-42fe-2932-7ea0-1dd285491b7b, 1057, 100, 1328, 65, 213.20
2026/09/08 21:00:51.876, GPU-ecc6a1f9-42fe-2932-7ea0-1dd285491b7b, 1057, 100, 1290, 66, 244.83
2026/09/08 21:00:52.079, GPU-ecc6a1f9-42fe-2932-7ea0-1dd285491b7b, 1057, 100, 1303, 66, 238.55
2026/09/08 21:00:52.286, GPU-ecc6a1f9-42fe-2932-7ea0-1dd285491b7b, 1057, 100, 1278, 66, 224.89
2026/09/08 21:00:52.491, GPU-ecc6a1f9-42fe-2932-7ea0-1dd285491b7b, 1057, 100, 1290, 66, 199.11
2026/09/08 21:00:52.694, GPU-ecc6a1f9-42fe-2932-7ea0-1dd285491b7b, 1057, 100, 1328, 66, 210.07
2026/09/08 21:00:52.897, GPU-ecc6a1f9-42fe-2932-7ea0-1dd285491b7b, 1057, 100, 1328, 66, 206.21
2026/09/08 21:00:53.101, GPU-ecc6a1f9-42fe-2932-7ea0-1dd285491b7b, 1057, 100, 1328, 66, 200.79
2026/09/08 21:00:53.308, GPU-ecc6a1f9-42fe-2932-7ea0-1dd285491b7b, 1057, 100, 1328, 66, 199.60
2026/09/08 21:00:53.511, GPU-ecc6a1f9-42fe-2932-7ea0-1dd285491b7b, 1057, 100, 1328, 66, 199.12
2026/09/08 21:00:53.714, GPU-ecc6a1f9-42fe-2932-7ea0-1dd285491b7b, 1057, 100, 1328, 65, 218.14
2026/09/08 21:00:53.918, GPU-ecc6a1f9-42fe-2932-7ea0-1dd285491b7b, 1057, 100, 1328, 66, 231.02
2026/09/08 21:00:54.122, GPU-ecc6a1f9-42fe-2932-7ea0-1dd285491b7b, 1057, 100, 1328, 66, 226.34
2026/09/08 21:00:54.327, GPU-ecc6a1f9-42fe-2932-7ea0-1dd285491b7b, 1057, 100, 1328, 66, 229.82
2026/09/08 21:00:54.530, GPU-ecc6a1f9-42fe-2932-7ea0-1dd285491b7b, 1057, 100, 1328, 66, 212.26
2026/09/08 21:00:54.734, GPU-ecc6a1f9-42fe-2932-7ea0-1dd285491b7b, 1057, 88, 1278, 65, 64.51
2026/09/08 21:00:54.938, GPU-ecc6a1f9-42fe-2932-7ea0-1dd285491b7b, 1057, 4, 1278, 64, 195.73
2026/09/08 21:00:55.141, GPU-ecc6a1f9-42fe-2932-7ea0-1dd285491b7b, 1057, 70, 1328, 63, 49.68
2026/09/08 21:00:55.346, GPU-ecc6a1f9-42fe-2932-7ea0-1dd285491b7b, 265, 46, 1328, 63, 48.95
2026/09/08 21:00:55.550, GPU-ecc6a1f9-42fe-2932-7ea0-1dd285491b7b, 5, 27, 1328, 62, 48.23
2026/09/08 21:00:55.754, GPU-ecc6a1f9-42fe-2932-7ea0-1dd285491b7b, 5, 0, 1328, 61, 47.74
2026/09/08 21:00:55.957, GPU-ecc6a1f9-42fe-2932-7ea0-1dd285491b7b, 5, 0, 1328, 61, 47.50
2026/09/08 21:00:56.161, GPU-ecc6a1f9-42fe-2932-7ea0-1dd285491b7b, 5, 0, 1328, 61, 47.26
2026/09/08 21:00:56.367, GPU-ecc6a1f9-42fe-2932-7ea0-1dd285491b7b, 5, 0, 1328, 60, 47.26
2026/09/08 21:00:56.570, GPU-ecc6a1f9-42fe-2932-7ea0-1dd285491b7b, 5, 0, 1328, 60, 46.77
2026/09/08 21:00:56.774, GPU-ecc6a1f9-42fe-2932-7ea0-1dd285491b7b, 5, 0, 1328, 60, 46.77
2026/09/08 21:00:56.978, GPU-ecc6a1f9-42fe-2932-7ea0-1dd285491b7b, 5, 0, 1328, 60, 46.28
2026/09/08 21:00:57.182, GPU-ecc6a1f9-42fe-2932-7ea0-1dd285491b7b, 7, 0, 1328, 60, 46.52
2026/09/08 21:00:57.389, GPU-ecc6a1f9-42fe-2932-7ea0-1dd285491b7b, 7, 0, 1328, 59, 46.52
2026/09/08 21:00:57.592, GPU-ecc6a1f9-42fe-2932-7ea0-1dd285491b7b, 775, 1, 1328, 59, 46.76
2026/09/08 21:00:57.796, GPU-ecc6a1f9-42fe-2932-7ea0-1dd285491b7b, 787, 39, 1328, 60, 46.77
2026/09/08 21:00:57.999, GPU-ecc6a1f9-42fe-2932-7ea0-1dd285491b7b, 787, 0, 1328, 60, 49.19
2026/09/08 21:00:58.202, GPU-ecc6a1f9-42fe-2932-7ea0-1dd285491b7b, 787, 21, 1328, 59, 48.95
2026/09/08 21:00:58.408, GPU-ecc6a1f9-42fe-2932-7ea0-1dd285491b7b, 1069, 19, 1328, 59, 46.27
2026/09/08 21:00:58.612, GPU-ecc6a1f9-42fe-2932-7ea0-1dd285491b7b, 1069, 3, 1328, 59, 46.28
2026/09/08 21:00:58.815, GPU-ecc6a1f9-42fe-2932-7ea0-1dd285491b7b, 1069, 0, 1328, 59, 46.28
2026/09/08 21:00:59.018, GPU-ecc6a1f9-42fe-2932-7ea0-1dd285491b7b, 1069, 0, 1328, 59, 46.04
2026/09/08 21:00:59.222, GPU-ecc6a1f9-42fe-2932-7ea0-1dd285491b7b, 1069, 0, 1328, 59, 46.04
2026/09/08 21:00:59.427, GPU-ecc6a1f9-42fe-2932-7ea0-1dd285491b7b, 1069, 0, 1328, 58, 46.04
2026/09/08 21:00:59.631, GPU-ecc6a1f9-42fe-2932-7ea0-1dd285491b7b, 1069, 0, 1328, 58, 46.03
2026/09/08 21:00:59.834, GPU-ecc6a1f9-42fe-2932-7ea0-1dd285491b7b, 1069, 0, 1328, 58, 45.79
2026/09/08 21:01:00.038, GPU-ecc6a1f9-42fe-2932-7ea0-1dd285491b7b, 1069, 37, 1316, 60, 177.85
2026/09/08 21:01:00.241, GPU-ecc6a1f9-42fe-2932-7ea0-1dd285491b7b, 1069, 66, 1328, 59, 46.77
2026/09/08 21:01:00.447, GPU-ecc6a1f9-42fe-2932-7ea0-1dd285491b7b, 1069, 45, 1328, 59, 244.19
2026/09/08 21:01:00.650, GPU-ecc6a1f9-42fe-2932-7ea0-1dd285491b7b, 1069, 100, 1316, 61, 250.54
2026/09/08 21:01:00.854, GPU-ecc6a1f9-42fe-2932-7ea0-1dd285491b7b, 1069, 100, 1328, 62, 249.10
2026/09/08 21:01:01.058, GPU-ecc6a1f9-42fe-2932-7ea0-1dd285491b7b, 1069, 100, 1316, 62, 247.17
2026/09/08 21:01:01.261, GPU-ecc6a1f9-42fe-2932-7ea0-1dd285491b7b, 1069, 100, 1328, 63, 247.89
2026/09/08 21:01:01.467, GPU-ecc6a1f9-42fe-2932-7ea0-1dd285491b7b, 1069, 100, 1328, 63, 247.08
2026/09/08 21:01:01.670, GPU-ecc6a1f9-42fe-2932-7ea0-1dd285491b7b, 1069, 100, 1316, 63, 212.58
2026/09/08 21:01:01.874, GPU-ecc6a1f9-42fe-2932-7ea0-1dd285491b7b, 1069, 100, 1316, 64, 244.43
2026/09/08 21:01:02.077, GPU-ecc6a1f9-42fe-2932-7ea0-1dd285491b7b, 1069, 100, 1303, 64, 221.39
2026/09/08 21:01:02.281, GPU-ecc6a1f9-42fe-2932-7ea0-1dd285491b7b, 1069, 100, 1328, 64, 210.29
2026/09/08 21:01:02.484, GPU-ecc6a1f9-42fe-2932-7ea0-1dd285491b7b, 1069, 100, 1328, 64, 221.85
2026/09/08 21:01:02.691, GPU-ecc6a1f9-42fe-2932-7ea0-1dd285491b7b, 1069, 100, 1328, 64, 219.10
2026/09/08 21:01:02.894, GPU-ecc6a1f9-42fe-2932-7ea0-1dd285491b7b, 1069, 100, 1328, 64, 216.68
2026/09/08 21:01:03.098, GPU-ecc6a1f9-42fe-2932-7ea0-1dd285491b7b, 1069, 100, 1328, 64, 225.71
2026/09/08 21:01:03.302, GPU-ecc6a1f9-42fe-2932-7ea0-1dd285491b7b, 1069, 100, 1328, 64, 202.13
2026/09/08 21:01:03.505, GPU-ecc6a1f9-42fe-2932-7ea0-1dd285491b7b, 1069, 100, 1328, 64, 223.31
2026/09/08 21:01:03.710, GPU-ecc6a1f9-42fe-2932-7ea0-1dd285491b7b, 1069, 100, 1303, 65, 243.01
2026/09/08 21:01:03.914, GPU-ecc6a1f9-42fe-2932-7ea0-1dd285491b7b, 1069, 100, 1290, 65, 191.38
2026/09/08 21:01:04.117, GPU-ecc6a1f9-42fe-2932-7ea0-1dd285491b7b, 1069, 100, 1328, 65, 219.81
2026/09/08 21:01:04.321, GPU-ecc6a1f9-42fe-2932-7ea0-1dd285491b7b, 1069, 100, 1290, 65, 236.65
2026/09/08 21:01:04.524, GPU-ecc6a1f9-42fe-2932-7ea0-1dd285491b7b, 1069, 100, 1316, 64, 209.59
2026/09/08 21:01:04.730, GPU-ecc6a1f9-42fe-2932-7ea0-1dd285491b7b, 1069, 100, 1290, 65, 204.41
2026/09/08 21:01:04.935, GPU-ecc6a1f9-42fe-2932-7ea0-1dd285491b7b, 1069, 100, 1328, 65, 217.54
2026/09/08 21:01:05.145, GPU-ecc6a1f9-42fe-2932-7ea0-1dd285491b7b, 1069, 100, 1328, 65, 216.82
2026/09/08 21:01:05.348, GPU-ecc6a1f9-42fe-2932-7ea0-1dd285491b7b, 1069, 100, 1303, 65, 240.76
2026/09/08 21:01:05.555, GPU-ecc6a1f9-42fe-2932-7ea0-1dd285491b7b, 1069, 100, 1290, 65, 202.24
2026/09/08 21:01:05.759, GPU-ecc6a1f9-42fe-2932-7ea0-1dd285491b7b, 1069, 100, 1328, 65, 211.03
2026/09/08 21:01:05.963, GPU-ecc6a1f9-42fe-2932-7ea0-1dd285491b7b, 1069, 100, 1328, 65, 227.89
2026/09/08 21:01:06.166, GPU-ecc6a1f9-42fe-2932-7ea0-1dd285491b7b, 1069, 100, 1328, 65, 204.91
2026/09/08 21:01:06.370, GPU-ecc6a1f9-42fe-2932-7ea0-1dd285491b7b, 1069, 100, 1328, 65, 212.48
2026/09/08 21:01:06.573, GPU-ecc6a1f9-42fe-2932-7ea0-1dd285491b7b, 1069, 100, 1328, 66, 228.13
2026/09/08 21:01:06.777, GPU-ecc6a1f9-42fe-2932-7ea0-1dd285491b7b, 1069, 100, 1328, 65, 203.71
2026/09/08 21:01:06.982, GPU-ecc6a1f9-42fe-2932-7ea0-1dd285491b7b, 1069, 100, 1328, 66, 213.22
2026/09/08 21:01:07.186, GPU-ecc6a1f9-42fe-2932-7ea0-1dd285491b7b, 1069, 100, 1290, 66, 238.35
2026/09/08 21:01:07.389, GPU-ecc6a1f9-42fe-2932-7ea0-1dd285491b7b, 1069, 100, 1316, 65, 210.10
2026/09/08 21:01:07.594, GPU-ecc6a1f9-42fe-2932-7ea0-1dd285491b7b, 1069, 100, 1290, 66, 204.41
2026/09/08 21:01:07.797, GPU-ecc6a1f9-42fe-2932-7ea0-1dd285491b7b, 1069, 100, 1328, 66, 197.90
2026/09/08 21:01:08.003, GPU-ecc6a1f9-42fe-2932-7ea0-1dd285491b7b, 1069, 100, 1328, 66, 225.85
2026/09/08 21:01:08.207, GPU-ecc6a1f9-42fe-2932-7ea0-1dd285491b7b, 1069, 100, 1303, 66, 236.19
2026/09/08 21:01:08.410, GPU-ecc6a1f9-42fe-2932-7ea0-1dd285491b7b, 1069, 100, 1303, 66, 216.34
2026/09/08 21:01:08.614, GPU-ecc6a1f9-42fe-2932-7ea0-1dd285491b7b, 1069, 100, 1328, 66, 209.59
2026/09/08 21:01:08.817, GPU-ecc6a1f9-42fe-2932-7ea0-1dd285491b7b, 1069, 100, 1290, 66, 234.38
2026/09/08 21:01:09.021, GPU-ecc6a1f9-42fe-2932-7ea0-1dd285491b7b, 1069, 100, 1316, 66, 207.45
2026/09/08 21:01:09.224, GPU-ecc6a1f9-42fe-2932-7ea0-1dd285491b7b, 1069, 100, 1290, 66, 212.00
2026/09/08 21:01:09.428, GPU-ecc6a1f9-42fe-2932-7ea0-1dd285491b7b, 1069, 100, 1316, 66, 218.85
2026/09/08 21:01:09.631, GPU-ecc6a1f9-42fe-2932-7ea0-1dd285491b7b, 1069, 100, 1328, 66, 204.41
2026/09/08 21:01:09.835, GPU-ecc6a1f9-42fe-2932-7ea0-1dd285491b7b, 1069, 100, 1328, 66, 212.24
2026/09/08 21:01:10.038, GPU-ecc6a1f9-42fe-2932-7ea0-1dd285491b7b, 1069, 100, 1328, 66, 230.54
2026/09/08 21:01:10.242, GPU-ecc6a1f9-42fe-2932-7ea0-1dd285491b7b, 1069, 100, 1328, 66, 214.65
2026/09/08 21:01:10.447, GPU-ecc6a1f9-42fe-2932-7ea0-1dd285491b7b, 1069, 100, 1328, 66, 231.51
2026/09/08 21:01:10.650, GPU-ecc6a1f9-42fe-2932-7ea0-1dd285491b7b, 1069, 100, 1328, 66, 204.67
2026/09/08 21:01:10.854, GPU-ecc6a1f9-42fe-2932-7ea0-1dd285491b7b, 1069, 100, 1328, 66, 252.13
2026/09/08 21:01:11.057, GPU-ecc6a1f9-42fe-2932-7ea0-1dd285491b7b, 1069, 100, 1303, 67, 241.68
2026/09/08 21:01:11.261, GPU-ecc6a1f9-42fe-2932-7ea0-1dd285491b7b, 1069, 100, 1290, 66, 188.37
2026/09/08 21:01:11.467, GPU-ecc6a1f9-42fe-2932-7ea0-1dd285491b7b, 1069, 100, 1328, 66, 221.26
2026/09/08 21:01:11.670, GPU-ecc6a1f9-42fe-2932-7ea0-1dd285491b7b, 1069, 100, 1290, 67, 238.35
2026/09/08 21:01:11.875, GPU-ecc6a1f9-42fe-2932-7ea0-1dd285491b7b, 1069, 100, 1316, 66, 205.38
2026/09/08 21:01:12.078, GPU-ecc6a1f9-42fe-2932-7ea0-1dd285491b7b, 1069, 100, 1290, 67, 207.07
2026/09/08 21:01:12.282, GPU-ecc6a1f9-42fe-2932-7ea0-1dd285491b7b, 1069, 100, 1316, 66, 206.35
2026/09/08 21:01:12.489, GPU-ecc6a1f9-42fe-2932-7ea0-1dd285491b7b, 1069, 100, 1316, 66, 253.35
2026/09/08 21:01:12.698, GPU-ecc6a1f9-42fe-2932-7ea0-1dd285491b7b, 1069, 100, 1303, 67, 244.21
2026/09/08 21:01:12.901, GPU-ecc6a1f9-42fe-2932-7ea0-1dd285491b7b, 1069, 100, 1303, 67, 244.83
2026/09/08 21:01:13.105, GPU-ecc6a1f9-42fe-2932-7ea0-1dd285491b7b, 1069, 100, 1290, 67, 242.45
2026/09/08 21:01:13.312, GPU-ecc6a1f9-42fe-2932-7ea0-1dd285491b7b, 1069, 100, 1316, 67, 206.35
2026/09/08 21:01:13.522, GPU-ecc6a1f9-42fe-2932-7ea0-1dd285491b7b, 1069, 100, 1328, 67, 215.13
2026/09/08 21:01:13.725, GPU-ecc6a1f9-42fe-2932-7ea0-1dd285491b7b, 1069, 100, 1328, 67, 215.37
2026/09/08 21:01:13.931, GPU-ecc6a1f9-42fe-2932-7ea0-1dd285491b7b, 1069, 100, 1328, 67, 202.02
2026/09/08 21:01:14.134, GPU-ecc6a1f9-42fe-2932-7ea0-1dd285491b7b, 1069, 100, 1328, 67, 202.02
2026/09/08 21:01:14.338, GPU-ecc6a1f9-42fe-2932-7ea0-1dd285491b7b, 1069, 100, 1328, 67, 202.02
2026/09/08 21:01:14.541, GPU-ecc6a1f9-42fe-2932-7ea0-1dd285491b7b, 1069, 100, 1328, 67, 227.89
2026/09/08 21:01:14.745, GPU-ecc6a1f9-42fe-2932-7ea0-1dd285491b7b, 1069, 100, 1328, 67, 226.45
2026/09/08 21:01:14.950, GPU-ecc6a1f9-42fe-2932-7ea0-1dd285491b7b, 1069, 100, 1328, 67, 229.82
2026/09/08 21:01:15.154, GPU-ecc6a1f9-42fe-2932-7ea0-1dd285491b7b, 1069, 100, 1328, 68, 233.17
2026/09/08 21:01:15.357, GPU-ecc6a1f9-42fe-2932-7ea0-1dd285491b7b, 1069, 100, 1328, 68, 232.69
2026/09/08 21:01:15.561, GPU-ecc6a1f9-42fe-2932-7ea0-1dd285491b7b, 1069, 93, 1290, 66, 49.93
2026/09/08 21:01:15.764, GPU-ecc6a1f9-42fe-2932-7ea0-1dd285491b7b, 1069, 35, 1290, 65, 58.42
2026/09/08 21:01:15.970, GPU-ecc6a1f9-42fe-2932-7ea0-1dd285491b7b, 1069, 60, 1328, 64, 123.36
2026/09/08 21:01:16.173, GPU-ecc6a1f9-42fe-2932-7ea0-1dd285491b7b, 263, 29, 1328, 64, 49.44
2026/09/08 21:01:16.377, GPU-ecc6a1f9-42fe-2932-7ea0-1dd285491b7b, 5, 5, 1328, 63, 48.72
2026/09/08 21:01:16.580, GPU-ecc6a1f9-42fe-2932-7ea0-1dd285491b7b, 5, 0, 1328, 62, 48.23
2026/09/08 21:01:16.784, GPU-ecc6a1f9-42fe-2932-7ea0-1dd285491b7b, 5, 0, 1328, 62, 47.99
2026/09/08 21:01:16.989, GPU-ecc6a1f9-42fe-2932-7ea0-1dd285491b7b, 5, 0, 1328, 62, 47.74
2026/09/08 21:01:17.192, GPU-ecc6a1f9-42fe-2932-7ea0-1dd285491b7b, 5, 0, 1328, 62, 47.74
2026/09/08 21:01:17.396, GPU-ecc6a1f9-42fe-2932-7ea0-1dd285491b7b, 5, 0, 1328, 61, 47.50
2026/09/08 21:01:17.599, GPU-ecc6a1f9-42fe-2932-7ea0-1dd285491b7b, 5, 0, 1328, 61, 47.50
2026/09/08 21:01:17.803, GPU-ecc6a1f9-42fe-2932-7ea0-1dd285491b7b, 5, 0, 1328, 61, 47.50
2026/09/08 21:01:18.006, GPU-ecc6a1f9-42fe-2932-7ea0-1dd285491b7b, 5, 0, 1328, 61, 47.26
2026/09/08 21:01:18.211, GPU-ecc6a1f9-42fe-2932-7ea0-1dd285491b7b, 5, 0, 1328, 61, 47.26
2026/09/08 21:01:18.414, GPU-ecc6a1f9-42fe-2932-7ea0-1dd285491b7b, 7, 0, 1328, 61, 47.26
2026/09/08 21:01:18.618, GPU-ecc6a1f9-42fe-2932-7ea0-1dd285491b7b, 15, 0, 1126, 60, 38.75
2026/09/08 21:01:18.831, GPU-ecc6a1f9-42fe-2932-7ea0-1dd285491b7b, 787, 15, 1189, 60, 146.93
2026/09/08 21:01:19.034, GPU-ecc6a1f9-42fe-2932-7ea0-1dd285491b7b, 787, 28, 1189, 60, 41.67
2026/09/08 21:01:19.239, GPU-ecc6a1f9-42fe-2932-7ea0-1dd285491b7b, 787, 20, 1189, 60, 41.67
2026/09/08 21:01:19.442, GPU-ecc6a1f9-42fe-2932-7ea0-1dd285491b7b, 787, 10, 1189, 60, 43.62
2026/09/08 21:01:19.646, GPU-ecc6a1f9-42fe-2932-7ea0-1dd285491b7b, 1069, 14, 1189, 60, 41.43
2026/09/08 21:01:19.853, GPU-ecc6a1f9-42fe-2932-7ea0-1dd285491b7b, 1069, 0, 1189, 60, 40.94
2026/09/08 21:01:20.056, GPU-ecc6a1f9-42fe-2932-7ea0-1dd285491b7b, 1069, 0, 1189, 59, 40.94
2026/09/08 21:01:20.260, GPU-ecc6a1f9-42fe-2932-7ea0-1dd285491b7b, 1069, 0, 1189, 59, 40.94
2026/09/08 21:01:20.463, GPU-ecc6a1f9-42fe-2932-7ea0-1dd285491b7b, 1069, 0, 1189, 59, 40.94
2026/09/08 21:01:20.667, GPU-ecc6a1f9-42fe-2932-7ea0-1dd285491b7b, 1069, 0, 1189, 59, 40.70
2026/09/08 21:01:20.870, GPU-ecc6a1f9-42fe-2932-7ea0-1dd285491b7b, 1069, 0, 1189, 59, 40.45
2026/09/08 21:01:21.073, GPU-ecc6a1f9-42fe-2932-7ea0-1dd285491b7b, 1069, 28, 1189, 60, 143.80
2026/09/08 21:01:21.277, GPU-ecc6a1f9-42fe-2932-7ea0-1dd285491b7b, 1069, 66, 1316, 60, 67.38
2026/09/08 21:01:21.482, GPU-ecc6a1f9-42fe-2932-7ea0-1dd285491b7b, 1069, 40, 1328, 60, 145.88
2026/09/08 21:01:21.685, GPU-ecc6a1f9-42fe-2932-7ea0-1dd285491b7b, 1069, 82, 1328, 62, 216.21
2026/09/08 21:01:21.889, GPU-ecc6a1f9-42fe-2932-7ea0-1dd285491b7b, 1069, 100, 1316, 62, 208.04
2026/09/08 21:01:22.092, GPU-ecc6a1f9-42fe-2932-7ea0-1dd285491b7b, 1069, 100, 1290, 63, 193.31
2026/09/08 21:01:22.295, GPU-ecc6a1f9-42fe-2932-7ea0-1dd285491b7b, 1069, 100, 1316, 63, 192.35
2026/09/08 21:01:22.500, GPU-ecc6a1f9-42fe-2932-7ea0-1dd285491b7b, 1069, 100, 1303, 64, 191.98
2026/09/08 21:01:22.705, GPU-ecc6a1f9-42fe-2932-7ea0-1dd285491b7b, 1069, 100, 1290, 64, 237.23
2026/09/08 21:01:22.909, GPU-ecc6a1f9-42fe-2932-7ea0-1dd285491b7b, 1069, 100, 1328, 64, 250.06
2026/09/08 21:01:23.112, GPU-ecc6a1f9-42fe-2932-7ea0-1dd285491b7b, 1069, 100, 1316, 64, 209.00
2026/09/08 21:01:23.316, GPU-ecc6a1f9-42fe-2932-7ea0-1dd285491b7b, 1069, 100, 1328, 64, 213.06
2026/09/08 21:01:23.521, GPU-ecc6a1f9-42fe-2932-7ea0-1dd285491b7b, 1069, 100, 1328, 65, 199.33
2026/09/08 21:01:23.725, GPU-ecc6a1f9-42fe-2932-7ea0-1dd285491b7b, 1069, 100, 1328, 65, 204.54
2026/09/08 21:01:23.929, GPU-ecc6a1f9-42fe-2932-7ea0-1dd285491b7b, 1069, 100, 1328, 65, 212.58
2026/09/08 21:01:24.172, GPU-ecc6a1f9-42fe-2932-7ea0-1dd285491b7b, 1069, 100, 1328, 65, 228.11
2026/09/08 21:01:24.375, GPU-ecc6a1f9-42fe-2932-7ea0-1dd285491b7b, 1069, 100, 1328, 65, 203.57
2026/09/08 21:01:24.579, GPU-ecc6a1f9-42fe-2932-7ea0-1dd285491b7b, 1069, 100, 1328, 65, 231.97
2026/09/08 21:01:24.785, GPU-ecc6a1f9-42fe-2932-7ea0-1dd285491b7b, 1069, 100, 1290, 65, 239.16
2026/09/08 21:01:24.991, GPU-ecc6a1f9-42fe-2932-7ea0-1dd285491b7b, 1069, 100, 1290, 65, 219.33
2026/09/08 21:01:25.195, GPU-ecc6a1f9-42fe-2932-7ea0-1dd285491b7b, 1069, 100, 1328, 65, 221.63
2026/09/08 21:01:25.400, GPU-ecc6a1f9-42fe-2932-7ea0-1dd285491b7b, 1069, 100, 1328, 65, 200.66
2026/09/08 21:01:25.606, GPU-ecc6a1f9-42fe-2932-7ea0-1dd285491b7b, 1069, 100, 1290, 66, 213.30
2026/09/08 21:01:25.810, GPU-ecc6a1f9-42fe-2932-7ea0-1dd285491b7b, 1069, 100, 1303, 66, 244.91
2026/09/08 21:01:26.014, GPU-ecc6a1f9-42fe-2932-7ea0-1dd285491b7b, 1069, 100, 1303, 66, 221.39
2026/09/08 21:01:26.217, GPU-ecc6a1f9-42fe-2932-7ea0-1dd285491b7b, 1069, 100, 1328, 66, 215.03
2026/09/08 21:01:26.421, GPU-ecc6a1f9-42fe-2932-7ea0-1dd285491b7b, 1069, 100, 1290, 66, 240.00
2026/09/08 21:01:26.626, GPU-ecc6a1f9-42fe-2932-7ea0-1dd285491b7b, 1069, 100, 1290, 66, 244.45
2026/09/08 21:01:26.830, GPU-ecc6a1f9-42fe-2932-7ea0-1dd285491b7b, 1069, 100, 1316, 66, 210.07
2026/09/08 21:01:27.034, GPU-ecc6a1f9-42fe-2932-7ea0-1dd285491b7b, 1069, 100, 1328, 66, 215.86
2026/09/08 21:01:27.237, GPU-ecc6a1f9-42fe-2932-7ea0-1dd285491b7b, 1069, 100, 1328, 66, 204.91
2026/09/08 21:01:27.440, GPU-ecc6a1f9-42fe-2932-7ea0-1dd285491b7b, 1069, 100, 1328, 66, 220.57
2026/09/08 21:01:27.647, GPU-ecc6a1f9-42fe-2932-7ea0-1dd285491b7b, 1069, 100, 1328, 66, 229.58
2026/09/08 21:01:27.850, GPU-ecc6a1f9-42fe-2932-7ea0-1dd285491b7b, 1069, 100, 1328, 66, 217.30
2026/09/08 21:01:28.054, GPU-ecc6a1f9-42fe-2932-7ea0-1dd285491b7b, 1069, 100, 1328, 66, 220.79
2026/09/08 21:01:28.257, GPU-ecc6a1f9-42fe-2932-7ea0-1dd285491b7b, 1069, 100, 1328, 67, 206.09
2026/09/08 21:01:28.461, GPU-ecc6a1f9-42fe-2932-7ea0-1dd285491b7b, 1069, 100, 1303, 66, 215.13
2026/09/08 21:01:28.666, GPU-ecc6a1f9-42fe-2932-7ea0-1dd285491b7b, 1069, 100, 1290, 67, 239.32
2026/09/08 21:01:28.872, GPU-ecc6a1f9-42fe-2932-7ea0-1dd285491b7b, 1069, 100, 1328, 66, 191.51
2026/09/08 21:01:29.078, GPU-ecc6a1f9-42fe-2932-7ea0-1dd285491b7b, 1069, 100, 1328, 67, 222.70
2026/09/08 21:01:29.281, GPU-ecc6a1f9-42fe-2932-7ea0-1dd285491b7b, 1069, 100, 1278, 67, 227.63
2026/09/08 21:01:29.486, GPU-ecc6a1f9-42fe-2932-7ea0-1dd285491b7b, 1069, 100, 1290, 67, 209.14
2026/09/08 21:01:29.690, GPU-ecc6a1f9-42fe-2932-7ea0-1dd285491b7b, 1069, 100, 1316, 66, 217.44
2026/09/08 21:01:29.894, GPU-ecc6a1f9-42fe-2932-7ea0-1dd285491b7b, 1069, 100, 1328, 67, 220.07
2026/09/08 21:01:30.097, GPU-ecc6a1f9-42fe-2932-7ea0-1dd285491b7b, 1069, 100, 1290, 67, 228.61
2026/09/08 21:01:30.301, GPU-ecc6a1f9-42fe-2932-7ea0-1dd285491b7b, 1069, 100, 1316, 67, 244.93
2026/09/08 21:01:30.507, GPU-ecc6a1f9-42fe-2932-7ea0-1dd285491b7b, 1069, 100, 1290, 67, 202.48
2026/09/08 21:01:30.711, GPU-ecc6a1f9-42fe-2932-7ea0-1dd285491b7b, 1069, 100, 1328, 67, 214.89
2026/09/08 21:01:30.915, GPU-ecc6a1f9-42fe-2932-7ea0-1dd285491b7b, 1069, 100, 1328, 67, 219.57
2026/09/08 21:01:31.118, GPU-ecc6a1f9-42fe-2932-7ea0-1dd285491b7b, 1069, 100, 1328, 67, 207.29
2026/09/08 21:01:31.322, GPU-ecc6a1f9-42fe-2932-7ea0-1dd285491b7b, 1069, 100, 1328, 67, 216.82
2026/09/08 21:01:31.526, GPU-ecc6a1f9-42fe-2932-7ea0-1dd285491b7b, 1069, 100, 1328, 67, 230.43
2026/09/08 21:01:31.730, GPU-ecc6a1f9-42fe-2932-7ea0-1dd285491b7b, 1069, 100, 1328, 67, 206.60
2026/09/08 21:01:31.934, GPU-ecc6a1f9-42fe-2932-7ea0-1dd285491b7b, 1069, 100, 1328, 67, 223.80
2026/09/08 21:01:32.137, GPU-ecc6a1f9-42fe-2932-7ea0-1dd285491b7b, 1069, 100, 1278, 67, 229.08
2026/09/08 21:01:32.341, GPU-ecc6a1f9-42fe-2932-7ea0-1dd285491b7b, 1069, 100, 1278, 67, 217.44
2026/09/08 21:01:32.546, GPU-ecc6a1f9-42fe-2932-7ea0-1dd285491b7b, 1069, 100, 1316, 67, 219.61
2026/09/08 21:01:32.749, GPU-ecc6a1f9-42fe-2932-7ea0-1dd285491b7b, 1069, 100, 1328, 67, 202.24
2026/09/08 21:01:32.953, GPU-ecc6a1f9-42fe-2932-7ea0-1dd285491b7b, 1069, 100, 1290, 67, 207.31
2026/09/08 21:01:33.156, GPU-ecc6a1f9-42fe-2932-7ea0-1dd285491b7b, 1069, 100, 1290, 68, 243.87
2026/09/08 21:01:33.360, GPU-ecc6a1f9-42fe-2932-7ea0-1dd285491b7b, 1069, 100, 1290, 67, 217.68
2026/09/08 21:01:33.563, GPU-ecc6a1f9-42fe-2932-7ea0-1dd285491b7b, 1069, 100, 1328, 67, 216.58
2026/09/08 21:01:33.768, GPU-ecc6a1f9-42fe-2932-7ea0-1dd285491b7b, 1069, 100, 1290, 68, 234.62
2026/09/08 21:01:33.971, GPU-ecc6a1f9-42fe-2932-7ea0-1dd285491b7b, 1069, 100, 1290, 68, 243.01
2026/09/08 21:01:34.175, GPU-ecc6a1f9-42fe-2932-7ea0-1dd285491b7b, 1069, 100, 1278, 68, 238.83
2026/09/08 21:01:34.378, GPU-ecc6a1f9-42fe-2932-7ea0-1dd285491b7b, 1069, 100, 1278, 68, 206.59
2026/09/08 21:01:34.582, GPU-ecc6a1f9-42fe-2932-7ea0-1dd285491b7b, 1069, 100, 1328, 68, 212.96
2026/09/08 21:01:34.787, GPU-ecc6a1f9-42fe-2932-7ea0-1dd285491b7b, 1069, 100, 1328, 68, 215.86
2026/09/08 21:01:34.991, GPU-ecc6a1f9-42fe-2932-7ea0-1dd285491b7b, 1069, 100, 1328, 68, 209.86
2026/09/08 21:01:35.194, GPU-ecc6a1f9-42fe-2932-7ea0-1dd285491b7b, 1069, 100, 1328, 68, 201.54
2026/09/08 21:01:35.398, GPU-ecc6a1f9-42fe-2932-7ea0-1dd285491b7b, 1069, 100, 1328, 68, 202.02
2026/09/08 21:01:35.601, GPU-ecc6a1f9-42fe-2932-7ea0-1dd285491b7b, 1069, 100, 1328, 68, 214.65
2026/09/08 21:01:35.806, GPU-ecc6a1f9-42fe-2932-7ea0-1dd285491b7b, 1069, 100, 1328, 68, 236.06
2026/09/08 21:01:36.010, GPU-ecc6a1f9-42fe-2932-7ea0-1dd285491b7b, 1069, 100, 1328, 68, 222.00
2026/09/08 21:01:36.213, GPU-ecc6a1f9-42fe-2932-7ea0-1dd285491b7b, 1069, 100, 1328, 68, 236.30
2026/09/08 21:01:36.417, GPU-ecc6a1f9-42fe-2932-7ea0-1dd285491b7b, 1069, 100, 1328, 68, 233.43
2026/09/08 21:01:36.620, GPU-ecc6a1f9-42fe-2932-7ea0-1dd285491b7b, 1069, 100, 1278, 69, 186.67
2026/09/08 21:01:36.826, GPU-ecc6a1f9-42fe-2932-7ea0-1dd285491b7b, 1069, 46, 1316, 66, 59.88
2026/09/08 21:01:37.030, GPU-ecc6a1f9-42fe-2932-7ea0-1dd285491b7b, 1069, 66, 1328, 65, 51.14
2026/09/08 21:01:37.233, GPU-ecc6a1f9-42fe-2932-7ea0-1dd285491b7b, 265, 57, 1328, 65, 50.66
2026/09/08 21:01:37.437, GPU-ecc6a1f9-42fe-2932-7ea0-1dd285491b7b, 5, 5, 1328, 64, 49.19
2026/09/08 21:01:37.640, GPU-ecc6a1f9-42fe-2932-7ea0-1dd285491b7b, 5, 0, 1328, 63, 48.96
2026/09/08 21:01:37.845, GPU-ecc6a1f9-42fe-2932-7ea0-1dd285491b7b, 5, 0, 1328, 63, 48.47
2026/09/08 21:01:38.049, GPU-ecc6a1f9-42fe-2932-7ea0-1dd285491b7b, 5, 0, 1328, 62, 48.47
2026/09/08 21:01:38.252, GPU-ecc6a1f9-42fe-2932-7ea0-1dd285491b7b, 5, 0, 1328, 62, 47.99
2026/09/08 21:01:38.455, GPU-ecc6a1f9-42fe-2932-7ea0-1dd285491b7b, 5, 0, 1328, 62, 47.74
2026/09/08 21:01:38.659, GPU-ecc6a1f9-42fe-2932-7ea0-1dd285491b7b, 5, 0, 1328, 62, 47.74
2026/09/08 21:01:38.864, GPU-ecc6a1f9-42fe-2932-7ea0-1dd285491b7b, 5, 0, 1328, 62, 47.50
2026/09/08 21:01:39.068, GPU-ecc6a1f9-42fe-2932-7ea0-1dd285491b7b, 5, 0, 1328, 61, 47.50
2026/09/08 21:01:39.271, GPU-ecc6a1f9-42fe-2932-7ea0-1dd285491b7b, 5, 0, 1328, 61, 47.26
2026/09/08 21:01:39.475, GPU-ecc6a1f9-42fe-2932-7ea0-1dd285491b7b, 7, 0, 1328, 61, 47.26
2026/09/08 21:01:39.678, GPU-ecc6a1f9-42fe-2932-7ea0-1dd285491b7b, 7, 0, 1328, 61, 47.26
2026/09/08 21:01:39.884, GPU-ecc6a1f9-42fe-2932-7ea0-1dd285491b7b, 775, 0, 1328, 61, 47.49
2026/09/08 21:01:40.088, GPU-ecc6a1f9-42fe-2932-7ea0-1dd285491b7b, 787, 29, 1316, 61, 47.01
2026/09/08 21:01:40.291, GPU-ecc6a1f9-42fe-2932-7ea0-1dd285491b7b, 787, 10, 1316, 61, 53.09
2026/09/08 21:01:40.495, GPU-ecc6a1f9-42fe-2932-7ea0-1dd285491b7b, 787, 21, 1316, 61, 47.73
2026/09/08 21:01:40.698, GPU-ecc6a1f9-42fe-2932-7ea0-1dd285491b7b, 1069, 13, 1316, 61, 46.52
2026/09/08 21:01:40.904, GPU-ecc6a1f9-42fe-2932-7ea0-1dd285491b7b, 1069, 0, 1316, 61, 46.28
2026/09/08 21:01:41.108, GPU-ecc6a1f9-42fe-2932-7ea0-1dd285491b7b, 1069, 0, 1316, 60, 46.04
2026/09/08 21:01:41.311, GPU-ecc6a1f9-42fe-2932-7ea0-1dd285491b7b, 1069, 0, 1316, 60, 46.04
2026/09/08 21:01:41.515, GPU-ecc6a1f9-42fe-2932-7ea0-1dd285491b7b, 1069, 0, 1316, 60, 45.79
2026/09/08 21:01:41.718, GPU-ecc6a1f9-42fe-2932-7ea0-1dd285491b7b, 1069, 0, 1316, 60, 45.79
2026/09/08 21:01:41.924, GPU-ecc6a1f9-42fe-2932-7ea0-1dd285491b7b, 1069, 0, 1316, 60, 45.79
2026/09/08 21:01:42.127, GPU-ecc6a1f9-42fe-2932-7ea0-1dd285491b7b, 1069, 53, 1328, 61, 52.85
2026/09/08 21:01:42.331, GPU-ecc6a1f9-42fe-2932-7ea0-1dd285491b7b, 1069, 65, 1328, 61, 108.24
2026/09/08 21:01:42.534, GPU-ecc6a1f9-42fe-2932-7ea0-1dd285491b7b, 1069, 45, 1328, 60, 235.20
2026/09/08 21:01:42.738, GPU-ecc6a1f9-42fe-2932-7ea0-1dd285491b7b, 1069, 42, 1328, 63, 255.33
2026/09/08 21:01:42.944, GPU-ecc6a1f9-42fe-2932-7ea0-1dd285491b7b, 1069, 100, 1328, 63, 247.65
2026/09/08 21:01:43.147, GPU-ecc6a1f9-42fe-2932-7ea0-1dd285491b7b, 1069, 100, 1328, 64, 245.15
2026/09/08 21:01:43.351, GPU-ecc6a1f9-42fe-2932-7ea0-1dd285491b7b, 1069, 100, 1316, 64, 238.92
2026/09/08 21:01:43.554, GPU-ecc6a1f9-42fe-2932-7ea0-1dd285491b7b, 1069, 100, 1303, 64, 237.47
2026/09/08 21:01:43.758, GPU-ecc6a1f9-42fe-2932-7ea0-1dd285491b7b, 1069, 100, 1316, 65, 206.21
2026/09/08 21:01:43.992, GPU-ecc6a1f9-42fe-2932-7ea0-1dd285491b7b, 1069, 100, 1290, 65, 212.86
2026/09/08 21:01:44.195, GPU-ecc6a1f9-42fe-2932-7ea0-1dd285491b7b, 1069, 100, 1316, 65, 199.70
2026/09/08 21:01:44.399, GPU-ecc6a1f9-42fe-2932-7ea0-1dd285491b7b, 1069, 100, 1328, 65, 206.69
2026/09/08 21:01:44.602, GPU-ecc6a1f9-42fe-2932-7ea0-1dd285491b7b, 1069, 100, 1328, 65, 225.46
2026/09/08 21:01:44.806, GPU-ecc6a1f9-42fe-2932-7ea0-1dd285491b7b, 1069, 100, 1328, 65, 224.98
2026/09/08 21:01:45.011, GPU-ecc6a1f9-42fe-2932-7ea0-1dd285491b7b, 1069, 100, 1328, 65, 218.36
2026/09/08 21:01:45.215, GPU-ecc6a1f9-42fe-2932-7ea0-1dd285491b7b, 1069, 100, 1328, 66, 216.70
2026/09/08 21:01:45.418, GPU-ecc6a1f9-42fe-2932-7ea0-1dd285491b7b, 1069, 100, 1328, 66, 203.81
2026/09/08 21:01:45.622, GPU-ecc6a1f9-42fe-2932-7ea0-1dd285491b7b, 1069, 100, 1328, 66, 226.17
2026/09/08 21:01:45.825, GPU-ecc6a1f9-42fe-2932-7ea0-1dd285491b7b, 1069, 100, 1303, 66, 239.16
2026/09/08 21:01:46.031, GPU-ecc6a1f9-42fe-2932-7ea0-1dd285491b7b, 1069, 100, 1290, 66, 188.11
2026/09/08 21:01:46.234, GPU-ecc6a1f9-42fe-2932-7ea0-1dd285491b7b, 1069, 100, 1328, 66, 226.19
2026/09/08 21:01:46.438, GPU-ecc6a1f9-42fe-2932-7ea0-1dd285491b7b, 1069, 100, 1290, 66, 237.63
2026/09/08 21:01:46.641, GPU-ecc6a1f9-42fe-2932-7ea0-1dd285491b7b, 1069, 100, 1316, 66, 211.03
2026/09/08 21:01:46.845, GPU-ecc6a1f9-42fe-2932-7ea0-1dd285491b7b, 1069, 100, 1290, 66, 210.79
2026/09/08 21:01:47.050, GPU-ecc6a1f9-42fe-2932-7ea0-1dd285491b7b, 1069, 100, 1316, 66, 215.75
2026/09/08 21:01:47.254, GPU-ecc6a1f9-42fe-2932-7ea0-1dd285491b7b, 1069, 100, 1328, 66, 222.24
2026/09/08 21:01:47.457, GPU-ecc6a1f9-42fe-2932-7ea0-1dd285491b7b, 1069, 100, 1290, 67, 238.73
2026/09/08 21:01:47.661, GPU-ecc6a1f9-42fe-2932-7ea0-1dd285491b7b, 1069, 100, 1290, 66, 204.41
2026/09/08 21:01:47.864, GPU-ecc6a1f9-42fe-2932-7ea0-1dd285491b7b, 1069, 100, 1328, 66, 215.86
2026/09/08 21:01:48.072, GPU-ecc6a1f9-42fe-2932-7ea0-1dd285491b7b, 1069, 100, 1328, 67, 226.58
2026/09/08 21:01:48.276, GPU-ecc6a1f9-42fe-2932-7ea0-1dd285491b7b, 1069, 100, 1328, 67, 203.23
2026/09/08 21:01:48.479, GPU-ecc6a1f9-42fe-2932-7ea0-1dd285491b7b, 1069, 100, 1328, 67, 219.61
2026/09/08 21:01:48.683, GPU-ecc6a1f9-42fe-2932-7ea0-1dd285491b7b, 1069, 100, 1328, 67, 229.58
2026/09/08 21:01:48.886, GPU-ecc6a1f9-42fe-2932-7ea0-1dd285491b7b, 1069, 100, 1328, 67, 204.67
2026/09/08 21:01:49.091, GPU-ecc6a1f9-42fe-2932-7ea0-1dd285491b7b, 1069, 100, 1328, 67, 229.34
2026/09/08 21:01:49.295, GPU-ecc6a1f9-42fe-2932-7ea0-1dd285491b7b, 1069, 100, 1278, 67, 231.97
2026/09/08 21:01:49.498, GPU-ecc6a1f9-42fe-2932-7ea0-1dd285491b7b, 1069, 100, 1316, 67, 212.24
2026/09/08 21:01:49.702, GPU-ecc6a1f9-42fe-2932-7ea0-1dd285491b7b, 1069, 100, 1290, 67, 205.38
2026/09/08 21:01:49.905, GPU-ecc6a1f9-42fe-2932-7ea0-1dd285491b7b, 1069, 100, 1316, 67, 202.00
2026/09/08 21:01:50.110, GPU-ecc6a1f9-42fe-2932-7ea0-1dd285491b7b, 1069, 100, 1328, 67, 225.85
2026/09/08 21:01:50.314, GPU-ecc6a1f9-42fe-2932-7ea0-1dd285491b7b, 1069, 100, 1290, 67, 238.11
2026/09/08 21:01:50.517, GPU-ecc6a1f9-42fe-2932-7ea0-1dd285491b7b, 1069, 100, 1290, 67, 200.31
2026/09/08 21:01:50.721, GPU-ecc6a1f9-42fe-2932-7ea0-1dd285491b7b, 1069, 100, 1328, 67, 212.96
2026/09/08 21:01:50.924, GPU-ecc6a1f9-42fe-2932-7ea0-1dd285491b7b, 1069, 100, 1328, 67, 250.46
2026/09/08 21:01:51.128, GPU-ecc6a1f9-42fe-2932-7ea0-1dd285491b7b, 1069, 100, 1316, 67, 216.10
2026/09/08 21:01:51.333, GPU-ecc6a1f9-42fe-2932-7ea0-1dd285491b7b, 1069, 100, 1278, 67, 227.91
2026/09/08 21:01:51.537, GPU-ecc6a1f9-42fe-2932-7ea0-1dd285491b7b, 1069, 100, 1316, 67, 211.76
2026/09/08 21:01:51.741, GPU-ecc6a1f9-42fe-2932-7ea0-1dd285491b7b, 1069, 100, 1328, 67, 215.13
2026/09/08 21:01:51.944, GPU-ecc6a1f9-42fe-2932-7ea0-1dd285491b7b, 1069, 100, 1328, 67, 221.52
2026/09/08 21:01:52.148, GPU-ecc6a1f9-42fe-2932-7ea0-1dd285491b7b, 1069, 100, 1328, 67, 205.64
2026/09/08 21:01:52.352, GPU-ecc6a1f9-42fe-2932-7ea0-1dd285491b7b, 1069, 100, 1328, 67, 216.58
2026/09/08 21:01:52.556, GPU-ecc6a1f9-42fe-2932-7ea0-1dd285491b7b, 1069, 100, 1328, 68, 233.67
2026/09/08 21:01:52.759, GPU-ecc6a1f9-42fe-2932-7ea0-1dd285491b7b, 1069, 100, 1328, 67, 206.33
2026/09/08 21:01:52.963, GPU-ecc6a1f9-42fe-2932-7ea0-1dd285491b7b, 1069, 100, 1328, 68, 234.40
2026/09/08 21:01:53.166, GPU-ecc6a1f9-42fe-2932-7ea0-1dd285491b7b, 1069, 100, 1278, 67, 239.04
2026/09/08 21:01:53.372, GPU-ecc6a1f9-42fe-2932-7ea0-1dd285491b7b, 1069, 100, 1278, 67, 191.99
2026/09/08 21:01:53.577, GPU-ecc6a1f9-42fe-2932-7ea0-1dd285491b7b, 1069, 100, 1328, 67, 225.11
2026/09/08 21:01:53.780, GPU-ecc6a1f9-42fe-2932-7ea0-1dd285491b7b, 1069, 100, 1328, 68, 259.19
2026/09/08 21:01:53.984, GPU-ecc6a1f9-42fe-2932-7ea0-1dd285491b7b, 1069, 100, 1316, 67, 204.66
2026/09/08 21:01:54.187, GPU-ecc6a1f9-42fe-2932-7ea0-1dd285491b7b, 1069, 100, 1290, 68, 240.26
2026/09/08 21:01:54.392, GPU-ecc6a1f9-42fe-2932-7ea0-1dd285491b7b, 1069, 100, 1316, 67, 208.41
2026/09/08 21:01:54.595, GPU-ecc6a1f9-42fe-2932-7ea0-1dd285491b7b, 1069, 100, 1328, 67, 216.58
2026/09/08 21:01:54.799, GPU-ecc6a1f9-42fe-2932-7ea0-1dd285491b7b, 1069, 100, 1290, 68, 244.45
2026/09/08 21:01:55.003, GPU-ecc6a1f9-42fe-2932-7ea0-1dd285491b7b, 1069, 100, 1290, 68, 241.20
2026/09/08 21:01:55.207, GPU-ecc6a1f9-42fe-2932-7ea0-1dd285491b7b, 1069, 100, 1290, 68, 239.04
2026/09/08 21:01:55.414, GPU-ecc6a1f9-42fe-2932-7ea0-1dd285491b7b, 1069, 100, 1278, 68, 196.10
2026/09/08 21:01:55.618, GPU-ecc6a1f9-42fe-2932-7ea0-1dd285491b7b, 1069, 100, 1316, 68, 213.93
2026/09/08 21:01:55.828, GPU-ecc6a1f9-42fe-2932-7ea0-1dd285491b7b, 1069, 100, 1328, 68, 216.10
2026/09/08 21:01:56.034, GPU-ecc6a1f9-42fe-2932-7ea0-1dd285491b7b, 1069, 100, 1328, 68, 202.24
2026/09/08 21:01:56.237, GPU-ecc6a1f9-42fe-2932-7ea0-1dd285491b7b, 1069, 100, 1328, 68, 202.24
2026/09/08 21:01:56.440, GPU-ecc6a1f9-42fe-2932-7ea0-1dd285491b7b, 1069, 100, 1328, 68, 202.50
2026/09/08 21:01:56.644, GPU-ecc6a1f9-42fe-2932-7ea0-1dd285491b7b, 1069, 100, 1328, 68, 230.78
2026/09/08 21:01:56.847, GPU-ecc6a1f9-42fe-2932-7ea0-1dd285491b7b, 1069, 100, 1328, 68, 235.10
2026/09/08 21:01:57.053, GPU-ecc6a1f9-42fe-2932-7ea0-1dd285491b7b, 1069, 100, 1328, 68, 233.89
2026/09/08 21:01:57.256, GPU-ecc6a1f9-42fe-2932-7ea0-1dd285491b7b, 1069, 100, 1328, 68, 235.34
2026/09/08 21:01:57.460, GPU-ecc6a1f9-42fe-2932-7ea0-1dd285491b7b, 1069, 100, 1328, 68, 233.67
2026/09/08 21:01:57.663, GPU-ecc6a1f9-42fe-2932-7ea0-1dd285491b7b, 1069, 95, 1278, 67, 53.34
2026/09/08 21:01:57.867, GPU-ecc6a1f9-42fe-2932-7ea0-1dd285491b7b, 1069, 34, 1278, 66, 178.57
2026/09/08 21:01:58.072, GPU-ecc6a1f9-42fe-2932-7ea0-1dd285491b7b, 1069, 40, 1316, 65, 50.66
2026/09/08 21:01:58.276, GPU-ecc6a1f9-42fe-2932-7ea0-1dd285491b7b, 265, 42, 1328, 65, 50.66
2026/09/08 21:01:58.479, GPU-ecc6a1f9-42fe-2932-7ea0-1dd285491b7b, 5, 5, 1328, 64, 49.20
2026/09/08 21:01:58.682, GPU-ecc6a1f9-42fe-2932-7ea0-1dd285491b7b, 5, 0, 1328, 63, 48.72
2026/09/08 21:01:58.886, GPU-ecc6a1f9-42fe-2932-7ea0-1dd285491b7b, 5, 0, 1328, 63, 48.46
2026/09/08 21:01:59.092, GPU-ecc6a1f9-42fe-2932-7ea0-1dd285491b7b, 5, 0, 1328, 63, 48.47
2026/09/08 21:01:59.295, GPU-ecc6a1f9-42fe-2932-7ea0-1dd285491b7b, 5, 0, 1328, 62, 47.99
2026/09/08 21:01:59.499, GPU-ecc6a1f9-42fe-2932-7ea0-1dd285491b7b, 5, 0, 1328, 62, 47.74
2026/09/08 21:01:59.702, GPU-ecc6a1f9-42fe-2932-7ea0-1dd285491b7b, 5, 0, 1328, 62, 47.74
2026/09/08 21:01:59.906, GPU-ecc6a1f9-42fe-2932-7ea0-1dd285491b7b, 5, 0, 1328, 62, 47.74
2026/09/08 21:02:00.111, GPU-ecc6a1f9-42fe-2932-7ea0-1dd285491b7b, 5, 0, 1328, 62, 47.50
2026/09/08 21:02:00.314, GPU-ecc6a1f9-42fe-2932-7ea0-1dd285491b7b, 5, 0, 1328, 61, 46.77
2026/09/08 21:02:00.518, GPU-ecc6a1f9-42fe-2932-7ea0-1dd285491b7b, 5, 0, 1328, 61, 46.77
2026/09/08 21:02:00.721, GPU-ecc6a1f9-42fe-2932-7ea0-1dd285491b7b, 5, 0, 1328, 61, 46.79
2026/09/08 21:02:00.925, GPU-ecc6a1f9-42fe-2932-7ea0-1dd285491b7b, 5, 0, 1328, 61, 47.26
2026/09/08 21:02:01.130, GPU-ecc6a1f9-42fe-2932-7ea0-1dd285491b7b, 5, 0, 1328, 61, 47.26
2026/09/08 21:02:01.334, GPU-ecc6a1f9-42fe-2932-7ea0-1dd285491b7b, 5, 0, 1328, 61, 47.28
2026/09/08 21:02:01.537, GPU-ecc6a1f9-42fe-2932-7ea0-1dd285491b7b, 5, 0, 1328, 60, 47.01
2026/09/08 21:02:01.741, GPU-ecc6a1f9-42fe-2932-7ea0-1dd285491b7b, 5, 0, 1328, 60, 47.01
2026/09/08 21:02:01.944, GPU-ecc6a1f9-42fe-2932-7ea0-1dd285491b7b, 5, 0, 1328, 60, 47.01
2026/09/08 21:02:02.150, GPU-ecc6a1f9-42fe-2932-7ea0-1dd285491b7b, 5, 0, 1328, 60, 46.77
2026/09/08 21:02:02.354, GPU-ecc6a1f9-42fe-2932-7ea0-1dd285491b7b, 5, 0, 1328, 60, 46.77
2026/09/08 21:02:02.557, GPU-ecc6a1f9-42fe-2932-7ea0-1dd285491b7b, 5, 0, 1328, 60, 46.55
2026/09/08 21:02:02.760, GPU-ecc6a1f9-42fe-2932-7ea0-1dd285491b7b, 5, 0, 1328, 60, 46.55
2026/09/08 21:02:02.964, GPU-ecc6a1f9-42fe-2932-7ea0-1dd285491b7b, 5, 0, 1328, 60, 46.52
2026/09/08 21:02:03.171, GPU-ecc6a1f9-42fe-2932-7ea0-1dd285491b7b, 5, 0, 1328, 59, 46.55
2026/09/08 21:02:03.374, GPU-ecc6a1f9-42fe-2932-7ea0-1dd285491b7b, 5, 0, 1328, 59, 46.30
2026/09/08 21:02:03.578, GPU-ecc6a1f9-42fe-2932-7ea0-1dd285491b7b, 5, 0, 1328, 59, 46.30
2026/09/08 21:02:03.781, GPU-ecc6a1f9-42fe-2932-7ea0-1dd285491b7b, 5, 0, 405, 59, 33.41
2026/09/08 21:02:03.985, GPU-ecc6a1f9-42fe-2932-7ea0-1dd285491b7b, 5, 0, 405, 59, 33.41
2026/09/08 21:02:04.188, GPU-ecc6a1f9-42fe-2932-7ea0-1dd285491b7b, 5, 0, 405, 59, 33.17
2026/09/08 21:02:04.393, GPU-ecc6a1f9-42fe-2932-7ea0-1dd285491b7b, 5, 0, 405, 58, 32.92
2026/09/08 21:02:04.596, GPU-ecc6a1f9-42fe-2932-7ea0-1dd285491b7b, 5, 0, 405, 58, 32.92
2026/09/08 21:02:04.800, GPU-ecc6a1f9-42fe-2932-7ea0-1dd285491b7b, 5, 0, 405, 58, 32.92
2026/09/08 21:02:05.003, GPU-ecc6a1f9-42fe-2932-7ea0-1dd285491b7b, 5, 0, 405, 58, 32.92
2026/09/08 21:02:05.207, GPU-ecc6a1f9-42fe-2932-7ea0-1dd285491b7b, 5, 0, 405, 58, 32.68
2026/09/08 21:02:05.410, GPU-ecc6a1f9-42fe-2932-7ea0-1dd285491b7b, 5, 0, 405, 58, 32.68
2026/09/08 21:02:05.616, GPU-ecc6a1f9-42fe-2932-7ea0-1dd285491b7b, 5, 0, 405, 58, 32.68
2026/09/08 21:02:05.820, GPU-ecc6a1f9-42fe-2932-7ea0-1dd285491b7b, 5, 0, 405, 58, 32.68
2026/09/08 21:02:06.023, GPU-ecc6a1f9-42fe-2932-7ea0-1dd285491b7b, 5, 0, 405, 57, 32.68
2026/09/08 21:02:06.227, GPU-ecc6a1f9-42fe-2932-7ea0-1dd285491b7b, 5, 0, 405, 57, 32.68
2026/09/08 21:02:06.430, GPU-ecc6a1f9-42fe-2932-7ea0-1dd285491b7b, 5, 0, 405, 57, 32.68
2026/09/08 21:02:06.634, GPU-ecc6a1f9-42fe-2932-7ea0-1dd285491b7b, 5, 0, 405, 57, 32.43
2026/09/08 21:02:06.838, GPU-ecc6a1f9-42fe-2932-7ea0-1dd285491b7b, 5, 0, 405, 57, 32.43
2026/09/08 21:02:07.042, GPU-ecc6a1f9-42fe-2932-7ea0-1dd285491b7b, 5, 0, 405, 57, 32.43
2026/09/08 21:02:07.245, GPU-ecc6a1f9-42fe-2932-7ea0-1dd285491b7b, 5, 0, 405, 57, 32.43
2026/09/08 21:02:07.449, GPU-ecc6a1f9-42fe-2932-7ea0-1dd285491b7b, 5, 0, 405, 57, 32.43
2026/09/08 21:02:07.652, GPU-ecc6a1f9-42fe-2932-7ea0-1dd285491b7b, 5, 0, 405, 57, 32.43
2026/09/08 21:02:07.859, GPU-ecc6a1f9-42fe-2932-7ea0-1dd285491b7b, 5, 0, 405, 57, 32.43
2026/09/08 21:02:08.062, GPU-ecc6a1f9-42fe-2932-7ea0-1dd285491b7b, 5, 0, 405, 57, 32.43
2026/09/08 21:02:08.266, GPU-ecc6a1f9-42fe-2932-7ea0-1dd285491b7b, 5, 0, 405, 57, 32.19
2026/09/08 21:02:08.469, GPU-ecc6a1f9-42fe-2932-7ea0-1dd285491b7b, 5, 0, 405, 57, 32.19
2026/09/08 21:02:08.673, GPU-ecc6a1f9-42fe-2932-7ea0-1dd285491b7b, 5, 0, 405, 56, 32.19
2026/09/08 21:02:08.878, GPU-ecc6a1f9-42fe-2932-7ea0-1dd285491b7b, 5, 0, 405, 56, 32.19
2026/09/08 21:02:09.081, GPU-ecc6a1f9-42fe-2932-7ea0-1dd285491b7b, 5, 0, 405, 56, 32.19
2026/09/08 21:02:09.285, GPU-ecc6a1f9-42fe-2932-7ea0-1dd285491b7b, 5, 0, 405, 56, 32.19
2026/09/08 21:02:09.488, GPU-ecc6a1f9-42fe-2932-7ea0-1dd285491b7b, 5, 0, 405, 56, 32.19
2026/09/08 21:02:09.692, GPU-ecc6a1f9-42fe-2932-7ea0-1dd285491b7b, 5, 0, 405, 56, 32.19
2026/09/08 21:02:09.897, GPU-ecc6a1f9-42fe-2932-7ea0-1dd285491b7b, 5, 0, 405, 56, 32.19
2026/09/08 21:02:10.101, GPU-ecc6a1f9-42fe-2932-7ea0-1dd285491b7b, 5, 0, 405, 56, 32.19
2026/09/08 21:02:10.304, GPU-ecc6a1f9-42fe-2932-7ea0-1dd285491b7b, 5, 0, 405, 56, 31.95
2026/09/08 21:02:10.508, GPU-ecc6a1f9-42fe-2932-7ea0-1dd285491b7b, 5, 0, 405, 56, 31.95
2026/09/08 21:02:10.712, GPU-ecc6a1f9-42fe-2932-7ea0-1dd285491b7b, 5, 0, 405, 55, 31.95
2026/09/08 21:02:10.916, GPU-ecc6a1f9-42fe-2932-7ea0-1dd285491b7b, 5, 0, 405, 55, 31.95
2026/09/08 21:02:11.120, GPU-ecc6a1f9-42fe-2932-7ea0-1dd285491b7b, 5, 0, 405, 55, 31.95
2026/09/08 21:02:11.324, GPU-ecc6a1f9-42fe-2932-7ea0-1dd285491b7b, 5, 0, 405, 55, 31.95
2026/09/08 21:02:11.527, GPU-ecc6a1f9-42fe-2932-7ea0-1dd285491b7b, 5, 0, 405, 55, 31.95
2026/09/08 21:02:11.731, GPU-ecc6a1f9-42fe-2932-7ea0-1dd285491b7b, 5, 0, 405, 55, 31.95
2026/09/08 21:02:11.936, GPU-ecc6a1f9-42fe-2932-7ea0-1dd285491b7b, 5, 0, 405, 55, 31.95
2026/09/08 21:02:12.139, GPU-ecc6a1f9-42fe-2932-7ea0-1dd285491b7b, 5, 0, 405, 55, 31.95
2026/09/08 21:02:12.343, GPU-ecc6a1f9-42fe-2932-7ea0-1dd285491b7b, 5, 0, 405, 55, 31.95
2026/09/08 21:02:12.546, GPU-ecc6a1f9-42fe-2932-7ea0-1dd285491b7b, 5, 0, 405, 55, 31.95
2026/09/08 21:02:12.750, GPU-ecc6a1f9-42fe-2932-7ea0-1dd285491b7b, 5, 0, 405, 55, 31.95
2026/09/08 21:02:12.955, GPU-ecc6a1f9-42fe-2932-7ea0-1dd285491b7b, 5, 0, 405, 55, 31.95
2026/09/08 21:02:13.159, GPU-ecc6a1f9-42fe-2932-7ea0-1dd285491b7b, 5, 0, 405, 55, 31.70
2026/09/08 21:02:13.362, GPU-ecc6a1f9-42fe-2932-7ea0-1dd285491b7b, 5, 0, 405, 55, 31.70
2026/09/08 21:02:13.566, GPU-ecc6a1f9-42fe-2932-7ea0-1dd285491b7b, 5, 0, 405, 55, 31.70
2026/09/08 21:02:13.770, GPU-ecc6a1f9-42fe-2932-7ea0-1dd285491b7b, 5, 0, 405, 55, 31.70
2026/09/08 21:02:13.973, GPU-ecc6a1f9-42fe-2932-7ea0-1dd285491b7b, 5, 0, 405, 54, 31.70
2026/09/08 21:02:14.179, GPU-ecc6a1f9-42fe-2932-7ea0-1dd285491b7b, 5, 0, 405, 54, 31.70
2026/09/08 21:02:14.382, GPU-ecc6a1f9-42fe-2932-7ea0-1dd285491b7b, 5, 0, 405, 54, 31.46
2026/09/08 21:02:14.586, GPU-ecc6a1f9-42fe-2932-7ea0-1dd285491b7b, 5, 0, 405, 54, 31.70
2026/09/08 21:02:14.790, GPU-ecc6a1f9-42fe-2932-7ea0-1dd285491b7b, 5, 0, 405, 54, 31.46
2026/09/08 21:02:14.993, GPU-ecc6a1f9-42fe-2932-7ea0-1dd285491b7b, 5, 0, 405, 54, 31.46
2026/09/08 21:02:15.199, GPU-ecc6a1f9-42fe-2932-7ea0-1dd285491b7b, 5, 0, 405, 54, 31.46
2026/09/08 21:02:15.402, GPU-ecc6a1f9-42fe-2932-7ea0-1dd285491b7b, 5, 0, 405, 54, 31.46
2026/09/08 21:02:15.606, GPU-ecc6a1f9-42fe-2932-7ea0-1dd285491b7b, 5, 0, 405, 54, 31.21
2026/09/08 21:02:15.809, GPU-ecc6a1f9-42fe-2932-7ea0-1dd285491b7b, 5, 0, 405, 54, 31.46
2026/09/08 21:02:16.013, GPU-ecc6a1f9-42fe-2932-7ea0-1dd285491b7b, 5, 0, 405, 54, 31.21
2026/09/08 21:02:16.218, GPU-ecc6a1f9-42fe-2932-7ea0-1dd285491b7b, 5, 0, 405, 53, 31.21
2026/09/08 21:02:16.422, GPU-ecc6a1f9-42fe-2932-7ea0-1dd285491b7b, 5, 0, 405, 53, 31.21
2026/09/08 21:02:16.625, GPU-ecc6a1f9-42fe-2932-7ea0-1dd285491b7b, 5, 0, 405, 53, 31.21
2026/09/08 21:02:16.829, GPU-ecc6a1f9-42fe-2932-7ea0-1dd285491b7b, 5, 0, 405, 53, 31.21
2026/09/08 21:02:17.032, GPU-ecc6a1f9-42fe-2932-7ea0-1dd285491b7b, 5, 0, 405, 53, 31.21
2026/09/08 21:02:17.237, GPU-ecc6a1f9-42fe-2932-7ea0-1dd285491b7b, 5, 0, 405, 53, 31.46
2026/09/08 21:02:17.441, GPU-ecc6a1f9-42fe-2932-7ea0-1dd285491b7b, 5, 0, 405, 53, 31.21
2026/09/08 21:02:17.645, GPU-ecc6a1f9-42fe-2932-7ea0-1dd285491b7b, 5, 0, 405, 53, 31.21
2026/09/08 21:02:17.848, GPU-ecc6a1f9-42fe-2932-7ea0-1dd285491b7b, 5, 0, 405, 53, 31.21
2026/09/08 21:02:18.052, GPU-ecc6a1f9-42fe-2932-7ea0-1dd285491b7b, 5, 0, 405, 53, 31.21
2026/09/08 21:02:18.255, GPU-ecc6a1f9-42fe-2932-7ea0-1dd285491b7b, 5, 0, 405, 53, 31.21
2026/09/08 21:02:18.460, GPU-ecc6a1f9-42fe-2932-7ea0-1dd285491b7b, 5, 0, 405, 53, 30.97
2026/09/08 21:02:18.664, GPU-ecc6a1f9-42fe-2932-7ea0-1dd285491b7b, 5, 0, 405, 53, 30.97
2026/09/08 21:02:18.867, GPU-ecc6a1f9-42fe-2932-7ea0-1dd285491b7b, 5, 0, 405, 53, 30.97
2026/09/08 21:02:19.071, GPU-ecc6a1f9-42fe-2932-7ea0-1dd285491b7b, 5, 0, 405, 52, 30.97
2026/09/08 21:02:19.275, GPU-ecc6a1f9-42fe-2932-7ea0-1dd285491b7b, 5, 0, 405, 52, 30.97
2026/09/08 21:02:19.478, GPU-ecc6a1f9-42fe-2932-7ea0-1dd285491b7b, 5, 0, 405, 52, 30.97
2026/09/08 21:02:19.683, GPU-ecc6a1f9-42fe-2932-7ea0-1dd285491b7b, 5, 0, 405, 52, 30.97
2026/09/08 21:02:19.887, GPU-ecc6a1f9-42fe-2932-7ea0-1dd285491b7b, 5, 0, 405, 53, 30.97
2026/09/08 21:02:20.090, GPU-ecc6a1f9-42fe-2932-7ea0-1dd285491b7b, 5, 0, 405, 52, 30.97
2026/09/08 21:02:20.294, GPU-ecc6a1f9-42fe-2932-7ea0-1dd285491b7b, 5, 0, 405, 52, 30.97
2026/09/08 21:02:20.497, GPU-ecc6a1f9-42fe-2932-7ea0-1dd285491b7b, 5, 0, 405, 52, 30.97
2026/09/08 21:02:20.701, GPU-ecc6a1f9-42fe-2932-7ea0-1dd285491b7b, 5, 0, 405, 52, 30.97
2026/09/08 21:02:20.905, GPU-ecc6a1f9-42fe-2932-7ea0-1dd285491b7b, 5, 0, 405, 52, 30.73
2026/09/08 21:02:21.109, GPU-ecc6a1f9-42fe-2932-7ea0-1dd285491b7b, 5, 0, 405, 52, 30.97
2026/09/08 21:02:21.312, GPU-ecc6a1f9-42fe-2932-7ea0-1dd285491b7b, 5, 0, 405, 52, 30.73
2026/09/08 21:02:21.516, GPU-ecc6a1f9-42fe-2932-7ea0-1dd285491b7b, 5, 0, 405, 52, 30.73
2026/09/08 21:02:21.719, GPU-ecc6a1f9-42fe-2932-7ea0-1dd285491b7b, 5, 0, 405, 52, 30.73
2026/09/08 21:02:21.925, GPU-ecc6a1f9-42fe-2932-7ea0-1dd285491b7b, 5, 0, 405, 52, 30.73
2026/09/08 21:02:22.128, GPU-ecc6a1f9-42fe-2932-7ea0-1dd285491b7b, 5, 0, 405, 52, 30.73
2026/09/08 21:02:22.331, GPU-ecc6a1f9-42fe-2932-7ea0-1dd285491b7b, 5, 0, 405, 52, 30.73
2026/09/08 21:02:22.535, GPU-ecc6a1f9-42fe-2932-7ea0-1dd285491b7b, 5, 0, 405, 51, 30.73
2026/09/08 21:02:22.739, GPU-ecc6a1f9-42fe-2932-7ea0-1dd285491b7b, 5, 0, 405, 51, 30.73
2026/09/08 21:02:22.944, GPU-ecc6a1f9-42fe-2932-7ea0-1dd285491b7b, 5, 0, 405, 52, 30.73
2026/09/08 21:02:23.147, GPU-ecc6a1f9-42fe-2932-7ea0-1dd285491b7b, 5, 0, 405, 51, 30.73
2026/09/08 21:02:23.351, GPU-ecc6a1f9-42fe-2932-7ea0-1dd285491b7b, 5, 0, 405, 51, 30.73
2026/09/08 21:02:23.554, GPU-ecc6a1f9-42fe-2932-7ea0-1dd285491b7b, 5, 0, 405, 51, 30.73
2026/09/08 21:02:23.758, GPU-ecc6a1f9-42fe-2932-7ea0-1dd285491b7b, 5, 0, 405, 51, 30.73
2026/09/08 21:02:23.963, GPU-ecc6a1f9-42fe-2932-7ea0-1dd285491b7b, 5, 0, 405, 51, 30.48
2026/09/08 21:02:24.167, GPU-ecc6a1f9-42fe-2932-7ea0-1dd285491b7b, 5, 0, 405, 51, 30.73
2026/09/08 21:02:24.370, GPU-ecc6a1f9-42fe-2932-7ea0-1dd285491b7b, 5, 0, 405, 51, 30.73
2026/09/08 21:02:24.574, GPU-ecc6a1f9-42fe-2932-7ea0-1dd285491b7b, 5, 0, 405, 51, 30.48
2026/09/08 21:02:24.777, GPU-ecc6a1f9-42fe-2932-7ea0-1dd285491b7b, 5, 0, 405, 51, 30.48
2026/09/08 21:02:24.984, GPU-ecc6a1f9-42fe-2932-7ea0-1dd285491b7b, 5, 0, 405, 51, 30.48
2026/09/08 21:02:25.187, GPU-ecc6a1f9-42fe-2932-7ea0-1dd285491b7b, 5, 0, 405, 51, 30.48
2026/09/08 21:02:25.391, GPU-ecc6a1f9-42fe-2932-7ea0-1dd285491b7b, 5, 0, 405, 51, 30.48
2026/09/08 21:02:25.594, GPU-ecc6a1f9-42fe-2932-7ea0-1dd285491b7b, 5, 0, 405, 51, 30.48
2026/09/08 21:02:25.798, GPU-ecc6a1f9-42fe-2932-7ea0-1dd285491b7b, 5, 0, 405, 50, 30.48
2026/09/08 21:02:26.004, GPU-ecc6a1f9-42fe-2932-7ea0-1dd285491b7b, 5, 0, 405, 50, 30.48
2026/09/08 21:02:26.207, GPU-ecc6a1f9-42fe-2932-7ea0-1dd285491b7b, 5, 0, 405, 50, 30.48
2026/09/08 21:02:26.411, GPU-ecc6a1f9-42fe-2932-7ea0-1dd285491b7b, 5, 0, 405, 50, 30.48
2026/09/08 21:02:26.615, GPU-ecc6a1f9-42fe-2932-7ea0-1dd285491b7b, 5, 0, 405, 50, 30.48
2026/09/08 21:02:26.818, GPU-ecc6a1f9-42fe-2932-7ea0-1dd285491b7b, 5, 0, 405, 50, 30.48
2026/09/08 21:02:27.023, GPU-ecc6a1f9-42fe-2932-7ea0-1dd285491b7b, 5, 0, 405, 50, 30.48
2026/09/08 21:02:27.227, GPU-ecc6a1f9-42fe-2932-7ea0-1dd285491b7b, 5, 0, 405, 50, 30.48
2026/09/08 21:02:27.430, GPU-ecc6a1f9-42fe-2932-7ea0-1dd285491b7b, 5, 0, 405, 50, 30.48
2026/09/08 21:02:27.634, GPU-ecc6a1f9-42fe-2932-7ea0-1dd285491b7b, 5, 0, 405, 50, 30.48
2026/09/08 21:02:27.837, GPU-ecc6a1f9-42fe-2932-7ea0-1dd285491b7b, 5, 0, 405, 50, 30.48
2026/09/08 21:02:28.043, GPU-ecc6a1f9-42fe-2932-7ea0-1dd285491b7b, 5, 0, 405, 50, 30.24
2026/09/08 21:02:28.247, GPU-ecc6a1f9-42fe-2932-7ea0-1dd285491b7b, 5, 0, 405, 50, 30.24
2026/09/08 21:02:28.450, GPU-ecc6a1f9-42fe-2932-7ea0-1dd285491b7b, 5, 0, 405, 50, 30.24
2026/09/08 21:02:28.654, GPU-ecc6a1f9-42fe-2932-7ea0-1dd285491b7b, 5, 0, 405, 50, 30.24
2026/09/08 21:02:28.857, GPU-ecc6a1f9-42fe-2932-7ea0-1dd285491b7b, 5, 0, 405, 50, 30.24
2026/09/08 21:02:29.063, GPU-ecc6a1f9-42fe-2932-7ea0-1dd285491b7b, 5, 0, 405, 50, 30.48
2026/09/08 21:02:29.266, GPU-ecc6a1f9-42fe-2932-7ea0-1dd285491b7b, 5, 0, 405, 50, 30.48
2026/09/08 21:02:29.470, GPU-ecc6a1f9-42fe-2932-7ea0-1dd285491b7b, 5, 0, 405, 50, 30.48
2026/09/08 21:02:29.673, GPU-ecc6a1f9-42fe-2932-7ea0-1dd285491b7b, 5, 0, 405, 49, 30.48
2026/09/08 21:02:29.877, GPU-ecc6a1f9-42fe-2932-7ea0-1dd285491b7b, 5, 0, 405, 49, 30.48
2026/09/08 21:02:30.080, GPU-ecc6a1f9-42fe-2932-7ea0-1dd285491b7b, 5, 0, 405, 49, 30.48
2026/09/08 21:02:30.285, GPU-ecc6a1f9-42fe-2932-7ea0-1dd285491b7b, 5, 0, 405, 49, 30.48
2026/09/08 21:02:30.489, GPU-ecc6a1f9-42fe-2932-7ea0-1dd285491b7b, 5, 0, 405, 49, 30.48
2026/09/08 21:02:30.692, GPU-ecc6a1f9-42fe-2932-7ea0-1dd285491b7b, 5, 0, 405, 49, 30.24
2026/09/08 21:02:30.896, GPU-ecc6a1f9-42fe-2932-7ea0-1dd285491b7b, 5, 0, 405, 49, 30.48
2026/09/08 21:02:31.099, GPU-ecc6a1f9-42fe-2932-7ea0-1dd285491b7b, 5, 0, 405, 49, 30.48
2026/09/08 21:02:31.305, GPU-ecc6a1f9-42fe-2932-7ea0-1dd285491b7b, 5, 0, 405, 49, 30.24
2026/09/08 21:02:31.508, GPU-ecc6a1f9-42fe-2932-7ea0-1dd285491b7b, 5, 0, 405, 49, 30.24
2026/09/08 21:02:31.712, GPU-ecc6a1f9-42fe-2932-7ea0-1dd285491b7b, 5, 0, 405, 49, 30.24
2026/09/08 21:02:31.915, GPU-ecc6a1f9-42fe-2932-7ea0-1dd285491b7b, 5, 0, 405, 49, 30.24
2026/09/08 21:02:32.119, GPU-ecc6a1f9-42fe-2932-7ea0-1dd285491b7b, 5, 0, 405, 49, 30.24
2026/09/08 21:02:32.324, GPU-ecc6a1f9-42fe-2932-7ea0-1dd285491b7b, 5, 0, 405, 49, 30.24
2026/09/08 21:02:32.528, GPU-ecc6a1f9-42fe-2932-7ea0-1dd285491b7b, 5, 0, 405, 49, 30.24
2026/09/08 21:02:32.731, GPU-ecc6a1f9-42fe-2932-7ea0-1dd285491b7b, 5, 0, 405, 49, 30.24
2026/09/08 21:02:32.935, GPU-ecc6a1f9-42fe-2932-7ea0-1dd285491b7b, 5, 0, 405, 49, 30.24
2026/09/08 21:02:33.138, GPU-ecc6a1f9-42fe-2932-7ea0-1dd285491b7b, 5, 0, 405, 49, 30.24
2026/09/08 21:02:33.343, GPU-ecc6a1f9-42fe-2932-7ea0-1dd285491b7b, 5, 0, 405, 49, 30.24
2026/09/08 21:02:33.547, GPU-ecc6a1f9-42fe-2932-7ea0-1dd285491b7b, 5, 0, 405, 48, 30.24
2026/09/08 21:02:33.751, GPU-ecc6a1f9-42fe-2932-7ea0-1dd285491b7b, 5, 0, 405, 48, 30.24
2026/09/08 21:02:33.954, GPU-ecc6a1f9-42fe-2932-7ea0-1dd285491b7b, 5, 0, 405, 48, 30.24
2026/09/08 21:02:34.158, GPU-ecc6a1f9-42fe-2932-7ea0-1dd285491b7b, 5, 0, 405, 48, 30.24
2026/09/08 21:02:34.363, GPU-ecc6a1f9-42fe-2932-7ea0-1dd285491b7b, 5, 0, 405, 48, 30.24
2026/09/08 21:02:34.567, GPU-ecc6a1f9-42fe-2932-7ea0-1dd285491b7b, 5, 0, 405, 48, 30.00
2026/09/08 21:02:34.770, GPU-ecc6a1f9-42fe-2932-7ea0-1dd285491b7b, 5, 0, 405, 48, 30.00
2026/09/08 21:02:34.974, GPU-ecc6a1f9-42fe-2932-7ea0-1dd285491b7b, 5, 0, 405, 48, 30.00
2026/09/08 21:02:35.177, GPU-ecc6a1f9-42fe-2932-7ea0-1dd285491b7b, 5, 0, 405, 48, 30.00
2026/09/08 21:02:35.383, GPU-ecc6a1f9-42fe-2932-7ea0-1dd285491b7b, 5, 0, 405, 48, 30.00
2026/09/08 21:02:35.586, GPU-ecc6a1f9-42fe-2932-7ea0-1dd285491b7b, 5, 0, 405, 48, 30.00
2026/09/08 21:02:35.790, GPU-ecc6a1f9-42fe-2932-7ea0-1dd285491b7b, 5, 0, 405, 48, 30.00
2026/09/08 21:02:35.993, GPU-ecc6a1f9-42fe-2932-7ea0-1dd285491b7b, 5, 0, 405, 48, 30.00
2026/09/08 21:02:36.197, GPU-ecc6a1f9-42fe-2932-7ea0-1dd285491b7b, 5, 0, 405, 48, 30.00
2026/09/08 21:02:36.402, GPU-ecc6a1f9-42fe-2932-7ea0-1dd285491b7b, 5, 0, 405, 48, 30.00
2026/09/08 21:02:36.605, GPU-ecc6a1f9-42fe-2932-7ea0-1dd285491b7b, 5, 0, 405, 48, 30.00
2026/09/08 21:02:36.809, GPU-ecc6a1f9-42fe-2932-7ea0-1dd285491b7b, 5, 0, 405, 48, 29.75
2026/09/08 21:02:37.013, GPU-ecc6a1f9-42fe-2932-7ea0-1dd285491b7b, 5, 0, 405, 48, 30.00
2026/09/08 21:02:37.216, GPU-ecc6a1f9-42fe-2932-7ea0-1dd285491b7b, 5, 0, 405, 47, 30.00
2026/09/08 21:02:37.421, GPU-ecc6a1f9-42fe-2932-7ea0-1dd285491b7b, 5, 0, 405, 48, 30.00
2026/09/08 21:02:37.625, GPU-ecc6a1f9-42fe-2932-7ea0-1dd285491b7b, 5, 0, 405, 48, 29.75
2026/09/08 21:02:37.828, GPU-ecc6a1f9-42fe-2932-7ea0-1dd285491b7b, 5, 0, 405, 48, 29.75
2026/09/08 21:02:38.032, GPU-ecc6a1f9-42fe-2932-7ea0-1dd285491b7b, 5, 0, 405, 47, 30.00
2026/09/08 21:02:38.235, GPU-ecc6a1f9-42fe-2932-7ea0-1dd285491b7b, 5, 0, 405, 47, 30.00
2026/09/08 21:02:38.441, GPU-ecc6a1f9-42fe-2932-7ea0-1dd285491b7b, 5, 0, 405, 47, 30.00
2026/09/08 21:02:38.644, GPU-ecc6a1f9-42fe-2932-7ea0-1dd285491b7b, 5, 0, 405, 47, 30.00
2026/09/08 21:02:38.848, GPU-ecc6a1f9-42fe-2932-7ea0-1dd285491b7b, 5, 0, 405, 47, 29.51
2026/09/08 21:02:39.051, GPU-ecc6a1f9-42fe-2932-7ea0-1dd285491b7b, 5, 0, 405, 47, 30.00
2026/09/08 21:02:39.255, GPU-ecc6a1f9-42fe-2932-7ea0-1dd285491b7b, 5, 0, 405, 47, 29.51
2026/09/08 21:02:39.460, GPU-ecc6a1f9-42fe-2932-7ea0-1dd285491b7b, 5, 0, 405, 47, 29.75
2026/09/08 21:02:39.664, GPU-ecc6a1f9-42fe-2932-7ea0-1dd285491b7b, 5, 0, 405, 47, 29.51
2026/09/08 21:02:39.867, GPU-ecc6a1f9-42fe-2932-7ea0-1dd285491b7b, 5, 0, 405, 47, 29.51
2026/09/08 21:02:40.071, GPU-ecc6a1f9-42fe-2932-7ea0-1dd285491b7b, 5, 0, 405, 47, 29.51
2026/09/08 21:02:40.274, GPU-ecc6a1f9-42fe-2932-7ea0-1dd285491b7b, 5, 0, 405, 47, 29.51
2026/09/08 21:02:40.479, GPU-ecc6a1f9-42fe-2932-7ea0-1dd285491b7b, 5, 0, 405, 47, 29.51
2026/09/08 21:02:40.683, GPU-ecc6a1f9-42fe-2932-7ea0-1dd285491b7b, 5, 0, 405, 47, 29.51
2026/09/08 21:02:40.886, GPU-ecc6a1f9-42fe-2932-7ea0-1dd285491b7b, 5, 0, 405, 47, 29.51
2026/09/08 21:02:41.090, GPU-ecc6a1f9-42fe-2932-7ea0-1dd285491b7b, 5, 0, 405, 47, 29.51
2026/09/08 21:02:41.293, GPU-ecc6a1f9-42fe-2932-7ea0-1dd285491b7b, 5, 0, 405, 47, 29.51
2026/09/08 21:02:41.499, GPU-ecc6a1f9-42fe-2932-7ea0-1dd285491b7b, 5, 0, 405, 47, 29.51
2026/09/08 21:02:41.702, GPU-ecc6a1f9-42fe-2932-7ea0-1dd285491b7b, 5, 0, 405, 46, 29.51
2026/09/08 21:02:41.906, GPU-ecc6a1f9-42fe-2932-7ea0-1dd285491b7b, 5, 0, 405, 47, 29.51
2026/09/08 21:02:42.109, GPU-ecc6a1f9-42fe-2932-7ea0-1dd285491b7b, 5, 0, 405, 46, 29.51
2026/09/08 21:02:42.313, GPU-ecc6a1f9-42fe-2932-7ea0-1dd285491b7b, 5, 0, 405, 46, 29.51
2026/09/08 21:02:42.518, GPU-ecc6a1f9-42fe-2932-7ea0-1dd285491b7b, 5, 0, 405, 46, 29.51
2026/09/08 21:02:42.722, GPU-ecc6a1f9-42fe-2932-7ea0-1dd285491b7b, 5, 0, 405, 46, 29.51
2026/09/08 21:02:42.925, GPU-ecc6a1f9-42fe-2932-7ea0-1dd285491b7b, 5, 0, 405, 46, 29.51
2026/09/08 21:02:43.129, GPU-ecc6a1f9-42fe-2932-7ea0-1dd285491b7b, 5, 0, 405, 46, 29.51
2026/09/08 21:02:43.332, GPU-ecc6a1f9-42fe-2932-7ea0-1dd285491b7b, 5, 0, 405, 46, 29.51
2026/09/08 21:02:43.538, GPU-ecc6a1f9-42fe-2932-7ea0-1dd285491b7b, 5, 0, 405, 46, 29.51
2026/09/08 21:02:43.741, GPU-ecc6a1f9-42fe-2932-7ea0-1dd285491b7b, 5, 0, 405, 46, 29.51
2026/09/08 21:02:43.945, GPU-ecc6a1f9-42fe-2932-7ea0-1dd285491b7b, 5, 0, 405, 46, 29.51
2026/09/08 21:02:44.148, GPU-ecc6a1f9-42fe-2932-7ea0-1dd285491b7b, 5, 0, 405, 46, 29.26
2026/09/08 21:02:44.352, GPU-ecc6a1f9-42fe-2932-7ea0-1dd285491b7b, 5, 0, 405, 46, 29.26
2026/09/08 21:02:44.557, GPU-ecc6a1f9-42fe-2932-7ea0-1dd285491b7b, 5, 0, 405, 46, 29.26
2026/09/08 21:02:44.761, GPU-ecc6a1f9-42fe-2932-7ea0-1dd285491b7b, 5, 0, 405, 46, 29.51
2026/09/08 21:02:44.964, GPU-ecc6a1f9-42fe-2932-7ea0-1dd285491b7b, 5, 0, 405, 46, 29.26
2026/09/08 21:02:45.168, GPU-ecc6a1f9-42fe-2932-7ea0-1dd285491b7b, 5, 0, 405, 46, 29.26
2026/09/08 21:02:45.372, GPU-ecc6a1f9-42fe-2932-7ea0-1dd285491b7b, 5, 0, 405, 46, 29.26
2026/09/08 21:02:45.577, GPU-ecc6a1f9-42fe-2932-7ea0-1dd285491b7b, 5, 0, 405, 46, 29.26
2026/09/08 21:02:45.780, GPU-ecc6a1f9-42fe-2932-7ea0-1dd285491b7b, 5, 0, 405, 46, 29.26
2026/09/08 21:02:45.984, GPU-ecc6a1f9-42fe-2932-7ea0-1dd285491b7b, 5, 0, 405, 46, 29.26
2026/09/08 21:02:46.187, GPU-ecc6a1f9-42fe-2932-7ea0-1dd285491b7b, 5, 0, 405, 45, 29.26
2026/09/08 21:02:46.391, GPU-ecc6a1f9-42fe-2932-7ea0-1dd285491b7b, 5, 0, 405, 46, 29.26
2026/09/08 21:02:46.594, GPU-ecc6a1f9-42fe-2932-7ea0-1dd285491b7b, 5, 0, 405, 45, 29.26
2026/09/08 21:02:46.800, GPU-ecc6a1f9-42fe-2932-7ea0-1dd285491b7b, 5, 0, 405, 45, 29.26
2026/09/08 21:02:47.004, GPU-ecc6a1f9-42fe-2932-7ea0-1dd285491b7b, 5, 0, 405, 45, 29.26
2026/09/08 21:02:47.207, GPU-ecc6a1f9-42fe-2932-7ea0-1dd285491b7b, 5, 0, 405, 45, 29.26
2026/09/08 21:02:47.411, GPU-ecc6a1f9-42fe-2932-7ea0-1dd285491b7b, 5, 0, 405, 45, 29.26
2026/09/08 21:02:47.614, GPU-ecc6a1f9-42fe-2932-7ea0-1dd285491b7b, 5, 0, 405, 45, 29.26
2026/09/08 21:02:47.818, GPU-ecc6a1f9-42fe-2932-7ea0-1dd285491b7b, 5, 0, 405, 45, 29.26
2026/09/08 21:02:48.024, GPU-ecc6a1f9-42fe-2932-7ea0-1dd285491b7b, 5, 0, 405, 45, 29.02
2026/09/08 21:02:48.228, GPU-ecc6a1f9-42fe-2932-7ea0-1dd285491b7b, 5, 0, 405, 45, 29.26
2026/09/08 21:02:48.431, GPU-ecc6a1f9-42fe-2932-7ea0-1dd285491b7b, 5, 0, 405, 45, 29.26
2026/09/08 21:02:48.634, GPU-ecc6a1f9-42fe-2932-7ea0-1dd285491b7b, 5, 0, 405, 45, 29.02
2026/09/08 21:02:48.838, GPU-ecc6a1f9-42fe-2932-7ea0-1dd285491b7b, 5, 0, 405, 45, 29.26
2026/09/08 21:02:49.041, GPU-ecc6a1f9-42fe-2932-7ea0-1dd285491b7b, 5, 0, 405, 45, 29.02
2026/09/08 21:02:49.246, GPU-ecc6a1f9-42fe-2932-7ea0-1dd285491b7b, 5, 0, 405, 45, 29.26
2026/09/08 21:02:49.449, GPU-ecc6a1f9-42fe-2932-7ea0-1dd285491b7b, 5, 0, 405, 45, 29.02
2026/09/08 21:02:49.653, GPU-ecc6a1f9-42fe-2932-7ea0-1dd285491b7b, 5, 0, 405, 45, 29.02
2026/09/08 21:02:49.856, GPU-ecc6a1f9-42fe-2932-7ea0-1dd285491b7b, 5, 0, 405, 45, 29.02
2026/09/08 21:02:50.060, GPU-ecc6a1f9-42fe-2932-7ea0-1dd285491b7b, 5, 0, 405, 45, 29.02
2026/09/08 21:02:50.266, GPU-ecc6a1f9-42fe-2932-7ea0-1dd285491b7b, 5, 0, 405, 45, 29.02
2026/09/08 21:02:50.469, GPU-ecc6a1f9-42fe-2932-7ea0-1dd285491b7b, 5, 0, 405, 45, 29.02
2026/09/08 21:02:50.673, GPU-ecc6a1f9-42fe-2932-7ea0-1dd285491b7b, 5, 0, 405, 45, 29.02
2026/09/08 21:02:50.876, GPU-ecc6a1f9-42fe-2932-7ea0-1dd285491b7b, 5, 0, 405, 44, 29.02
2026/09/08 21:02:51.080, GPU-ecc6a1f9-42fe-2932-7ea0-1dd285491b7b, 5, 0, 405, 44, 29.02
2026/09/08 21:02:51.285, GPU-ecc6a1f9-42fe-2932-7ea0-1dd285491b7b, 5, 0, 405, 44, 29.02
2026/09/08 21:02:51.489, GPU-ecc6a1f9-42fe-2932-7ea0-1dd285491b7b, 5, 0, 405, 44, 29.02
2026/09/08 21:02:51.692, GPU-ecc6a1f9-42fe-2932-7ea0-1dd285491b7b, 5, 0, 405, 44, 29.02
2026/09/08 21:02:51.896, GPU-ecc6a1f9-42fe-2932-7ea0-1dd285491b7b, 5, 0, 405, 44, 29.26
2026/09/08 21:02:52.099, GPU-ecc6a1f9-42fe-2932-7ea0-1dd285491b7b, 5, 0, 405, 44, 29.26
2026/09/08 21:02:52.303, GPU-ecc6a1f9-42fe-2932-7ea0-1dd285491b7b, 5, 0, 405, 44, 29.02
2026/09/08 21:02:52.506, GPU-ecc6a1f9-42fe-2932-7ea0-1dd285491b7b, 5, 0, 405, 44, 29.02
2026/09/08 21:02:52.710, GPU-ecc6a1f9-42fe-2932-7ea0-1dd285491b7b, 5, 0, 405, 44, 29.02
2026/09/08 21:02:52.914, GPU-ecc6a1f9-42fe-2932-7ea0-1dd285491b7b, 5, 0, 405, 44, 29.02
2026/09/08 21:02:53.117, GPU-ecc6a1f9-42fe-2932-7ea0-1dd285491b7b, 5, 0, 405, 44, 29.02
2026/09/08 21:02:53.321, GPU-ecc6a1f9-42fe-2932-7ea0-1dd285491b7b, 5, 0, 405, 44, 29.02
2026/09/08 21:02:53.524, GPU-ecc6a1f9-42fe-2932-7ea0-1dd285491b7b, 5, 0, 405, 44, 29.02
2026/09/08 21:02:53.729, GPU-ecc6a1f9-42fe-2932-7ea0-1dd285491b7b, 5, 0, 405, 44, 29.02
2026/09/08 21:02:53.933, GPU-ecc6a1f9-42fe-2932-7ea0-1dd285491b7b, 5, 0, 405, 44, 29.02
2026/09/08 21:02:54.136, GPU-ecc6a1f9-42fe-2932-7ea0-1dd285491b7b, 5, 0, 405, 44, 29.02
2026/09/08 21:02:54.340, GPU-ecc6a1f9-42fe-2932-7ea0-1dd285491b7b, 5, 0, 405, 44, 29.02
2026/09/08 21:02:54.543, GPU-ecc6a1f9-42fe-2932-7ea0-1dd285491b7b, 5, 0, 405, 44, 29.02
2026/09/08 21:02:54.749, GPU-ecc6a1f9-42fe-2932-7ea0-1dd285491b7b, 5, 0, 405, 44, 29.02
2026/09/08 21:02:54.952, GPU-ecc6a1f9-42fe-2932-7ea0-1dd285491b7b, 5, 0, 405, 44, 29.02
2026/09/08 21:02:55.156, GPU-ecc6a1f9-42fe-2932-7ea0-1dd285491b7b, 5, 0, 405, 44, 29.02
2026/09/08 21:02:55.359, GPU-ecc6a1f9-42fe-2932-7ea0-1dd285491b7b, 5, 0, 405, 44, 29.02
2026/09/08 21:02:55.563, GPU-ecc6a1f9-42fe-2932-7ea0-1dd285491b7b, 5, 0, 405, 44, 29.02
2026/09/08 21:02:55.768, GPU-ecc6a1f9-42fe-2932-7ea0-1dd285491b7b, 5, 0, 405, 44, 29.02
2026/09/08 21:02:55.972, GPU-ecc6a1f9-42fe-2932-7ea0-1dd285491b7b, 5, 0, 405, 44, 29.02
2026/09/08 21:02:56.176, GPU-ecc6a1f9-42fe-2932-7ea0-1dd285491b7b, 5, 0, 405, 44, 29.02
2026/09/08 21:02:56.379, GPU-ecc6a1f9-42fe-2932-7ea0-1dd285491b7b, 5, 0, 405, 44, 29.02
2026/09/08 21:02:56.583, GPU-ecc6a1f9-42fe-2932-7ea0-1dd285491b7b, 5, 0, 405, 44, 29.02
2026/09/08 21:02:56.788, GPU-ecc6a1f9-42fe-2932-7ea0-1dd285491b7b, 5, 0, 405, 44, 29.02
2026/09/08 21:02:56.991, GPU-ecc6a1f9-42fe-2932-7ea0-1dd285491b7b, 5, 0, 405, 44, 29.02
2026/09/08 21:02:57.194, GPU-ecc6a1f9-42fe-2932-7ea0-1dd285491b7b, 5, 0, 405, 43, 29.02
2026/09/08 21:02:57.398, GPU-ecc6a1f9-42fe-2932-7ea0-1dd285491b7b, 5, 0, 405, 43, 29.02
2026/09/08 21:02:57.601, GPU-ecc6a1f9-42fe-2932-7ea0-1dd285491b7b, 5, 0, 405, 43, 29.02
2026/09/08 21:02:57.807, GPU-ecc6a1f9-42fe-2932-7ea0-1dd285491b7b, 5, 0, 405, 43, 29.02
2026/09/08 21:02:58.010, GPU-ecc6a1f9-42fe-2932-7ea0-1dd285491b7b, 5, 0, 405, 43, 29.02
2026/09/08 21:02:58.214, GPU-ecc6a1f9-42fe-2932-7ea0-1dd285491b7b, 5, 0, 405, 43, 28.77
2026/09/08 21:02:58.417, GPU-ecc6a1f9-42fe-2932-7ea0-1dd285491b7b, 5, 0, 405, 43, 29.02
2026/09/08 21:02:58.621, GPU-ecc6a1f9-42fe-2932-7ea0-1dd285491b7b, 5, 0, 405, 43, 28.77
2026/09/08 21:02:58.826, GPU-ecc6a1f9-42fe-2932-7ea0-1dd285491b7b, 5, 0, 405, 43, 29.02
2026/09/08 21:02:59.030, GPU-ecc6a1f9-42fe-2932-7ea0-1dd285491b7b, 5, 0, 405, 43, 28.77
2026/09/08 21:02:59.233, GPU-ecc6a1f9-42fe-2932-7ea0-1dd285491b7b, 5, 0, 405, 43, 28.77
2026/09/08 21:02:59.437, GPU-ecc6a1f9-42fe-2932-7ea0-1dd285491b7b, 5, 0, 405, 43, 28.77
2026/09/08 21:02:59.640, GPU-ecc6a1f9-42fe-2932-7ea0-1dd285491b7b, 5, 0, 405, 43, 28.77
2026/09/08 21:02:59.845, GPU-ecc6a1f9-42fe-2932-7ea0-1dd285491b7b, 5, 0, 405, 43, 28.77
2026/09/08 21:03:00.049, GPU-ecc6a1f9-42fe-2932-7ea0-1dd285491b7b, 5, 0, 405, 43, 28.77
2026/09/08 21:03:00.252, GPU-ecc6a1f9-42fe-2932-7ea0-1dd285491b7b, 5, 0, 405, 43, 28.77
2026/09/08 21:03:00.456, GPU-ecc6a1f9-42fe-2932-7ea0-1dd285491b7b, 5, 0, 405, 43, 28.77
2026/09/08 21:03:00.660, GPU-ecc6a1f9-42fe-2932-7ea0-1dd285491b7b, 5, 0, 405, 43, 28.77
2026/09/08 21:03:00.865, GPU-ecc6a1f9-42fe-2932-7ea0-1dd285491b7b, 5, 0, 405, 43, 28.77
2026/09/08 21:03:01.069, GPU-ecc6a1f9-42fe-2932-7ea0-1dd285491b7b, 5, 0, 405, 43, 28.77
2026/09/08 21:03:01.272, GPU-ecc6a1f9-42fe-2932-7ea0-1dd285491b7b, 5, 0, 405, 43, 28.77
2026/09/08 21:03:01.475, GPU-ecc6a1f9-42fe-2932-7ea0-1dd285491b7b, 5, 0, 405, 43, 28.77
2026/09/08 21:03:01.679, GPU-ecc6a1f9-42fe-2932-7ea0-1dd285491b7b, 5, 0, 405, 43, 28.77
2026/09/08 21:03:01.884, GPU-ecc6a1f9-42fe-2932-7ea0-1dd285491b7b, 5, 0, 405, 43, 28.77
2026/09/08 21:03:02.088, GPU-ecc6a1f9-42fe-2932-7ea0-1dd285491b7b, 5, 0, 405, 43, 28.77
2026/09/08 21:03:02.291, GPU-ecc6a1f9-42fe-2932-7ea0-1dd285491b7b, 5, 0, 405, 43, 28.77
2026/09/08 21:03:02.495, GPU-ecc6a1f9-42fe-2932-7ea0-1dd285491b7b, 5, 0, 405, 42, 28.77
2026/09/08 21:03:02.698, GPU-ecc6a1f9-42fe-2932-7ea0-1dd285491b7b, 5, 0, 405, 42, 28.77
2026/09/08 21:03:02.904, GPU-ecc6a1f9-42fe-2932-7ea0-1dd285491b7b, 5, 0, 405, 42, 28.77
2026/09/08 21:03:03.107, GPU-ecc6a1f9-42fe-2932-7ea0-1dd285491b7b, 5, 0, 405, 42, 28.77
2026/09/08 21:03:03.311, GPU-ecc6a1f9-42fe-2932-7ea0-1dd285491b7b, 5, 0, 405, 42, 28.77
2026/09/08 21:03:03.514, GPU-ecc6a1f9-42fe-2932-7ea0-1dd285491b7b, 5, 0, 405, 42, 28.77
2026/09/08 21:03:03.718, GPU-ecc6a1f9-42fe-2932-7ea0-1dd285491b7b, 5, 0, 405, 42, 28.77
2026/09/08 21:03:03.923, GPU-ecc6a1f9-42fe-2932-7ea0-1dd285491b7b, 5, 0, 405, 42, 28.77
2026/09/08 21:03:04.127, GPU-ecc6a1f9-42fe-2932-7ea0-1dd285491b7b, 5, 0, 405, 42, 28.77
2026/09/08 21:03:04.330, GPU-ecc6a1f9-42fe-2932-7ea0-1dd285491b7b, 5, 0, 405, 42, 28.77
2026/09/08 21:03:04.534, GPU-ecc6a1f9-42fe-2932-7ea0-1dd285491b7b, 5, 0, 405, 42, 28.77
2026/09/08 21:03:04.737, GPU-ecc6a1f9-42fe-2932-7ea0-1dd285491b7b, 5, 0, 405, 42, 28.77
2026/09/08 21:03:04.943, GPU-ecc6a1f9-42fe-2932-7ea0-1dd285491b7b, 5, 0, 405, 42, 28.77
2026/09/08 21:03:05.146, GPU-ecc6a1f9-42fe-2932-7ea0-1dd285491b7b, 5, 0, 405, 42, 28.77
2026/09/08 21:03:05.350, GPU-ecc6a1f9-42fe-2932-7ea0-1dd285491b7b, 5, 0, 405, 42, 28.77
2026/09/08 21:03:05.553, GPU-ecc6a1f9-42fe-2932-7ea0-1dd285491b7b, 5, 0, 405, 42, 28.77
2026/09/08 21:03:05.757, GPU-ecc6a1f9-42fe-2932-7ea0-1dd285491b7b, 5, 0, 405, 42, 28.77
2026/09/08 21:03:05.962, GPU-ecc6a1f9-42fe-2932-7ea0-1dd285491b7b, 5, 0, 405, 42, 28.53
2026/09/08 21:03:06.166, GPU-ecc6a1f9-42fe-2932-7ea0-1dd285491b7b, 5, 0, 405, 42, 28.53
2026/09/08 21:03:06.369, GPU-ecc6a1f9-42fe-2932-7ea0-1dd285491b7b, 5, 0, 405, 42, 28.53
2026/09/08 21:03:06.573, GPU-ecc6a1f9-42fe-2932-7ea0-1dd285491b7b, 5, 0, 405, 42, 28.53
2026/09/08 21:03:06.776, GPU-ecc6a1f9-42fe-2932-7ea0-1dd285491b7b, 5, 0, 405, 42, 28.53
2026/09/08 21:03:06.982, GPU-ecc6a1f9-42fe-2932-7ea0-1dd285491b7b, 5, 0, 405, 42, 28.53
2026/09/08 21:03:07.186, GPU-ecc6a1f9-42fe-2932-7ea0-1dd285491b7b, 5, 0, 405, 42, 28.53
2026/09/08 21:03:07.389, GPU-ecc6a1f9-42fe-2932-7ea0-1dd285491b7b, 5, 0, 405, 42, 28.53
2026/09/08 21:03:07.593, GPU-ecc6a1f9-42fe-2932-7ea0-1dd285491b7b, 5, 0, 405, 42, 28.53
2026/09/08 21:03:07.796, GPU-ecc6a1f9-42fe-2932-7ea0-1dd285491b7b, 5, 0, 405, 42, 28.53
2026/09/08 21:03:08.001, GPU-ecc6a1f9-42fe-2932-7ea0-1dd285491b7b, 5, 0, 405, 42, 28.53
2026/09/08 21:03:08.205, GPU-ecc6a1f9-42fe-2932-7ea0-1dd285491b7b, 5, 0, 405, 42, 28.53
2026/09/08 21:03:08.408, GPU-ecc6a1f9-42fe-2932-7ea0-1dd285491b7b, 5, 0, 405, 42, 28.53
2026/09/08 21:03:08.612, GPU-ecc6a1f9-42fe-2932-7ea0-1dd285491b7b, 5, 0, 405, 42, 28.53
2026/09/08 21:03:08.815, GPU-ecc6a1f9-42fe-2932-7ea0-1dd285491b7b, 5, 0, 405, 42, 28.53
2026/09/08 21:03:09.019, GPU-ecc6a1f9-42fe-2932-7ea0-1dd285491b7b, 5, 0, 405, 42, 28.53
2026/09/08 21:03:09.224, GPU-ecc6a1f9-42fe-2932-7ea0-1dd285491b7b, 5, 0, 405, 41, 28.53
2026/09/08 21:03:09.428, GPU-ecc6a1f9-42fe-2932-7ea0-1dd285491b7b, 5, 0, 405, 41, 28.53
2026/09/08 21:03:09.631, GPU-ecc6a1f9-42fe-2932-7ea0-1dd285491b7b, 5, 0, 405, 41, 28.53
2026/09/08 21:03:09.835, GPU-ecc6a1f9-42fe-2932-7ea0-1dd285491b7b, 5, 0, 405, 41, 28.53
2026/09/08 21:03:10.038, GPU-ecc6a1f9-42fe-2932-7ea0-1dd285491b7b, 5, 0, 405, 41, 28.53
2026/09/08 21:03:10.242, GPU-ecc6a1f9-42fe-2932-7ea0-1dd285491b7b, 5, 0, 405, 41, 28.53
2026/09/08 21:03:10.448, GPU-ecc6a1f9-42fe-2932-7ea0-1dd285491b7b, 5, 0, 405, 41, 28.53
2026/09/08 21:03:10.652, GPU-ecc6a1f9-42fe-2932-7ea0-1dd285491b7b, 5, 0, 405, 41, 28.53
2026/09/08 21:03:10.855, GPU-ecc6a1f9-42fe-2932-7ea0-1dd285491b7b, 5, 0, 405, 41, 28.53
2026/09/08 21:03:11.059, GPU-ecc6a1f9-42fe-2932-7ea0-1dd285491b7b, 5, 0, 405, 41, 28.53
2026/09/08 21:03:11.262, GPU-ecc6a1f9-42fe-2932-7ea0-1dd285491b7b, 5, 0, 405, 41, 28.53
2026/09/08 21:03:11.466, GPU-ecc6a1f9-42fe-2932-7ea0-1dd285491b7b, 5, 0, 405, 41, 28.53
2026/09/08 21:03:11.670, GPU-ecc6a1f9-42fe-2932-7ea0-1dd285491b7b, 5, 0, 405, 41, 28.53
2026/09/08 21:03:11.873, GPU-ecc6a1f9-42fe-2932-7ea0-1dd285491b7b, 5, 0, 405, 41, 28.53
2026/09/08 21:03:12.077, GPU-ecc6a1f9-42fe-2932-7ea0-1dd285491b7b, 5, 0, 405, 41, 28.29
2026/09/08 21:03:12.280, GPU-ecc6a1f9-42fe-2932-7ea0-1dd285491b7b, 5, 0, 405, 41, 28.29
2026/09/08 21:03:12.484, GPU-ecc6a1f9-42fe-2932-7ea0-1dd285491b7b, 5, 0, 405, 41, 28.53
2026/09/08 21:03:12.690, GPU-ecc6a1f9-42fe-2932-7ea0-1dd285491b7b, 5, 0, 405, 41, 28.53
2026/09/08 21:03:12.893, GPU-ecc6a1f9-42fe-2932-7ea0-1dd285491b7b, 5, 0, 405, 41, 28.29
2026/09/08 21:03:13.097, GPU-ecc6a1f9-42fe-2932-7ea0-1dd285491b7b, 5, 0, 405, 41, 28.29
2026/09/08 21:03:13.300, GPU-ecc6a1f9-42fe-2932-7ea0-1dd285491b7b, 5, 0, 405, 41, 28.53
2026/09/08 21:03:13.504, GPU-ecc6a1f9-42fe-2932-7ea0-1dd285491b7b, 5, 0, 405, 41, 28.29
2026/09/08 21:03:13.709, GPU-ecc6a1f9-42fe-2932-7ea0-1dd285491b7b, 5, 0, 405, 41, 28.29
2026/09/08 21:03:13.913, GPU-ecc6a1f9-42fe-2932-7ea0-1dd285491b7b, 5, 0, 405, 41, 28.29
2026/09/08 21:03:14.116, GPU-ecc6a1f9-42fe-2932-7ea0-1dd285491b7b, 5, 0, 405, 41, 28.29
2026/09/08 21:03:14.320, GPU-ecc6a1f9-42fe-2932-7ea0-1dd285491b7b, 5, 0, 405, 41, 28.29
2026/09/08 21:03:14.523, GPU-ecc6a1f9-42fe-2932-7ea0-1dd285491b7b, 5, 0, 405, 41, 28.29
2026/09/08 21:03:14.729, GPU-ecc6a1f9-42fe-2932-7ea0-1dd285491b7b, 5, 0, 405, 41, 28.29
2026/09/08 21:03:14.932, GPU-ecc6a1f9-42fe-2932-7ea0-1dd285491b7b, 5, 0, 405, 41, 28.29
2026/09/08 21:03:15.136, GPU-ecc6a1f9-42fe-2932-7ea0-1dd285491b7b, 5, 0, 405, 41, 28.29
2026/09/08 21:03:15.339, GPU-ecc6a1f9-42fe-2932-7ea0-1dd285491b7b, 5, 0, 405, 41, 28.29
2026/09/08 21:03:15.543, GPU-ecc6a1f9-42fe-2932-7ea0-1dd285491b7b, 5, 0, 405, 40, 28.29
2026/09/08 21:03:15.748, GPU-ecc6a1f9-42fe-2932-7ea0-1dd285491b7b, 5, 0, 405, 40, 28.04
2026/09/08 21:03:15.951, GPU-ecc6a1f9-42fe-2932-7ea0-1dd285491b7b, 5, 0, 405, 40, 28.29
2026/09/08 21:03:16.155, GPU-ecc6a1f9-42fe-2932-7ea0-1dd285491b7b, 5, 0, 405, 40, 28.29
2026/09/08 21:03:16.358, GPU-ecc6a1f9-42fe-2932-7ea0-1dd285491b7b, 5, 0, 405, 40, 28.29
2026/09/08 21:03:16.562, GPU-ecc6a1f9-42fe-2932-7ea0-1dd285491b7b, 5, 0, 405, 40, 28.29
2026/09/08 21:03:16.767, GPU-ecc6a1f9-42fe-2932-7ea0-1dd285491b7b, 5, 0, 405, 40, 28.29
2026/09/08 21:03:16.971, GPU-ecc6a1f9-42fe-2932-7ea0-1dd285491b7b, 5, 0, 405, 40, 28.29
2026/09/08 21:03:17.174, GPU-ecc6a1f9-42fe-2932-7ea0-1dd285491b7b, 5, 0, 405, 40, 28.29
2026/09/08 21:03:17.378, GPU-ecc6a1f9-42fe-2932-7ea0-1dd285491b7b, 5, 0, 405, 40, 28.29
2026/09/08 21:03:17.581, GPU-ecc6a1f9-42fe-2932-7ea0-1dd285491b7b, 5, 0, 405, 40, 28.29
2026/09/08 21:03:17.786, GPU-ecc6a1f9-42fe-2932-7ea0-1dd285491b7b, 5, 0, 405, 40, 28.29
2026/09/08 21:03:17.990, GPU-ecc6a1f9-42fe-2932-7ea0-1dd285491b7b, 5, 0, 405, 40, 28.29
2026/09/08 21:03:18.194, GPU-ecc6a1f9-42fe-2932-7ea0-1dd285491b7b, 5, 0, 405, 40, 28.29
2026/09/08 21:03:18.397, GPU-ecc6a1f9-42fe-2932-7ea0-1dd285491b7b, 5, 0, 405, 40, 28.29
2026/09/08 21:03:18.601, GPU-ecc6a1f9-42fe-2932-7ea0-1dd285491b7b, 5, 0, 405, 40, 28.29
2026/09/08 21:03:18.806, GPU-ecc6a1f9-42fe-2932-7ea0-1dd285491b7b, 5, 0, 405, 40, 28.29
2026/09/08 21:03:19.010, GPU-ecc6a1f9-42fe-2932-7ea0-1dd285491b7b, 5, 0, 405, 40, 28.29
2026/09/08 21:03:19.213, GPU-ecc6a1f9-42fe-2932-7ea0-1dd285491b7b, 5, 0, 405, 40, 28.29
2026/09/08 21:03:19.417, GPU-ecc6a1f9-42fe-2932-7ea0-1dd285491b7b, 5, 0, 405, 40, 28.29
2026/09/08 21:03:19.620, GPU-ecc6a1f9-42fe-2932-7ea0-1dd285491b7b, 5, 0, 405, 40, 28.29
2026/09/08 21:03:19.825, GPU-ecc6a1f9-42fe-2932-7ea0-1dd285491b7b, 5, 0, 405, 40, 28.29
2026/09/08 21:03:20.029, GPU-ecc6a1f9-42fe-2932-7ea0-1dd285491b7b, 5, 0, 405, 40, 28.30
2026/09/08 21:03:20.232, GPU-ecc6a1f9-42fe-2932-7ea0-1dd285491b7b, 5, 0, 405, 40, 28.29
2026/09/08 21:03:20.436, GPU-ecc6a1f9-42fe-2932-7ea0-1dd285491b7b, 5, 0, 405, 40, 28.06
2026/09/08 21:03:20.639, GPU-ecc6a1f9-42fe-2932-7ea0-1dd285491b7b, 5, 0, 405, 40, 28.06
2026/09/08 21:03:20.845, GPU-ecc6a1f9-42fe-2932-7ea0-1dd285491b7b, 5, 0, 405, 40, 28.04
2026/09/08 21:03:21.048, GPU-ecc6a1f9-42fe-2932-7ea0-1dd285491b7b, 5, 0, 405, 40, 28.04
2026/09/08 21:03:21.252, GPU-ecc6a1f9-42fe-2932-7ea0-1dd285491b7b, 5, 0, 405, 40, 28.04
2026/09/08 21:03:21.455, GPU-ecc6a1f9-42fe-2932-7ea0-1dd285491b7b, 5, 0, 405, 40, 27.80
2026/09/08 21:03:21.659, GPU-ecc6a1f9-42fe-2932-7ea0-1dd285491b7b, 5, 0, 405, 40, 28.29
2026/09/08 21:03:21.864, GPU-ecc6a1f9-42fe-2932-7ea0-1dd285491b7b, 5, 0, 405, 40, 28.06
2026/09/08 21:03:22.067, GPU-ecc6a1f9-42fe-2932-7ea0-1dd285491b7b, 5, 0, 405, 40, 28.04
2026/09/08 21:03:22.271, GPU-ecc6a1f9-42fe-2932-7ea0-1dd285491b7b, 5, 0, 405, 40, 28.29
2026/09/08 21:03:22.474, GPU-ecc6a1f9-42fe-2932-7ea0-1dd285491b7b, 5, 0, 405, 40, 28.06
2026/09/08 21:03:22.678, GPU-ecc6a1f9-42fe-2932-7ea0-1dd285491b7b, 5, 0, 405, 40, 27.80
2026/09/08 21:03:22.884, GPU-ecc6a1f9-42fe-2932-7ea0-1dd285491b7b, 5, 0, 405, 39, 28.04
2026/09/08 21:03:23.087, GPU-ecc6a1f9-42fe-2932-7ea0-1dd285491b7b, 5, 0, 405, 40, 28.04
2026/09/08 21:03:23.291, GPU-ecc6a1f9-42fe-2932-7ea0-1dd285491b7b, 5, 0, 405, 40, 27.80
2026/09/08 21:03:23.494, GPU-ecc6a1f9-42fe-2932-7ea0-1dd285491b7b, 5, 0, 405, 40, 27.80
2026/09/08 21:03:23.698, GPU-ecc6a1f9-42fe-2932-7ea0-1dd285491b7b, 5, 0, 405, 39, 27.80
2026/09/08 21:03:23.903, GPU-ecc6a1f9-42fe-2932-7ea0-1dd285491b7b, 5, 0, 405, 39, 27.80
2026/09/08 21:03:24.106, GPU-ecc6a1f9-42fe-2932-7ea0-1dd285491b7b, 5, 0, 405, 39, 27.80
2026/09/08 21:03:24.310, GPU-ecc6a1f9-42fe-2932-7ea0-1dd285491b7b, 5, 0, 405, 39, 27.80
2026/09/08 21:03:24.514, GPU-ecc6a1f9-42fe-2932-7ea0-1dd285491b7b, 5, 0, 405, 39, 27.80
2026/09/08 21:03:24.717, GPU-ecc6a1f9-42fe-2932-7ea0-1dd285491b7b, 5, 0, 405, 39, 27.80
2026/09/08 21:03:24.922, GPU-ecc6a1f9-42fe-2932-7ea0-1dd285491b7b, 5, 0, 405, 39, 27.80
2026/09/08 21:03:25.193, GPU-ecc6a1f9-42fe-2932-7ea0-1dd285491b7b, 5, 0, 405, 39, 27.80
2026/09/08 21:03:25.397, GPU-ecc6a1f9-42fe-2932-7ea0-1dd285491b7b, 5, 0, 405, 39, 28.04
2026/09/08 21:03:25.600, GPU-ecc6a1f9-42fe-2932-7ea0-1dd285491b7b, 5, 0, 405, 39, 27.80
2026/09/08 21:03:25.807, GPU-ecc6a1f9-42fe-2932-7ea0-1dd285491b7b, 5, 0, 405, 39, 28.04
2026/09/08 21:03:26.010, GPU-ecc6a1f9-42fe-2932-7ea0-1dd285491b7b, 5, 0, 405, 39, 27.80
2026/09/08 21:03:26.214, GPU-ecc6a1f9-42fe-2932-7ea0-1dd285491b7b, 5, 0, 405, 39, 27.82
2026/09/08 21:03:26.417, GPU-ecc6a1f9-42fe-2932-7ea0-1dd285491b7b, 5, 0, 405, 39, 27.80
2026/09/08 21:03:26.621, GPU-ecc6a1f9-42fe-2932-7ea0-1dd285491b7b, 5, 0, 405, 39, 28.04
2026/09/08 21:03:26.826, GPU-ecc6a1f9-42fe-2932-7ea0-1dd285491b7b, 5, 0, 405, 39, 27.80
2026/09/08 21:03:27.029, GPU-ecc6a1f9-42fe-2932-7ea0-1dd285491b7b, 5, 0, 405, 39, 27.80
2026/09/08 21:03:27.233, GPU-ecc6a1f9-42fe-2932-7ea0-1dd285491b7b, 5, 0, 405, 39, 27.80
2026/09/08 21:03:27.436, GPU-ecc6a1f9-42fe-2932-7ea0-1dd285491b7b, 5, 0, 405, 39, 27.80
2026/09/08 21:03:27.640, GPU-ecc6a1f9-42fe-2932-7ea0-1dd285491b7b, 5, 0, 405, 39, 27.80
2026/09/08 21:03:27.845, GPU-ecc6a1f9-42fe-2932-7ea0-1dd285491b7b, 5, 0, 405, 39, 27.80
2026/09/08 21:03:28.049, GPU-ecc6a1f9-42fe-2932-7ea0-1dd285491b7b, 5, 0, 405, 39, 27.80
2026/09/08 21:03:28.252, GPU-ecc6a1f9-42fe-2932-7ea0-1dd285491b7b, 5, 0, 405, 39, 27.80
2026/09/08 21:03:28.456, GPU-ecc6a1f9-42fe-2932-7ea0-1dd285491b7b, 5, 0, 405, 39, 27.80
2026/09/08 21:03:28.660, GPU-ecc6a1f9-42fe-2932-7ea0-1dd285491b7b, 5, 0, 405, 39, 27.80
2026/09/08 21:03:28.865, GPU-ecc6a1f9-42fe-2932-7ea0-1dd285491b7b, 5, 0, 405, 39, 27.80
2026/09/08 21:03:29.069, GPU-ecc6a1f9-42fe-2932-7ea0-1dd285491b7b, 5, 0, 405, 39, 27.80
2026/09/08 21:03:29.272, GPU-ecc6a1f9-42fe-2932-7ea0-1dd285491b7b, 5, 0, 405, 39, 27.80
2026/09/08 21:03:29.476, GPU-ecc6a1f9-42fe-2932-7ea0-1dd285491b7b, 5, 0, 405, 39, 27.80
2026/09/08 21:03:29.679, GPU-ecc6a1f9-42fe-2932-7ea0-1dd285491b7b, 5, 0, 405, 39, 27.80
2026/09/08 21:03:29.884, GPU-ecc6a1f9-42fe-2932-7ea0-1dd285491b7b, 5, 0, 405, 39, 28.04
2026/09/08 21:03:30.088, GPU-ecc6a1f9-42fe-2932-7ea0-1dd285491b7b, 5, 0, 405, 39, 27.80
2026/09/08 21:03:30.292, GPU-ecc6a1f9-42fe-2932-7ea0-1dd285491b7b, 5, 0, 405, 39, 27.80
2026/09/08 21:03:30.496, GPU-ecc6a1f9-42fe-2932-7ea0-1dd285491b7b, 5, 0, 405, 39, 27.80
2026/09/08 21:03:30.699, GPU-ecc6a1f9-42fe-2932-7ea0-1dd285491b7b, 5, 0, 405, 39, 27.80
2026/09/08 21:03:30.904, GPU-ecc6a1f9-42fe-2932-7ea0-1dd285491b7b, 5, 0, 405, 39, 27.80
2026/09/08 21:03:31.108, GPU-ecc6a1f9-42fe-2932-7ea0-1dd285491b7b, 5, 0, 405, 39, 27.80
2026/09/08 21:03:31.311, GPU-ecc6a1f9-42fe-2932-7ea0-1dd285491b7b, 5, 0, 405, 39, 27.80
2026/09/08 21:03:31.515, GPU-ecc6a1f9-42fe-2932-7ea0-1dd285491b7b, 5, 0, 405, 39, 27.80
2026/09/08 21:03:31.719, GPU-ecc6a1f9-42fe-2932-7ea0-1dd285491b7b, 5, 0, 405, 38, 27.80
2026/09/08 21:03:31.925, GPU-ecc6a1f9-42fe-2932-7ea0-1dd285491b7b, 5, 0, 405, 38, 27.80
2026/09/08 21:03:32.128, GPU-ecc6a1f9-42fe-2932-7ea0-1dd285491b7b, 5, 0, 405, 38, 27.80
2026/09/08 21:03:32.332, GPU-ecc6a1f9-42fe-2932-7ea0-1dd285491b7b, 5, 0, 405, 38, 27.80
2026/09/08 21:03:32.535, GPU-ecc6a1f9-42fe-2932-7ea0-1dd285491b7b, 5, 0, 405, 38, 27.80
2026/09/08 21:03:32.739, GPU-ecc6a1f9-42fe-2932-7ea0-1dd285491b7b, 5, 0, 405, 38, 27.80
2026/09/08 21:03:32.945, GPU-ecc6a1f9-42fe-2932-7ea0-1dd285491b7b, 5, 0, 405, 38, 27.80
2026/09/08 21:03:33.148, GPU-ecc6a1f9-42fe-2932-7ea0-1dd285491b7b, 5, 0, 405, 38, 27.80
2026/09/08 21:03:33.352, GPU-ecc6a1f9-42fe-2932-7ea0-1dd285491b7b, 5, 0, 405, 38, 27.80
2026/09/08 21:03:33.631, GPU-ecc6a1f9-42fe-2932-7ea0-1dd285491b7b, 5, 0, 405, 38, 27.80
2026/09/08 21:03:33.834, GPU-ecc6a1f9-42fe-2932-7ea0-1dd285491b7b, 5, 0, 405, 38, 27.80
2026/09/08 21:03:34.038, GPU-ecc6a1f9-42fe-2932-7ea0-1dd285491b7b, 5, 0, 405, 38, 27.80
2026/09/08 21:03:34.244, GPU-ecc6a1f9-42fe-2932-7ea0-1dd285491b7b, 5, 0, 405, 38, 27.80
2026/09/08 21:03:34.448, GPU-ecc6a1f9-42fe-2932-7ea0-1dd285491b7b, 5, 0, 405, 38, 27.80
2026/09/08 21:03:34.651, GPU-ecc6a1f9-42fe-2932-7ea0-1dd285491b7b, 5, 0, 405, 38, 27.80
2026/09/08 21:03:34.855, GPU-ecc6a1f9-42fe-2932-7ea0-1dd285491b7b, 5, 0, 405, 38, 27.56
2026/09/08 21:03:35.059, GPU-ecc6a1f9-42fe-2932-7ea0-1dd285491b7b, 5, 0, 405, 38, 27.80
2026/09/08 21:03:35.264, GPU-ecc6a1f9-42fe-2932-7ea0-1dd285491b7b, 5, 0, 405, 38, 27.56
2026/09/08 21:03:35.467, GPU-ecc6a1f9-42fe-2932-7ea0-1dd285491b7b, 5, 0, 405, 38, 27.56
2026/09/08 21:03:35.671, GPU-ecc6a1f9-42fe-2932-7ea0-1dd285491b7b, 5, 0, 405, 38, 27.56
2026/09/08 21:03:35.874, GPU-ecc6a1f9-42fe-2932-7ea0-1dd285491b7b, 5, 0, 405, 38, 27.56
2026/09/08 21:03:36.078, GPU-ecc6a1f9-42fe-2932-7ea0-1dd285491b7b, 5, 0, 405, 38, 27.56
2026/09/08 21:03:36.283, GPU-ecc6a1f9-42fe-2932-7ea0-1dd285491b7b, 5, 0, 405, 38, 27.56
2026/09/08 21:03:36.487, GPU-ecc6a1f9-42fe-2932-7ea0-1dd285491b7b, 5, 0, 405, 38, 27.56
2026/09/08 21:03:36.691, GPU-ecc6a1f9-42fe-2932-7ea0-1dd285491b7b, 5, 0, 405, 38, 27.56
2026/09/08 21:03:36.894, GPU-ecc6a1f9-42fe-2932-7ea0-1dd285491b7b, 5, 0, 405, 38, 27.56
2026/09/08 21:03:37.098, GPU-ecc6a1f9-42fe-2932-7ea0-1dd285491b7b, 5, 0, 405, 38, 27.56
2026/09/08 21:03:37.302, GPU-ecc6a1f9-42fe-2932-7ea0-1dd285491b7b, 5, 0, 405, 38, 27.56
2026/09/08 21:03:37.506, GPU-ecc6a1f9-42fe-2932-7ea0-1dd285491b7b, 5, 0, 405, 38, 27.56
2026/09/08 21:03:37.710, GPU-ecc6a1f9-42fe-2932-7ea0-1dd285491b7b, 5, 0, 405, 38, 27.56
2026/09/08 21:03:37.913, GPU-ecc6a1f9-42fe-2932-7ea0-1dd285491b7b, 5, 0, 405, 38, 27.56
2026/09/08 21:03:38.117, GPU-ecc6a1f9-42fe-2932-7ea0-1dd285491b7b, 5, 0, 405, 38, 27.56
2026/09/08 21:03:38.320, GPU-ecc6a1f9-42fe-2932-7ea0-1dd285491b7b, 5, 0, 405, 38, 27.56
2026/09/08 21:03:38.524, GPU-ecc6a1f9-42fe-2932-7ea0-1dd285491b7b, 5, 0, 405, 38, 27.56
2026/09/08 21:03:38.729, GPU-ecc6a1f9-42fe-2932-7ea0-1dd285491b7b, 5, 0, 405, 38, 27.56
2026/09/08 21:03:38.933, GPU-ecc6a1f9-42fe-2932-7ea0-1dd285491b7b, 5, 0, 405, 37, 27.56
2026/09/08 21:03:39.136, GPU-ecc6a1f9-42fe-2932-7ea0-1dd285491b7b, 5, 0, 405, 38, 27.56
2026/09/08 21:03:39.340, GPU-ecc6a1f9-42fe-2932-7ea0-1dd285491b7b, 5, 0, 405, 38, 27.56
2026/09/08 21:03:39.543, GPU-ecc6a1f9-42fe-2932-7ea0-1dd285491b7b, 5, 0, 405, 38, 27.56
2026/09/08 21:03:39.750, GPU-ecc6a1f9-42fe-2932-7ea0-1dd285491b7b, 5, 0, 405, 38, 27.56
2026/09/08 21:03:39.953, GPU-ecc6a1f9-42fe-2932-7ea0-1dd285491b7b, 5, 0, 405, 38, 27.56
2026/09/08 21:03:40.157, GPU-ecc6a1f9-42fe-2932-7ea0-1dd285491b7b, 5, 0, 405, 37, 27.56
2026/09/08 21:03:40.360, GPU-ecc6a1f9-42fe-2932-7ea0-1dd285491b7b, 5, 0, 405, 38, 27.56
2026/09/08 21:03:40.564, GPU-ecc6a1f9-42fe-2932-7ea0-1dd285491b7b, 5, 0, 405, 37, 27.56
2026/09/08 21:03:40.770, GPU-ecc6a1f9-42fe-2932-7ea0-1dd285491b7b, 5, 0, 405, 37, 27.56
2026/09/08 21:03:40.974, GPU-ecc6a1f9-42fe-2932-7ea0-1dd285491b7b, 5, 0, 405, 37, 27.56
2026/09/08 21:03:41.177, GPU-ecc6a1f9-42fe-2932-7ea0-1dd285491b7b, 5, 0, 405, 37, 27.56
2026/09/08 21:03:41.381, GPU-ecc6a1f9-42fe-2932-7ea0-1dd285491b7b, 5, 0, 405, 38, 27.56
2026/09/08 21:03:41.585, GPU-ecc6a1f9-42fe-2932-7ea0-1dd285491b7b, 5, 0, 405, 38, 27.57
2026/09/08 21:03:41.790, GPU-ecc6a1f9-42fe-2932-7ea0-1dd285491b7b, 5, 0, 405, 38, 27.56
2026/09/08 21:03:41.993, GPU-ecc6a1f9-42fe-2932-7ea0-1dd285491b7b, 5, 0, 405, 37, 27.56
2026/09/08 21:03:42.197, GPU-ecc6a1f9-42fe-2932-7ea0-1dd285491b7b, 5, 0, 405, 37, 27.56
2026/09/08 21:03:42.400, GPU-ecc6a1f9-42fe-2932-7ea0-1dd285491b7b, 5, 0, 405, 37, 27.56
2026/09/08 21:03:42.604, GPU-ecc6a1f9-42fe-2932-7ea0-1dd285491b7b, 5, 0, 405, 37, 27.57
2026/09/08 21:03:42.809, GPU-ecc6a1f9-42fe-2932-7ea0-1dd285491b7b, 5, 0, 405, 37, 27.56
2026/09/08 21:03:43.013, GPU-ecc6a1f9-42fe-2932-7ea0-1dd285491b7b, 5, 0, 405, 37, 27.56
2026/09/08 21:03:43.217, GPU-ecc6a1f9-42fe-2932-7ea0-1dd285491b7b, 5, 0, 405, 37, 27.56
2026/09/08 21:03:43.420, GPU-ecc6a1f9-42fe-2932-7ea0-1dd285491b7b, 5, 0, 405, 37, 27.56
2026/09/08 21:03:43.624, GPU-ecc6a1f9-42fe-2932-7ea0-1dd285491b7b, 5, 0, 405, 37, 27.56
2026/09/08 21:03:43.829, GPU-ecc6a1f9-42fe-2932-7ea0-1dd285491b7b, 5, 0, 405, 37, 27.56
2026/09/08 21:03:44.032, GPU-ecc6a1f9-42fe-2932-7ea0-1dd285491b7b, 5, 0, 405, 37, 27.56
2026/09/08 21:03:44.236, GPU-ecc6a1f9-42fe-2932-7ea0-1dd285491b7b, 5, 0, 405, 37, 27.56
2026/09/08 21:03:44.439, GPU-ecc6a1f9-42fe-2932-7ea0-1dd285491b7b, 5, 0, 405, 37, 27.57
2026/09/08 21:03:44.643, GPU-ecc6a1f9-42fe-2932-7ea0-1dd285491b7b, 5, 0, 405, 37, 27.56
2026/09/08 21:03:44.848, GPU-ecc6a1f9-42fe-2932-7ea0-1dd285491b7b, 5, 0, 405, 37, 27.56
2026/09/08 21:03:45.052, GPU-ecc6a1f9-42fe-2932-7ea0-1dd285491b7b, 5, 0, 405, 37, 27.56
2026/09/08 21:03:45.255, GPU-ecc6a1f9-42fe-2932-7ea0-1dd285491b7b, 5, 0, 405, 37, 27.56
2026/09/08 21:03:45.459, GPU-ecc6a1f9-42fe-2932-7ea0-1dd285491b7b, 5, 0, 405, 37, 27.56
2026/09/08 21:03:45.662, GPU-ecc6a1f9-42fe-2932-7ea0-1dd285491b7b, 5, 0, 405, 37, 27.56
2026/09/08 21:03:45.868, GPU-ecc6a1f9-42fe-2932-7ea0-1dd285491b7b, 5, 0, 405, 37, 27.56
2026/09/08 21:03:46.071, GPU-ecc6a1f9-42fe-2932-7ea0-1dd285491b7b, 5, 0, 405, 37, 27.56
2026/09/08 21:03:46.275, GPU-ecc6a1f9-42fe-2932-7ea0-1dd285491b7b, 5, 0, 405, 37, 27.56
2026/09/08 21:03:46.478, GPU-ecc6a1f9-42fe-2932-7ea0-1dd285491b7b, 5, 0, 405, 37, 27.56
2026/09/08 21:03:46.683, GPU-ecc6a1f9-42fe-2932-7ea0-1dd285491b7b, 5, 0, 405, 37, 27.56
2026/09/08 21:03:46.887, GPU-ecc6a1f9-42fe-2932-7ea0-1dd285491b7b, 5, 0, 405, 37, 27.56
2026/09/08 21:03:47.091, GPU-ecc6a1f9-42fe-2932-7ea0-1dd285491b7b, 5, 0, 405, 37, 27.56
2026/09/08 21:03:47.294, GPU-ecc6a1f9-42fe-2932-7ea0-1dd285491b7b, 5, 0, 405, 37, 27.56
2026/09/08 21:03:47.498, GPU-ecc6a1f9-42fe-2932-7ea0-1dd285491b7b, 5, 0, 405, 37, 27.56
2026/09/08 21:03:47.701, GPU-ecc6a1f9-42fe-2932-7ea0-1dd285491b7b, 5, 0, 405, 37, 27.56
2026/09/08 21:03:47.906, GPU-ecc6a1f9-42fe-2932-7ea0-1dd285491b7b, 5, 0, 405, 37, 27.33
2026/09/08 21:03:48.110, GPU-ecc6a1f9-42fe-2932-7ea0-1dd285491b7b, 5, 0, 405, 37, 27.56
2026/09/08 21:03:48.314, GPU-ecc6a1f9-42fe-2932-7ea0-1dd285491b7b, 5, 0, 405, 37, 27.56
2026/09/08 21:03:48.517, GPU-ecc6a1f9-42fe-2932-7ea0-1dd285491b7b, 5, 0, 405, 37, 27.31
2026/09/08 21:03:48.721, GPU-ecc6a1f9-42fe-2932-7ea0-1dd285491b7b, 5, 0, 405, 37, 27.56
2026/09/08 21:03:48.926, GPU-ecc6a1f9-42fe-2932-7ea0-1dd285491b7b, 5, 0, 405, 37, 27.31
2026/09/08 21:03:49.129, GPU-ecc6a1f9-42fe-2932-7ea0-1dd285491b7b, 5, 0, 405, 37, 27.31
2026/09/08 21:03:49.333, GPU-ecc6a1f9-42fe-2932-7ea0-1dd285491b7b, 5, 0, 405, 37, 27.31
2026/09/08 21:03:49.536, GPU-ecc6a1f9-42fe-2932-7ea0-1dd285491b7b, 5, 0, 405, 37, 27.31
2026/09/08 21:03:49.740, GPU-ecc6a1f9-42fe-2932-7ea0-1dd285491b7b, 5, 0, 405, 37, 27.31
2026/09/08 21:03:49.945, GPU-ecc6a1f9-42fe-2932-7ea0-1dd285491b7b, 5, 0, 405, 37, 27.31
2026/09/08 21:03:50.149, GPU-ecc6a1f9-42fe-2932-7ea0-1dd285491b7b, 5, 0, 405, 37, 27.31
2026/09/08 21:03:50.352, GPU-ecc6a1f9-42fe-2932-7ea0-1dd285491b7b, 5, 0, 405, 37, 27.31
2026/09/08 21:03:50.556, GPU-ecc6a1f9-42fe-2932-7ea0-1dd285491b7b, 5, 0, 405, 37, 27.31
2026/09/08 21:03:50.760, GPU-ecc6a1f9-42fe-2932-7ea0-1dd285491b7b, 5, 0, 405, 37, 27.31
2026/09/08 21:03:50.965, GPU-ecc6a1f9-42fe-2932-7ea0-1dd285491b7b, 5, 0, 405, 37, 27.31
2026/09/08 21:03:51.168, GPU-ecc6a1f9-42fe-2932-7ea0-1dd285491b7b, 5, 0, 405, 37, 27.31
2026/09/08 21:03:51.372, GPU-ecc6a1f9-42fe-2932-7ea0-1dd285491b7b, 5, 0, 405, 37, 27.33
2026/09/08 21:03:51.576, GPU-ecc6a1f9-42fe-2932-7ea0-1dd285491b7b, 5, 0, 405, 36, 27.31
2026/09/08 21:03:51.779, GPU-ecc6a1f9-42fe-2932-7ea0-1dd285491b7b, 5, 0, 405, 36, 27.31
2026/09/08 21:03:51.984, GPU-ecc6a1f9-42fe-2932-7ea0-1dd285491b7b, 5, 0, 405, 36, 27.31
2026/09/08 21:03:52.188, GPU-ecc6a1f9-42fe-2932-7ea0-1dd285491b7b, 5, 0, 405, 36, 27.31
2026/09/08 21:03:52.391, GPU-ecc6a1f9-42fe-2932-7ea0-1dd285491b7b, 5, 0, 405, 36, 27.31
2026/09/08 21:03:52.595, GPU-ecc6a1f9-42fe-2932-7ea0-1dd285491b7b, 5, 0, 405, 36, 27.31
2026/09/08 21:03:52.798, GPU-ecc6a1f9-42fe-2932-7ea0-1dd285491b7b, 5, 0, 405, 36, 27.31
2026/09/08 21:03:53.004, GPU-ecc6a1f9-42fe-2932-7ea0-1dd285491b7b, 5, 0, 405, 36, 27.33
2026/09/08 21:03:53.208, GPU-ecc6a1f9-42fe-2932-7ea0-1dd285491b7b, 5, 0, 405, 36, 27.31
2026/09/08 21:03:53.411, GPU-ecc6a1f9-42fe-2932-7ea0-1dd285491b7b, 5, 0, 405, 36, 27.31
2026/09/08 21:03:53.615, GPU-ecc6a1f9-42fe-2932-7ea0-1dd285491b7b, 5, 0, 405, 36, 27.31
2026/09/08 21:03:53.818, GPU-ecc6a1f9-42fe-2932-7ea0-1dd285491b7b, 5, 0, 405, 36, 27.31
2026/09/08 21:03:54.024, GPU-ecc6a1f9-42fe-2932-7ea0-1dd285491b7b, 5, 0, 405, 36, 27.31
2026/09/08 21:03:54.228, GPU-ecc6a1f9-42fe-2932-7ea0-1dd285491b7b, 5, 0, 405, 36, 27.31
2026/09/08 21:03:54.431, GPU-ecc6a1f9-42fe-2932-7ea0-1dd285491b7b, 5, 0, 405, 36, 27.31
2026/09/08 21:03:54.635, GPU-ecc6a1f9-42fe-2932-7ea0-1dd285491b7b, 5, 0, 405, 36, 27.31
2026/09/08 21:03:54.839, GPU-ecc6a1f9-42fe-2932-7ea0-1dd285491b7b, 5, 0, 405, 36, 27.31
2026/09/08 21:03:55.044, GPU-ecc6a1f9-42fe-2932-7ea0-1dd285491b7b, 5, 0, 405, 36, 27.31
2026/09/08 21:03:55.248, GPU-ecc6a1f9-42fe-2932-7ea0-1dd285491b7b, 5, 0, 405, 36, 27.31
2026/09/08 21:03:55.451, GPU-ecc6a1f9-42fe-2932-7ea0-1dd285491b7b, 5, 0, 405, 36, 27.31
2026/09/08 21:03:55.655, GPU-ecc6a1f9-42fe-2932-7ea0-1dd285491b7b, 5, 0, 405, 36, 27.31
2026/09/08 21:03:55.858, GPU-ecc6a1f9-42fe-2932-7ea0-1dd285491b7b, 5, 0, 405, 36, 27.31
2026/09/08 21:03:56.064, GPU-ecc6a1f9-42fe-2932-7ea0-1dd285491b7b, 5, 0, 405, 36, 27.31
2026/09/08 21:03:56.267, GPU-ecc6a1f9-42fe-2932-7ea0-1dd285491b7b, 5, 0, 405, 36, 27.31
2026/09/08 21:03:56.471, GPU-ecc6a1f9-42fe-2932-7ea0-1dd285491b7b, 5, 0, 405, 36, 27.31
2026/09/08 21:03:56.674, GPU-ecc6a1f9-42fe-2932-7ea0-1dd285491b7b, 5, 0, 405, 36, 27.31
2026/09/08 21:03:56.878, GPU-ecc6a1f9-42fe-2932-7ea0-1dd285491b7b, 5, 0, 405, 36, 27.31
2026/09/08 21:03:57.083, GPU-ecc6a1f9-42fe-2932-7ea0-1dd285491b7b, 5, 0, 405, 36, 27.31
2026/09/08 21:03:57.287, GPU-ecc6a1f9-42fe-2932-7ea0-1dd285491b7b, 5, 0, 405, 36, 27.31
2026/09/08 21:03:57.490, GPU-ecc6a1f9-42fe-2932-7ea0-1dd285491b7b, 5, 0, 405, 36, 27.31
2026/09/08 21:03:57.694, GPU-ecc6a1f9-42fe-2932-7ea0-1dd285491b7b, 5, 0, 405, 36, 27.31
2026/09/08 21:03:57.897, GPU-ecc6a1f9-42fe-2932-7ea0-1dd285491b7b, 5, 0, 405, 36, 27.31
2026/09/08 21:03:58.103, GPU-ecc6a1f9-42fe-2932-7ea0-1dd285491b7b, 5, 0, 405, 36, 27.31
2026/09/08 21:03:58.306, GPU-ecc6a1f9-42fe-2932-7ea0-1dd285491b7b, 5, 0, 405, 36, 27.31
2026/09/08 21:03:58.510, GPU-ecc6a1f9-42fe-2932-7ea0-1dd285491b7b, 5, 0, 405, 36, 27.31
2026/09/08 21:03:58.713, GPU-ecc6a1f9-42fe-2932-7ea0-1dd285491b7b, 5, 0, 405, 36, 27.31
2026/09/08 21:03:58.917, GPU-ecc6a1f9-42fe-2932-7ea0-1dd285491b7b, 5, 0, 405, 36, 27.31
2026/09/08 21:03:59.124, GPU-ecc6a1f9-42fe-2932-7ea0-1dd285491b7b, 5, 0, 405, 36, 27.31
2026/09/08 21:03:59.328, GPU-ecc6a1f9-42fe-2932-7ea0-1dd285491b7b, 5, 0, 405, 36, 27.31
2026/09/08 21:03:59.531, GPU-ecc6a1f9-42fe-2932-7ea0-1dd285491b7b, 5, 0, 405, 36, 27.31
2026/09/08 21:03:59.735, GPU-ecc6a1f9-42fe-2932-7ea0-1dd285491b7b, 5, 0, 405, 36, 27.31
2026/09/08 21:03:59.938, GPU-ecc6a1f9-42fe-2932-7ea0-1dd285491b7b, 5, 0, 405, 36, 27.31
2026/09/08 21:04:00.142, GPU-ecc6a1f9-42fe-2932-7ea0-1dd285491b7b, 5, 0, 405, 36, 27.31
2026/09/08 21:04:00.347, GPU-ecc6a1f9-42fe-2932-7ea0-1dd285491b7b, 5, 0, 405, 36, 27.31
2026/09/08 21:04:00.550, GPU-ecc6a1f9-42fe-2932-7ea0-1dd285491b7b, 5, 0, 405, 36, 27.31
2026/09/08 21:04:00.754, GPU-ecc6a1f9-42fe-2932-7ea0-1dd285491b7b, 5, 0, 405, 36, 27.31
2026/09/08 21:04:00.957, GPU-ecc6a1f9-42fe-2932-7ea0-1dd285491b7b, 5, 0, 405, 36, 27.31
2026/09/08 21:04:01.161, GPU-ecc6a1f9-42fe-2932-7ea0-1dd285491b7b, 5, 0, 405, 36, 27.07
2026/09/08 21:04:01.364, GPU-ecc6a1f9-42fe-2932-7ea0-1dd285491b7b, 5, 0, 405, 36, 27.31
2026/09/08 21:04:01.569, GPU-ecc6a1f9-42fe-2932-7ea0-1dd285491b7b, 5, 0, 405, 36, 27.31
2026/09/08 21:04:01.773, GPU-ecc6a1f9-42fe-2932-7ea0-1dd285491b7b, 5, 0, 405, 36, 27.31
2026/09/08 21:04:01.976, GPU-ecc6a1f9-42fe-2932-7ea0-1dd285491b7b, 5, 0, 405, 36, 27.31
2026/09/08 21:04:02.180, GPU-ecc6a1f9-42fe-2932-7ea0-1dd285491b7b, 5, 0, 405, 36, 27.31
2026/09/08 21:04:02.383, GPU-ecc6a1f9-42fe-2932-7ea0-1dd285491b7b, 5, 0, 405, 36, 27.31
2026/09/08 21:04:02.589, GPU-ecc6a1f9-42fe-2932-7ea0-1dd285491b7b, 5, 0, 405, 36, 27.31
2026/09/08 21:04:02.793, GPU-ecc6a1f9-42fe-2932-7ea0-1dd285491b7b, 5, 0, 405, 36, 27.31
2026/09/08 21:04:02.996, GPU-ecc6a1f9-42fe-2932-7ea0-1dd285491b7b, 5, 0, 405, 36, 27.31
2026/09/08 21:04:03.199, GPU-ecc6a1f9-42fe-2932-7ea0-1dd285491b7b, 5, 0, 405, 36, 27.31
2026/09/08 21:04:03.403, GPU-ecc6a1f9-42fe-2932-7ea0-1dd285491b7b, 5, 0, 405, 36, 27.31
2026/09/08 21:04:03.609, GPU-ecc6a1f9-42fe-2932-7ea0-1dd285491b7b, 5, 0, 405, 36, 27.07
2026/09/08 21:04:03.812, GPU-ecc6a1f9-42fe-2932-7ea0-1dd285491b7b, 5, 0, 405, 36, 27.07
2026/09/08 21:04:04.016, GPU-ecc6a1f9-42fe-2932-7ea0-1dd285491b7b, 5, 0, 405, 36, 27.07
2026/09/08 21:04:04.219, GPU-ecc6a1f9-42fe-2932-7ea0-1dd285491b7b, 5, 0, 405, 36, 27.07
2026/09/08 21:04:04.423, GPU-ecc6a1f9-42fe-2932-7ea0-1dd285491b7b, 5, 0, 405, 35, 27.07
2026/09/08 21:04:04.628, GPU-ecc6a1f9-42fe-2932-7ea0-1dd285491b7b, 5, 0, 405, 35, 27.31
2026/09/08 21:04:04.832, GPU-ecc6a1f9-42fe-2932-7ea0-1dd285491b7b, 5, 0, 405, 36, 27.07
2026/09/08 21:04:05.035, GPU-ecc6a1f9-42fe-2932-7ea0-1dd285491b7b, 5, 0, 405, 35, 27.07
2026/09/08 21:04:05.239, GPU-ecc6a1f9-42fe-2932-7ea0-1dd285491b7b, 5, 0, 405, 36, 27.08
2026/09/08 21:04:05.442, GPU-ecc6a1f9-42fe-2932-7ea0-1dd285491b7b, 5, 0, 405, 35, 27.08
2026/09/08 21:04:05.648, GPU-ecc6a1f9-42fe-2932-7ea0-1dd285491b7b, 5, 0, 405, 35, 27.08
2026/09/08 21:04:05.851, GPU-ecc6a1f9-42fe-2932-7ea0-1dd285491b7b, 5, 0, 405, 35, 27.07
2026/09/08 21:04:06.055, GPU-ecc6a1f9-42fe-2932-7ea0-1dd285491b7b, 5, 0, 405, 35, 27.33
2026/09/08 21:04:06.258, GPU-ecc6a1f9-42fe-2932-7ea0-1dd285491b7b, 5, 0, 405, 35, 27.07
2026/09/08 21:04:06.462, GPU-ecc6a1f9-42fe-2932-7ea0-1dd285491b7b, 5, 0, 405, 35, 27.07
2026/09/08 21:04:06.667, GPU-ecc6a1f9-42fe-2932-7ea0-1dd285491b7b, 5, 0, 405, 35, 27.07
2026/09/08 21:04:06.871, GPU-ecc6a1f9-42fe-2932-7ea0-1dd285491b7b, 5, 0, 405, 35, 27.07
2026/09/08 21:04:07.074, GPU-ecc6a1f9-42fe-2932-7ea0-1dd285491b7b, 5, 0, 405, 35, 27.07
2026/09/08 21:04:07.278, GPU-ecc6a1f9-42fe-2932-7ea0-1dd285491b7b, 5, 0, 405, 35, 27.07
2026/09/08 21:04:07.482, GPU-ecc6a1f9-42fe-2932-7ea0-1dd285491b7b, 5, 0, 405, 35, 27.07
2026/09/08 21:04:07.687, GPU-ecc6a1f9-42fe-2932-7ea0-1dd285491b7b, 5, 0, 405, 35, 27.07
2026/09/08 21:04:07.890, GPU-ecc6a1f9-42fe-2932-7ea0-1dd285491b7b, 5, 0, 405, 35, 27.07
2026/09/08 21:04:08.094, GPU-ecc6a1f9-42fe-2932-7ea0-1dd285491b7b, 5, 0, 405, 35, 27.07
2026/09/08 21:04:08.297, GPU-ecc6a1f9-42fe-2932-7ea0-1dd285491b7b, 5, 0, 405, 35, 27.07
2026/09/08 21:04:08.501, GPU-ecc6a1f9-42fe-2932-7ea0-1dd285491b7b, 5, 0, 405, 35, 27.07
2026/09/08 21:04:08.706, GPU-ecc6a1f9-42fe-2932-7ea0-1dd285491b7b, 5, 0, 405, 35, 27.08
2026/09/08 21:04:08.909, GPU-ecc6a1f9-42fe-2932-7ea0-1dd285491b7b, 5, 0, 405, 35, 27.07
2026/09/08 21:04:09.113, GPU-ecc6a1f9-42fe-2932-7ea0-1dd285491b7b, 5, 0, 405, 35, 27.07
2026/09/08 21:04:09.316, GPU-ecc6a1f9-42fe-2932-7ea0-1dd285491b7b, 5, 0, 405, 35, 27.07
2026/09/08 21:04:09.520, GPU-ecc6a1f9-42fe-2932-7ea0-1dd285491b7b, 5, 0, 405, 35, 27.07
2026/09/08 21:04:09.725, GPU-ecc6a1f9-42fe-2932-7ea0-1dd285491b7b, 5, 0, 405, 35, 27.07
2026/09/08 21:04:09.929, GPU-ecc6a1f9-42fe-2932-7ea0-1dd285491b7b, 5, 0, 405, 35, 27.07
2026/09/08 21:04:10.132, GPU-ecc6a1f9-42fe-2932-7ea0-1dd285491b7b, 5, 0, 405, 35, 27.07
2026/09/08 21:04:10.336, GPU-ecc6a1f9-42fe-2932-7ea0-1dd285491b7b, 5, 0, 405, 35, 27.07
2026/09/08 21:04:10.539, GPU-ecc6a1f9-42fe-2932-7ea0-1dd285491b7b, 5, 0, 405, 35, 27.07
2026/09/08 21:04:10.745, GPU-ecc6a1f9-42fe-2932-7ea0-1dd285491b7b, 5, 0, 405, 35, 27.07
2026/09/08 21:04:10.948, GPU-ecc6a1f9-42fe-2932-7ea0-1dd285491b7b, 5, 0, 405, 35, 27.07
2026/09/08 21:04:11.152, GPU-ecc6a1f9-42fe-2932-7ea0-1dd285491b7b, 5, 0, 405, 35, 27.07
2026/09/08 21:04:11.355, GPU-ecc6a1f9-42fe-2932-7ea0-1dd285491b7b, 5, 0, 405, 35, 27.07
2026/09/08 21:04:11.559, GPU-ecc6a1f9-42fe-2932-7ea0-1dd285491b7b, 5, 0, 405, 35, 27.07
2026/09/08 21:04:11.764, GPU-ecc6a1f9-42fe-2932-7ea0-1dd285491b7b, 5, 0, 405, 35, 27.07
2026/09/08 21:04:11.968, GPU-ecc6a1f9-42fe-2932-7ea0-1dd285491b7b, 5, 0, 405, 35, 27.07
2026/09/08 21:04:12.171, GPU-ecc6a1f9-42fe-2932-7ea0-1dd285491b7b, 5, 0, 405, 35, 27.07
2026/09/08 21:04:12.375, GPU-ecc6a1f9-42fe-2932-7ea0-1dd285491b7b, 5, 0, 405, 35, 27.07
2026/09/08 21:04:12.578, GPU-ecc6a1f9-42fe-2932-7ea0-1dd285491b7b, 5, 0, 405, 35, 27.07
2026/09/08 21:04:12.783, GPU-ecc6a1f9-42fe-2932-7ea0-1dd285491b7b, 5, 0, 405, 35, 27.07
2026/09/08 21:04:12.987, GPU-ecc6a1f9-42fe-2932-7ea0-1dd285491b7b, 5, 0, 405, 35, 27.07
2026/09/08 21:04:13.190, GPU-ecc6a1f9-42fe-2932-7ea0-1dd285491b7b, 5, 0, 405, 35, 27.07
2026/09/08 21:04:13.394, GPU-ecc6a1f9-42fe-2932-7ea0-1dd285491b7b, 5, 0, 405, 35, 27.07
2026/09/08 21:04:13.598, GPU-ecc6a1f9-42fe-2932-7ea0-1dd285491b7b, 5, 0, 405, 35, 27.07
2026/09/08 21:04:13.803, GPU-ecc6a1f9-42fe-2932-7ea0-1dd285491b7b, 5, 0, 405, 35, 27.07
2026/09/08 21:04:14.007, GPU-ecc6a1f9-42fe-2932-7ea0-1dd285491b7b, 5, 0, 405, 35, 27.07
2026/09/08 21:04:14.210, GPU-ecc6a1f9-42fe-2932-7ea0-1dd285491b7b, 5, 0, 405, 35, 27.07
2026/09/08 21:04:14.414, GPU-ecc6a1f9-42fe-2932-7ea0-1dd285491b7b, 5, 0, 405, 35, 27.07
2026/09/08 21:04:14.617, GPU-ecc6a1f9-42fe-2932-7ea0-1dd285491b7b, 5, 0, 405, 35, 27.07
2026/09/08 21:04:14.823, GPU-ecc6a1f9-42fe-2932-7ea0-1dd285491b7b, 5, 0, 405, 35, 27.07
2026/09/08 21:04:15.026, GPU-ecc6a1f9-42fe-2932-7ea0-1dd285491b7b, 5, 0, 405, 35, 27.07
2026/09/08 21:04:15.230, GPU-ecc6a1f9-42fe-2932-7ea0-1dd285491b7b, 5, 0, 405, 35, 27.07
2026/09/08 21:04:15.434, GPU-ecc6a1f9-42fe-2932-7ea0-1dd285491b7b, 5, 0, 405, 35, 27.08
2026/09/08 21:04:15.637, GPU-ecc6a1f9-42fe-2932-7ea0-1dd285491b7b, 5, 0, 405, 35, 27.07
2026/09/08 21:04:15.843, GPU-ecc6a1f9-42fe-2932-7ea0-1dd285491b7b, 5, 0, 405, 35, 27.07
2026/09/08 21:04:16.046, GPU-ecc6a1f9-42fe-2932-7ea0-1dd285491b7b, 5, 0, 405, 35, 27.07
2026/09/08 21:04:16.250, GPU-ecc6a1f9-42fe-2932-7ea0-1dd285491b7b, 5, 0, 405, 35, 27.07
2026/09/08 21:04:16.453, GPU-ecc6a1f9-42fe-2932-7ea0-1dd285491b7b, 5, 0, 405, 35, 27.07
2026/09/08 21:04:16.657, GPU-ecc6a1f9-42fe-2932-7ea0-1dd285491b7b, 5, 0, 405, 35, 27.07
2026/09/08 21:04:16.863, GPU-ecc6a1f9-42fe-2932-7ea0-1dd285491b7b, 5, 0, 405, 35, 27.07
2026/09/08 21:04:17.066, GPU-ecc6a1f9-42fe-2932-7ea0-1dd285491b7b, 5, 0, 405, 35, 27.07
2026/09/08 21:04:17.270, GPU-ecc6a1f9-42fe-2932-7ea0-1dd285491b7b, 5, 0, 405, 35, 27.07
2026/09/08 21:04:17.473, GPU-ecc6a1f9-42fe-2932-7ea0-1dd285491b7b, 5, 0, 405, 35, 27.07
2026/09/08 21:04:17.677, GPU-ecc6a1f9-42fe-2932-7ea0-1dd285491b7b, 5, 0, 405, 34, 27.07
2026/09/08 21:04:17.882, GPU-ecc6a1f9-42fe-2932-7ea0-1dd285491b7b, 5, 0, 405, 35, 27.07
2026/09/08 21:04:18.086, GPU-ecc6a1f9-42fe-2932-7ea0-1dd285491b7b, 5, 0, 405, 35, 27.07
2026/09/08 21:04:18.289, GPU-ecc6a1f9-42fe-2932-7ea0-1dd285491b7b, 5, 0, 405, 35, 27.07
2026/09/08 21:04:18.493, GPU-ecc6a1f9-42fe-2932-7ea0-1dd285491b7b, 5, 0, 405, 35, 27.07
2026/09/08 21:04:18.696, GPU-ecc6a1f9-42fe-2932-7ea0-1dd285491b7b, 5, 0, 405, 35, 27.07
2026/09/08 21:04:18.902, GPU-ecc6a1f9-42fe-2932-7ea0-1dd285491b7b, 5, 0, 405, 35, 27.07
2026/09/08 21:04:19.106, GPU-ecc6a1f9-42fe-2932-7ea0-1dd285491b7b, 5, 0, 405, 34, 27.07
2026/09/08 21:04:19.309, GPU-ecc6a1f9-42fe-2932-7ea0-1dd285491b7b, 5, 0, 405, 34, 27.07
2026/09/08 21:04:19.513, GPU-ecc6a1f9-42fe-2932-7ea0-1dd285491b7b, 5, 0, 405, 35, 27.07
2026/09/08 21:04:19.716, GPU-ecc6a1f9-42fe-2932-7ea0-1dd285491b7b, 5, 0, 405, 34, 27.07
2026/09/08 21:04:19.921, GPU-ecc6a1f9-42fe-2932-7ea0-1dd285491b7b, 5, 0, 405, 34, 27.07
2026/09/08 21:04:20.125, GPU-ecc6a1f9-42fe-2932-7ea0-1dd285491b7b, 5, 0, 405, 34, 27.07
2026/09/08 21:04:20.328, GPU-ecc6a1f9-42fe-2932-7ea0-1dd285491b7b, 5, 0, 405, 34, 27.07
2026/09/08 21:04:20.532, GPU-ecc6a1f9-42fe-2932-7ea0-1dd285491b7b, 5, 0, 405, 34, 27.07
2026/09/08 21:04:20.736, GPU-ecc6a1f9-42fe-2932-7ea0-1dd285491b7b, 5, 0, 405, 34, 27.07
2026/09/08 21:04:20.942, GPU-ecc6a1f9-42fe-2932-7ea0-1dd285491b7b, 5, 0, 405, 34, 27.07
2026/09/08 21:04:21.145, GPU-ecc6a1f9-42fe-2932-7ea0-1dd285491b7b, 5, 0, 405, 34, 27.07
2026/09/08 21:04:21.349, GPU-ecc6a1f9-42fe-2932-7ea0-1dd285491b7b, 5, 0, 405, 34, 27.07
2026/09/08 21:04:21.552, GPU-ecc6a1f9-42fe-2932-7ea0-1dd285491b7b, 5, 0, 405, 34, 27.07
2026/09/08 21:04:21.756, GPU-ecc6a1f9-42fe-2932-7ea0-1dd285491b7b, 5, 0, 405, 34, 27.07
2026/09/08 21:04:21.959, GPU-ecc6a1f9-42fe-2932-7ea0-1dd285491b7b, 5, 0, 405, 34, 26.83
2026/09/08 21:04:22.164, GPU-ecc6a1f9-42fe-2932-7ea0-1dd285491b7b, 5, 0, 405, 34, 27.07
2026/09/08 21:04:22.368, GPU-ecc6a1f9-42fe-2932-7ea0-1dd285491b7b, 5, 0, 405, 34, 26.83
2026/09/08 21:04:22.571, GPU-ecc6a1f9-42fe-2932-7ea0-1dd285491b7b, 5, 0, 405, 34, 27.08
2026/09/08 21:04:22.775, GPU-ecc6a1f9-42fe-2932-7ea0-1dd285491b7b, 5, 0, 405, 34, 27.07
2026/09/08 21:04:22.978, GPU-ecc6a1f9-42fe-2932-7ea0-1dd285491b7b, 5, 0, 405, 34, 27.07
2026/09/08 21:04:23.183, GPU-ecc6a1f9-42fe-2932-7ea0-1dd285491b7b, 5, 0, 405, 34, 27.07
2026/09/08 21:04:23.386, GPU-ecc6a1f9-42fe-2932-7ea0-1dd285491b7b, 5, 0, 405, 34, 27.07
2026/09/08 21:04:23.590, GPU-ecc6a1f9-42fe-2932-7ea0-1dd285491b7b, 5, 0, 405, 34, 27.07
2026/09/08 21:04:23.794, GPU-ecc6a1f9-42fe-2932-7ea0-1dd285491b7b, 5, 0, 405, 34, 27.07
2026/09/08 21:04:23.997, GPU-ecc6a1f9-42fe-2932-7ea0-1dd285491b7b, 5, 0, 405, 34, 27.07
2026/09/08 21:04:24.201, GPU-ecc6a1f9-42fe-2932-7ea0-1dd285491b7b, 5, 0, 405, 34, 27.07
2026/09/08 21:04:24.404, GPU-ecc6a1f9-42fe-2932-7ea0-1dd285491b7b, 5, 0, 405, 34, 27.07
2026/09/08 21:04:24.609, GPU-ecc6a1f9-42fe-2932-7ea0-1dd285491b7b, 5, 0, 405, 34, 27.07
2026/09/08 21:04:24.813, GPU-ecc6a1f9-42fe-2932-7ea0-1dd285491b7b, 5, 0, 405, 34, 27.07
2026/09/08 21:04:25.016, GPU-ecc6a1f9-42fe-2932-7ea0-1dd285491b7b, 5, 0, 405, 34, 27.07
2026/09/08 21:04:25.220, GPU-ecc6a1f9-42fe-2932-7ea0-1dd285491b7b, 5, 0, 405, 34, 27.07
2026/09/08 21:04:25.423, GPU-ecc6a1f9-42fe-2932-7ea0-1dd285491b7b, 5, 0, 405, 34, 27.07
2026/09/08 21:04:25.629, GPU-ecc6a1f9-42fe-2932-7ea0-1dd285491b7b, 5, 0, 405, 34, 27.07
2026/09/08 21:04:25.832, GPU-ecc6a1f9-42fe-2932-7ea0-1dd285491b7b, 5, 0, 405, 34, 27.07
2026/09/08 21:04:26.036, GPU-ecc6a1f9-42fe-2932-7ea0-1dd285491b7b, 5, 0, 405, 34, 27.07
2026/09/08 21:04:26.239, GPU-ecc6a1f9-42fe-2932-7ea0-1dd285491b7b, 5, 0, 405, 34, 27.07
2026/09/08 21:04:26.443, GPU-ecc6a1f9-42fe-2932-7ea0-1dd285491b7b, 5, 0, 405, 34, 27.08
2026/09/08 21:04:26.648, GPU-ecc6a1f9-42fe-2932-7ea0-1dd285491b7b, 5, 0, 405, 34, 27.07
2026/09/08 21:04:26.852, GPU-ecc6a1f9-42fe-2932-7ea0-1dd285491b7b, 5, 0, 405, 34, 27.07
2026/09/08 21:04:27.055, GPU-ecc6a1f9-42fe-2932-7ea0-1dd285491b7b, 5, 0, 405, 34, 27.07
2026/09/08 21:04:27.259, GPU-ecc6a1f9-42fe-2932-7ea0-1dd285491b7b, 5, 0, 405, 34, 27.07
2026/09/08 21:04:27.462, GPU-ecc6a1f9-42fe-2932-7ea0-1dd285491b7b, 5, 0, 405, 34, 27.07
2026/09/08 21:04:27.668, GPU-ecc6a1f9-42fe-2932-7ea0-1dd285491b7b, 5, 0, 405, 34, 27.07
2026/09/08 21:04:27.871, GPU-ecc6a1f9-42fe-2932-7ea0-1dd285491b7b, 5, 0, 405, 34, 27.07
2026/09/08 21:04:28.075, GPU-ecc6a1f9-42fe-2932-7ea0-1dd285491b7b, 5, 0, 405, 34, 27.07
2026/09/08 21:04:28.279, GPU-ecc6a1f9-42fe-2932-7ea0-1dd285491b7b, 5, 0, 405, 34, 27.07
2026/09/08 21:04:28.483, GPU-ecc6a1f9-42fe-2932-7ea0-1dd285491b7b, 5, 0, 405, 34, 27.07
2026/09/08 21:04:28.687, GPU-ecc6a1f9-42fe-2932-7ea0-1dd285491b7b, 5, 0, 405, 34, 27.07
2026/09/08 21:04:28.891, GPU-ecc6a1f9-42fe-2932-7ea0-1dd285491b7b, 5, 0, 405, 34, 27.08
2026/09/08 21:04:29.094, GPU-ecc6a1f9-42fe-2932-7ea0-1dd285491b7b, 5, 0, 405, 34, 27.07
2026/09/08 21:04:29.298, GPU-ecc6a1f9-42fe-2932-7ea0-1dd285491b7b, 5, 0, 405, 34, 27.07
2026/09/08 21:04:29.501, GPU-ecc6a1f9-42fe-2932-7ea0-1dd285491b7b, 5, 0, 405, 34, 27.07
2026/09/08 21:04:29.706, GPU-ecc6a1f9-42fe-2932-7ea0-1dd285491b7b, 5, 0, 405, 34, 27.07
2026/09/08 21:04:29.910, GPU-ecc6a1f9-42fe-2932-7ea0-1dd285491b7b, 5, 0, 405, 34, 27.07
2026/09/08 21:04:30.113, GPU-ecc6a1f9-42fe-2932-7ea0-1dd285491b7b, 5, 0, 405, 34, 27.07
2026/09/08 21:04:30.317, GPU-ecc6a1f9-42fe-2932-7ea0-1dd285491b7b, 5, 0, 405, 34, 27.08
2026/09/08 21:04:30.520, GPU-ecc6a1f9-42fe-2932-7ea0-1dd285491b7b, 5, 0, 405, 34, 27.07
2026/09/08 21:04:30.726, GPU-ecc6a1f9-42fe-2932-7ea0-1dd285491b7b, 5, 0, 405, 34, 27.07
2026/09/08 21:04:30.930, GPU-ecc6a1f9-42fe-2932-7ea0-1dd285491b7b, 5, 0, 405, 34, 27.07
2026/09/08 21:04:31.133, GPU-ecc6a1f9-42fe-2932-7ea0-1dd285491b7b, 5, 0, 405, 34, 27.07
2026/09/08 21:04:31.337, GPU-ecc6a1f9-42fe-2932-7ea0-1dd285491b7b, 5, 0, 405, 34, 27.07
2026/09/08 21:04:31.540, GPU-ecc6a1f9-42fe-2932-7ea0-1dd285491b7b, 5, 0, 405, 34, 27.07
2026/09/08 21:04:31.745, GPU-ecc6a1f9-42fe-2932-7ea0-1dd285491b7b, 5, 0, 405, 34, 27.07
2026/09/08 21:04:31.949, GPU-ecc6a1f9-42fe-2932-7ea0-1dd285491b7b, 5, 0, 405, 34, 27.07
2026/09/08 21:04:32.152, GPU-ecc6a1f9-42fe-2932-7ea0-1dd285491b7b, 5, 0, 405, 34, 27.07
2026/09/08 21:04:32.356, GPU-ecc6a1f9-42fe-2932-7ea0-1dd285491b7b, 5, 0, 405, 34, 27.07
2026/09/08 21:04:32.559, GPU-ecc6a1f9-42fe-2932-7ea0-1dd285491b7b, 5, 0, 405, 34, 27.07
2026/09/08 21:04:32.765, GPU-ecc6a1f9-42fe-2932-7ea0-1dd285491b7b, 5, 0, 405, 34, 27.07
2026/09/08 21:04:32.968, GPU-ecc6a1f9-42fe-2932-7ea0-1dd285491b7b, 5, 0, 405, 34, 27.07
2026/09/08 21:04:33.172, GPU-ecc6a1f9-42fe-2932-7ea0-1dd285491b7b, 5, 0, 405, 34, 27.07
2026/09/08 21:04:33.375, GPU-ecc6a1f9-42fe-2932-7ea0-1dd285491b7b, 5, 0, 405, 34, 27.07
2026/09/08 21:04:33.579, GPU-ecc6a1f9-42fe-2932-7ea0-1dd285491b7b, 5, 0, 405, 33, 27.07
2026/09/08 21:04:33.784, GPU-ecc6a1f9-42fe-2932-7ea0-1dd285491b7b, 5, 0, 405, 34, 27.07
2026/09/08 21:04:33.988, GPU-ecc6a1f9-42fe-2932-7ea0-1dd285491b7b, 5, 0, 405, 34, 27.07
2026/09/08 21:04:34.191, GPU-ecc6a1f9-42fe-2932-7ea0-1dd285491b7b, 5, 0, 405, 34, 27.07
2026/09/08 21:04:34.395, GPU-ecc6a1f9-42fe-2932-7ea0-1dd285491b7b, 5, 0, 405, 34, 27.07
2026/09/08 21:04:34.598, GPU-ecc6a1f9-42fe-2932-7ea0-1dd285491b7b, 5, 0, 405, 34, 27.07
2026/09/08 21:04:34.803, GPU-ecc6a1f9-42fe-2932-7ea0-1dd285491b7b, 5, 0, 405, 34, 27.07
2026/09/08 21:04:35.007, GPU-ecc6a1f9-42fe-2932-7ea0-1dd285491b7b, 5, 0, 405, 34, 27.07
2026/09/08 21:04:35.210, GPU-ecc6a1f9-42fe-2932-7ea0-1dd285491b7b, 5, 0, 405, 34, 27.07
2026/09/08 21:04:35.414, GPU-ecc6a1f9-42fe-2932-7ea0-1dd285491b7b, 5, 0, 405, 34, 27.07
2026/09/08 21:04:35.617, GPU-ecc6a1f9-42fe-2932-7ea0-1dd285491b7b, 5, 0, 405, 34, 27.07
2026/09/08 21:04:35.823, GPU-ecc6a1f9-42fe-2932-7ea0-1dd285491b7b, 5, 0, 405, 34, 27.07
2026/09/08 21:04:36.026, GPU-ecc6a1f9-42fe-2932-7ea0-1dd285491b7b, 5, 0, 405, 34, 27.07
2026/09/08 21:04:36.230, GPU-ecc6a1f9-42fe-2932-7ea0-1dd285491b7b, 5, 0, 405, 34, 27.07
2026/09/08 21:04:36.433, GPU-ecc6a1f9-42fe-2932-7ea0-1dd285491b7b, 5, 0, 405, 33, 27.07
2026/09/08 21:04:36.637, GPU-ecc6a1f9-42fe-2932-7ea0-1dd285491b7b, 5, 0, 405, 34, 27.07
2026/09/08 21:04:36.842, GPU-ecc6a1f9-42fe-2932-7ea0-1dd285491b7b, 5, 0, 405, 34, 27.07
2026/09/08 21:04:37.046, GPU-ecc6a1f9-42fe-2932-7ea0-1dd285491b7b, 5, 0, 405, 33, 27.07
2026/09/08 21:04:37.249, GPU-ecc6a1f9-42fe-2932-7ea0-1dd285491b7b, 5, 0, 405, 34, 27.07
2026/09/08 21:04:37.452, GPU-ecc6a1f9-42fe-2932-7ea0-1dd285491b7b, 5, 0, 405, 34, 27.07
2026/09/08 21:04:37.656, GPU-ecc6a1f9-42fe-2932-7ea0-1dd285491b7b, 5, 0, 405, 33, 27.07
2026/09/08 21:04:37.862, GPU-ecc6a1f9-42fe-2932-7ea0-1dd285491b7b, 5, 0, 405, 33, 27.07
2026/09/08 21:04:38.065, GPU-ecc6a1f9-42fe-2932-7ea0-1dd285491b7b, 5, 0, 405, 33, 27.07
2026/09/08 21:04:38.269, GPU-ecc6a1f9-42fe-2932-7ea0-1dd285491b7b, 5, 0, 405, 33, 27.08
2026/09/08 21:04:38.472, GPU-ecc6a1f9-42fe-2932-7ea0-1dd285491b7b, 5, 0, 405, 33, 27.07
2026/09/08 21:04:38.676, GPU-ecc6a1f9-42fe-2932-7ea0-1dd285491b7b, 5, 0, 405, 33, 27.07
2026/09/08 21:04:38.880, GPU-ecc6a1f9-42fe-2932-7ea0-1dd285491b7b, 5, 0, 405, 33, 27.07
2026/09/08 21:04:39.084, GPU-ecc6a1f9-42fe-2932-7ea0-1dd285491b7b, 5, 0, 405, 33, 27.07
2026/09/08 21:04:39.288, GPU-ecc6a1f9-42fe-2932-7ea0-1dd285491b7b, 5, 0, 405, 33, 27.07
2026/09/08 21:04:39.491, GPU-ecc6a1f9-42fe-2932-7ea0-1dd285491b7b, 5, 0, 405, 33, 27.07
2026/09/08 21:04:39.695, GPU-ecc6a1f9-42fe-2932-7ea0-1dd285491b7b, 5, 0, 405, 33, 27.07
2026/09/08 21:04:39.898, GPU-ecc6a1f9-42fe-2932-7ea0-1dd285491b7b, 5, 0, 405, 33, 27.07
2026/09/08 21:04:40.102, GPU-ecc6a1f9-42fe-2932-7ea0-1dd285491b7b, 5, 0, 405, 33, 27.07
2026/09/08 21:04:40.308, GPU-ecc6a1f9-42fe-2932-7ea0-1dd285491b7b, 5, 0, 405, 33, 27.07
2026/09/08 21:04:40.512, GPU-ecc6a1f9-42fe-2932-7ea0-1dd285491b7b, 5, 0, 405, 33, 27.07
2026/09/08 21:04:40.715, GPU-ecc6a1f9-42fe-2932-7ea0-1dd285491b7b, 5, 0, 405, 33, 27.07
2026/09/08 21:04:40.919, GPU-ecc6a1f9-42fe-2932-7ea0-1dd285491b7b, 5, 0, 405, 33, 27.07
2026/09/08 21:04:41.122, GPU-ecc6a1f9-42fe-2932-7ea0-1dd285491b7b, 5, 0, 405, 33, 27.07
2026/09/08 21:04:41.326, GPU-ecc6a1f9-42fe-2932-7ea0-1dd285491b7b, 5, 0, 405, 33, 27.07
2026/09/08 21:04:41.530, GPU-ecc6a1f9-42fe-2932-7ea0-1dd285491b7b, 5, 0, 405, 33, 27.07
2026/09/08 21:04:41.734, GPU-ecc6a1f9-42fe-2932-7ea0-1dd285491b7b, 5, 0, 405, 33, 27.07
2026/09/08 21:04:41.937, GPU-ecc6a1f9-42fe-2932-7ea0-1dd285491b7b, 5, 0, 405, 33, 27.07
2026/09/08 21:04:42.141, GPU-ecc6a1f9-42fe-2932-7ea0-1dd285491b7b, 5, 0, 405, 33, 27.07
2026/09/08 21:04:42.344, GPU-ecc6a1f9-42fe-2932-7ea0-1dd285491b7b, 5, 0, 405, 33, 27.07
2026/09/08 21:04:42.550, GPU-ecc6a1f9-42fe-2932-7ea0-1dd285491b7b, 5, 0, 405, 33, 26.83
2026/09/08 21:04:42.753, GPU-ecc6a1f9-42fe-2932-7ea0-1dd285491b7b, 5, 0, 405, 33, 26.84
2026/09/08 21:04:42.957, GPU-ecc6a1f9-42fe-2932-7ea0-1dd285491b7b, 5, 0, 405, 33, 26.83
2026/09/08 21:04:43.160, GPU-ecc6a1f9-42fe-2932-7ea0-1dd285491b7b, 5, 0, 405, 33, 26.84
2026/09/08 21:04:43.364, GPU-ecc6a1f9-42fe-2932-7ea0-1dd285491b7b, 5, 0, 405, 33, 26.83
2026/09/08 21:04:43.569, GPU-ecc6a1f9-42fe-2932-7ea0-1dd285491b7b, 5, 0, 405, 33, 26.83
2026/09/08 21:04:43.773, GPU-ecc6a1f9-42fe-2932-7ea0-1dd285491b7b, 5, 0, 405, 33, 26.83
2026/09/08 21:04:43.976, GPU-ecc6a1f9-42fe-2932-7ea0-1dd285491b7b, 5, 0, 405, 33, 26.84
2026/09/08 21:04:44.180, GPU-ecc6a1f9-42fe-2932-7ea0-1dd285491b7b, 5, 0, 405, 33, 26.83
2026/09/08 21:04:44.383, GPU-ecc6a1f9-42fe-2932-7ea0-1dd285491b7b, 5, 0, 405, 33, 27.07
2026/09/08 21:04:44.589, GPU-ecc6a1f9-42fe-2932-7ea0-1dd285491b7b, 5, 0, 405, 33, 26.83
2026/09/08 21:04:44.793, GPU-ecc6a1f9-42fe-2932-7ea0-1dd285491b7b, 5, 0, 405, 33, 26.83
2026/09/08 21:04:44.996, GPU-ecc6a1f9-42fe-2932-7ea0-1dd285491b7b, 5, 0, 405, 33, 26.83
2026/09/08 21:04:45.200, GPU-ecc6a1f9-42fe-2932-7ea0-1dd285491b7b, 5, 0, 405, 33, 27.07
2026/09/08 21:04:45.403, GPU-ecc6a1f9-42fe-2932-7ea0-1dd285491b7b, 5, 0, 405, 33, 26.83
2026/09/08 21:04:45.608, GPU-ecc6a1f9-42fe-2932-7ea0-1dd285491b7b, 5, 0, 405, 33, 26.83
2026/09/08 21:04:45.812, GPU-ecc6a1f9-42fe-2932-7ea0-1dd285491b7b, 5, 0, 405, 33, 26.83
2026/09/08 21:04:46.015, GPU-ecc6a1f9-42fe-2932-7ea0-1dd285491b7b, 5, 0, 405, 33, 26.83
2026/09/08 21:04:46.219, GPU-ecc6a1f9-42fe-2932-7ea0-1dd285491b7b, 5, 0, 405, 33, 26.83
2026/09/08 21:04:46.422, GPU-ecc6a1f9-42fe-2932-7ea0-1dd285491b7b, 5, 0, 405, 33, 26.83
2026/09/08 21:04:46.628, GPU-ecc6a1f9-42fe-2932-7ea0-1dd285491b7b, 5, 0, 405, 33, 26.83
2026/09/08 21:04:46.831, GPU-ecc6a1f9-42fe-2932-7ea0-1dd285491b7b, 5, 0, 405, 33, 26.83
2026/09/08 21:04:47.035, GPU-ecc6a1f9-42fe-2932-7ea0-1dd285491b7b, 5, 0, 405, 33, 26.83
2026/09/08 21:04:47.238, GPU-ecc6a1f9-42fe-2932-7ea0-1dd285491b7b, 5, 0, 405, 33, 26.83
2026/09/08 21:04:47.442, GPU-ecc6a1f9-42fe-2932-7ea0-1dd285491b7b, 5, 0, 405, 33, 26.83
2026/09/08 21:04:47.647, GPU-ecc6a1f9-42fe-2932-7ea0-1dd285491b7b, 5, 0, 405, 33, 26.83
2026/09/08 21:04:47.851, GPU-ecc6a1f9-42fe-2932-7ea0-1dd285491b7b, 5, 0, 405, 33, 26.83
2026/09/08 21:04:48.054, GPU-ecc6a1f9-42fe-2932-7ea0-1dd285491b7b, 5, 0, 405, 33, 26.83
2026/09/08 21:04:48.258, GPU-ecc6a1f9-42fe-2932-7ea0-1dd285491b7b, 5, 0, 405, 33, 26.83
2026/09/08 21:04:48.461, GPU-ecc6a1f9-42fe-2932-7ea0-1dd285491b7b, 5, 0, 405, 33, 26.83
2026/09/08 21:04:48.667, GPU-ecc6a1f9-42fe-2932-7ea0-1dd285491b7b, 5, 0, 405, 33, 26.83
2026/09/08 21:04:48.870, GPU-ecc6a1f9-42fe-2932-7ea0-1dd285491b7b, 5, 0, 405, 33, 26.83
2026/09/08 21:04:49.074, GPU-ecc6a1f9-42fe-2932-7ea0-1dd285491b7b, 5, 0, 405, 33, 26.83
2026/09/08 21:04:49.277, GPU-ecc6a1f9-42fe-2932-7ea0-1dd285491b7b, 5, 0, 405, 33, 26.83
2026/09/08 21:04:49.481, GPU-ecc6a1f9-42fe-2932-7ea0-1dd285491b7b, 5, 0, 405, 33, 26.83
2026/09/08 21:04:49.686, GPU-ecc6a1f9-42fe-2932-7ea0-1dd285491b7b, 5, 0, 405, 33, 26.83
2026/09/08 21:04:49.890, GPU-ecc6a1f9-42fe-2932-7ea0-1dd285491b7b, 5, 0, 405, 33, 26.83
2026/09/08 21:04:50.093, GPU-ecc6a1f9-42fe-2932-7ea0-1dd285491b7b, 5, 0, 405, 33, 26.83
2026/09/08 21:04:50.297, GPU-ecc6a1f9-42fe-2932-7ea0-1dd285491b7b, 5, 0, 405, 33, 26.83
2026/09/08 21:04:50.500, GPU-ecc6a1f9-42fe-2932-7ea0-1dd285491b7b, 5, 0, 405, 33, 26.83
2026/09/08 21:04:50.706, GPU-ecc6a1f9-42fe-2932-7ea0-1dd285491b7b, 5, 0, 405, 33, 26.83
2026/09/08 21:04:50.909, GPU-ecc6a1f9-42fe-2932-7ea0-1dd285491b7b, 5, 0, 405, 33, 26.83
2026/09/08 21:04:51.113, GPU-ecc6a1f9-42fe-2932-7ea0-1dd285491b7b, 5, 0, 405, 33, 26.83
2026/09/08 21:04:51.316, GPU-ecc6a1f9-42fe-2932-7ea0-1dd285491b7b, 5, 0, 405, 33, 26.83
2026/09/08 21:04:51.520, GPU-ecc6a1f9-42fe-2932-7ea0-1dd285491b7b, 5, 0, 405, 33, 26.83
2026/09/08 21:04:51.725, GPU-ecc6a1f9-42fe-2932-7ea0-1dd285491b7b, 5, 0, 405, 33, 26.83
2026/09/08 21:04:51.928, GPU-ecc6a1f9-42fe-2932-7ea0-1dd285491b7b, 5, 0, 405, 33, 26.83
2026/09/08 21:04:52.132, GPU-ecc6a1f9-42fe-2932-7ea0-1dd285491b7b, 5, 0, 405, 33, 26.83
2026/09/08 21:04:52.335, GPU-ecc6a1f9-42fe-2932-7ea0-1dd285491b7b, 5, 0, 405, 33, 26.83
2026/09/08 21:04:52.539, GPU-ecc6a1f9-42fe-2932-7ea0-1dd285491b7b, 5, 0, 405, 33, 26.83
2026/09/08 21:04:52.744, GPU-ecc6a1f9-42fe-2932-7ea0-1dd285491b7b, 5, 0, 405, 33, 26.83
2026/09/08 21:04:52.948, GPU-ecc6a1f9-42fe-2932-7ea0-1dd285491b7b, 5, 0, 405, 33, 26.83
2026/09/08 21:04:53.151, GPU-ecc6a1f9-42fe-2932-7ea0-1dd285491b7b, 5, 0, 405, 33, 26.83
2026/09/08 21:04:53.355, GPU-ecc6a1f9-42fe-2932-7ea0-1dd285491b7b, 5, 0, 405, 33, 26.83
2026/09/08 21:04:53.558, GPU-ecc6a1f9-42fe-2932-7ea0-1dd285491b7b, 5, 0, 405, 33, 26.83
2026/09/08 21:04:53.764, GPU-ecc6a1f9-42fe-2932-7ea0-1dd285491b7b, 5, 0, 405, 33, 26.83
2026/09/08 21:04:53.967, GPU-ecc6a1f9-42fe-2932-7ea0-1dd285491b7b, 5, 0, 405, 33, 26.83
2026/09/08 21:04:54.171, GPU-ecc6a1f9-42fe-2932-7ea0-1dd285491b7b, 5, 0, 405, 33, 26.83
2026/09/08 21:04:54.374, GPU-ecc6a1f9-42fe-2932-7ea0-1dd285491b7b, 5, 0, 405, 33, 26.83
2026/09/08 21:04:54.578, GPU-ecc6a1f9-42fe-2932-7ea0-1dd285491b7b, 5, 0, 405, 33, 26.83
2026/09/08 21:04:54.783, GPU-ecc6a1f9-42fe-2932-7ea0-1dd285491b7b, 5, 0, 405, 33, 26.83
2026/09/08 21:04:54.986, GPU-ecc6a1f9-42fe-2932-7ea0-1dd285491b7b, 5, 0, 405, 33, 26.83
2026/09/08 21:04:55.190, GPU-ecc6a1f9-42fe-2932-7ea0-1dd285491b7b, 5, 0, 405, 33, 26.83
2026/09/08 21:04:55.394, GPU-ecc6a1f9-42fe-2932-7ea0-1dd285491b7b, 5, 0, 405, 33, 26.83
2026/09/08 21:04:55.597, GPU-ecc6a1f9-42fe-2932-7ea0-1dd285491b7b, 5, 0, 405, 32, 26.83
2026/09/08 21:04:55.803, GPU-ecc6a1f9-42fe-2932-7ea0-1dd285491b7b, 5, 0, 405, 32, 26.83
2026/09/08 21:04:56.006, GPU-ecc6a1f9-42fe-2932-7ea0-1dd285491b7b, 5, 0, 405, 32, 26.83
2026/09/08 21:04:56.210, GPU-ecc6a1f9-42fe-2932-7ea0-1dd285491b7b, 5, 0, 405, 33, 26.83
2026/09/08 21:04:56.413, GPU-ecc6a1f9-42fe-2932-7ea0-1dd285491b7b, 5, 0, 405, 32, 26.83
2026/09/08 21:04:56.617, GPU-ecc6a1f9-42fe-2932-7ea0-1dd285491b7b, 5, 0, 405, 33, 26.83
2026/09/08 21:04:56.822, GPU-ecc6a1f9-42fe-2932-7ea0-1dd285491b7b, 5, 0, 405, 32, 26.83
2026/09/08 21:04:57.025, GPU-ecc6a1f9-42fe-2932-7ea0-1dd285491b7b, 5, 0, 405, 32, 26.84
2026/09/08 21:04:57.229, GPU-ecc6a1f9-42fe-2932-7ea0-1dd285491b7b, 5, 0, 405, 33, 26.83
2026/09/08 21:04:57.432, GPU-ecc6a1f9-42fe-2932-7ea0-1dd285491b7b, 5, 0, 405, 32, 26.83
2026/09/08 21:04:57.636, GPU-ecc6a1f9-42fe-2932-7ea0-1dd285491b7b, 5, 0, 405, 32, 26.83
2026/09/08 21:04:57.841, GPU-ecc6a1f9-42fe-2932-7ea0-1dd285491b7b, 5, 0, 405, 33, 26.83
2026/09/08 21:04:58.045, GPU-ecc6a1f9-42fe-2932-7ea0-1dd285491b7b, 5, 0, 405, 33, 26.83
2026/09/08 21:04:58.248, GPU-ecc6a1f9-42fe-2932-7ea0-1dd285491b7b, 5, 0, 405, 32, 26.83
2026/09/08 21:04:58.452, GPU-ecc6a1f9-42fe-2932-7ea0-1dd285491b7b, 5, 0, 405, 32, 26.83
2026/09/08 21:04:58.655, GPU-ecc6a1f9-42fe-2932-7ea0-1dd285491b7b, 5, 0, 405, 33, 26.83
2026/09/08 21:04:58.861, GPU-ecc6a1f9-42fe-2932-7ea0-1dd285491b7b, 5, 0, 405, 32, 26.83
2026/09/08 21:04:59.064, GPU-ecc6a1f9-42fe-2932-7ea0-1dd285491b7b, 5, 0, 405, 33, 26.83
2026/09/08 21:04:59.268, GPU-ecc6a1f9-42fe-2932-7ea0-1dd285491b7b, 5, 0, 405, 33, 26.83
2026/09/08 21:04:59.471, GPU-ecc6a1f9-42fe-2932-7ea0-1dd285491b7b, 5, 0, 405, 32, 26.83
2026/09/08 21:04:59.675, GPU-ecc6a1f9-42fe-2932-7ea0-1dd285491b7b, 5, 0, 405, 33, 26.83
2026/09/08 21:04:59.880, GPU-ecc6a1f9-42fe-2932-7ea0-1dd285491b7b, 5, 0, 405, 32, 26.83
2026/09/08 21:05:00.084, GPU-ecc6a1f9-42fe-2932-7ea0-1dd285491b7b, 5, 0, 405, 33, 26.83
2026/09/08 21:05:00.287, GPU-ecc6a1f9-42fe-2932-7ea0-1dd285491b7b, 5, 0, 405, 32, 26.83
2026/09/08 21:05:00.491, GPU-ecc6a1f9-42fe-2932-7ea0-1dd285491b7b, 5, 0, 405, 32, 26.83
2026/09/08 21:05:00.695, GPU-ecc6a1f9-42fe-2932-7ea0-1dd285491b7b, 5, 0, 405, 32, 26.83
2026/09/08 21:05:00.899, GPU-ecc6a1f9-42fe-2932-7ea0-1dd285491b7b, 5, 0, 405, 32, 26.83
2026/09/08 21:05:01.103, GPU-ecc6a1f9-42fe-2932-7ea0-1dd285491b7b, 5, 0, 405, 32, 26.83
2026/09/08 21:05:01.307, GPU-ecc6a1f9-42fe-2932-7ea0-1dd285491b7b, 5, 0, 405, 33, 26.83
2026/09/08 21:05:01.510, GPU-ecc6a1f9-42fe-2932-7ea0-1dd285491b7b, 5, 0, 405, 33, 26.83
2026/09/08 21:05:01.714, GPU-ecc6a1f9-42fe-2932-7ea0-1dd285491b7b, 5, 0, 405, 32, 26.83
2026/09/08 21:05:01.917, GPU-ecc6a1f9-42fe-2932-7ea0-1dd285491b7b, 5, 0, 405, 32, 26.83
2026/09/08 21:05:02.121, GPU-ecc6a1f9-42fe-2932-7ea0-1dd285491b7b, 5, 0, 405, 33, 26.83
2026/09/08 21:05:02.326, GPU-ecc6a1f9-42fe-2932-7ea0-1dd285491b7b, 5, 0, 405, 32, 26.83
2026/09/08 21:05:02.530, GPU-ecc6a1f9-42fe-2932-7ea0-1dd285491b7b, 5, 0, 405, 32, 26.83
2026/09/08 21:05:02.733, GPU-ecc6a1f9-42fe-2932-7ea0-1dd285491b7b, 5, 0, 405, 32, 26.83
2026/09/08 21:05:02.937, GPU-ecc6a1f9-42fe-2932-7ea0-1dd285491b7b, 5, 0, 405, 32, 26.83
2026/09/08 21:05:03.140, GPU-ecc6a1f9-42fe-2932-7ea0-1dd285491b7b, 5, 0, 405, 33, 26.83
2026/09/08 21:05:03.344, GPU-ecc6a1f9-42fe-2932-7ea0-1dd285491b7b, 5, 0, 405, 32, 26.83
2026/09/08 21:05:03.549, GPU-ecc6a1f9-42fe-2932-7ea0-1dd285491b7b, 5, 0, 405, 32, 26.83
2026/09/08 21:05:03.753, GPU-ecc6a1f9-42fe-2932-7ea0-1dd285491b7b, 5, 0, 405, 32, 26.83
2026/09/08 21:05:03.956, GPU-ecc6a1f9-42fe-2932-7ea0-1dd285491b7b, 5, 0, 405, 32, 26.83
2026/09/08 21:05:04.160, GPU-ecc6a1f9-42fe-2932-7ea0-1dd285491b7b, 5, 0, 405, 32, 26.83
2026/09/08 21:05:04.363, GPU-ecc6a1f9-42fe-2932-7ea0-1dd285491b7b, 5, 0, 405, 32, 26.83
2026/09/08 21:05:04.568, GPU-ecc6a1f9-42fe-2932-7ea0-1dd285491b7b, 5, 0, 405, 32, 26.83
2026/09/08 21:05:04.772, GPU-ecc6a1f9-42fe-2932-7ea0-1dd285491b7b, 5, 0, 405, 32, 26.83
2026/09/08 21:05:04.975, GPU-ecc6a1f9-42fe-2932-7ea0-1dd285491b7b, 5, 0, 405, 32, 26.83
2026/09/08 21:05:05.179, GPU-ecc6a1f9-42fe-2932-7ea0-1dd285491b7b, 5, 0, 405, 32, 26.83
2026/09/08 21:05:05.382, GPU-ecc6a1f9-42fe-2932-7ea0-1dd285491b7b, 5, 0, 405, 32, 26.83
2026/09/08 21:05:05.588, GPU-ecc6a1f9-42fe-2932-7ea0-1dd285491b7b, 5, 0, 405, 32, 26.83
2026/09/08 21:05:05.791, GPU-ecc6a1f9-42fe-2932-7ea0-1dd285491b7b, 5, 0, 405, 32, 26.83
2026/09/08 21:05:05.995, GPU-ecc6a1f9-42fe-2932-7ea0-1dd285491b7b, 5, 0, 405, 32, 26.83
2026/09/08 21:05:06.198, GPU-ecc6a1f9-42fe-2932-7ea0-1dd285491b7b, 5, 0, 405, 32, 26.83
2026/09/08 21:05:06.402, GPU-ecc6a1f9-42fe-2932-7ea0-1dd285491b7b, 5, 0, 405, 32, 26.83
2026/09/08 21:05:06.608, GPU-ecc6a1f9-42fe-2932-7ea0-1dd285491b7b, 5, 0, 405, 32, 26.83
2026/09/08 21:05:06.811, GPU-ecc6a1f9-42fe-2932-7ea0-1dd285491b7b, 5, 0, 405, 32, 26.83
2026/09/08 21:05:07.015, GPU-ecc6a1f9-42fe-2932-7ea0-1dd285491b7b, 5, 0, 405, 32, 26.83
2026/09/08 21:05:07.218, GPU-ecc6a1f9-42fe-2932-7ea0-1dd285491b7b, 5, 0, 405, 32, 26.83
2026/09/08 21:05:07.422, GPU-ecc6a1f9-42fe-2932-7ea0-1dd285491b7b, 5, 0, 405, 32, 26.83
2026/09/08 21:05:07.627, GPU-ecc6a1f9-42fe-2932-7ea0-1dd285491b7b, 5, 0, 405, 32, 26.83
2026/09/08 21:05:07.831, GPU-ecc6a1f9-42fe-2932-7ea0-1dd285491b7b, 5, 0, 405, 32, 26.83
2026/09/08 21:05:08.034, GPU-ecc6a1f9-42fe-2932-7ea0-1dd285491b7b, 5, 0, 405, 32, 26.83
2026/09/08 21:05:08.238, GPU-ecc6a1f9-42fe-2932-7ea0-1dd285491b7b, 5, 0, 405, 32, 26.83
2026/09/08 21:05:08.441, GPU-ecc6a1f9-42fe-2932-7ea0-1dd285491b7b, 5, 0, 405, 32, 26.83
2026/09/08 21:05:08.646, GPU-ecc6a1f9-42fe-2932-7ea0-1dd285491b7b, 5, 0, 405, 32, 26.83
2026/09/08 21:05:08.850, GPU-ecc6a1f9-42fe-2932-7ea0-1dd285491b7b, 5, 0, 405, 32, 26.83
2026/09/08 21:05:09.053, GPU-ecc6a1f9-42fe-2932-7ea0-1dd285491b7b, 5, 0, 405, 32, 26.83
2026/09/08 21:05:09.257, GPU-ecc6a1f9-42fe-2932-7ea0-1dd285491b7b, 5, 0, 405, 32, 26.83
2026/09/08 21:05:09.460, GPU-ecc6a1f9-42fe-2932-7ea0-1dd285491b7b, 7, 0, 405, 32, 26.83
2026/09/08 21:05:09.666, GPU-ecc6a1f9-42fe-2932-7ea0-1dd285491b7b, 7, 0, 405, 32, 26.83
2026/09/08 21:05:09.869, GPU-ecc6a1f9-42fe-2932-7ea0-1dd285491b7b, 63, 1, 1189, 32, 31.70
2026/09/08 21:05:10.073, GPU-ecc6a1f9-42fe-2932-7ea0-1dd285491b7b, 499, 73, 1316, 33, 139.20
2026/09/08 21:05:10.276, GPU-ecc6a1f9-42fe-2932-7ea0-1dd285491b7b, 499, 100, 1328, 34, 145.01
2026/09/08 21:05:10.480, GPU-ecc6a1f9-42fe-2932-7ea0-1dd285491b7b, 499, 100, 1328, 34, 146.60
2026/09/08 21:05:10.683, GPU-ecc6a1f9-42fe-2932-7ea0-1dd285491b7b, 499, 100, 1328, 35, 145.72
2026/09/08 21:05:10.888, GPU-ecc6a1f9-42fe-2932-7ea0-1dd285491b7b, 499, 100, 1328, 35, 146.22
2026/09/08 21:05:11.092, GPU-ecc6a1f9-42fe-2932-7ea0-1dd285491b7b, 499, 100, 1328, 35, 112.10
2026/09/08 21:05:11.295, GPU-ecc6a1f9-42fe-2932-7ea0-1dd285491b7b, 499, 65, 1328, 35, 118.59
2026/09/08 21:05:11.499, GPU-ecc6a1f9-42fe-2932-7ea0-1dd285491b7b, 499, 100, 1328, 35, 92.32
2026/09/08 21:05:11.703, GPU-ecc6a1f9-42fe-2932-7ea0-1dd285491b7b, 499, 56, 1328, 34, 38.02
2026/09/08 21:05:11.908, GPU-ecc6a1f9-42fe-2932-7ea0-1dd285491b7b, 611, 52, 1328, 34, 96.89
2026/09/08 21:05:12.112, GPU-ecc6a1f9-42fe-2932-7ea0-1dd285491b7b, 611, 30, 1328, 34, 37.53
2026/09/08 21:05:12.315, GPU-ecc6a1f9-42fe-2932-7ea0-1dd285491b7b, 611, 33, 1328, 35, 136.13
2026/09/08 21:05:12.519, GPU-ecc6a1f9-42fe-2932-7ea0-1dd285491b7b, 611, 100, 1328, 35, 136.37
2026/09/08 21:05:12.722, GPU-ecc6a1f9-42fe-2932-7ea0-1dd285491b7b, 611, 91, 1328, 35, 128.45
2026/09/08 21:05:12.927, GPU-ecc6a1f9-42fe-2932-7ea0-1dd285491b7b, 611, 100, 1328, 35, 86.25
2026/09/08 21:05:13.131, GPU-ecc6a1f9-42fe-2932-7ea0-1dd285491b7b, 611, 91, 1328, 36, 137.35
2026/09/08 21:05:13.334, GPU-ecc6a1f9-42fe-2932-7ea0-1dd285491b7b, 611, 98, 1328, 36, 135.40
2026/09/08 21:05:13.538, GPU-ecc6a1f9-42fe-2932-7ea0-1dd285491b7b, 611, 100, 1328, 36, 61.10
2026/09/08 21:05:13.741, GPU-ecc6a1f9-42fe-2932-7ea0-1dd285491b7b, 611, 93, 1328, 36, 130.39
2026/09/08 21:05:13.945, GPU-ecc6a1f9-42fe-2932-7ea0-1dd285491b7b, 611, 100, 1328, 36, 91.79
2026/09/08 21:05:14.148, GPU-ecc6a1f9-42fe-2932-7ea0-1dd285491b7b, 611, 81, 1328, 36, 134.43
2026/09/08 21:05:14.354, GPU-ecc6a1f9-42fe-2932-7ea0-1dd285491b7b, 611, 100, 1328, 36, 134.92
2026/09/08 21:05:14.557, GPU-ecc6a1f9-42fe-2932-7ea0-1dd285491b7b, 611, 87, 1328, 36, 127.97
2026/09/08 21:05:14.760, GPU-ecc6a1f9-42fe-2932-7ea0-1dd285491b7b, 611, 100, 1328, 36, 94.46
2026/09/08 21:05:14.964, GPU-ecc6a1f9-42fe-2932-7ea0-1dd285491b7b, 611, 92, 1328, 36, 135.64
2026/09/08 21:05:15.168, GPU-ecc6a1f9-42fe-2932-7ea0-1dd285491b7b, 611, 100, 1328, 37, 135.64
2026/09/08 21:05:15.371, GPU-ecc6a1f9-42fe-2932-7ea0-1dd285491b7b, 611, 100, 1328, 37, 58.91
2026/09/08 21:05:15.575, GPU-ecc6a1f9-42fe-2932-7ea0-1dd285491b7b, 611, 100, 1328, 37, 130.31
2026/09/08 21:05:15.778, GPU-ecc6a1f9-42fe-2932-7ea0-1dd285491b7b, 611, 100, 1328, 36, 92.03
2026/09/08 21:05:15.983, GPU-ecc6a1f9-42fe-2932-7ea0-1dd285491b7b, 611, 81, 1328, 37, 133.71
2026/09/08 21:05:16.186, GPU-ecc6a1f9-42fe-2932-7ea0-1dd285491b7b, 611, 100, 1328, 37, 134.67
2026/09/08 21:05:16.390, GPU-ecc6a1f9-42fe-2932-7ea0-1dd285491b7b, 611, 100, 1328, 36, 114.22
2026/09/08 21:05:16.593, GPU-ecc6a1f9-42fe-2932-7ea0-1dd285491b7b, 611, 100, 1328, 37, 127.48
2026/09/08 21:05:16.797, GPU-ecc6a1f9-42fe-2932-7ea0-1dd285491b7b, 611, 92, 1328, 37, 137.35
2026/09/08 21:05:17.000, GPU-ecc6a1f9-42fe-2932-7ea0-1dd285491b7b, 611, 100, 1328, 37, 137.58
2026/09/08 21:05:17.205, GPU-ecc6a1f9-42fe-2932-7ea0-1dd285491b7b, 611, 100, 1328, 37, 132.49
2026/09/08 21:05:17.408, GPU-ecc6a1f9-42fe-2932-7ea0-1dd285491b7b, 611, 92, 1328, 37, 131.52
2026/09/08 21:05:17.612, GPU-ecc6a1f9-42fe-2932-7ea0-1dd285491b7b, 611, 100, 1328, 37, 89.41
2026/09/08 21:05:17.815, GPU-ecc6a1f9-42fe-2932-7ea0-1dd285491b7b, 611, 92, 1328, 37, 133.71
2026/09/08 21:05:18.019, GPU-ecc6a1f9-42fe-2932-7ea0-1dd285491b7b, 611, 100, 1328, 37, 133.95
2026/09/08 21:05:18.225, GPU-ecc6a1f9-42fe-2932-7ea0-1dd285491b7b, 611, 100, 1328, 37, 78.52
2026/09/08 21:05:18.428, GPU-ecc6a1f9-42fe-2932-7ea0-1dd285491b7b, 611, 92, 1328, 37, 125.07
2026/09/08 21:05:18.631, GPU-ecc6a1f9-42fe-2932-7ea0-1dd285491b7b, 611, 100, 1328, 37, 85.28
2026/09/08 21:05:18.835, GPU-ecc6a1f9-42fe-2932-7ea0-1dd285491b7b, 611, 92, 1328, 37, 138.32
2026/09/08 21:05:19.038, GPU-ecc6a1f9-42fe-2932-7ea0-1dd285491b7b, 611, 100, 1328, 38, 137.35
2026/09/08 21:05:19.244, GPU-ecc6a1f9-42fe-2932-7ea0-1dd285491b7b, 611, 100, 1328, 37, 61.10
2026/09/08 21:05:19.447, GPU-ecc6a1f9-42fe-2932-7ea0-1dd285491b7b, 611, 92, 1328, 37, 131.04
2026/09/08 21:05:19.651, GPU-ecc6a1f9-42fe-2932-7ea0-1dd285491b7b, 611, 100, 1328, 37, 109.68
2026/09/08 21:05:19.854, GPU-ecc6a1f9-42fe-2932-7ea0-1dd285491b7b, 611, 92, 1328, 38, 135.88
2026/09/08 21:05:20.058, GPU-ecc6a1f9-42fe-2932-7ea0-1dd285491b7b, 611, 100, 1328, 38, 127.24
2026/09/08 21:05:20.263, GPU-ecc6a1f9-42fe-2932-7ea0-1dd285491b7b, 611, 94, 1328, 38, 129.66
2026/09/08 21:05:20.467, GPU-ecc6a1f9-42fe-2932-7ea0-1dd285491b7b, 611, 100, 1328, 38, 70.30
2026/09/08 21:05:20.670, GPU-ecc6a1f9-42fe-2932-7ea0-1dd285491b7b, 611, 93, 1328, 38, 138.30
2026/09/08 21:05:20.874, GPU-ecc6a1f9-42fe-2932-7ea0-1dd285491b7b, 611, 100, 1328, 38, 137.58
2026/09/08 21:05:21.077, GPU-ecc6a1f9-42fe-2932-7ea0-1dd285491b7b, 611, 94, 1328, 38, 131.04
2026/09/08 21:05:21.283, GPU-ecc6a1f9-42fe-2932-7ea0-1dd285491b7b, 611, 100, 1328, 38, 85.28
2026/09/08 21:05:21.486, GPU-ecc6a1f9-42fe-2932-7ea0-1dd285491b7b, 611, 94, 1328, 38, 136.61
2026/09/08 21:05:21.689, GPU-ecc6a1f9-42fe-2932-7ea0-1dd285491b7b, 611, 100, 1328, 38, 135.40
2026/09/08 21:05:21.893, GPU-ecc6a1f9-42fe-2932-7ea0-1dd285491b7b, 611, 100, 1328, 38, 73.18
2026/09/08 21:05:22.096, GPU-ecc6a1f9-42fe-2932-7ea0-1dd285491b7b, 611, 97, 1328, 38, 127.97
2026/09/08 21:05:22.302, GPU-ecc6a1f9-42fe-2932-7ea0-1dd285491b7b, 611, 100, 1328, 38, 113.97
2026/09/08 21:05:22.506, GPU-ecc6a1f9-42fe-2932-7ea0-1dd285491b7b, 611, 94, 1328, 39, 136.61
2026/09/08 21:05:22.709, GPU-ecc6a1f9-42fe-2932-7ea0-1dd285491b7b, 611, 100, 1328, 39, 133.71
2026/09/08 21:05:22.912, GPU-ecc6a1f9-42fe-2932-7ea0-1dd285491b7b, 611, 94, 1328, 38, 132.01
2026/09/08 21:05:23.116, GPU-ecc6a1f9-42fe-2932-7ea0-1dd285491b7b, 611, 100, 1328, 38, 83.82
2026/09/08 21:05:23.322, GPU-ecc6a1f9-42fe-2932-7ea0-1dd285491b7b, 611, 93, 1328, 39, 135.88
2026/09/08 21:05:23.526, GPU-ecc6a1f9-42fe-2932-7ea0-1dd285491b7b, 611, 100, 1328, 39, 136.37
2026/09/08 21:05:23.729, GPU-ecc6a1f9-42fe-2932-7ea0-1dd285491b7b, 611, 100, 1328, 38, 55.26
2026/09/08 21:05:23.933, GPU-ecc6a1f9-42fe-2932-7ea0-1dd285491b7b, 611, 96, 1328, 39, 127.97
2026/09/08 21:05:24.136, GPU-ecc6a1f9-42fe-2932-7ea0-1dd285491b7b, 611, 100, 1328, 38, 105.31
2026/09/08 21:05:24.342, GPU-ecc6a1f9-42fe-2932-7ea0-1dd285491b7b, 611, 93, 1328, 39, 136.61
2026/09/08 21:05:24.546, GPU-ecc6a1f9-42fe-2932-7ea0-1dd285491b7b, 611, 100, 1328, 39, 133.95
2026/09/08 21:05:24.749, GPU-ecc6a1f9-42fe-2932-7ea0-1dd285491b7b, 611, 94, 1328, 38, 128.21
2026/09/08 21:05:24.953, GPU-ecc6a1f9-42fe-2932-7ea0-1dd285491b7b, 611, 100, 1328, 39, 112.53
2026/09/08 21:05:25.156, GPU-ecc6a1f9-42fe-2932-7ea0-1dd285491b7b, 611, 94, 1328, 39, 135.87
2026/09/08 21:05:25.362, GPU-ecc6a1f9-42fe-2932-7ea0-1dd285491b7b, 611, 100, 1328, 39, 135.16
2026/09/08 21:05:25.565, GPU-ecc6a1f9-42fe-2932-7ea0-1dd285491b7b, 611, 100, 1328, 39, 119.81
2026/09/08 21:05:25.769, GPU-ecc6a1f9-42fe-2932-7ea0-1dd285491b7b, 611, 94, 1328, 39, 127.97
2026/09/08 21:05:25.972, GPU-ecc6a1f9-42fe-2932-7ea0-1dd285491b7b, 611, 100, 1328, 39, 105.08
2026/09/08 21:05:26.176, GPU-ecc6a1f9-42fe-2932-7ea0-1dd285491b7b, 611, 83, 1328, 39, 136.84
2026/09/08 21:05:26.381, GPU-ecc6a1f9-42fe-2932-7ea0-1dd285491b7b, 611, 100, 1328, 39, 137.58
2026/09/08 21:05:26.585, GPU-ecc6a1f9-42fe-2932-7ea0-1dd285491b7b, 611, 100, 1328, 39, 69.33
2026/09/08 21:05:26.788, GPU-ecc6a1f9-42fe-2932-7ea0-1dd285491b7b, 611, 89, 1328, 39, 130.56
2026/09/08 21:05:26.992, GPU-ecc6a1f9-42fe-2932-7ea0-1dd285491b7b, 611, 100, 1328, 39, 76.34
2026/09/08 21:05:27.195, GPU-ecc6a1f9-42fe-2932-7ea0-1dd285491b7b, 5, 61, 1328, 38, 38.99
2026/09/08 21:05:27.400, GPU-ecc6a1f9-42fe-2932-7ea0-1dd285491b7b, 5, 6, 1328, 38, 38.51
2026/09/08 21:05:27.604, GPU-ecc6a1f9-42fe-2932-7ea0-1dd285491b7b, 5, 0, 1328, 38, 38.26
2026/09/08 21:05:27.807, GPU-ecc6a1f9-42fe-2932-7ea0-1dd285491b7b, 5, 0, 1328, 38, 38.26
2026/09/08 21:05:28.011, GPU-ecc6a1f9-42fe-2932-7ea0-1dd285491b7b, 5, 0, 1328, 37, 38.02
2026/09/08 21:05:28.214, GPU-ecc6a1f9-42fe-2932-7ea0-1dd285491b7b, 5, 0, 1328, 37, 38.02
2026/09/08 21:05:28.420, GPU-ecc6a1f9-42fe-2932-7ea0-1dd285491b7b, 5, 0, 1328, 37, 38.02
2026/09/08 21:05:28.623, GPU-ecc6a1f9-42fe-2932-7ea0-1dd285491b7b, 5, 0, 1328, 37, 38.02
2026/09/08 21:05:28.827, GPU-ecc6a1f9-42fe-2932-7ea0-1dd285491b7b, 5, 0, 1328, 37, 38.02
2026/09/08 21:05:29.030, GPU-ecc6a1f9-42fe-2932-7ea0-1dd285491b7b, 5, 0, 1328, 37, 37.77
2026/09/08 21:05:29.234, GPU-ecc6a1f9-42fe-2932-7ea0-1dd285491b7b, 5, 0, 1328, 37, 37.77
2026/09/08 21:05:29.437, GPU-ecc6a1f9-42fe-2932-7ea0-1dd285491b7b, 5, 0, 1328, 37, 37.77
2026/09/08 21:05:29.643, GPU-ecc6a1f9-42fe-2932-7ea0-1dd285491b7b, 5, 0, 1328, 37, 37.77
2026/09/08 21:05:29.846, GPU-ecc6a1f9-42fe-2932-7ea0-1dd285491b7b, 5, 0, 455, 37, 28.53
2026/09/08 21:05:30.050, GPU-ecc6a1f9-42fe-2932-7ea0-1dd285491b7b, 5, 0, 455, 37, 28.29
2026/09/08 21:05:30.253, GPU-ecc6a1f9-42fe-2932-7ea0-1dd285491b7b, 5, 0, 455, 36, 28.29
2026/09/08 21:05:30.457, GPU-ecc6a1f9-42fe-2932-7ea0-1dd285491b7b, 5, 0, 455, 36, 28.29
2026/09/08 21:05:30.664, GPU-ecc6a1f9-42fe-2932-7ea0-1dd285491b7b, 5, 0, 455, 36, 28.29
2026/09/08 21:05:30.867, GPU-ecc6a1f9-42fe-2932-7ea0-1dd285491b7b, 5, 0, 455, 36, 28.29
2026/09/08 21:05:31.071, GPU-ecc6a1f9-42fe-2932-7ea0-1dd285491b7b, 5, 0, 455, 36, 28.29
2026/09/08 21:05:31.274, GPU-ecc6a1f9-42fe-2932-7ea0-1dd285491b7b, 5, 0, 455, 36, 28.29
2026/09/08 21:05:31.478, GPU-ecc6a1f9-42fe-2932-7ea0-1dd285491b7b, 5, 0, 455, 36, 28.29
2026/09/08 21:05:31.683, GPU-ecc6a1f9-42fe-2932-7ea0-1dd285491b7b, 5, 0, 455, 36, 28.29
2026/09/08 21:05:31.887, GPU-ecc6a1f9-42fe-2932-7ea0-1dd285491b7b, 5, 0, 455, 36, 28.29
2026/09/08 21:05:32.090, GPU-ecc6a1f9-42fe-2932-7ea0-1dd285491b7b, 5, 0, 455, 36, 28.29
2026/09/08 21:05:32.294, GPU-ecc6a1f9-42fe-2932-7ea0-1dd285491b7b, 5, 0, 455, 36, 28.29
2026/09/08 21:05:32.497, GPU-ecc6a1f9-42fe-2932-7ea0-1dd285491b7b, 5, 0, 405, 36, 27.56
2026/09/08 21:05:32.702, GPU-ecc6a1f9-42fe-2932-7ea0-1dd285491b7b, 5, 0, 405, 36, 27.31
2026/09/08 21:05:32.906, GPU-ecc6a1f9-42fe-2932-7ea0-1dd285491b7b, 5, 0, 405, 36, 27.31
2026/09/08 21:05:33.109, GPU-ecc6a1f9-42fe-2932-7ea0-1dd285491b7b, 5, 0, 405, 36, 27.31
2026/09/08 21:05:33.313, GPU-ecc6a1f9-42fe-2932-7ea0-1dd285491b7b, 5, 0, 405, 36, 27.31
2026/09/08 21:05:33.517, GPU-ecc6a1f9-42fe-2932-7ea0-1dd285491b7b, 5, 0, 405, 36, 27.31
2026/09/08 21:05:33.722, GPU-ecc6a1f9-42fe-2932-7ea0-1dd285491b7b, 5, 0, 405, 36, 27.31
2026/09/08 21:05:33.926, GPU-ecc6a1f9-42fe-2932-7ea0-1dd285491b7b, 5, 0, 405, 36, 27.31
2026/09/08 21:05:34.129, GPU-ecc6a1f9-42fe-2932-7ea0-1dd285491b7b, 5, 0, 405, 36, 27.31
2026/09/08 21:05:34.333, GPU-ecc6a1f9-42fe-2932-7ea0-1dd285491b7b, 5, 0, 405, 36, 27.31
2026/09/08 21:05:34.536, GPU-ecc6a1f9-42fe-2932-7ea0-1dd285491b7b, 5, 0, 405, 36, 27.31
2026/09/08 21:05:34.741, GPU-ecc6a1f9-42fe-2932-7ea0-1dd285491b7b, 5, 0, 405, 36, 27.31
2026/09/08 21:05:34.945, GPU-ecc6a1f9-42fe-2932-7ea0-1dd285491b7b, 5, 0, 405, 36, 27.31
2026/09/08 21:05:35.149, GPU-ecc6a1f9-42fe-2932-7ea0-1dd285491b7b, 5, 0, 405, 36, 27.31
2026/09/08 21:05:35.352, GPU-ecc6a1f9-42fe-2932-7ea0-1dd285491b7b, 5, 0, 405, 36, 27.31
2026/09/08 21:05:35.556, GPU-ecc6a1f9-42fe-2932-7ea0-1dd285491b7b, 5, 0, 405, 35, 27.31
2026/09/08 21:05:35.761, GPU-ecc6a1f9-42fe-2932-7ea0-1dd285491b7b, 5, 0, 405, 36, 27.31
2026/09/08 21:05:35.964, GPU-ecc6a1f9-42fe-2932-7ea0-1dd285491b7b, 5, 0, 405, 35, 27.31
2026/09/08 21:05:36.168, GPU-ecc6a1f9-42fe-2932-7ea0-1dd285491b7b, 5, 0, 405, 36, 27.31
2026/09/08 21:05:36.371, GPU-ecc6a1f9-42fe-2932-7ea0-1dd285491b7b, 5, 0, 405, 35, 27.31
2026/09/08 21:05:36.575, GPU-ecc6a1f9-42fe-2932-7ea0-1dd285491b7b, 5, 0, 405, 35, 27.31
2026/09/08 21:05:36.780, GPU-ecc6a1f9-42fe-2932-7ea0-1dd285491b7b, 5, 0, 405, 35, 27.31
2026/09/08 21:05:36.984, GPU-ecc6a1f9-42fe-2932-7ea0-1dd285491b7b, 5, 0, 405, 35, 27.31
2026/09/08 21:05:37.187, GPU-ecc6a1f9-42fe-2932-7ea0-1dd285491b7b, 5, 0, 405, 35, 27.31
2026/09/08 21:05:37.391, GPU-ecc6a1f9-42fe-2932-7ea0-1dd285491b7b, 5, 0, 405, 35, 27.31
2026/09/08 21:05:37.594, GPU-ecc6a1f9-42fe-2932-7ea0-1dd285491b7b, 5, 0, 405, 35, 27.31
2026/09/08 21:05:37.800, GPU-ecc6a1f9-42fe-2932-7ea0-1dd285491b7b, 5, 0, 405, 35, 27.31
2026/09/08 21:05:38.003, GPU-ecc6a1f9-42fe-2932-7ea0-1dd285491b7b, 5, 0, 405, 35, 27.31
2026/09/08 21:05:38.207, GPU-ecc6a1f9-42fe-2932-7ea0-1dd285491b7b, 5, 0, 405, 35, 27.31
2026/09/08 21:05:38.410, GPU-ecc6a1f9-42fe-2932-7ea0-1dd285491b7b, 5, 0, 405, 35, 27.31
2026/09/08 21:05:38.614, GPU-ecc6a1f9-42fe-2932-7ea0-1dd285491b7b, 5, 0, 405, 35, 27.31
2026/09/08 21:05:38.819, GPU-ecc6a1f9-42fe-2932-7ea0-1dd285491b7b, 5, 0, 405, 35, 27.31
2026/09/08 21:05:39.022, GPU-ecc6a1f9-42fe-2932-7ea0-1dd285491b7b, 5, 0, 405, 35, 27.31
2026/09/08 21:05:39.226, GPU-ecc6a1f9-42fe-2932-7ea0-1dd285491b7b, 5, 0, 405, 35, 27.31
2026/09/08 21:05:39.429, GPU-ecc6a1f9-42fe-2932-7ea0-1dd285491b7b, 5, 0, 405, 35, 27.31
2026/09/08 21:05:39.633, GPU-ecc6a1f9-42fe-2932-7ea0-1dd285491b7b, 5, 0, 405, 35, 27.31
2026/09/08 21:05:39.838, GPU-ecc6a1f9-42fe-2932-7ea0-1dd285491b7b, 5, 0, 405, 35, 27.31
2026/09/08 21:05:40.042, GPU-ecc6a1f9-42fe-2932-7ea0-1dd285491b7b, 5, 0, 405, 35, 27.31
2026/09/08 21:05:40.245, GPU-ecc6a1f9-42fe-2932-7ea0-1dd285491b7b, 5, 0, 405, 35, 27.31
2026/09/08 21:05:40.449, GPU-ecc6a1f9-42fe-2932-7ea0-1dd285491b7b, 5, 0, 405, 35, 27.31
2026/09/08 21:05:40.652, GPU-ecc6a1f9-42fe-2932-7ea0-1dd285491b7b, 5, 0, 405, 35, 27.31
2026/09/08 21:05:40.858, GPU-ecc6a1f9-42fe-2932-7ea0-1dd285491b7b, 5, 0, 405, 35, 27.31
2026/09/08 21:05:41.061, GPU-ecc6a1f9-42fe-2932-7ea0-1dd285491b7b, 5, 0, 405, 35, 27.31
2026/09/08 21:05:41.265, GPU-ecc6a1f9-42fe-2932-7ea0-1dd285491b7b, 5, 0, 405, 35, 27.31
2026/09/08 21:05:41.468, GPU-ecc6a1f9-42fe-2932-7ea0-1dd285491b7b, 5, 0, 405, 35, 27.31
2026/09/08 21:05:41.672, GPU-ecc6a1f9-42fe-2932-7ea0-1dd285491b7b, 5, 0, 405, 35, 27.31
2026/09/08 21:05:41.877, GPU-ecc6a1f9-42fe-2932-7ea0-1dd285491b7b, 5, 0, 405, 35, 27.31
2026/09/08 21:05:42.081, GPU-ecc6a1f9-42fe-2932-7ea0-1dd285491b7b, 5, 0, 405, 35, 27.31
2026/09/08 21:05:42.284, GPU-ecc6a1f9-42fe-2932-7ea0-1dd285491b7b, 5, 0, 405, 35, 27.31
2026/09/08 21:05:42.488, GPU-ecc6a1f9-42fe-2932-7ea0-1dd285491b7b, 5, 0, 405, 35, 27.31
2026/09/08 21:05:42.691, GPU-ecc6a1f9-42fe-2932-7ea0-1dd285491b7b, 5, 0, 405, 35, 27.31
2026/09/08 21:05:42.896, GPU-ecc6a1f9-42fe-2932-7ea0-1dd285491b7b, 5, 0, 405, 35, 27.31
2026/09/08 21:05:43.100, GPU-ecc6a1f9-42fe-2932-7ea0-1dd285491b7b, 5, 0, 405, 35, 27.31
2026/09/08 21:05:43.303, GPU-ecc6a1f9-42fe-2932-7ea0-1dd285491b7b, 5, 0, 405, 35, 27.31
2026/09/08 21:05:43.507, GPU-ecc6a1f9-42fe-2932-7ea0-1dd285491b7b, 5, 0, 405, 35, 27.07
2026/09/08 21:05:43.710, GPU-ecc6a1f9-42fe-2932-7ea0-1dd285491b7b, 5, 0, 405, 35, 27.31
2026/09/08 21:05:43.916, GPU-ecc6a1f9-42fe-2932-7ea0-1dd285491b7b, 5, 0, 405, 35, 27.31
2026/09/08 21:05:44.119, GPU-ecc6a1f9-42fe-2932-7ea0-1dd285491b7b, 5, 0, 405, 35, 27.07
2026/09/08 21:05:44.323, GPU-ecc6a1f9-42fe-2932-7ea0-1dd285491b7b, 5, 0, 405, 35, 27.07
2026/09/08 21:05:44.526, GPU-ecc6a1f9-42fe-2932-7ea0-1dd285491b7b, 5, 0, 405, 35, 27.07
2026/09/08 21:05:44.730, GPU-ecc6a1f9-42fe-2932-7ea0-1dd285491b7b, 5, 0, 405, 34, 27.31
2026/09/08 21:05:44.936, GPU-ecc6a1f9-42fe-2932-7ea0-1dd285491b7b, 5, 0, 405, 35, 27.07
2026/09/08 21:05:45.139, GPU-ecc6a1f9-42fe-2932-7ea0-1dd285491b7b, 5, 0, 405, 35, 27.31
2026/09/08 21:05:45.343, GPU-ecc6a1f9-42fe-2932-7ea0-1dd285491b7b, 5, 0, 405, 34, 27.07
2026/09/08 21:05:45.547, GPU-ecc6a1f9-42fe-2932-7ea0-1dd285491b7b, 5, 0, 405, 35, 27.07
2026/09/08 21:05:45.751, GPU-ecc6a1f9-42fe-2932-7ea0-1dd285491b7b, 5, 0, 405, 35, 27.07
2026/09/08 21:05:45.956, GPU-ecc6a1f9-42fe-2932-7ea0-1dd285491b7b, 5, 0, 405, 35, 27.07
2026/09/08 21:05:46.159, GPU-ecc6a1f9-42fe-2932-7ea0-1dd285491b7b, 5, 0, 405, 35, 27.07
2026/09/08 21:05:46.363, GPU-ecc6a1f9-42fe-2932-7ea0-1dd285491b7b, 5, 0, 405, 34, 27.07
2026/09/08 21:05:46.566, GPU-ecc6a1f9-42fe-2932-7ea0-1dd285491b7b, 5, 0, 405, 34, 27.07
2026/09/08 21:05:46.770, GPU-ecc6a1f9-42fe-2932-7ea0-1dd285491b7b, 5, 0, 405, 34, 27.07
2026/09/08 21:05:46.975, GPU-ecc6a1f9-42fe-2932-7ea0-1dd285491b7b, 5, 0, 405, 34, 27.07
2026/09/08 21:05:47.179, GPU-ecc6a1f9-42fe-2932-7ea0-1dd285491b7b, 5, 0, 405, 35, 27.07
2026/09/08 21:05:47.382, GPU-ecc6a1f9-42fe-2932-7ea0-1dd285491b7b, 5, 0, 405, 34, 27.07
2026/09/08 21:05:47.586, GPU-ecc6a1f9-42fe-2932-7ea0-1dd285491b7b, 5, 0, 405, 34, 27.07
2026/09/08 21:05:47.789, GPU-ecc6a1f9-42fe-2932-7ea0-1dd285491b7b, 5, 0, 405, 35, 27.07
2026/09/08 21:05:47.993, GPU-ecc6a1f9-42fe-2932-7ea0-1dd285491b7b, 5, 0, 405, 35, 27.07
2026/09/08 21:05:48.199, GPU-ecc6a1f9-42fe-2932-7ea0-1dd285491b7b, 5, 0, 405, 34, 27.07
2026/09/08 21:05:48.403, GPU-ecc6a1f9-42fe-2932-7ea0-1dd285491b7b, 5, 0, 405, 34, 27.07
2026/09/08 21:05:48.606, GPU-ecc6a1f9-42fe-2932-7ea0-1dd285491b7b, 5, 0, 405, 34, 27.07
2026/09/08 21:05:48.809, GPU-ecc6a1f9-42fe-2932-7ea0-1dd285491b7b, 5, 0, 405, 34, 27.07
2026/09/08 21:05:49.013, GPU-ecc6a1f9-42fe-2932-7ea0-1dd285491b7b, 5, 0, 405, 34, 27.07
2026/09/08 21:05:49.216, GPU-ecc6a1f9-42fe-2932-7ea0-1dd285491b7b, 5, 0, 405, 34, 27.07
2026/09/08 21:05:49.422, GPU-ecc6a1f9-42fe-2932-7ea0-1dd285491b7b, 5, 0, 405, 34, 27.07
2026/09/08 21:05:49.625, GPU-ecc6a1f9-42fe-2932-7ea0-1dd285491b7b, 5, 0, 405, 34, 27.07
2026/09/08 21:05:49.829, GPU-ecc6a1f9-42fe-2932-7ea0-1dd285491b7b, 5, 0, 405, 34, 27.07
2026/09/08 21:05:50.032, GPU-ecc6a1f9-42fe-2932-7ea0-1dd285491b7b, 5, 0, 405, 34, 27.07
2026/09/08 21:05:50.236, GPU-ecc6a1f9-42fe-2932-7ea0-1dd285491b7b, 5, 0, 405, 34, 27.07
2026/09/08 21:05:50.439, GPU-ecc6a1f9-42fe-2932-7ea0-1dd285491b7b, 5, 0, 405, 34, 27.07
2026/09/08 21:05:50.644, GPU-ecc6a1f9-42fe-2932-7ea0-1dd285491b7b, 5, 0, 405, 34, 27.07
2026/09/08 21:05:50.848, GPU-ecc6a1f9-42fe-2932-7ea0-1dd285491b7b, 5, 0, 405, 34, 27.07
2026/09/08 21:05:51.051, GPU-ecc6a1f9-42fe-2932-7ea0-1dd285491b7b, 5, 0, 405, 34, 27.07
2026/09/08 21:05:51.255, GPU-ecc6a1f9-42fe-2932-7ea0-1dd285491b7b, 5, 0, 405, 34, 27.07
2026/09/08 21:05:51.458, GPU-ecc6a1f9-42fe-2932-7ea0-1dd285491b7b, 5, 0, 405, 34, 27.07
2026/09/08 21:05:51.665, GPU-ecc6a1f9-42fe-2932-7ea0-1dd285491b7b, 5, 0, 405, 34, 27.07
2026/09/08 21:05:51.868, GPU-ecc6a1f9-42fe-2932-7ea0-1dd285491b7b, 5, 0, 405, 34, 27.07
2026/09/08 21:05:52.072, GPU-ecc6a1f9-42fe-2932-7ea0-1dd285491b7b, 5, 0, 405, 34, 27.07
2026/09/08 21:05:52.275, GPU-ecc6a1f9-42fe-2932-7ea0-1dd285491b7b, 5, 0, 405, 34, 27.07
2026/09/08 21:05:52.479, GPU-ecc6a1f9-42fe-2932-7ea0-1dd285491b7b, 5, 0, 405, 34, 27.07
2026/09/08 21:05:52.684, GPU-ecc6a1f9-42fe-2932-7ea0-1dd285491b7b, 5, 0, 405, 34, 27.07
2026/09/08 21:05:52.887, GPU-ecc6a1f9-42fe-2932-7ea0-1dd285491b7b, 5, 0, 405, 34, 27.07
2026/09/08 21:05:53.091, GPU-ecc6a1f9-42fe-2932-7ea0-1dd285491b7b, 5, 0, 405, 34, 27.07
2026/09/08 21:05:53.294, GPU-ecc6a1f9-42fe-2932-7ea0-1dd285491b7b, 5, 0, 405, 34, 27.07
2026/09/08 21:05:53.498, GPU-ecc6a1f9-42fe-2932-7ea0-1dd285491b7b, 5, 0, 405, 34, 27.07
2026/09/08 21:05:53.703, GPU-ecc6a1f9-42fe-2932-7ea0-1dd285491b7b, 5, 0, 405, 34, 27.07
2026/09/08 21:05:53.907, GPU-ecc6a1f9-42fe-2932-7ea0-1dd285491b7b, 5, 0, 405, 34, 27.07
2026/09/08 21:05:54.110, GPU-ecc6a1f9-42fe-2932-7ea0-1dd285491b7b, 5, 0, 405, 34, 27.07
2026/09/08 21:05:54.314, GPU-ecc6a1f9-42fe-2932-7ea0-1dd285491b7b, 5, 0, 405, 34, 27.07
2026/09/08 21:05:54.517, GPU-ecc6a1f9-42fe-2932-7ea0-1dd285491b7b, 5, 0, 405, 34, 27.07
2026/09/08 21:05:54.722, GPU-ecc6a1f9-42fe-2932-7ea0-1dd285491b7b, 5, 0, 405, 34, 27.07
2026/09/08 21:05:54.926, GPU-ecc6a1f9-42fe-2932-7ea0-1dd285491b7b, 5, 0, 405, 34, 27.07
2026/09/08 21:05:55.129, GPU-ecc6a1f9-42fe-2932-7ea0-1dd285491b7b, 5, 0, 405, 34, 27.07
2026/09/08 21:05:55.333, GPU-ecc6a1f9-42fe-2932-7ea0-1dd285491b7b, 5, 0, 405, 34, 27.07
2026/09/08 21:05:55.536, GPU-ecc6a1f9-42fe-2932-7ea0-1dd285491b7b, 5, 0, 405, 34, 27.07
2026/09/08 21:05:55.742, GPU-ecc6a1f9-42fe-2932-7ea0-1dd285491b7b, 5, 0, 405, 34, 27.07
2026/09/08 21:05:55.945, GPU-ecc6a1f9-42fe-2932-7ea0-1dd285491b7b, 5, 0, 405, 34, 27.07
2026/09/08 21:05:56.149, GPU-ecc6a1f9-42fe-2932-7ea0-1dd285491b7b, 5, 0, 405, 34, 27.07
2026/09/08 21:05:56.352, GPU-ecc6a1f9-42fe-2932-7ea0-1dd285491b7b, 5, 0, 405, 34, 27.07
2026/09/08 21:05:56.556, GPU-ecc6a1f9-42fe-2932-7ea0-1dd285491b7b, 5, 0, 405, 34, 27.07
2026/09/08 21:05:56.761, GPU-ecc6a1f9-42fe-2932-7ea0-1dd285491b7b, 5, 0, 405, 34, 27.07
2026/09/08 21:05:56.965, GPU-ecc6a1f9-42fe-2932-7ea0-1dd285491b7b, 5, 0, 405, 34, 27.07
2026/09/08 21:05:57.168, GPU-ecc6a1f9-42fe-2932-7ea0-1dd285491b7b, 5, 0, 405, 34, 27.07
2026/09/08 21:05:57.372, GPU-ecc6a1f9-42fe-2932-7ea0-1dd285491b7b, 5, 0, 405, 34, 27.07
2026/09/08 21:05:57.575, GPU-ecc6a1f9-42fe-2932-7ea0-1dd285491b7b, 5, 0, 405, 34, 27.07
2026/09/08 21:05:57.781, GPU-ecc6a1f9-42fe-2932-7ea0-1dd285491b7b, 5, 0, 405, 34, 27.07
2026/09/08 21:05:57.984, GPU-ecc6a1f9-42fe-2932-7ea0-1dd285491b7b, 5, 0, 405, 34, 27.07
2026/09/08 21:05:58.188, GPU-ecc6a1f9-42fe-2932-7ea0-1dd285491b7b, 5, 0, 405, 34, 27.07
2026/09/08 21:05:58.391, GPU-ecc6a1f9-42fe-2932-7ea0-1dd285491b7b, 5, 0, 405, 34, 27.07
2026/09/08 21:05:58.595, GPU-ecc6a1f9-42fe-2932-7ea0-1dd285491b7b, 5, 0, 405, 34, 27.07
2026/09/08 21:05:58.800, GPU-ecc6a1f9-42fe-2932-7ea0-1dd285491b7b, 5, 0, 405, 34, 27.07
2026/09/08 21:05:59.003, GPU-ecc6a1f9-42fe-2932-7ea0-1dd285491b7b, 5, 0, 405, 34, 27.07
2026/09/08 21:05:59.207, GPU-ecc6a1f9-42fe-2932-7ea0-1dd285491b7b, 5, 0, 405, 34, 27.07
2026/09/08 21:05:59.410, GPU-ecc6a1f9-42fe-2932-7ea0-1dd285491b7b, 5, 0, 405, 34, 27.07
2026/09/08 21:05:59.614, GPU-ecc6a1f9-42fe-2932-7ea0-1dd285491b7b, 5, 0, 405, 34, 27.07
2026/09/08 21:05:59.820, GPU-ecc6a1f9-42fe-2932-7ea0-1dd285491b7b, 5, 0, 405, 34, 27.07
2026/09/08 21:06:00.023, GPU-ecc6a1f9-42fe-2932-7ea0-1dd285491b7b, 5, 0, 405, 34, 27.07
2026/09/08 21:06:00.227, GPU-ecc6a1f9-42fe-2932-7ea0-1dd285491b7b, 5, 0, 405, 34, 27.07
2026/09/08 21:06:00.430, GPU-ecc6a1f9-42fe-2932-7ea0-1dd285491b7b, 5, 0, 405, 34, 27.07
2026/09/08 21:06:00.634, GPU-ecc6a1f9-42fe-2932-7ea0-1dd285491b7b, 5, 0, 405, 34, 27.07
2026/09/08 21:06:00.839, GPU-ecc6a1f9-42fe-2932-7ea0-1dd285491b7b, 5, 0, 405, 34, 27.07
2026/09/08 21:06:01.042, GPU-ecc6a1f9-42fe-2932-7ea0-1dd285491b7b, 5, 0, 405, 33, 27.07
2026/09/08 21:06:01.246, GPU-ecc6a1f9-42fe-2932-7ea0-1dd285491b7b, 5, 0, 405, 34, 27.07
2026/09/08 21:06:01.449, GPU-ecc6a1f9-42fe-2932-7ea0-1dd285491b7b, 5, 0, 405, 34, 27.07
2026/09/08 21:06:01.653, GPU-ecc6a1f9-42fe-2932-7ea0-1dd285491b7b, 5, 0, 405, 33, 27.07
2026/09/08 21:06:01.858, GPU-ecc6a1f9-42fe-2932-7ea0-1dd285491b7b, 5, 0, 405, 33, 27.07
2026/09/08 21:06:02.062, GPU-ecc6a1f9-42fe-2932-7ea0-1dd285491b7b, 5, 0, 405, 33, 27.07
2026/09/08 21:06:02.265, GPU-ecc6a1f9-42fe-2932-7ea0-1dd285491b7b, 5, 0, 405, 34, 27.07
2026/09/08 21:06:02.469, GPU-ecc6a1f9-42fe-2932-7ea0-1dd285491b7b, 5, 0, 405, 34, 27.07
2026/09/08 21:06:02.672, GPU-ecc6a1f9-42fe-2932-7ea0-1dd285491b7b, 5, 0, 405, 34, 27.07
2026/09/08 21:06:02.878, GPU-ecc6a1f9-42fe-2932-7ea0-1dd285491b7b, 5, 0, 405, 33, 26.83
2026/09/08 21:06:03.081, GPU-ecc6a1f9-42fe-2932-7ea0-1dd285491b7b, 5, 0, 405, 33, 26.83
2026/09/08 21:06:03.285, GPU-ecc6a1f9-42fe-2932-7ea0-1dd285491b7b, 7, 0, 405, 33, 26.83
2026/09/08 21:06:03.488, GPU-ecc6a1f9-42fe-2932-7ea0-1dd285491b7b, 63, 0, 1189, 33, 31.68
2026/09/08 21:06:03.692, GPU-ecc6a1f9-42fe-2932-7ea0-1dd285491b7b, 461, 19, 1189, 34, 32.92
2026/09/08 21:06:03.897, GPU-ecc6a1f9-42fe-2932-7ea0-1dd285491b7b, 573, 21, 1189, 34, 32.66
2026/09/08 21:06:04.101, GPU-ecc6a1f9-42fe-2932-7ea0-1dd285491b7b, 573, 1, 1189, 34, 90.08
2026/09/08 21:06:04.304, GPU-ecc6a1f9-42fe-2932-7ea0-1dd285491b7b, 573, 30, 1189, 34, 49.44
2026/09/08 21:06:04.508, GPU-ecc6a1f9-42fe-2932-7ea0-1dd285491b7b, 573, 52, 1316, 34, 70.06
2026/09/08 21:06:04.712, GPU-ecc6a1f9-42fe-2932-7ea0-1dd285491b7b, 573, 82, 1328, 36, 176.37
2026/09/08 21:06:04.918, GPU-ecc6a1f9-42fe-2932-7ea0-1dd285491b7b, 573, 100, 1328, 37, 180.39
2026/09/08 21:06:05.121, GPU-ecc6a1f9-42fe-2932-7ea0-1dd285491b7b, 573, 100, 1328, 38, 201.02
2026/09/08 21:06:05.324, GPU-ecc6a1f9-42fe-2932-7ea0-1dd285491b7b, 573, 100, 1328, 38, 189.90
2026/09/08 21:06:05.528, GPU-ecc6a1f9-42fe-2932-7ea0-1dd285491b7b, 573, 100, 1328, 39, 181.79
2026/09/08 21:06:05.731, GPU-ecc6a1f9-42fe-2932-7ea0-1dd285491b7b, 573, 100, 1328, 39, 175.64
2026/09/08 21:06:05.935, GPU-ecc6a1f9-42fe-2932-7ea0-1dd285491b7b, 573, 100, 1328, 39, 172.62
2026/09/08 21:06:06.138, GPU-ecc6a1f9-42fe-2932-7ea0-1dd285491b7b, 573, 100, 1328, 39, 172.89
2026/09/08 21:06:06.345, GPU-ecc6a1f9-42fe-2932-7ea0-1dd285491b7b, 573, 100, 1328, 39, 170.44
2026/09/08 21:06:06.549, GPU-ecc6a1f9-42fe-2932-7ea0-1dd285491b7b, 573, 100, 1328, 40, 184.01
2026/09/08 21:06:06.752, GPU-ecc6a1f9-42fe-2932-7ea0-1dd285491b7b, 573, 100, 1328, 40, 187.39
2026/09/08 21:06:06.956, GPU-ecc6a1f9-42fe-2932-7ea0-1dd285491b7b, 573, 100, 1328, 40, 188.84
2026/09/08 21:06:07.159, GPU-ecc6a1f9-42fe-2932-7ea0-1dd285491b7b, 573, 100, 1328, 40, 192.43
2026/09/08 21:06:07.362, GPU-ecc6a1f9-42fe-2932-7ea0-1dd285491b7b, 573, 100, 1328, 40, 175.43
2026/09/08 21:06:07.566, GPU-ecc6a1f9-42fe-2932-7ea0-1dd285491b7b, 573, 100, 1328, 40, 178.21
2026/09/08 21:06:07.773, GPU-ecc6a1f9-42fe-2932-7ea0-1dd285491b7b, 573, 100, 1328, 41, 179.85
2026/09/08 21:06:07.977, GPU-ecc6a1f9-42fe-2932-7ea0-1dd285491b7b, 573, 100, 1328, 41, 174.78
2026/09/08 21:06:08.180, GPU-ecc6a1f9-42fe-2932-7ea0-1dd285491b7b, 573, 100, 1328, 41, 174.43
2026/09/08 21:06:08.384, GPU-ecc6a1f9-42fe-2932-7ea0-1dd285491b7b, 573, 100, 1328, 41, 187.63
2026/09/08 21:06:08.587, GPU-ecc6a1f9-42fe-2932-7ea0-1dd285491b7b, 573, 100, 1328, 41, 171.81
2026/09/08 21:06:08.790, GPU-ecc6a1f9-42fe-2932-7ea0-1dd285491b7b, 573, 100, 1328, 41, 187.78
2026/09/08 21:06:08.994, GPU-ecc6a1f9-42fe-2932-7ea0-1dd285491b7b, 573, 100, 1328, 41, 193.30
2026/09/08 21:06:09.200, GPU-ecc6a1f9-42fe-2932-7ea0-1dd285491b7b, 573, 100, 1328, 42, 179.27
2026/09/08 21:06:09.404, GPU-ecc6a1f9-42fe-2932-7ea0-1dd285491b7b, 573, 100, 1328, 41, 178.78
2026/09/08 21:06:09.607, GPU-ecc6a1f9-42fe-2932-7ea0-1dd285491b7b, 573, 100, 1328, 42, 187.39
2026/09/08 21:06:09.811, GPU-ecc6a1f9-42fe-2932-7ea0-1dd285491b7b, 573, 100, 1328, 42, 157.25
2026/09/08 21:06:10.014, GPU-ecc6a1f9-42fe-2932-7ea0-1dd285491b7b, 573, 100, 1328, 42, 187.87
2026/09/08 21:06:10.221, GPU-ecc6a1f9-42fe-2932-7ea0-1dd285491b7b, 573, 100, 1328, 42, 199.96
2026/09/08 21:06:10.424, GPU-ecc6a1f9-42fe-2932-7ea0-1dd285491b7b, 573, 100, 1328, 42, 180.14
2026/09/08 21:06:10.627, GPU-ecc6a1f9-42fe-2932-7ea0-1dd285491b7b, 573, 100, 1328, 42, 185.21
2026/09/08 21:06:10.831, GPU-ecc6a1f9-42fe-2932-7ea0-1dd285491b7b, 573, 100, 1328, 42, 190.19
2026/09/08 21:06:11.034, GPU-ecc6a1f9-42fe-2932-7ea0-1dd285491b7b, 573, 100, 1328, 42, 180.87
2026/09/08 21:06:11.240, GPU-ecc6a1f9-42fe-2932-7ea0-1dd285491b7b, 573, 100, 1328, 43, 186.18
2026/09/08 21:06:11.443, GPU-ecc6a1f9-42fe-2932-7ea0-1dd285491b7b, 573, 100, 1328, 43, 189.80
2026/09/08 21:06:11.647, GPU-ecc6a1f9-42fe-2932-7ea0-1dd285491b7b, 573, 100, 1328, 43, 174.07
2026/09/08 21:06:11.850, GPU-ecc6a1f9-42fe-2932-7ea0-1dd285491b7b, 573, 100, 1328, 43, 188.49
2026/09/08 21:06:12.054, GPU-ecc6a1f9-42fe-2932-7ea0-1dd285491b7b, 573, 100, 1328, 43, 179.27
2026/09/08 21:06:12.259, GPU-ecc6a1f9-42fe-2932-7ea0-1dd285491b7b, 573, 100, 1328, 43, 181.44
2026/09/08 21:06:12.463, GPU-ecc6a1f9-42fe-2932-7ea0-1dd285491b7b, 573, 100, 1328, 43, 173.98
2026/09/08 21:06:12.666, GPU-ecc6a1f9-42fe-2932-7ea0-1dd285491b7b, 573, 100, 1328, 43, 187.87
2026/09/08 21:06:12.869, GPU-ecc6a1f9-42fe-2932-7ea0-1dd285491b7b, 573, 100, 1328, 43, 189.56
2026/09/08 21:06:13.073, GPU-ecc6a1f9-42fe-2932-7ea0-1dd285491b7b, 573, 51, 1328, 42, 71.03
2026/09/08 21:06:13.279, GPU-ecc6a1f9-42fe-2932-7ea0-1dd285491b7b, 573, 57, 1328, 41, 65.44
2026/09/08 21:06:13.483, GPU-ecc6a1f9-42fe-2932-7ea0-1dd285491b7b, 5, 38, 1328, 40, 40.21
2026/09/08 21:06:13.686, GPU-ecc6a1f9-42fe-2932-7ea0-1dd285491b7b, 5, 5, 1328, 40, 39.24
2026/09/08 21:06:13.890, GPU-ecc6a1f9-42fe-2932-7ea0-1dd285491b7b, 5, 0, 1328, 39, 38.99
2026/09/08 21:06:14.093, GPU-ecc6a1f9-42fe-2932-7ea0-1dd285491b7b, 5, 0, 1328, 39, 38.99
2026/09/08 21:06:14.298, GPU-ecc6a1f9-42fe-2932-7ea0-1dd285491b7b, 5, 0, 1328, 39, 38.99
2026/09/08 21:06:14.502, GPU-ecc6a1f9-42fe-2932-7ea0-1dd285491b7b, 5, 0, 1328, 39, 38.75
2026/09/08 21:06:14.705, GPU-ecc6a1f9-42fe-2932-7ea0-1dd285491b7b, 5, 0, 1328, 38, 38.75
2026/09/08 21:06:14.909, GPU-ecc6a1f9-42fe-2932-7ea0-1dd285491b7b, 5, 0, 1328, 38, 38.75
2026/09/08 21:06:15.112, GPU-ecc6a1f9-42fe-2932-7ea0-1dd285491b7b, 5, 0, 1328, 38, 38.75
2026/09/08 21:06:15.317, GPU-ecc6a1f9-42fe-2932-7ea0-1dd285491b7b, 5, 0, 1328, 38, 38.02
2026/09/08 21:06:15.521, GPU-ecc6a1f9-42fe-2932-7ea0-1dd285491b7b, 5, 0, 1328, 38, 38.02
2026/09/08 21:06:15.724, GPU-ecc6a1f9-42fe-2932-7ea0-1dd285491b7b, 5, 0, 1328, 38, 38.02
2026/09/08 21:06:15.928, GPU-ecc6a1f9-42fe-2932-7ea0-1dd285491b7b, 5, 0, 1328, 38, 38.02
2026/09/08 21:06:16.131, GPU-ecc6a1f9-42fe-2932-7ea0-1dd285491b7b, 5, 0, 1328, 38, 38.02
2026/09/08 21:06:16.337, GPU-ecc6a1f9-42fe-2932-7ea0-1dd285491b7b, 5, 0, 1328, 38, 38.02
2026/09/08 21:06:16.540, GPU-ecc6a1f9-42fe-2932-7ea0-1dd285491b7b, 5, 0, 1328, 38, 38.02
2026/09/08 21:06:16.744, GPU-ecc6a1f9-42fe-2932-7ea0-1dd285491b7b, 5, 0, 1328, 37, 38.02
2026/09/08 21:06:16.947, GPU-ecc6a1f9-42fe-2932-7ea0-1dd285491b7b, 5, 0, 1328, 38, 38.02
2026/09/08 21:06:17.150, GPU-ecc6a1f9-42fe-2932-7ea0-1dd285491b7b, 5, 0, 1328, 37, 38.02
2026/09/08 21:06:17.356, GPU-ecc6a1f9-42fe-2932-7ea0-1dd285491b7b, 5, 0, 1328, 37, 38.02
2026/09/08 21:06:17.559, GPU-ecc6a1f9-42fe-2932-7ea0-1dd285491b7b, 5, 0, 1328, 37, 38.02
2026/09/08 21:06:17.763, GPU-ecc6a1f9-42fe-2932-7ea0-1dd285491b7b, 5, 0, 1328, 37, 38.02
2026/09/08 21:06:17.966, GPU-ecc6a1f9-42fe-2932-7ea0-1dd285491b7b, 5, 0, 1328, 37, 38.02
2026/09/08 21:06:18.170, GPU-ecc6a1f9-42fe-2932-7ea0-1dd285491b7b, 5, 0, 1328, 37, 38.02
2026/09/08 21:06:18.375, GPU-ecc6a1f9-42fe-2932-7ea0-1dd285491b7b, 5, 0, 1328, 37, 38.02
2026/09/08 21:06:18.579, GPU-ecc6a1f9-42fe-2932-7ea0-1dd285491b7b, 5, 0, 1328, 37, 38.02
2026/09/08 21:06:18.782, GPU-ecc6a1f9-42fe-2932-7ea0-1dd285491b7b, 5, 0, 405, 37, 28.53
2026/09/08 21:06:18.986, GPU-ecc6a1f9-42fe-2932-7ea0-1dd285491b7b, 5, 0, 405, 37, 27.56
2026/09/08 21:06:19.189, GPU-ecc6a1f9-42fe-2932-7ea0-1dd285491b7b, 5, 0, 405, 37, 27.56
2026/09/08 21:06:19.395, GPU-ecc6a1f9-42fe-2932-7ea0-1dd285491b7b, 5, 0, 405, 37, 27.31
2026/09/08 21:06:19.598, GPU-ecc6a1f9-42fe-2932-7ea0-1dd285491b7b, 5, 0, 405, 37, 27.56
2026/09/08 21:06:19.802, GPU-ecc6a1f9-42fe-2932-7ea0-1dd285491b7b, 5, 0, 405, 37, 27.31
2026/09/08 21:06:20.005, GPU-ecc6a1f9-42fe-2932-7ea0-1dd285491b7b, 5, 0, 405, 37, 27.31
2026/09/08 21:06:20.209, GPU-ecc6a1f9-42fe-2932-7ea0-1dd285491b7b, 5, 0, 405, 36, 27.31
2026/09/08 21:06:20.414, GPU-ecc6a1f9-42fe-2932-7ea0-1dd285491b7b, 5, 0, 405, 36, 27.31
2026/09/08 21:06:20.617, GPU-ecc6a1f9-42fe-2932-7ea0-1dd285491b7b, 5, 0, 405, 36, 27.31
2026/09/08 21:06:20.821, GPU-ecc6a1f9-42fe-2932-7ea0-1dd285491b7b, 5, 0, 405, 36, 27.31
2026/09/08 21:06:21.025, GPU-ecc6a1f9-42fe-2932-7ea0-1dd285491b7b, 5, 0, 405, 36, 27.31
2026/09/08 21:06:21.228, GPU-ecc6a1f9-42fe-2932-7ea0-1dd285491b7b, 5, 0, 405, 36, 27.31
2026/09/08 21:06:21.433, GPU-ecc6a1f9-42fe-2932-7ea0-1dd285491b7b, 5, 0, 405, 36, 27.31
2026/09/08 21:06:21.637, GPU-ecc6a1f9-42fe-2932-7ea0-1dd285491b7b, 5, 0, 405, 36, 27.31
2026/09/08 21:06:21.841, GPU-ecc6a1f9-42fe-2932-7ea0-1dd285491b7b, 5, 0, 405, 36, 27.31
2026/09/08 21:06:22.044, GPU-ecc6a1f9-42fe-2932-7ea0-1dd285491b7b, 5, 0, 405, 36, 27.31
2026/09/08 21:06:22.248, GPU-ecc6a1f9-42fe-2932-7ea0-1dd285491b7b, 5, 0, 405, 36, 27.31
2026/09/08 21:06:22.453, GPU-ecc6a1f9-42fe-2932-7ea0-1dd285491b7b, 5, 0, 405, 36, 27.31
2026/09/08 21:06:22.657, GPU-ecc6a1f9-42fe-2932-7ea0-1dd285491b7b, 5, 0, 405, 36, 27.31
2026/09/08 21:06:22.860, GPU-ecc6a1f9-42fe-2932-7ea0-1dd285491b7b, 5, 0, 405, 36, 27.31
2026/09/08 21:06:23.064, GPU-ecc6a1f9-42fe-2932-7ea0-1dd285491b7b, 5, 0, 405, 36, 27.31
2026/09/08 21:06:23.267, GPU-ecc6a1f9-42fe-2932-7ea0-1dd285491b7b, 5, 0, 405, 36, 27.31
2026/09/08 21:06:23.472, GPU-ecc6a1f9-42fe-2932-7ea0-1dd285491b7b, 5, 0, 405, 36, 27.31
2026/09/08 21:06:23.676, GPU-ecc6a1f9-42fe-2932-7ea0-1dd285491b7b, 5, 0, 405, 36, 27.31
2026/09/08 21:06:23.879, GPU-ecc6a1f9-42fe-2932-7ea0-1dd285491b7b, 5, 0, 405, 36, 27.31
2026/09/08 21:06:24.083, GPU-ecc6a1f9-42fe-2932-7ea0-1dd285491b7b, 5, 0, 405, 36, 27.31
2026/09/08 21:06:24.287, GPU-ecc6a1f9-42fe-2932-7ea0-1dd285491b7b, 5, 0, 405, 36, 27.31
2026/09/08 21:06:24.492, GPU-ecc6a1f9-42fe-2932-7ea0-1dd285491b7b, 5, 0, 405, 36, 27.31
2026/09/08 21:06:24.695, GPU-ecc6a1f9-42fe-2932-7ea0-1dd285491b7b, 5, 0, 405, 36, 27.31
2026/09/08 21:06:24.899, GPU-ecc6a1f9-42fe-2932-7ea0-1dd285491b7b, 5, 0, 405, 36, 27.31
2026/09/08 21:06:25.102, GPU-ecc6a1f9-42fe-2932-7ea0-1dd285491b7b, 5, 0, 405, 36, 27.31
2026/09/08 21:06:25.306, GPU-ecc6a1f9-42fe-2932-7ea0-1dd285491b7b, 5, 0, 405, 36, 27.07
2026/09/08 21:06:25.511, GPU-ecc6a1f9-42fe-2932-7ea0-1dd285491b7b, 5, 0, 405, 36, 27.31
2026/09/08 21:06:25.715, GPU-ecc6a1f9-42fe-2932-7ea0-1dd285491b7b, 5, 0, 405, 36, 27.31
2026/09/08 21:06:25.918, GPU-ecc6a1f9-42fe-2932-7ea0-1dd285491b7b, 5, 0, 405, 36, 27.31
2026/09/08 21:06:26.122, GPU-ecc6a1f9-42fe-2932-7ea0-1dd285491b7b, 5, 0, 405, 36, 27.31
2026/09/08 21:06:26.325, GPU-ecc6a1f9-42fe-2932-7ea0-1dd285491b7b, 5, 0, 405, 36, 27.31
2026/09/08 21:06:26.530, GPU-ecc6a1f9-42fe-2932-7ea0-1dd285491b7b, 5, 0, 405, 36, 27.07
2026/09/08 21:06:26.734, GPU-ecc6a1f9-42fe-2932-7ea0-1dd285491b7b, 5, 0, 405, 36, 27.07
2026/09/08 21:06:26.937, GPU-ecc6a1f9-42fe-2932-7ea0-1dd285491b7b, 5, 0, 405, 36, 27.07
2026/09/08 21:06:27.141, GPU-ecc6a1f9-42fe-2932-7ea0-1dd285491b7b, 5, 0, 405, 36, 27.07
2026/09/08 21:06:27.344, GPU-ecc6a1f9-42fe-2932-7ea0-1dd285491b7b, 5, 0, 405, 36, 27.07
2026/09/08 21:06:27.550, GPU-ecc6a1f9-42fe-2932-7ea0-1dd285491b7b, 5, 0, 405, 36, 27.07
2026/09/08 21:06:27.753, GPU-ecc6a1f9-42fe-2932-7ea0-1dd285491b7b, 5, 0, 405, 36, 27.07
2026/09/08 21:06:27.957, GPU-ecc6a1f9-42fe-2932-7ea0-1dd285491b7b, 5, 0, 405, 36, 27.07
2026/09/08 21:06:28.161, GPU-ecc6a1f9-42fe-2932-7ea0-1dd285491b7b, 5, 0, 405, 36, 27.07
2026/09/08 21:06:28.364, GPU-ecc6a1f9-42fe-2932-7ea0-1dd285491b7b, 5, 0, 405, 36, 27.07
2026/09/08 21:06:28.570, GPU-ecc6a1f9-42fe-2932-7ea0-1dd285491b7b, 5, 0, 405, 36, 27.07
2026/09/08 21:06:28.773, GPU-ecc6a1f9-42fe-2932-7ea0-1dd285491b7b, 5, 0, 405, 35, 27.07
2026/09/08 21:06:28.977, GPU-ecc6a1f9-42fe-2932-7ea0-1dd285491b7b, 5, 0, 405, 36, 27.07
2026/09/08 21:06:29.180, GPU-ecc6a1f9-42fe-2932-7ea0-1dd285491b7b, 5, 0, 405, 35, 27.07
2026/09/08 21:06:29.384, GPU-ecc6a1f9-42fe-2932-7ea0-1dd285491b7b, 5, 0, 405, 35, 27.07
2026/09/08 21:06:29.590, GPU-ecc6a1f9-42fe-2932-7ea0-1dd285491b7b, 5, 0, 405, 35, 27.07
2026/09/08 21:06:29.793, GPU-ecc6a1f9-42fe-2932-7ea0-1dd285491b7b, 5, 0, 405, 35, 27.07
2026/09/08 21:06:29.997, GPU-ecc6a1f9-42fe-2932-7ea0-1dd285491b7b, 5, 0, 405, 35, 27.07
2026/09/08 21:06:30.200, GPU-ecc6a1f9-42fe-2932-7ea0-1dd285491b7b, 5, 0, 405, 35, 27.07
2026/09/08 21:06:30.404, GPU-ecc6a1f9-42fe-2932-7ea0-1dd285491b7b, 5, 0, 405, 35, 27.07
2026/09/08 21:06:30.610, GPU-ecc6a1f9-42fe-2932-7ea0-1dd285491b7b, 5, 0, 405, 35, 27.07
2026/09/08 21:06:30.814, GPU-ecc6a1f9-42fe-2932-7ea0-1dd285491b7b, 5, 0, 405, 35, 27.07
2026/09/08 21:06:31.017, GPU-ecc6a1f9-42fe-2932-7ea0-1dd285491b7b, 5, 0, 405, 35, 27.07
2026/09/08 21:06:31.221, GPU-ecc6a1f9-42fe-2932-7ea0-1dd285491b7b, 5, 0, 405, 35, 27.07
2026/09/08 21:06:31.424, GPU-ecc6a1f9-42fe-2932-7ea0-1dd285491b7b, 5, 0, 405, 35, 27.07
2026/09/08 21:06:31.630, GPU-ecc6a1f9-42fe-2932-7ea0-1dd285491b7b, 5, 0, 405, 35, 27.07
2026/09/08 21:06:31.833, GPU-ecc6a1f9-42fe-2932-7ea0-1dd285491b7b, 5, 0, 405, 35, 27.07
2026/09/08 21:06:32.037, GPU-ecc6a1f9-42fe-2932-7ea0-1dd285491b7b, 5, 0, 405, 35, 27.07
2026/09/08 21:06:32.240, GPU-ecc6a1f9-42fe-2932-7ea0-1dd285491b7b, 5, 0, 405, 35, 27.07
2026/09/08 21:06:32.444, GPU-ecc6a1f9-42fe-2932-7ea0-1dd285491b7b, 5, 0, 405, 35, 27.07
2026/09/08 21:06:32.649, GPU-ecc6a1f9-42fe-2932-7ea0-1dd285491b7b, 5, 0, 405, 35, 27.07
2026/09/08 21:06:32.853, GPU-ecc6a1f9-42fe-2932-7ea0-1dd285491b7b, 5, 0, 405, 35, 27.07
2026/09/08 21:06:33.056, GPU-ecc6a1f9-42fe-2932-7ea0-1dd285491b7b, 5, 0, 405, 35, 27.07
2026/09/08 21:06:33.260, GPU-ecc6a1f9-42fe-2932-7ea0-1dd285491b7b, 5, 0, 405, 35, 27.07
2026/09/08 21:06:33.464, GPU-ecc6a1f9-42fe-2932-7ea0-1dd285491b7b, 5, 0, 405, 35, 27.07
2026/09/08 21:06:33.670, GPU-ecc6a1f9-42fe-2932-7ea0-1dd285491b7b, 5, 0, 405, 35, 27.07
2026/09/08 21:06:33.874, GPU-ecc6a1f9-42fe-2932-7ea0-1dd285491b7b, 5, 0, 405, 35, 27.07
2026/09/08 21:06:34.077, GPU-ecc6a1f9-42fe-2932-7ea0-1dd285491b7b, 5, 0, 405, 35, 27.07
2026/09/08 21:06:34.281, GPU-ecc6a1f9-42fe-2932-7ea0-1dd285491b7b, 5, 0, 405, 35, 27.07
2026/09/08 21:06:34.484, GPU-ecc6a1f9-42fe-2932-7ea0-1dd285491b7b, 5, 0, 405, 35, 27.07
2026/09/08 21:06:34.688, GPU-ecc6a1f9-42fe-2932-7ea0-1dd285491b7b, 5, 0, 405, 35, 27.07
2026/09/08 21:06:34.893, GPU-ecc6a1f9-42fe-2932-7ea0-1dd285491b7b, 5, 0, 405, 35, 27.07
2026/09/08 21:06:35.096, GPU-ecc6a1f9-42fe-2932-7ea0-1dd285491b7b, 5, 0, 405, 35, 27.07
2026/09/08 21:06:35.300, GPU-ecc6a1f9-42fe-2932-7ea0-1dd285491b7b, 5, 0, 405, 35, 27.07
2026/09/08 21:06:35.503, GPU-ecc6a1f9-42fe-2932-7ea0-1dd285491b7b, 5, 0, 405, 35, 27.07
2026/09/08 21:06:35.707, GPU-ecc6a1f9-42fe-2932-7ea0-1dd285491b7b, 5, 0, 405, 35, 27.07
2026/09/08 21:06:35.911, GPU-ecc6a1f9-42fe-2932-7ea0-1dd285491b7b, 5, 0, 405, 35, 27.07
2026/09/08 21:06:36.116, GPU-ecc6a1f9-42fe-2932-7ea0-1dd285491b7b, 5, 0, 405, 35, 27.07
2026/09/08 21:06:36.319, GPU-ecc6a1f9-42fe-2932-7ea0-1dd285491b7b, 5, 0, 405, 35, 27.07
2026/09/08 21:06:36.523, GPU-ecc6a1f9-42fe-2932-7ea0-1dd285491b7b, 5, 0, 405, 35, 27.07
2026/09/08 21:06:36.726, GPU-ecc6a1f9-42fe-2932-7ea0-1dd285491b7b, 5, 0, 405, 35, 27.07
2026/09/08 21:06:36.930, GPU-ecc6a1f9-42fe-2932-7ea0-1dd285491b7b, 5, 0, 405, 35, 27.07
2026/09/08 21:06:37.136, GPU-ecc6a1f9-42fe-2932-7ea0-1dd285491b7b, 5, 0, 405, 35, 27.07
2026/09/08 21:06:37.339, GPU-ecc6a1f9-42fe-2932-7ea0-1dd285491b7b, 5, 0, 405, 35, 27.07
2026/09/08 21:06:37.543, GPU-ecc6a1f9-42fe-2932-7ea0-1dd285491b7b, 5, 0, 405, 35, 27.07
2026/09/08 21:06:37.746, GPU-ecc6a1f9-42fe-2932-7ea0-1dd285491b7b, 5, 0, 405, 35, 27.07
2026/09/08 21:06:37.950, GPU-ecc6a1f9-42fe-2932-7ea0-1dd285491b7b, 5, 0, 405, 35, 27.07
2026/09/08 21:06:38.155, GPU-ecc6a1f9-42fe-2932-7ea0-1dd285491b7b, 5, 0, 405, 35, 27.07
2026/09/08 21:06:38.359, GPU-ecc6a1f9-42fe-2932-7ea0-1dd285491b7b, 5, 0, 405, 35, 27.07
2026/09/08 21:06:38.562, GPU-ecc6a1f9-42fe-2932-7ea0-1dd285491b7b, 5, 0, 405, 35, 27.07
2026/09/08 21:06:38.766, GPU-ecc6a1f9-42fe-2932-7ea0-1dd285491b7b, 5, 0, 405, 34, 27.07
2026/09/08 21:06:38.969, GPU-ecc6a1f9-42fe-2932-7ea0-1dd285491b7b, 5, 0, 405, 35, 27.07
2026/09/08 21:06:39.175, GPU-ecc6a1f9-42fe-2932-7ea0-1dd285491b7b, 5, 0, 405, 34, 27.07
2026/09/08 21:06:39.379, GPU-ecc6a1f9-42fe-2932-7ea0-1dd285491b7b, 5, 0, 405, 34, 27.07
2026/09/08 21:06:39.582, GPU-ecc6a1f9-42fe-2932-7ea0-1dd285491b7b, 5, 0, 405, 34, 27.07
2026/09/08 21:06:39.786, GPU-ecc6a1f9-42fe-2932-7ea0-1dd285491b7b, 7, 0, 405, 34, 27.07
2026/09/08 21:06:39.989, GPU-ecc6a1f9-42fe-2932-7ea0-1dd285491b7b, 443, 1, 1189, 34, 32.43
2026/09/08 21:06:40.194, GPU-ecc6a1f9-42fe-2932-7ea0-1dd285491b7b, 455, 21, 1189, 35, 33.87
2026/09/08 21:06:40.398, GPU-ecc6a1f9-42fe-2932-7ea0-1dd285491b7b, 563, 13, 1189, 35, 32.90
2026/09/08 21:06:40.601, GPU-ecc6a1f9-42fe-2932-7ea0-1dd285491b7b, 563, 20, 1189, 36, 141.13
2026/09/08 21:06:40.805, GPU-ecc6a1f9-42fe-2932-7ea0-1dd285491b7b, 563, 81, 1316, 37, 175.91
2026/09/08 21:06:41.008, GPU-ecc6a1f9-42fe-2932-7ea0-1dd285491b7b, 563, 100, 1328, 38, 186.42
2026/09/08 21:06:41.212, GPU-ecc6a1f9-42fe-2932-7ea0-1dd285491b7b, 563, 100, 1328, 39, 186.42
2026/09/08 21:06:41.416, GPU-ecc6a1f9-42fe-2932-7ea0-1dd285491b7b, 563, 100, 1328, 39, 186.18
2026/09/08 21:06:41.620, GPU-ecc6a1f9-42fe-2932-7ea0-1dd285491b7b, 563, 100, 1328, 39, 96.40
2026/09/08 21:06:41.824, GPU-ecc6a1f9-42fe-2932-7ea0-1dd285491b7b, 5, 21, 1328, 38, 39.48
2026/09/08 21:06:42.038, GPU-ecc6a1f9-42fe-2932-7ea0-1dd285491b7b, 5, 4, 1328, 37, 38.26
2026/09/08 21:06:42.241, GPU-ecc6a1f9-42fe-2932-7ea0-1dd285491b7b, 5, 0, 1328, 37, 38.02
2026/09/08 21:06:42.445, GPU-ecc6a1f9-42fe-2932-7ea0-1dd285491b7b, 5, 0, 1328, 36, 37.77
2026/09/08 21:06:42.648, GPU-ecc6a1f9-42fe-2932-7ea0-1dd285491b7b, 5, 0, 1328, 36, 37.77
2026/09/08 21:06:42.851, GPU-ecc6a1f9-42fe-2932-7ea0-1dd285491b7b, 5, 0, 1328, 36, 37.77
2026/09/08 21:06:43.055, GPU-ecc6a1f9-42fe-2932-7ea0-1dd285491b7b, 5, 0, 1328, 36, 37.77
2026/09/08 21:06:43.259, GPU-ecc6a1f9-42fe-2932-7ea0-1dd285491b7b, 5, 0, 1328, 36, 37.77
2026/09/08 21:06:43.462, GPU-ecc6a1f9-42fe-2932-7ea0-1dd285491b7b, 5, 0, 1328, 36, 37.77
2026/09/08 21:06:43.666, GPU-ecc6a1f9-42fe-2932-7ea0-1dd285491b7b, 5, 0, 1328, 36, 37.53
2026/09/08 21:06:43.869, GPU-ecc6a1f9-42fe-2932-7ea0-1dd285491b7b, 5, 0, 1328, 36, 37.77
2026/09/08 21:06:44.075, GPU-ecc6a1f9-42fe-2932-7ea0-1dd285491b7b, 5, 0, 1328, 35, 37.53
2026/09/08 21:06:44.278, GPU-ecc6a1f9-42fe-2932-7ea0-1dd285491b7b, 5, 0, 1328, 35, 37.53
2026/09/08 21:06:44.483, GPU-ecc6a1f9-42fe-2932-7ea0-1dd285491b7b, 5, 0, 1328, 36, 37.53
2026/09/08 21:06:44.686, GPU-ecc6a1f9-42fe-2932-7ea0-1dd285491b7b, 5, 0, 1328, 36, 37.53
2026/09/08 21:06:44.890, GPU-ecc6a1f9-42fe-2932-7ea0-1dd285491b7b, 5, 0, 1328, 35, 37.53
2026/09/08 21:06:45.094, GPU-ecc6a1f9-42fe-2932-7ea0-1dd285491b7b, 5, 0, 1328, 35, 37.53
2026/09/08 21:06:45.297, GPU-ecc6a1f9-42fe-2932-7ea0-1dd285491b7b, 5, 0, 1328, 35, 37.53
2026/09/08 21:06:45.501, GPU-ecc6a1f9-42fe-2932-7ea0-1dd285491b7b, 5, 0, 1328, 35, 37.53
2026/09/08 21:06:45.705, GPU-ecc6a1f9-42fe-2932-7ea0-1dd285491b7b, 5, 0, 1328, 35, 37.53
2026/09/08 21:06:45.908, GPU-ecc6a1f9-42fe-2932-7ea0-1dd285491b7b, 15, 0, 1328, 35, 37.53
2026/09/08 21:06:46.157, GPU-ecc6a1f9-42fe-2932-7ea0-1dd285491b7b, 455, 0, 1328, 36, 54.04
2026/09/08 21:06:46.361, GPU-ecc6a1f9-42fe-2932-7ea0-1dd285491b7b, 455, 10, 1328, 35, 40.45
2026/09/08 21:06:46.565, GPU-ecc6a1f9-42fe-2932-7ea0-1dd285491b7b, 563, 18, 1328, 35, 37.77
2026/09/08 21:06:46.769, GPU-ecc6a1f9-42fe-2932-7ea0-1dd285491b7b, 563, 1, 1328, 36, 68.60
2026/09/08 21:06:46.973, GPU-ecc6a1f9-42fe-2932-7ea0-1dd285491b7b, 563, 57, 1328, 38, 192.36
2026/09/08 21:06:47.177, GPU-ecc6a1f9-42fe-2932-7ea0-1dd285491b7b, 563, 100, 1328, 39, 189.08
2026/09/08 21:06:47.380, GPU-ecc6a1f9-42fe-2932-7ea0-1dd285491b7b, 563, 100, 1328, 39, 188.32
2026/09/08 21:06:47.584, GPU-ecc6a1f9-42fe-2932-7ea0-1dd285491b7b, 265, 74, 1328, 38, 39.97
2026/09/08 21:06:47.787, GPU-ecc6a1f9-42fe-2932-7ea0-1dd285491b7b, 5, 22, 1328, 37, 38.99
2026/09/08 21:06:47.993, GPU-ecc6a1f9-42fe-2932-7ea0-1dd285491b7b, 5, 0, 1328, 36, 38.51
2026/09/08 21:06:48.196, GPU-ecc6a1f9-42fe-2932-7ea0-1dd285491b7b, 5, 0, 1328, 36, 38.51
2026/09/08 21:06:48.400, GPU-ecc6a1f9-42fe-2932-7ea0-1dd285491b7b, 5, 0, 1328, 36, 38.26
2026/09/08 21:06:48.603, GPU-ecc6a1f9-42fe-2932-7ea0-1dd285491b7b, 5, 0, 1328, 36, 38.26
2026/09/08 21:06:48.807, GPU-ecc6a1f9-42fe-2932-7ea0-1dd285491b7b, 5, 0, 1328, 36, 38.26
2026/09/08 21:06:49.012, GPU-ecc6a1f9-42fe-2932-7ea0-1dd285491b7b, 5, 0, 1328, 36, 38.26
2026/09/08 21:06:49.216, GPU-ecc6a1f9-42fe-2932-7ea0-1dd285491b7b, 5, 0, 1328, 36, 38.26
2026/09/08 21:06:49.419, GPU-ecc6a1f9-42fe-2932-7ea0-1dd285491b7b, 5, 0, 1328, 36, 37.53
2026/09/08 21:06:49.623, GPU-ecc6a1f9-42fe-2932-7ea0-1dd285491b7b, 5, 0, 1328, 36, 37.53
2026/09/08 21:06:49.826, GPU-ecc6a1f9-42fe-2932-7ea0-1dd285491b7b, 5, 0, 1328, 36, 37.77
2026/09/08 21:06:50.032, GPU-ecc6a1f9-42fe-2932-7ea0-1dd285491b7b, 5, 0, 1328, 36, 37.77
2026/09/08 21:06:50.236, GPU-ecc6a1f9-42fe-2932-7ea0-1dd285491b7b, 5, 0, 1328, 36, 37.53
2026/09/08 21:06:50.439, GPU-ecc6a1f9-42fe-2932-7ea0-1dd285491b7b, 5, 0, 1328, 36, 37.53
2026/09/08 21:06:50.642, GPU-ecc6a1f9-42fe-2932-7ea0-1dd285491b7b, 5, 0, 1328, 35, 37.53
2026/09/08 21:06:50.846, GPU-ecc6a1f9-42fe-2932-7ea0-1dd285491b7b, 5, 0, 1328, 36, 37.53
2026/09/08 21:06:51.051, GPU-ecc6a1f9-42fe-2932-7ea0-1dd285491b7b, 5, 0, 1328, 36, 37.53
2026/09/08 21:06:51.255, GPU-ecc6a1f9-42fe-2932-7ea0-1dd285491b7b, 5, 0, 1328, 35, 37.53
2026/09/08 21:06:51.458, GPU-ecc6a1f9-42fe-2932-7ea0-1dd285491b7b, 5, 0, 1328, 35, 37.53
2026/09/08 21:06:51.662, GPU-ecc6a1f9-42fe-2932-7ea0-1dd285491b7b, 5, 0, 1328, 35, 37.53
2026/09/08 21:06:51.865, GPU-ecc6a1f9-42fe-2932-7ea0-1dd285491b7b, 5, 0, 1328, 35, 37.53
2026/09/08 21:06:52.072, GPU-ecc6a1f9-42fe-2932-7ea0-1dd285491b7b, 15, 0, 1328, 35, 37.53
2026/09/08 21:06:52.342, GPU-ecc6a1f9-42fe-2932-7ea0-1dd285491b7b, 443, 0, 1328, 35, 37.53
2026/09/08 21:06:52.545, GPU-ecc6a1f9-42fe-2932-7ea0-1dd285491b7b, 455, 15, 1328, 36, 37.77
2026/09/08 21:06:52.752, GPU-ecc6a1f9-42fe-2932-7ea0-1dd285491b7b, 563, 13, 1328, 35, 37.53
2026/09/08 21:06:52.955, GPU-ecc6a1f9-42fe-2932-7ea0-1dd285491b7b, 563, 1, 1328, 36, 130.14
2026/09/08 21:06:53.158, GPU-ecc6a1f9-42fe-2932-7ea0-1dd285491b7b, 563, 46, 1328, 38, 199.96
2026/09/08 21:06:53.362, GPU-ecc6a1f9-42fe-2932-7ea0-1dd285491b7b, 563, 100, 1328, 39, 190.04
2026/09/08 21:06:53.565, GPU-ecc6a1f9-42fe-2932-7ea0-1dd285491b7b, 563, 100, 1328, 40, 206.43
2026/09/08 21:06:53.771, GPU-ecc6a1f9-42fe-2932-7ea0-1dd285491b7b, 263, 76, 1328, 38, 39.48
2026/09/08 21:06:53.975, GPU-ecc6a1f9-42fe-2932-7ea0-1dd285491b7b, 5, 10, 1328, 37, 38.99
2026/09/08 21:06:54.178, GPU-ecc6a1f9-42fe-2932-7ea0-1dd285491b7b, 5, 0, 1328, 37, 38.75
2026/09/08 21:06:54.382, GPU-ecc6a1f9-42fe-2932-7ea0-1dd285491b7b, 5, 0, 1328, 36, 38.51
2026/09/08 21:06:54.585, GPU-ecc6a1f9-42fe-2932-7ea0-1dd285491b7b, 5, 0, 1328, 36, 38.26
2026/09/08 21:06:54.791, GPU-ecc6a1f9-42fe-2932-7ea0-1dd285491b7b, 5, 0, 1328, 36, 38.26
2026/09/08 21:06:54.994, GPU-ecc6a1f9-42fe-2932-7ea0-1dd285491b7b, 5, 0, 1328, 36, 38.26
2026/09/08 21:06:55.198, GPU-ecc6a1f9-42fe-2932-7ea0-1dd285491b7b, 5, 0, 1328, 36, 38.26
2026/09/08 21:06:55.401, GPU-ecc6a1f9-42fe-2932-7ea0-1dd285491b7b, 5, 0, 1328, 36, 37.53
2026/09/08 21:06:55.606, GPU-ecc6a1f9-42fe-2932-7ea0-1dd285491b7b, 5, 0, 1328, 36, 37.53
2026/09/08 21:06:55.811, GPU-ecc6a1f9-42fe-2932-7ea0-1dd285491b7b, 5, 0, 1328, 35, 37.53
2026/09/08 21:06:56.014, GPU-ecc6a1f9-42fe-2932-7ea0-1dd285491b7b, 5, 0, 1328, 36, 37.53
2026/09/08 21:06:56.218, GPU-ecc6a1f9-42fe-2932-7ea0-1dd285491b7b, 5, 0, 1328, 36, 37.53
2026/09/08 21:06:56.421, GPU-ecc6a1f9-42fe-2932-7ea0-1dd285491b7b, 5, 0, 1328, 36, 37.77
2026/09/08 21:06:56.625, GPU-ecc6a1f9-42fe-2932-7ea0-1dd285491b7b, 5, 0, 1328, 36, 37.53
2026/09/08 21:06:56.831, GPU-ecc6a1f9-42fe-2932-7ea0-1dd285491b7b, 5, 0, 1328, 35, 37.53
2026/09/08 21:06:57.034, GPU-ecc6a1f9-42fe-2932-7ea0-1dd285491b7b, 5, 0, 1328, 35, 37.53
2026/09/08 21:06:57.238, GPU-ecc6a1f9-42fe-2932-7ea0-1dd285491b7b, 5, 0, 1328, 35, 37.53
2026/09/08 21:06:57.441, GPU-ecc6a1f9-42fe-2932-7ea0-1dd285491b7b, 5, 0, 1328, 35, 37.53
2026/09/08 21:06:57.645, GPU-ecc6a1f9-42fe-2932-7ea0-1dd285491b7b, 5, 0, 1328, 35, 37.53
2026/09/08 21:06:57.848, GPU-ecc6a1f9-42fe-2932-7ea0-1dd285491b7b, 5, 0, 1328, 35, 37.53
2026/09/08 21:06:58.052, GPU-ecc6a1f9-42fe-2932-7ea0-1dd285491b7b, 7, 0, 1328, 35, 37.53
2026/09/08 21:06:58.257, GPU-ecc6a1f9-42fe-2932-7ea0-1dd285491b7b, 15, 0, 1328, 35, 37.53
2026/09/08 21:06:58.494, GPU-ecc6a1f9-42fe-2932-7ea0-1dd285491b7b, 455, 6, 1328, 36, 38.99
2026/09/08 21:06:58.699, GPU-ecc6a1f9-42fe-2932-7ea0-1dd285491b7b, 563, 17, 1328, 35, 37.77
2026/09/08 21:06:58.902, GPU-ecc6a1f9-42fe-2932-7ea0-1dd285491b7b, 563, 2, 1328, 36, 113.50
2026/09/08 21:06:59.106, GPU-ecc6a1f9-42fe-2932-7ea0-1dd285491b7b, 563, 61, 1328, 37, 182.80
2026/09/08 21:06:59.309, GPU-ecc6a1f9-42fe-2932-7ea0-1dd285491b7b, 563, 100, 1328, 39, 186.18
2026/09/08 21:06:59.513, GPU-ecc6a1f9-42fe-2932-7ea0-1dd285491b7b, 563, 100, 1328, 39, 188.11
2026/09/08 21:06:59.716, GPU-ecc6a1f9-42fe-2932-7ea0-1dd285491b7b, 563, 100, 1328, 40, 187.39
2026/09/08 21:06:59.924, GPU-ecc6a1f9-42fe-2932-7ea0-1dd285491b7b, 563, 100, 1328, 40, 188.11
2026/09/08 21:07:00.127, GPU-ecc6a1f9-42fe-2932-7ea0-1dd285491b7b, 563, 90, 1328, 39, 73.67
2026/09/08 21:07:00.331, GPU-ecc6a1f9-42fe-2932-7ea0-1dd285491b7b, 5, 46, 1328, 38, 39.73
2026/09/08 21:07:00.560, GPU-ecc6a1f9-42fe-2932-7ea0-1dd285491b7b, 5, 0, 1328, 37, 38.75
2026/09/08 21:07:00.766, GPU-ecc6a1f9-42fe-2932-7ea0-1dd285491b7b, 5, 0, 1328, 37, 38.51
2026/09/08 21:07:00.970, GPU-ecc6a1f9-42fe-2932-7ea0-1dd285491b7b, 5, 0, 1328, 37, 38.51
2026/09/08 21:07:01.173, GPU-ecc6a1f9-42fe-2932-7ea0-1dd285491b7b, 5, 0, 1328, 36, 38.26
2026/09/08 21:07:01.377, GPU-ecc6a1f9-42fe-2932-7ea0-1dd285491b7b, 5, 0, 1328, 36, 38.26
2026/09/08 21:07:01.580, GPU-ecc6a1f9-42fe-2932-7ea0-1dd285491b7b, 5, 0, 1328, 36, 38.26
2026/09/08 21:07:01.784, GPU-ecc6a1f9-42fe-2932-7ea0-1dd285491b7b, 5, 0, 1328, 36, 38.02
2026/09/08 21:07:01.987, GPU-ecc6a1f9-42fe-2932-7ea0-1dd285491b7b, 5, 0, 1328, 36, 38.26
2026/09/08 21:07:02.193, GPU-ecc6a1f9-42fe-2932-7ea0-1dd285491b7b, 5, 0, 1328, 36, 38.26
2026/09/08 21:07:02.396, GPU-ecc6a1f9-42fe-2932-7ea0-1dd285491b7b, 5, 0, 1328, 36, 37.29
2026/09/08 21:07:02.600, GPU-ecc6a1f9-42fe-2932-7ea0-1dd285491b7b, 5, 0, 1328, 36, 37.53
2026/09/08 21:07:02.803, GPU-ecc6a1f9-42fe-2932-7ea0-1dd285491b7b, 5, 0, 1328, 36, 37.53
2026/09/08 21:07:03.008, GPU-ecc6a1f9-42fe-2932-7ea0-1dd285491b7b, 5, 0, 1328, 36, 37.53
2026/09/08 21:07:03.214, GPU-ecc6a1f9-42fe-2932-7ea0-1dd285491b7b, 5, 0, 1328, 36, 37.53
2026/09/08 21:07:03.417, GPU-ecc6a1f9-42fe-2932-7ea0-1dd285491b7b, 5, 0, 1328, 36, 37.53
2026/09/08 21:07:03.621, GPU-ecc6a1f9-42fe-2932-7ea0-1dd285491b7b, 5, 0, 1328, 36, 37.53
2026/09/08 21:07:03.824, GPU-ecc6a1f9-42fe-2932-7ea0-1dd285491b7b, 5, 0, 1328, 36, 37.53
2026/09/08 21:07:04.027, GPU-ecc6a1f9-42fe-2932-7ea0-1dd285491b7b, 5, 0, 1328, 36, 37.53
2026/09/08 21:07:04.233, GPU-ecc6a1f9-42fe-2932-7ea0-1dd285491b7b, 5, 0, 1328, 35, 37.53
2026/09/08 21:07:04.436, GPU-ecc6a1f9-42fe-2932-7ea0-1dd285491b7b, 15, 0, 1328, 36, 37.53
2026/09/08 21:07:04.678, GPU-ecc6a1f9-42fe-2932-7ea0-1dd285491b7b, 455, 0, 1328, 36, 49.68
2026/09/08 21:07:04.882, GPU-ecc6a1f9-42fe-2932-7ea0-1dd285491b7b, 565, 18, 1328, 36, 40.94
2026/09/08 21:07:05.086, GPU-ecc6a1f9-42fe-2932-7ea0-1dd285491b7b, 565, 1, 1328, 36, 37.77
2026/09/08 21:07:05.292, GPU-ecc6a1f9-42fe-2932-7ea0-1dd285491b7b, 565, 55, 1328, 37, 183.04
2026/09/08 21:07:05.496, GPU-ecc6a1f9-42fe-2932-7ea0-1dd285491b7b, 565, 100, 1328, 39, 188.11
2026/09/08 21:07:05.699, GPU-ecc6a1f9-42fe-2932-7ea0-1dd285491b7b, 565, 100, 1328, 39, 185.21
2026/09/08 21:07:05.903, GPU-ecc6a1f9-42fe-2932-7ea0-1dd285491b7b, 565, 100, 1328, 40, 188.84
2026/09/08 21:07:06.106, GPU-ecc6a1f9-42fe-2932-7ea0-1dd285491b7b, 565, 100, 1328, 40, 187.39
2026/09/08 21:07:06.312, GPU-ecc6a1f9-42fe-2932-7ea0-1dd285491b7b, 565, 100, 1328, 40, 89.17
2026/09/08 21:07:06.515, GPU-ecc6a1f9-42fe-2932-7ea0-1dd285491b7b, 5, 43, 1328, 38, 39.24
2026/09/08 21:07:06.719, GPU-ecc6a1f9-42fe-2932-7ea0-1dd285491b7b, 5, 5, 1328, 37, 38.75
2026/09/08 21:07:06.922, GPU-ecc6a1f9-42fe-2932-7ea0-1dd285491b7b, 5, 0, 1328, 37, 38.51
2026/09/08 21:07:07.126, GPU-ecc6a1f9-42fe-2932-7ea0-1dd285491b7b, 5, 0, 1328, 37, 38.26
2026/09/08 21:07:07.331, GPU-ecc6a1f9-42fe-2932-7ea0-1dd285491b7b, 5, 0, 1328, 37, 38.26
2026/09/08 21:07:07.535, GPU-ecc6a1f9-42fe-2932-7ea0-1dd285491b7b, 5, 0, 1328, 36, 38.26
2026/09/08 21:07:07.738, GPU-ecc6a1f9-42fe-2932-7ea0-1dd285491b7b, 5, 0, 1328, 37, 38.26
2026/09/08 21:07:07.942, GPU-ecc6a1f9-42fe-2932-7ea0-1dd285491b7b, 5, 0, 1328, 36, 38.02
2026/09/08 21:07:08.145, GPU-ecc6a1f9-42fe-2932-7ea0-1dd285491b7b, 5, 0, 1328, 36, 38.02
2026/09/08 21:07:08.350, GPU-ecc6a1f9-42fe-2932-7ea0-1dd285491b7b, 5, 0, 1328, 36, 37.29
2026/09/08 21:07:08.554, GPU-ecc6a1f9-42fe-2932-7ea0-1dd285491b7b, 5, 0, 1328, 36, 37.53
2026/09/08 21:07:08.757, GPU-ecc6a1f9-42fe-2932-7ea0-1dd285491b7b, 5, 0, 1328, 36, 37.53
2026/09/08 21:07:08.961, GPU-ecc6a1f9-42fe-2932-7ea0-1dd285491b7b, 5, 0, 1328, 36, 37.53
2026/09/08 21:07:09.164, GPU-ecc6a1f9-42fe-2932-7ea0-1dd285491b7b, 5, 0, 430, 36, 27.31
2026/09/08 21:07:09.368, GPU-ecc6a1f9-42fe-2932-7ea0-1dd285491b7b, 5, 0, 430, 36, 27.31
2026/09/08 21:07:09.573, GPU-ecc6a1f9-42fe-2932-7ea0-1dd285491b7b, 5, 0, 430, 36, 27.07
2026/09/08 21:07:09.776, GPU-ecc6a1f9-42fe-2932-7ea0-1dd285491b7b, 5, 0, 430, 36, 27.07
2026/09/08 21:07:09.980, GPU-ecc6a1f9-42fe-2932-7ea0-1dd285491b7b, 5, 0, 430, 36, 27.07
2026/09/08 21:07:10.183, GPU-ecc6a1f9-42fe-2932-7ea0-1dd285491b7b, 5, 0, 430, 35, 27.07
2026/09/08 21:07:10.387, GPU-ecc6a1f9-42fe-2932-7ea0-1dd285491b7b, 5, 0, 430, 35, 27.07
2026/09/08 21:07:10.592, GPU-ecc6a1f9-42fe-2932-7ea0-1dd285491b7b, 15, 0, 430, 35, 27.07
2026/09/08 21:07:10.839, GPU-ecc6a1f9-42fe-2932-7ea0-1dd285491b7b, 443, 0, 1189, 35, 32.92
2026/09/08 21:07:11.043, GPU-ecc6a1f9-42fe-2932-7ea0-1dd285491b7b, 455, 14, 1189, 36, 33.87
2026/09/08 21:07:11.246, GPU-ecc6a1f9-42fe-2932-7ea0-1dd285491b7b, 565, 12, 1189, 35, 33.63
2026/09/08 21:07:11.452, GPU-ecc6a1f9-42fe-2932-7ea0-1dd285491b7b, 565, 1, 1189, 35, 32.92
2026/09/08 21:07:11.655, GPU-ecc6a1f9-42fe-2932-7ea0-1dd285491b7b, 565, 42, 1290, 36, 143.80
2026/09/08 21:07:11.859, GPU-ecc6a1f9-42fe-2932-7ea0-1dd285491b7b, 565, 83, 1328, 38, 187.63
2026/09/08 21:07:12.062, GPU-ecc6a1f9-42fe-2932-7ea0-1dd285491b7b, 565, 100, 1328, 39, 194.02
2026/09/08 21:07:12.266, GPU-ecc6a1f9-42fe-2932-7ea0-1dd285491b7b, 565, 84, 1328, 39, 62.06
2026/09/08 21:07:12.471, GPU-ecc6a1f9-42fe-2932-7ea0-1dd285491b7b, 265, 30, 1328, 38, 38.99
2026/09/08 21:07:12.675, GPU-ecc6a1f9-42fe-2932-7ea0-1dd285491b7b, 5, 5, 1328, 37, 38.75
2026/09/08 21:07:12.878, GPU-ecc6a1f9-42fe-2932-7ea0-1dd285491b7b, 5, 0, 1328, 37, 38.51
2026/09/08 21:07:13.082, GPU-ecc6a1f9-42fe-2932-7ea0-1dd285491b7b, 5, 0, 1328, 36, 38.26
2026/09/08 21:07:13.285, GPU-ecc6a1f9-42fe-2932-7ea0-1dd285491b7b, 5, 0, 1328, 36, 38.26
2026/09/08 21:07:13.490, GPU-ecc6a1f9-42fe-2932-7ea0-1dd285491b7b, 5, 0, 1328, 36, 38.26
2026/09/08 21:07:13.694, GPU-ecc6a1f9-42fe-2932-7ea0-1dd285491b7b, 5, 0, 1328, 36, 38.02
2026/09/08 21:07:13.897, GPU-ecc6a1f9-42fe-2932-7ea0-1dd285491b7b, 5, 0, 1328, 36, 38.26
2026/09/08 21:07:14.101, GPU-ecc6a1f9-42fe-2932-7ea0-1dd285491b7b, 5, 0, 1328, 36, 38.26
2026/09/08 21:07:14.304, GPU-ecc6a1f9-42fe-2932-7ea0-1dd285491b7b, 5, 0, 1328, 36, 37.77
2026/09/08 21:07:14.514, GPU-ecc6a1f9-42fe-2932-7ea0-1dd285491b7b, 5, 0, 1328, 36, 37.53
2026/09/08 21:07:14.717, GPU-ecc6a1f9-42fe-2932-7ea0-1dd285491b7b, 5, 0, 1328, 36, 37.53
2026/09/08 21:07:14.921, GPU-ecc6a1f9-42fe-2932-7ea0-1dd285491b7b, 5, 0, 1328, 36, 37.53
2026/09/08 21:07:15.125, GPU-ecc6a1f9-42fe-2932-7ea0-1dd285491b7b, 5, 0, 1328, 36, 37.53
2026/09/08 21:07:15.330, GPU-ecc6a1f9-42fe-2932-7ea0-1dd285491b7b, 5, 0, 1328, 36, 37.53
2026/09/08 21:07:15.534, GPU-ecc6a1f9-42fe-2932-7ea0-1dd285491b7b, 5, 0, 1328, 36, 37.53
2026/09/08 21:07:15.737, GPU-ecc6a1f9-42fe-2932-7ea0-1dd285491b7b, 5, 0, 1328, 36, 37.53
2026/09/08 21:07:15.941, GPU-ecc6a1f9-42fe-2932-7ea0-1dd285491b7b, 5, 0, 1328, 36, 37.53
2026/09/08 21:07:16.144, GPU-ecc6a1f9-42fe-2932-7ea0-1dd285491b7b, 5, 0, 1328, 36, 37.53
2026/09/08 21:07:16.350, GPU-ecc6a1f9-42fe-2932-7ea0-1dd285491b7b, 5, 0, 1328, 36, 37.53
2026/09/08 21:07:16.553, GPU-ecc6a1f9-42fe-2932-7ea0-1dd285491b7b, 7, 0, 1328, 36, 37.53
2026/09/08 21:07:16.757, GPU-ecc6a1f9-42fe-2932-7ea0-1dd285491b7b, 15, 0, 1328, 36, 37.53
2026/09/08 21:07:16.970, GPU-ecc6a1f9-42fe-2932-7ea0-1dd285491b7b, 455, 5, 1328, 36, 54.77
2026/09/08 21:07:17.173, GPU-ecc6a1f9-42fe-2932-7ea0-1dd285491b7b, 565, 15, 1328, 36, 44.60
2026/09/08 21:07:17.377, GPU-ecc6a1f9-42fe-2932-7ea0-1dd285491b7b, 565, 13, 1328, 36, 124.03
2026/09/08 21:07:17.581, GPU-ecc6a1f9-42fe-2932-7ea0-1dd285491b7b, 565, 27, 1328, 38, 189.05
2026/09/08 21:07:17.784, GPU-ecc6a1f9-42fe-2932-7ea0-1dd285491b7b, 565, 100, 1328, 39, 192.33
2026/09/08 21:07:17.989, GPU-ecc6a1f9-42fe-2932-7ea0-1dd285491b7b, 565, 100, 1328, 40, 192.82
2026/09/08 21:07:18.193, GPU-ecc6a1f9-42fe-2932-7ea0-1dd285491b7b, 265, 86, 1328, 38, 39.97
2026/09/08 21:07:18.396, GPU-ecc6a1f9-42fe-2932-7ea0-1dd285491b7b, 5, 23, 1328, 37, 38.99
2026/09/08 21:07:18.600, GPU-ecc6a1f9-42fe-2932-7ea0-1dd285491b7b, 5, 0, 1328, 37, 38.51
2026/09/08 21:07:18.803, GPU-ecc6a1f9-42fe-2932-7ea0-1dd285491b7b, 5, 0, 1328, 37, 38.26
2026/09/08 21:07:19.009, GPU-ecc6a1f9-42fe-2932-7ea0-1dd285491b7b, 5, 0, 1328, 36, 38.26
2026/09/08 21:07:19.212, GPU-ecc6a1f9-42fe-2932-7ea0-1dd285491b7b, 5, 0, 1328, 36, 38.02
2026/09/08 21:07:19.416, GPU-ecc6a1f9-42fe-2932-7ea0-1dd285491b7b, 5, 0, 1328, 36, 37.55
2026/09/08 21:07:19.619, GPU-ecc6a1f9-42fe-2932-7ea0-1dd285491b7b, 5, 0, 1328, 36, 37.53
2026/09/08 21:07:19.822, GPU-ecc6a1f9-42fe-2932-7ea0-1dd285491b7b, 5, 0, 1328, 36, 37.53
2026/09/08 21:07:20.028, GPU-ecc6a1f9-42fe-2932-7ea0-1dd285491b7b, 5, 0, 1328, 36, 37.53
2026/09/08 21:07:20.232, GPU-ecc6a1f9-42fe-2932-7ea0-1dd285491b7b, 5, 0, 1328, 36, 37.53
2026/09/08 21:07:20.435, GPU-ecc6a1f9-42fe-2932-7ea0-1dd285491b7b, 5, 0, 1328, 36, 37.53
2026/09/08 21:07:20.639, GPU-ecc6a1f9-42fe-2932-7ea0-1dd285491b7b, 5, 0, 1328, 36, 37.53
2026/09/08 21:07:20.842, GPU-ecc6a1f9-42fe-2932-7ea0-1dd285491b7b, 5, 0, 1328, 36, 37.53
2026/09/08 21:07:21.047, GPU-ecc6a1f9-42fe-2932-7ea0-1dd285491b7b, 5, 0, 1328, 36, 37.53
2026/09/08 21:07:21.251, GPU-ecc6a1f9-42fe-2932-7ea0-1dd285491b7b, 5, 0, 1328, 36, 37.53
2026/09/08 21:07:21.454, GPU-ecc6a1f9-42fe-2932-7ea0-1dd285491b7b, 5, 0, 1328, 36, 37.53
2026/09/08 21:07:21.658, GPU-ecc6a1f9-42fe-2932-7ea0-1dd285491b7b, 5, 0, 1328, 36, 37.53
2026/09/08 21:07:21.861, GPU-ecc6a1f9-42fe-2932-7ea0-1dd285491b7b, 5, 0, 1328, 36, 37.53
2026/09/08 21:07:22.067, GPU-ecc6a1f9-42fe-2932-7ea0-1dd285491b7b, 5, 0, 1328, 36, 37.53
2026/09/08 21:07:22.270, GPU-ecc6a1f9-42fe-2932-7ea0-1dd285491b7b, 5, 0, 1328, 36, 37.29
2026/09/08 21:07:22.474, GPU-ecc6a1f9-42fe-2932-7ea0-1dd285491b7b, 5, 0, 1328, 36, 37.29
2026/09/08 21:07:22.677, GPU-ecc6a1f9-42fe-2932-7ea0-1dd285491b7b, 7, 0, 1328, 36, 37.29
2026/09/08 21:07:22.881, GPU-ecc6a1f9-42fe-2932-7ea0-1dd285491b7b, 15, 0, 1328, 35, 37.29
2026/09/08 21:07:23.091, GPU-ecc6a1f9-42fe-2932-7ea0-1dd285491b7b, 455, 8, 1328, 36, 38.51
2026/09/08 21:07:23.294, GPU-ecc6a1f9-42fe-2932-7ea0-1dd285491b7b, 565, 19, 1328, 36, 37.77
2026/09/08 21:07:23.498, GPU-ecc6a1f9-42fe-2932-7ea0-1dd285491b7b, 565, 12, 1328, 36, 98.83
2026/09/08 21:07:23.702, GPU-ecc6a1f9-42fe-2932-7ea0-1dd285491b7b, 565, 60, 1328, 38, 184.01
2026/09/08 21:07:23.908, GPU-ecc6a1f9-42fe-2932-7ea0-1dd285491b7b, 565, 100, 1328, 39, 186.42
2026/09/08 21:07:24.112, GPU-ecc6a1f9-42fe-2932-7ea0-1dd285491b7b, 565, 100, 1328, 40, 185.07
2026/09/08 21:07:24.315, GPU-ecc6a1f9-42fe-2932-7ea0-1dd285491b7b, 565, 100, 1328, 40, 186.42
2026/09/08 21:07:24.519, GPU-ecc6a1f9-42fe-2932-7ea0-1dd285491b7b, 565, 100, 1328, 40, 158.86
2026/09/08 21:07:24.722, GPU-ecc6a1f9-42fe-2932-7ea0-1dd285491b7b, 565, 95, 1328, 39, 81.19
2026/09/08 21:07:24.928, GPU-ecc6a1f9-42fe-2932-7ea0-1dd285491b7b, 5, 44, 1328, 38, 39.97
2026/09/08 21:07:25.133, GPU-ecc6a1f9-42fe-2932-7ea0-1dd285491b7b, 5, 0, 1328, 37, 38.75
2026/09/08 21:07:25.336, GPU-ecc6a1f9-42fe-2932-7ea0-1dd285491b7b, 5, 0, 1328, 37, 38.75
2026/09/08 21:07:25.540, GPU-ecc6a1f9-42fe-2932-7ea0-1dd285491b7b, 5, 0, 1328, 37, 38.51
2026/09/08 21:07:25.743, GPU-ecc6a1f9-42fe-2932-7ea0-1dd285491b7b, 5, 0, 1328, 37, 38.51
2026/09/08 21:07:25.947, GPU-ecc6a1f9-42fe-2932-7ea0-1dd285491b7b, 5, 0, 1328, 36, 38.51
2026/09/08 21:07:26.150, GPU-ecc6a1f9-42fe-2932-7ea0-1dd285491b7b, 5, 0, 1328, 36, 38.26
2026/09/08 21:07:26.354, GPU-ecc6a1f9-42fe-2932-7ea0-1dd285491b7b, 5, 0, 1328, 36, 37.53
2026/09/08 21:07:26.557, GPU-ecc6a1f9-42fe-2932-7ea0-1dd285491b7b, 5, 0, 1328, 36, 37.77
2026/09/08 21:07:26.761, GPU-ecc6a1f9-42fe-2932-7ea0-1dd285491b7b, 5, 0, 1328, 36, 37.77
2026/09/08 21:07:26.966, GPU-ecc6a1f9-42fe-2932-7ea0-1dd285491b7b, 5, 0, 1328, 36, 37.77
2026/09/08 21:07:27.170, GPU-ecc6a1f9-42fe-2932-7ea0-1dd285491b7b, 5, 0, 1328, 36, 37.77
2026/09/08 21:07:27.373, GPU-ecc6a1f9-42fe-2932-7ea0-1dd285491b7b, 5, 0, 1328, 36, 37.77
2026/09/08 21:07:27.577, GPU-ecc6a1f9-42fe-2932-7ea0-1dd285491b7b, 5, 0, 1328, 36, 37.77
2026/09/08 21:07:27.780, GPU-ecc6a1f9-42fe-2932-7ea0-1dd285491b7b, 5, 0, 1328, 36, 37.77
2026/09/08 21:07:27.986, GPU-ecc6a1f9-42fe-2932-7ea0-1dd285491b7b, 5, 0, 1328, 36, 37.77
2026/09/08 21:07:28.189, GPU-ecc6a1f9-42fe-2932-7ea0-1dd285491b7b, 5, 0, 1328, 36, 37.77
2026/09/08 21:07:28.393, GPU-ecc6a1f9-42fe-2932-7ea0-1dd285491b7b, 5, 0, 1328, 36, 37.77
2026/09/08 21:07:28.596, GPU-ecc6a1f9-42fe-2932-7ea0-1dd285491b7b, 5, 0, 1328, 36, 37.77
2026/09/08 21:07:28.800, GPU-ecc6a1f9-42fe-2932-7ea0-1dd285491b7b, 5, 0, 1328, 36, 37.77
2026/09/08 21:07:29.005, GPU-ecc6a1f9-42fe-2932-7ea0-1dd285491b7b, 7, 0, 1328, 36, 37.77
2026/09/08 21:07:29.209, GPU-ecc6a1f9-42fe-2932-7ea0-1dd285491b7b, 7, 0, 1328, 36, 37.77
2026/09/08 21:07:29.413, GPU-ecc6a1f9-42fe-2932-7ea0-1dd285491b7b, 15, 0, 1328, 36, 37.53
2026/09/08 21:07:29.676, GPU-ecc6a1f9-42fe-2932-7ea0-1dd285491b7b, 553, 1, 1328, 36, 38.02
2026/09/08 21:07:29.879, GPU-ecc6a1f9-42fe-2932-7ea0-1dd285491b7b, 565, 22, 1328, 36, 37.77
2026/09/08 21:07:30.083, GPU-ecc6a1f9-42fe-2932-7ea0-1dd285491b7b, 565, 11, 1328, 36, 38.49
2026/09/08 21:07:30.287, GPU-ecc6a1f9-42fe-2932-7ea0-1dd285491b7b, 727, 17, 1328, 36, 37.77
2026/09/08 21:07:30.491, GPU-ecc6a1f9-42fe-2932-7ea0-1dd285491b7b, 727, 0, 1328, 36, 37.77
2026/09/08 21:07:30.694, GPU-ecc6a1f9-42fe-2932-7ea0-1dd285491b7b, 727, 47, 1328, 37, 126.03
2026/09/08 21:07:30.897, GPU-ecc6a1f9-42fe-2932-7ea0-1dd285491b7b, 727, 63, 1328, 39, 183.04
2026/09/08 21:07:31.101, GPU-ecc6a1f9-42fe-2932-7ea0-1dd285491b7b, 727, 100, 1328, 39, 181.83
2026/09/08 21:07:31.306, GPU-ecc6a1f9-42fe-2932-7ea0-1dd285491b7b, 727, 100, 1328, 40, 177.12
2026/09/08 21:07:31.510, GPU-ecc6a1f9-42fe-2932-7ea0-1dd285491b7b, 727, 100, 1328, 40, 182.80
2026/09/08 21:07:31.713, GPU-ecc6a1f9-42fe-2932-7ea0-1dd285491b7b, 727, 100, 1328, 41, 178.54
2026/09/08 21:07:31.917, GPU-ecc6a1f9-42fe-2932-7ea0-1dd285491b7b, 727, 100, 1328, 41, 183.77
2026/09/08 21:07:32.120, GPU-ecc6a1f9-42fe-2932-7ea0-1dd285491b7b, 727, 100, 1328, 41, 181.59
2026/09/08 21:07:32.326, GPU-ecc6a1f9-42fe-2932-7ea0-1dd285491b7b, 727, 100, 1328, 41, 184.97
2026/09/08 21:07:32.530, GPU-ecc6a1f9-42fe-2932-7ea0-1dd285491b7b, 727, 100, 1328, 42, 182.56
2026/09/08 21:07:32.733, GPU-ecc6a1f9-42fe-2932-7ea0-1dd285491b7b, 727, 100, 1328, 42, 231.59
2026/09/08 21:07:32.937, GPU-ecc6a1f9-42fe-2932-7ea0-1dd285491b7b, 727, 70, 1328, 40, 102.71
2026/09/08 21:07:33.140, GPU-ecc6a1f9-42fe-2932-7ea0-1dd285491b7b, 5, 56, 1328, 39, 39.73
2026/09/08 21:07:33.346, GPU-ecc6a1f9-42fe-2932-7ea0-1dd285491b7b, 5, 0, 1328, 38, 38.75
2026/09/08 21:07:33.549, GPU-ecc6a1f9-42fe-2932-7ea0-1dd285491b7b, 5, 0, 1328, 38, 38.75
2026/09/08 21:07:33.752, GPU-ecc6a1f9-42fe-2932-7ea0-1dd285491b7b, 5, 0, 1328, 38, 38.51
2026/09/08 21:07:33.956, GPU-ecc6a1f9-42fe-2932-7ea0-1dd285491b7b, 5, 0, 1328, 37, 38.51
2026/09/08 21:07:34.159, GPU-ecc6a1f9-42fe-2932-7ea0-1dd285491b7b, 5, 0, 1328, 37, 38.26
2026/09/08 21:07:34.365, GPU-ecc6a1f9-42fe-2932-7ea0-1dd285491b7b, 5, 0, 1328, 37, 37.53
2026/09/08 21:07:34.568, GPU-ecc6a1f9-42fe-2932-7ea0-1dd285491b7b, 5, 0, 1328, 37, 37.77
2026/09/08 21:07:34.772, GPU-ecc6a1f9-42fe-2932-7ea0-1dd285491b7b, 5, 0, 1328, 37, 37.77
2026/09/08 21:07:34.975, GPU-ecc6a1f9-42fe-2932-7ea0-1dd285491b7b, 5, 0, 1328, 37, 37.77
2026/09/08 21:07:35.179, GPU-ecc6a1f9-42fe-2932-7ea0-1dd285491b7b, 7, 0, 1328, 37, 37.77
2026/09/08 21:07:35.384, GPU-ecc6a1f9-42fe-2932-7ea0-1dd285491b7b, 7, 0, 1328, 37, 37.77
2026/09/08 21:07:35.588, GPU-ecc6a1f9-42fe-2932-7ea0-1dd285491b7b, 15, 0, 1328, 37, 37.77
2026/09/08 21:07:35.872, GPU-ecc6a1f9-42fe-2932-7ea0-1dd285491b7b, 553, 0, 1328, 37, 37.77
2026/09/08 21:07:36.075, GPU-ecc6a1f9-42fe-2932-7ea0-1dd285491b7b, 565, 22, 1328, 37, 37.77
2026/09/08 21:07:36.279, GPU-ecc6a1f9-42fe-2932-7ea0-1dd285491b7b, 565, 14, 1328, 37, 38.02
2026/09/08 21:07:36.485, GPU-ecc6a1f9-42fe-2932-7ea0-1dd285491b7b, 727, 16, 1328, 37, 38.02
2026/09/08 21:07:36.688, GPU-ecc6a1f9-42fe-2932-7ea0-1dd285491b7b, 727, 3, 1328, 37, 37.77
2026/09/08 21:07:36.892, GPU-ecc6a1f9-42fe-2932-7ea0-1dd285491b7b, 727, 0, 1328, 37, 37.77
2026/09/08 21:07:37.095, GPU-ecc6a1f9-42fe-2932-7ea0-1dd285491b7b, 727, 0, 1328, 37, 37.77
2026/09/08 21:07:37.299, GPU-ecc6a1f9-42fe-2932-7ea0-1dd285491b7b, 727, 0, 1328, 37, 153.95
2026/09/08 21:07:37.505, GPU-ecc6a1f9-42fe-2932-7ea0-1dd285491b7b, 727, 41, 1328, 37, 74.10
2026/09/08 21:07:37.708, GPU-ecc6a1f9-42fe-2932-7ea0-1dd285491b7b, 727, 74, 1328, 39, 197.16
2026/09/08 21:07:37.912, GPU-ecc6a1f9-42fe-2932-7ea0-1dd285491b7b, 727, 100, 1328, 40, 198.37
2026/09/08 21:07:38.115, GPU-ecc6a1f9-42fe-2932-7ea0-1dd285491b7b, 727, 100, 1328, 41, 199.33
2026/09/08 21:07:38.318, GPU-ecc6a1f9-42fe-2932-7ea0-1dd285491b7b, 727, 100, 1328, 42, 199.09
2026/09/08 21:07:38.525, GPU-ecc6a1f9-42fe-2932-7ea0-1dd285491b7b, 727, 100, 1328, 42, 199.09
2026/09/08 21:07:38.728, GPU-ecc6a1f9-42fe-2932-7ea0-1dd285491b7b, 727, 75, 1328, 41, 155.07
2026/09/08 21:07:38.932, GPU-ecc6a1f9-42fe-2932-7ea0-1dd285491b7b, 265, 54, 1328, 40, 40.46
2026/09/08 21:07:39.135, GPU-ecc6a1f9-42fe-2932-7ea0-1dd285491b7b, 5, 24, 1328, 39, 38.99
2026/09/08 21:07:39.339, GPU-ecc6a1f9-42fe-2932-7ea0-1dd285491b7b, 5, 0, 1328, 38, 38.99
2026/09/08 21:07:39.544, GPU-ecc6a1f9-42fe-2932-7ea0-1dd285491b7b, 5, 0, 1328, 38, 38.75
2026/09/08 21:07:39.747, GPU-ecc6a1f9-42fe-2932-7ea0-1dd285491b7b, 5, 0, 1328, 38, 38.51
2026/09/08 21:07:39.951, GPU-ecc6a1f9-42fe-2932-7ea0-1dd285491b7b, 5, 0, 1328, 38, 38.51
2026/09/08 21:07:40.154, GPU-ecc6a1f9-42fe-2932-7ea0-1dd285491b7b, 5, 0, 1328, 37, 38.51
2026/09/08 21:07:40.358, GPU-ecc6a1f9-42fe-2932-7ea0-1dd285491b7b, 5, 0, 1328, 37, 37.77
2026/09/08 21:07:40.563, GPU-ecc6a1f9-42fe-2932-7ea0-1dd285491b7b, 5, 0, 1328, 37, 38.02
2026/09/08 21:07:40.767, GPU-ecc6a1f9-42fe-2932-7ea0-1dd285491b7b, 5, 0, 1328, 37, 37.77
2026/09/08 21:07:40.970, GPU-ecc6a1f9-42fe-2932-7ea0-1dd285491b7b, 5, 0, 1328, 37, 37.77
2026/09/08 21:07:41.174, GPU-ecc6a1f9-42fe-2932-7ea0-1dd285491b7b, 7, 0, 1328, 37, 37.77
2026/09/08 21:07:41.377, GPU-ecc6a1f9-42fe-2932-7ea0-1dd285491b7b, 15, 0, 1328, 37, 37.77
2026/09/08 21:07:41.614, GPU-ecc6a1f9-42fe-2932-7ea0-1dd285491b7b, 565, 0, 1328, 38, 77.07
2026/09/08 21:07:41.817, GPU-ecc6a1f9-42fe-2932-7ea0-1dd285491b7b, 565, 22, 1328, 37, 38.26
2026/09/08 21:07:42.022, GPU-ecc6a1f9-42fe-2932-7ea0-1dd285491b7b, 727, 13, 1328, 37, 38.51
2026/09/08 21:07:42.226, GPU-ecc6a1f9-42fe-2932-7ea0-1dd285491b7b, 727, 2, 1328, 37, 86.50
2026/09/08 21:07:42.429, GPU-ecc6a1f9-42fe-2932-7ea0-1dd285491b7b, 727, 61, 1328, 38, 184.97
2026/09/08 21:07:42.633, GPU-ecc6a1f9-42fe-2932-7ea0-1dd285491b7b, 727, 81, 1328, 41, 195.71
2026/09/08 21:07:42.836, GPU-ecc6a1f9-42fe-2932-7ea0-1dd285491b7b, 727, 100, 1328, 41, 198.12
2026/09/08 21:07:43.042, GPU-ecc6a1f9-42fe-2932-7ea0-1dd285491b7b, 727, 100, 1328, 42, 198.37
2026/09/08 21:07:43.245, GPU-ecc6a1f9-42fe-2932-7ea0-1dd285491b7b, 727, 100, 1328, 42, 199.33
2026/09/08 21:07:43.449, GPU-ecc6a1f9-42fe-2932-7ea0-1dd285491b7b, 727, 100, 1328, 43, 234.48
2026/09/08 21:07:43.652, GPU-ecc6a1f9-42fe-2932-7ea0-1dd285491b7b, 727, 84, 1328, 41, 133.77
2026/09/08 21:07:43.856, GPU-ecc6a1f9-42fe-2932-7ea0-1dd285491b7b, 5, 15, 1328, 40, 39.73
2026/09/08 21:07:44.061, GPU-ecc6a1f9-42fe-2932-7ea0-1dd285491b7b, 5, 0, 1328, 39, 39.24
2026/09/08 21:07:44.264, GPU-ecc6a1f9-42fe-2932-7ea0-1dd285491b7b, 5, 0, 1328, 39, 38.99
2026/09/08 21:07:44.468, GPU-ecc6a1f9-42fe-2932-7ea0-1dd285491b7b, 5, 0, 1328, 38, 38.75
2026/09/08 21:07:44.671, GPU-ecc6a1f9-42fe-2932-7ea0-1dd285491b7b, 5, 0, 1328, 38, 38.75
2026/09/08 21:07:44.875, GPU-ecc6a1f9-42fe-2932-7ea0-1dd285491b7b, 5, 0, 1328, 38, 38.75
2026/09/08 21:07:45.080, GPU-ecc6a1f9-42fe-2932-7ea0-1dd285491b7b, 5, 0, 1328, 38, 38.51
2026/09/08 21:07:45.284, GPU-ecc6a1f9-42fe-2932-7ea0-1dd285491b7b, 5, 0, 1328, 38, 38.51
2026/09/08 21:07:45.487, GPU-ecc6a1f9-42fe-2932-7ea0-1dd285491b7b, 5, 0, 1328, 38, 38.02
2026/09/08 21:07:45.691, GPU-ecc6a1f9-42fe-2932-7ea0-1dd285491b7b, 5, 0, 1328, 38, 38.02
2026/09/08 21:07:45.894, GPU-ecc6a1f9-42fe-2932-7ea0-1dd285491b7b, 5, 0, 1328, 38, 38.02
2026/09/08 21:07:46.099, GPU-ecc6a1f9-42fe-2932-7ea0-1dd285491b7b, 5, 0, 1328, 37, 38.02
2026/09/08 21:07:46.303, GPU-ecc6a1f9-42fe-2932-7ea0-1dd285491b7b, 5, 0, 1328, 37, 38.02
2026/09/08 21:07:46.506, GPU-ecc6a1f9-42fe-2932-7ea0-1dd285491b7b, 5, 0, 1328, 37, 38.02
2026/09/08 21:07:46.710, GPU-ecc6a1f9-42fe-2932-7ea0-1dd285491b7b, 5, 0, 1328, 37, 38.02
2026/09/08 21:07:46.914, GPU-ecc6a1f9-42fe-2932-7ea0-1dd285491b7b, 5, 0, 1328, 37, 38.02
2026/09/08 21:07:47.119, GPU-ecc6a1f9-42fe-2932-7ea0-1dd285491b7b, 5, 0, 1328, 37, 38.02
2026/09/08 21:07:47.323, GPU-ecc6a1f9-42fe-2932-7ea0-1dd285491b7b, 7, 0, 1328, 37, 38.02
2026/09/08 21:07:47.527, GPU-ecc6a1f9-42fe-2932-7ea0-1dd285491b7b, 15, 0, 1328, 37, 38.02
2026/09/08 21:07:47.799, GPU-ecc6a1f9-42fe-2932-7ea0-1dd285491b7b, 565, 8, 1328, 37, 38.51
2026/09/08 21:07:48.002, GPU-ecc6a1f9-42fe-2932-7ea0-1dd285491b7b, 565, 19, 1328, 37, 38.02
2026/09/08 21:07:48.206, GPU-ecc6a1f9-42fe-2932-7ea0-1dd285491b7b, 727, 19, 1328, 37, 38.02
2026/09/08 21:07:48.409, GPU-ecc6a1f9-42fe-2932-7ea0-1dd285491b7b, 727, 3, 1328, 37, 38.02
2026/09/08 21:07:48.613, GPU-ecc6a1f9-42fe-2932-7ea0-1dd285491b7b, 727, 0, 1328, 38, 201.38
2026/09/08 21:07:48.819, GPU-ecc6a1f9-42fe-2932-7ea0-1dd285491b7b, 727, 35, 1328, 38, 93.05
2026/09/08 21:07:49.023, GPU-ecc6a1f9-42fe-2932-7ea0-1dd285491b7b, 727, 85, 1328, 39, 176.64
2026/09/08 21:07:49.226, GPU-ecc6a1f9-42fe-2932-7ea0-1dd285491b7b, 727, 100, 1328, 40, 180.72
2026/09/08 21:07:49.430, GPU-ecc6a1f9-42fe-2932-7ea0-1dd285491b7b, 727, 100, 1328, 41, 178.30
2026/09/08 21:07:49.633, GPU-ecc6a1f9-42fe-2932-7ea0-1dd285491b7b, 727, 100, 1328, 42, 183.37
2026/09/08 21:07:49.838, GPU-ecc6a1f9-42fe-2932-7ea0-1dd285491b7b, 727, 100, 1328, 42, 183.04
2026/09/08 21:07:50.042, GPU-ecc6a1f9-42fe-2932-7ea0-1dd285491b7b, 727, 100, 1328, 42, 179.51
2026/09/08 21:07:50.245, GPU-ecc6a1f9-42fe-2932-7ea0-1dd285491b7b, 727, 100, 1328, 43, 184.01
2026/09/08 21:07:50.449, GPU-ecc6a1f9-42fe-2932-7ea0-1dd285491b7b, 727, 99, 1328, 43, 180.48
2026/09/08 21:07:50.652, GPU-ecc6a1f9-42fe-2932-7ea0-1dd285491b7b, 727, 100, 1328, 43, 184.49
2026/09/08 21:07:50.858, GPU-ecc6a1f9-42fe-2932-7ea0-1dd285491b7b, 727, 100, 1328, 43, 192.82
2026/09/08 21:07:51.061, GPU-ecc6a1f9-42fe-2932-7ea0-1dd285491b7b, 727, 51, 1328, 42, 147.66
2026/09/08 21:07:51.265, GPU-ecc6a1f9-42fe-2932-7ea0-1dd285491b7b, 265, 43, 1328, 40, 40.21
2026/09/08 21:07:51.468, GPU-ecc6a1f9-42fe-2932-7ea0-1dd285491b7b, 5, 15, 1328, 40, 39.48
2026/09/08 21:07:51.672, GPU-ecc6a1f9-42fe-2932-7ea0-1dd285491b7b, 5, 0, 1328, 39, 39.24
2026/09/08 21:07:51.877, GPU-ecc6a1f9-42fe-2932-7ea0-1dd285491b7b, 5, 0, 1328, 39, 38.99
2026/09/08 21:07:52.081, GPU-ecc6a1f9-42fe-2932-7ea0-1dd285491b7b, 5, 0, 1328, 39, 38.75
2026/09/08 21:07:52.284, GPU-ecc6a1f9-42fe-2932-7ea0-1dd285491b7b, 5, 0, 1328, 39, 38.75
2026/09/08 21:07:52.488, GPU-ecc6a1f9-42fe-2932-7ea0-1dd285491b7b, 5, 0, 1328, 38, 38.75
2026/09/08 21:07:52.691, GPU-ecc6a1f9-42fe-2932-7ea0-1dd285491b7b, 5, 0, 1328, 38, 38.75
2026/09/08 21:07:52.897, GPU-ecc6a1f9-42fe-2932-7ea0-1dd285491b7b, 5, 0, 1328, 38, 38.75
2026/09/08 21:07:53.100, GPU-ecc6a1f9-42fe-2932-7ea0-1dd285491b7b, 5, 0, 1328, 38, 38.51
2026/09/08 21:07:53.304, GPU-ecc6a1f9-42fe-2932-7ea0-1dd285491b7b, 5, 0, 1328, 38, 38.51
2026/09/08 21:07:53.507, GPU-ecc6a1f9-42fe-2932-7ea0-1dd285491b7b, 5, 0, 1328, 38, 38.26
2026/09/08 21:07:53.710, GPU-ecc6a1f9-42fe-2932-7ea0-1dd285491b7b, 7, 0, 1328, 38, 38.02
2026/09/08 21:07:53.914, GPU-ecc6a1f9-42fe-2932-7ea0-1dd285491b7b, 15, 0, 696, 38, 36.07
2026/09/08 21:07:54.149, GPU-ecc6a1f9-42fe-2932-7ea0-1dd285491b7b, 565, 7, 1189, 38, 33.87
2026/09/08 21:07:54.353, GPU-ecc6a1f9-42fe-2932-7ea0-1dd285491b7b, 565, 28, 1189, 38, 35.58
2026/09/08 21:07:54.558, GPU-ecc6a1f9-42fe-2932-7ea0-1dd285491b7b, 733, 5, 1189, 38, 33.63
2026/09/08 21:07:54.762, GPU-ecc6a1f9-42fe-2932-7ea0-1dd285491b7b, 733, 20, 1189, 38, 125.06
2026/09/08 21:07:54.965, GPU-ecc6a1f9-42fe-2932-7ea0-1dd285491b7b, 733, 64, 1316, 40, 168.02
2026/09/08 21:07:55.169, GPU-ecc6a1f9-42fe-2932-7ea0-1dd285491b7b, 733, 91, 1328, 41, 181.11
2026/09/08 21:07:55.372, GPU-ecc6a1f9-42fe-2932-7ea0-1dd285491b7b, 733, 100, 1328, 41, 174.46
2026/09/08 21:07:55.576, GPU-ecc6a1f9-42fe-2932-7ea0-1dd285491b7b, 733, 100, 1328, 42, 182.80
2026/09/08 21:07:55.780, GPU-ecc6a1f9-42fe-2932-7ea0-1dd285491b7b, 733, 100, 1328, 42, 178.09
2026/09/08 21:07:55.984, GPU-ecc6a1f9-42fe-2932-7ea0-1dd285491b7b, 733, 100, 1328, 43, 180.72
2026/09/08 21:07:56.187, GPU-ecc6a1f9-42fe-2932-7ea0-1dd285491b7b, 733, 100, 1328, 43, 184.49
2026/09/08 21:07:56.390, GPU-ecc6a1f9-42fe-2932-7ea0-1dd285491b7b, 733, 100, 1328, 43, 176.37
2026/09/08 21:07:56.594, GPU-ecc6a1f9-42fe-2932-7ea0-1dd285491b7b, 733, 100, 1328, 43, 183.52
2026/09/08 21:07:56.799, GPU-ecc6a1f9-42fe-2932-7ea0-1dd285491b7b, 733, 100, 1328, 43, 185.21
2026/09/08 21:07:57.003, GPU-ecc6a1f9-42fe-2932-7ea0-1dd285491b7b, 733, 100, 1328, 42, 140.49
2026/09/08 21:07:57.206, GPU-ecc6a1f9-42fe-2932-7ea0-1dd285491b7b, 265, 52, 1328, 41, 44.32
2026/09/08 21:07:57.410, GPU-ecc6a1f9-42fe-2932-7ea0-1dd285491b7b, 5, 5, 1328, 40, 39.97
2026/09/08 21:07:57.613, GPU-ecc6a1f9-42fe-2932-7ea0-1dd285491b7b, 5, 0, 1328, 40, 39.48
2026/09/08 21:07:57.819, GPU-ecc6a1f9-42fe-2932-7ea0-1dd285491b7b, 5, 0, 1328, 39, 39.24
2026/09/08 21:07:58.023, GPU-ecc6a1f9-42fe-2932-7ea0-1dd285491b7b, 5, 0, 1328, 39, 38.99
2026/09/08 21:07:58.226, GPU-ecc6a1f9-42fe-2932-7ea0-1dd285491b7b, 5, 0, 1328, 39, 38.99
2026/09/08 21:07:58.429, GPU-ecc6a1f9-42fe-2932-7ea0-1dd285491b7b, 5, 0, 1328, 39, 38.26
2026/09/08 21:07:58.633, GPU-ecc6a1f9-42fe-2932-7ea0-1dd285491b7b, 5, 0, 1328, 39, 38.51
2026/09/08 21:07:58.840, GPU-ecc6a1f9-42fe-2932-7ea0-1dd285491b7b, 5, 0, 1328, 39, 38.51
2026/09/08 21:07:59.043, GPU-ecc6a1f9-42fe-2932-7ea0-1dd285491b7b, 5, 0, 1328, 39, 38.51
2026/09/08 21:07:59.247, GPU-ecc6a1f9-42fe-2932-7ea0-1dd285491b7b, 5, 0, 1328, 39, 38.26
2026/09/08 21:07:59.450, GPU-ecc6a1f9-42fe-2932-7ea0-1dd285491b7b, 5, 0, 1328, 38, 38.51
2026/09/08 21:07:59.653, GPU-ecc6a1f9-42fe-2932-7ea0-1dd285491b7b, 5, 0, 1328, 38, 38.51
2026/09/08 21:07:59.857, GPU-ecc6a1f9-42fe-2932-7ea0-1dd285491b7b, 7, 0, 1328, 38, 38.51
2026/09/08 21:08:00.063, GPU-ecc6a1f9-42fe-2932-7ea0-1dd285491b7b, 553, 6, 1328, 38, 38.02
2026/09/08 21:08:00.266, GPU-ecc6a1f9-42fe-2932-7ea0-1dd285491b7b, 565, 19, 1328, 39, 45.06
2026/09/08 21:08:00.470, GPU-ecc6a1f9-42fe-2932-7ea0-1dd285491b7b, 733, 18, 1328, 39, 38.75
2026/09/08 21:08:00.673, GPU-ecc6a1f9-42fe-2932-7ea0-1dd285491b7b, 733, 8, 1328, 38, 38.51
2026/09/08 21:08:00.877, GPU-ecc6a1f9-42fe-2932-7ea0-1dd285491b7b, 733, 18, 1328, 39, 106.29
2026/09/08 21:08:01.083, GPU-ecc6a1f9-42fe-2932-7ea0-1dd285491b7b, 733, 91, 1328, 41, 191.22
2026/09/08 21:08:01.286, GPU-ecc6a1f9-42fe-2932-7ea0-1dd285491b7b, 733, 100, 1328, 42, 188.47
2026/09/08 21:08:01.490, GPU-ecc6a1f9-42fe-2932-7ea0-1dd285491b7b, 733, 100, 1328, 43, 195.71
2026/09/08 21:08:01.693, GPU-ecc6a1f9-42fe-2932-7ea0-1dd285491b7b, 733, 100, 1328, 43, 192.09
2026/09/08 21:08:01.897, GPU-ecc6a1f9-42fe-2932-7ea0-1dd285491b7b, 733, 100, 1328, 43, 190.98
2026/09/08 21:08:02.102, GPU-ecc6a1f9-42fe-2932-7ea0-1dd285491b7b, 733, 83, 1328, 43, 71.52
2026/09/08 21:08:02.305, GPU-ecc6a1f9-42fe-2932-7ea0-1dd285491b7b, 265, 50, 1328, 41, 40.46
2026/09/08 21:08:02.509, GPU-ecc6a1f9-42fe-2932-7ea0-1dd285491b7b, 5, 15, 1328, 40, 39.97
2026/09/08 21:08:02.713, GPU-ecc6a1f9-42fe-2932-7ea0-1dd285491b7b, 5, 0, 1328, 40, 39.73
2026/09/08 21:08:02.916, GPU-ecc6a1f9-42fe-2932-7ea0-1dd285491b7b, 5, 0, 1328, 40, 39.24
2026/09/08 21:08:03.122, GPU-ecc6a1f9-42fe-2932-7ea0-1dd285491b7b, 5, 0, 1328, 39, 39.24
2026/09/08 21:08:03.325, GPU-ecc6a1f9-42fe-2932-7ea0-1dd285491b7b, 5, 0, 1328, 39, 38.99
2026/09/08 21:08:03.529, GPU-ecc6a1f9-42fe-2932-7ea0-1dd285491b7b, 5, 0, 1328, 39, 38.99
2026/09/08 21:08:03.732, GPU-ecc6a1f9-42fe-2932-7ea0-1dd285491b7b, 5, 0, 1328, 39, 38.99
2026/09/08 21:08:03.935, GPU-ecc6a1f9-42fe-2932-7ea0-1dd285491b7b, 5, 0, 1328, 39, 38.99
2026/09/08 21:08:04.141, GPU-ecc6a1f9-42fe-2932-7ea0-1dd285491b7b, 5, 0, 1328, 39, 38.99
2026/09/08 21:08:04.344, GPU-ecc6a1f9-42fe-2932-7ea0-1dd285491b7b, 5, 0, 1328, 39, 38.02
2026/09/08 21:08:04.548, GPU-ecc6a1f9-42fe-2932-7ea0-1dd285491b7b, 5, 0, 1328, 38, 38.51
2026/09/08 21:08:04.751, GPU-ecc6a1f9-42fe-2932-7ea0-1dd285491b7b, 5, 0, 1328, 38, 38.51
2026/09/08 21:08:04.955, GPU-ecc6a1f9-42fe-2932-7ea0-1dd285491b7b, 5, 0, 1328, 38, 38.51
2026/09/08 21:08:05.160, GPU-ecc6a1f9-42fe-2932-7ea0-1dd285491b7b, 5, 0, 1328, 38, 38.51
2026/09/08 21:08:05.364, GPU-ecc6a1f9-42fe-2932-7ea0-1dd285491b7b, 5, 0, 1328, 38, 38.51
2026/09/08 21:08:05.567, GPU-ecc6a1f9-42fe-2932-7ea0-1dd285491b7b, 5, 0, 1328, 38, 38.51
2026/09/08 21:08:05.771, GPU-ecc6a1f9-42fe-2932-7ea0-1dd285491b7b, 5, 0, 1328, 38, 38.51
2026/09/08 21:08:05.975, GPU-ecc6a1f9-42fe-2932-7ea0-1dd285491b7b, 7, 0, 1328, 38, 38.51
2026/09/08 21:08:06.179, GPU-ecc6a1f9-42fe-2932-7ea0-1dd285491b7b, 553, 0, 1328, 38, 38.75
2026/09/08 21:08:06.383, GPU-ecc6a1f9-42fe-2932-7ea0-1dd285491b7b, 565, 18, 1328, 38, 38.99
2026/09/08 21:08:06.587, GPU-ecc6a1f9-42fe-2932-7ea0-1dd285491b7b, 565, 12, 1328, 38, 38.26
2026/09/08 21:08:06.791, GPU-ecc6a1f9-42fe-2932-7ea0-1dd285491b7b, 733, 18, 1328, 38, 38.51
2026/09/08 21:08:06.994, GPU-ecc6a1f9-42fe-2932-7ea0-1dd285491b7b, 733, 2, 1328, 38, 38.51
2026/09/08 21:08:07.200, GPU-ecc6a1f9-42fe-2932-7ea0-1dd285491b7b, 733, 21, 1328, 39, 121.67
2026/09/08 21:08:07.403, GPU-ecc6a1f9-42fe-2932-7ea0-1dd285491b7b, 733, 57, 1328, 40, 184.82
2026/09/08 21:08:07.607, GPU-ecc6a1f9-42fe-2932-7ea0-1dd285491b7b, 733, 100, 1328, 41, 194.02
2026/09/08 21:08:07.810, GPU-ecc6a1f9-42fe-2932-7ea0-1dd285491b7b, 733, 100, 1328, 42, 192.19
2026/09/08 21:08:08.014, GPU-ecc6a1f9-42fe-2932-7ea0-1dd285491b7b, 733, 100, 1328, 43, 192.09
2026/09/08 21:08:08.219, GPU-ecc6a1f9-42fe-2932-7ea0-1dd285491b7b, 733, 100, 1328, 43, 189.32
2026/09/08 21:08:08.423, GPU-ecc6a1f9-42fe-2932-7ea0-1dd285491b7b, 733, 100, 1328, 44, 234.96
2026/09/08 21:08:08.626, GPU-ecc6a1f9-42fe-2932-7ea0-1dd285491b7b, 733, 59, 1328, 42, 52.85
2026/09/08 21:08:08.830, GPU-ecc6a1f9-42fe-2932-7ea0-1dd285491b7b, 265, 39, 1328, 41, 39.97
2026/09/08 21:08:09.033, GPU-ecc6a1f9-42fe-2932-7ea0-1dd285491b7b, 5, 16, 1328, 40, 39.73
2026/09/08 21:08:09.239, GPU-ecc6a1f9-42fe-2932-7ea0-1dd285491b7b, 5, 0, 1328, 40, 39.24
2026/09/08 21:08:09.442, GPU-ecc6a1f9-42fe-2932-7ea0-1dd285491b7b, 5, 0, 1328, 39, 38.99
2026/09/08 21:08:09.646, GPU-ecc6a1f9-42fe-2932-7ea0-1dd285491b7b, 5, 0, 1328, 39, 38.99
2026/09/08 21:08:09.850, GPU-ecc6a1f9-42fe-2932-7ea0-1dd285491b7b, 5, 0, 1328, 39, 38.75
2026/09/08 21:08:10.053, GPU-ecc6a1f9-42fe-2932-7ea0-1dd285491b7b, 5, 0, 1328, 39, 38.75
2026/09/08 21:08:10.259, GPU-ecc6a1f9-42fe-2932-7ea0-1dd285491b7b, 5, 0, 1328, 39, 38.75
2026/09/08 21:08:10.462, GPU-ecc6a1f9-42fe-2932-7ea0-1dd285491b7b, 5, 0, 1328, 39, 38.51
2026/09/08 21:08:10.666, GPU-ecc6a1f9-42fe-2932-7ea0-1dd285491b7b, 5, 0, 1328, 39, 38.51
2026/09/08 21:08:10.869, GPU-ecc6a1f9-42fe-2932-7ea0-1dd285491b7b, 5, 0, 1328, 38, 38.51
2026/09/08 21:08:11.073, GPU-ecc6a1f9-42fe-2932-7ea0-1dd285491b7b, 5, 0, 1328, 39, 38.51
2026/09/08 21:08:11.276, GPU-ecc6a1f9-42fe-2932-7ea0-1dd285491b7b, 5, 0, 1328, 39, 38.51
2026/09/08 21:08:11.480, GPU-ecc6a1f9-42fe-2932-7ea0-1dd285491b7b, 5, 0, 1328, 39, 38.26
2026/09/08 21:08:11.684, GPU-ecc6a1f9-42fe-2932-7ea0-1dd285491b7b, 5, 0, 1328, 39, 38.51
2026/09/08 21:08:11.887, GPU-ecc6a1f9-42fe-2932-7ea0-1dd285491b7b, 5, 0, 1328, 38, 38.26
2026/09/08 21:08:12.095, GPU-ecc6a1f9-42fe-2932-7ea0-1dd285491b7b, 7, 0, 1328, 38, 38.51
2026/09/08 21:08:12.300, GPU-ecc6a1f9-42fe-2932-7ea0-1dd285491b7b, 15, 0, 1328, 38, 38.26
2026/09/08 21:08:12.542, GPU-ecc6a1f9-42fe-2932-7ea0-1dd285491b7b, 565, 5, 1328, 39, 38.99
2026/09/08 21:08:12.745, GPU-ecc6a1f9-42fe-2932-7ea0-1dd285491b7b, 565, 16, 1328, 39, 38.51
2026/09/08 21:08:12.949, GPU-ecc6a1f9-42fe-2932-7ea0-1dd285491b7b, 733, 13, 1328, 38, 38.51
2026/09/08 21:08:13.152, GPU-ecc6a1f9-42fe-2932-7ea0-1dd285491b7b, 733, 2, 1328, 38, 38.26
2026/09/08 21:08:13.356, GPU-ecc6a1f9-42fe-2932-7ea0-1dd285491b7b, 733, 21, 1328, 40, 111.89
2026/09/08 21:08:13.559, GPU-ecc6a1f9-42fe-2932-7ea0-1dd285491b7b, 733, 57, 1328, 41, 178.78
2026/09/08 21:08:13.763, GPU-ecc6a1f9-42fe-2932-7ea0-1dd285491b7b, 733, 100, 1328, 42, 183.77
2026/09/08 21:08:13.967, GPU-ecc6a1f9-42fe-2932-7ea0-1dd285491b7b, 733, 100, 1328, 42, 176.85
2026/09/08 21:08:14.170, GPU-ecc6a1f9-42fe-2932-7ea0-1dd285491b7b, 733, 100, 1328, 43, 182.32
2026/09/08 21:08:14.374, GPU-ecc6a1f9-42fe-2932-7ea0-1dd285491b7b, 733, 100, 1328, 43, 185.31
2026/09/08 21:08:14.579, GPU-ecc6a1f9-42fe-2932-7ea0-1dd285491b7b, 733, 100, 1328, 43, 179.90
2026/09/08 21:08:14.782, GPU-ecc6a1f9-42fe-2932-7ea0-1dd285491b7b, 733, 100, 1328, 44, 184.73
2026/09/08 21:08:14.986, GPU-ecc6a1f9-42fe-2932-7ea0-1dd285491b7b, 733, 100, 1328, 44, 176.16
2026/09/08 21:08:15.189, GPU-ecc6a1f9-42fe-2932-7ea0-1dd285491b7b, 733, 100, 1328, 44, 182.32
2026/09/08 21:08:15.393, GPU-ecc6a1f9-42fe-2932-7ea0-1dd285491b7b, 733, 100, 1328, 44, 186.42
2026/09/08 21:08:15.598, GPU-ecc6a1f9-42fe-2932-7ea0-1dd285491b7b, 733, 55, 1328, 43, 139.03
2026/09/08 21:08:15.802, GPU-ecc6a1f9-42fe-2932-7ea0-1dd285491b7b, 265, 52, 1328, 42, 40.46
2026/09/08 21:08:16.005, GPU-ecc6a1f9-42fe-2932-7ea0-1dd285491b7b, 5, 5, 1328, 41, 39.97
2026/09/08 21:08:16.209, GPU-ecc6a1f9-42fe-2932-7ea0-1dd285491b7b, 5, 0, 1328, 40, 39.48
2026/09/08 21:08:16.412, GPU-ecc6a1f9-42fe-2932-7ea0-1dd285491b7b, 5, 0, 1328, 40, 39.24
2026/09/08 21:08:16.618, GPU-ecc6a1f9-42fe-2932-7ea0-1dd285491b7b, 5, 0, 1328, 40, 38.99
2026/09/08 21:08:16.821, GPU-ecc6a1f9-42fe-2932-7ea0-1dd285491b7b, 5, 0, 1328, 40, 38.99
2026/09/08 21:08:17.025, GPU-ecc6a1f9-42fe-2932-7ea0-1dd285491b7b, 5, 0, 1328, 40, 38.75
2026/09/08 21:08:17.228, GPU-ecc6a1f9-42fe-2932-7ea0-1dd285491b7b, 5, 0, 1328, 40, 38.75
2026/09/08 21:08:17.432, GPU-ecc6a1f9-42fe-2932-7ea0-1dd285491b7b, 5, 0, 1328, 39, 38.02
2026/09/08 21:08:17.637, GPU-ecc6a1f9-42fe-2932-7ea0-1dd285491b7b, 5, 0, 1328, 39, 38.51
2026/09/08 21:08:17.840, GPU-ecc6a1f9-42fe-2932-7ea0-1dd285491b7b, 5, 0, 1328, 39, 38.51
2026/09/08 21:08:18.044, GPU-ecc6a1f9-42fe-2932-7ea0-1dd285491b7b, 5, 0, 1328, 39, 38.51
2026/09/08 21:08:18.248, GPU-ecc6a1f9-42fe-2932-7ea0-1dd285491b7b, 7, 0, 1328, 39, 38.51
2026/09/08 21:08:18.451, GPU-ecc6a1f9-42fe-2932-7ea0-1dd285491b7b, 7, 0, 1328, 39, 38.51
2026/09/08 21:08:18.657, GPU-ecc6a1f9-42fe-2932-7ea0-1dd285491b7b, 15, 0, 1328, 39, 38.51
2026/09/08 21:08:18.901, GPU-ecc6a1f9-42fe-2932-7ea0-1dd285491b7b, 787, 6, 1328, 40, 42.41
2026/09/08 21:08:19.104, GPU-ecc6a1f9-42fe-2932-7ea0-1dd285491b7b, 787, 16, 1328, 40, 146.06
2026/09/08 21:08:19.308, GPU-ecc6a1f9-42fe-2932-7ea0-1dd285491b7b, 787, 10, 1328, 39, 38.99
2026/09/08 21:08:19.511, GPU-ecc6a1f9-42fe-2932-7ea0-1dd285491b7b, 1057, 13, 1328, 39, 38.75
2026/09/08 21:08:19.716, GPU-ecc6a1f9-42fe-2932-7ea0-1dd285491b7b, 1057, 4, 1328, 39, 38.75
2026/09/08 21:08:19.920, GPU-ecc6a1f9-42fe-2932-7ea0-1dd285491b7b, 1057, 0, 1328, 39, 38.51
2026/09/08 21:08:20.123, GPU-ecc6a1f9-42fe-2932-7ea0-1dd285491b7b, 1057, 0, 1328, 39, 38.51
2026/09/08 21:08:20.327, GPU-ecc6a1f9-42fe-2932-7ea0-1dd285491b7b, 1057, 0, 1328, 39, 38.51
2026/09/08 21:08:20.530, GPU-ecc6a1f9-42fe-2932-7ea0-1dd285491b7b, 1057, 0, 1328, 39, 38.51
2026/09/08 21:08:20.736, GPU-ecc6a1f9-42fe-2932-7ea0-1dd285491b7b, 1057, 0, 1328, 39, 38.51
2026/09/08 21:08:20.940, GPU-ecc6a1f9-42fe-2932-7ea0-1dd285491b7b, 1057, 0, 1328, 39, 38.51
2026/09/08 21:08:21.143, GPU-ecc6a1f9-42fe-2932-7ea0-1dd285491b7b, 1057, 0, 1328, 39, 38.51
2026/09/08 21:08:21.347, GPU-ecc6a1f9-42fe-2932-7ea0-1dd285491b7b, 1057, 29, 1328, 39, 39.73
2026/09/08 21:08:21.550, GPU-ecc6a1f9-42fe-2932-7ea0-1dd285491b7b, 1057, 38, 1328, 40, 111.87
2026/09/08 21:08:21.757, GPU-ecc6a1f9-42fe-2932-7ea0-1dd285491b7b, 1057, 52, 1328, 40, 144.27
2026/09/08 21:08:21.960, GPU-ecc6a1f9-42fe-2932-7ea0-1dd285491b7b, 1057, 100, 1328, 42, 178.30
2026/09/08 21:08:22.164, GPU-ecc6a1f9-42fe-2932-7ea0-1dd285491b7b, 1057, 100, 1328, 43, 184.10
2026/09/08 21:08:22.367, GPU-ecc6a1f9-42fe-2932-7ea0-1dd285491b7b, 1057, 100, 1328, 43, 186.91
2026/09/08 21:08:22.571, GPU-ecc6a1f9-42fe-2932-7ea0-1dd285491b7b, 1057, 100, 1328, 44, 186.18
2026/09/08 21:08:22.776, GPU-ecc6a1f9-42fe-2932-7ea0-1dd285491b7b, 1057, 100, 1328, 44, 184.73
2026/09/08 21:08:22.979, GPU-ecc6a1f9-42fe-2932-7ea0-1dd285491b7b, 1057, 100, 1328, 44, 181.83
2026/09/08 21:08:23.183, GPU-ecc6a1f9-42fe-2932-7ea0-1dd285491b7b, 1057, 100, 1328, 44, 176.13
2026/09/08 21:08:23.387, GPU-ecc6a1f9-42fe-2932-7ea0-1dd285491b7b, 1057, 100, 1328, 45, 173.98
2026/09/08 21:08:23.597, GPU-ecc6a1f9-42fe-2932-7ea0-1dd285491b7b, 1057, 100, 1328, 45, 186.18
2026/09/08 21:08:23.800, GPU-ecc6a1f9-42fe-2932-7ea0-1dd285491b7b, 1057, 100, 1328, 45, 187.39
2026/09/08 21:08:24.004, GPU-ecc6a1f9-42fe-2932-7ea0-1dd285491b7b, 1057, 100, 1328, 45, 185.94
2026/09/08 21:08:24.207, GPU-ecc6a1f9-42fe-2932-7ea0-1dd285491b7b, 1057, 100, 1328, 45, 183.52
2026/09/08 21:08:24.410, GPU-ecc6a1f9-42fe-2932-7ea0-1dd285491b7b, 1057, 100, 1328, 45, 178.06
2026/09/08 21:08:24.614, GPU-ecc6a1f9-42fe-2932-7ea0-1dd285491b7b, 1057, 100, 1328, 45, 188.32
2026/09/08 21:08:24.817, GPU-ecc6a1f9-42fe-2932-7ea0-1dd285491b7b, 1057, 100, 1328, 45, 188.11
2026/09/08 21:08:25.024, GPU-ecc6a1f9-42fe-2932-7ea0-1dd285491b7b, 1057, 100, 1328, 45, 186.91
2026/09/08 21:08:25.228, GPU-ecc6a1f9-42fe-2932-7ea0-1dd285491b7b, 1057, 100, 1328, 46, 185.21
2026/09/08 21:08:25.431, GPU-ecc6a1f9-42fe-2932-7ea0-1dd285491b7b, 1057, 100, 1328, 46, 182.08
2026/09/08 21:08:25.635, GPU-ecc6a1f9-42fe-2932-7ea0-1dd285491b7b, 1057, 100, 1328, 46, 179.90
2026/09/08 21:08:25.838, GPU-ecc6a1f9-42fe-2932-7ea0-1dd285491b7b, 1057, 73, 1328, 45, 169.39
2026/09/08 21:08:26.042, GPU-ecc6a1f9-42fe-2932-7ea0-1dd285491b7b, 1057, 52, 1328, 44, 170.36
2026/09/08 21:08:26.247, GPU-ecc6a1f9-42fe-2932-7ea0-1dd285491b7b, 5, 57, 1328, 43, 41.19
2026/09/08 21:08:26.455, GPU-ecc6a1f9-42fe-2932-7ea0-1dd285491b7b, 5, 5, 1328, 42, 40.21
2026/09/08 21:08:26.658, GPU-ecc6a1f9-42fe-2932-7ea0-1dd285491b7b, 5, 0, 1328, 42, 39.97
2026/09/08 21:08:26.862, GPU-ecc6a1f9-42fe-2932-7ea0-1dd285491b7b, 5, 0, 1328, 41, 39.73
2026/09/08 21:08:27.067, GPU-ecc6a1f9-42fe-2932-7ea0-1dd285491b7b, 5, 0, 1328, 41, 39.73
2026/09/08 21:08:27.270, GPU-ecc6a1f9-42fe-2932-7ea0-1dd285491b7b, 5, 0, 1328, 41, 39.48
2026/09/08 21:08:27.474, GPU-ecc6a1f9-42fe-2932-7ea0-1dd285491b7b, 5, 0, 1328, 41, 38.99
2026/09/08 21:08:27.677, GPU-ecc6a1f9-42fe-2932-7ea0-1dd285491b7b, 5, 0, 1328, 41, 38.99
2026/09/08 21:08:27.880, GPU-ecc6a1f9-42fe-2932-7ea0-1dd285491b7b, 5, 0, 1328, 40, 38.99
2026/09/08 21:08:28.084, GPU-ecc6a1f9-42fe-2932-7ea0-1dd285491b7b, 5, 0, 1328, 40, 38.99
2026/09/08 21:08:28.289, GPU-ecc6a1f9-42fe-2932-7ea0-1dd285491b7b, 5, 0, 1328, 40, 38.99
2026/09/08 21:08:28.492, GPU-ecc6a1f9-42fe-2932-7ea0-1dd285491b7b, 5, 0, 1328, 40, 38.75
2026/09/08 21:08:28.696, GPU-ecc6a1f9-42fe-2932-7ea0-1dd285491b7b, 5, 0, 1328, 40, 38.99
2026/09/08 21:08:28.899, GPU-ecc6a1f9-42fe-2932-7ea0-1dd285491b7b, 5, 0, 1328, 40, 38.75
2026/09/08 21:08:29.103, GPU-ecc6a1f9-42fe-2932-7ea0-1dd285491b7b, 5, 0, 1328, 40, 38.75
2026/09/08 21:08:29.308, GPU-ecc6a1f9-42fe-2932-7ea0-1dd285491b7b, 5, 0, 1328, 40, 38.75
2026/09/08 21:08:29.512, GPU-ecc6a1f9-42fe-2932-7ea0-1dd285491b7b, 7, 0, 1328, 40, 38.75
2026/09/08 21:08:29.715, GPU-ecc6a1f9-42fe-2932-7ea0-1dd285491b7b, 7, 0, 1328, 40, 38.75
2026/09/08 21:08:29.919, GPU-ecc6a1f9-42fe-2932-7ea0-1dd285491b7b, 775, 0, 1328, 40, 38.99
2026/09/08 21:08:30.123, GPU-ecc6a1f9-42fe-2932-7ea0-1dd285491b7b, 787, 15, 1328, 40, 39.73
2026/09/08 21:08:30.326, GPU-ecc6a1f9-42fe-2932-7ea0-1dd285491b7b, 787, 15, 1328, 40, 139.35
2026/09/08 21:08:30.531, GPU-ecc6a1f9-42fe-2932-7ea0-1dd285491b7b, 787, 18, 1328, 40, 39.24
2026/09/08 21:08:30.735, GPU-ecc6a1f9-42fe-2932-7ea0-1dd285491b7b, 1057, 15, 1328, 40, 39.24
2026/09/08 21:08:30.938, GPU-ecc6a1f9-42fe-2932-7ea0-1dd285491b7b, 1057, 3, 1328, 40, 39.48
2026/09/08 21:08:31.142, GPU-ecc6a1f9-42fe-2932-7ea0-1dd285491b7b, 1057, 5, 1328, 40, 39.48
2026/09/08 21:08:31.345, GPU-ecc6a1f9-42fe-2932-7ea0-1dd285491b7b, 1057, 0, 1328, 40, 39.24
2026/09/08 21:08:31.549, GPU-ecc6a1f9-42fe-2932-7ea0-1dd285491b7b, 1057, 0, 1328, 40, 38.99
2026/09/08 21:08:31.752, GPU-ecc6a1f9-42fe-2932-7ea0-1dd285491b7b, 1057, 0, 1328, 40, 39.24
2026/09/08 21:08:31.958, GPU-ecc6a1f9-42fe-2932-7ea0-1dd285491b7b, 1057, 0, 1328, 40, 39.24
2026/09/08 21:08:32.162, GPU-ecc6a1f9-42fe-2932-7ea0-1dd285491b7b, 1057, 0, 1328, 39, 39.24
2026/09/08 21:08:32.365, GPU-ecc6a1f9-42fe-2932-7ea0-1dd285491b7b, 1057, 0, 1328, 39, 38.99
2026/09/08 21:08:32.568, GPU-ecc6a1f9-42fe-2932-7ea0-1dd285491b7b, 1057, 0, 1328, 40, 237.45
2026/09/08 21:08:32.772, GPU-ecc6a1f9-42fe-2932-7ea0-1dd285491b7b, 1057, 36, 1328, 41, 55.99
2026/09/08 21:08:32.979, GPU-ecc6a1f9-42fe-2932-7ea0-1dd285491b7b, 1057, 43, 1328, 41, 45.55
2026/09/08 21:08:33.183, GPU-ecc6a1f9-42fe-2932-7ea0-1dd285491b7b, 1057, 37, 1328, 41, 53.80
2026/09/08 21:08:33.387, GPU-ecc6a1f9-42fe-2932-7ea0-1dd285491b7b, 1057, 71, 1328, 43, 195.71
2026/09/08 21:08:33.591, GPU-ecc6a1f9-42fe-2932-7ea0-1dd285491b7b, 1057, 100, 1328, 43, 198.12
2026/09/08 21:08:33.794, GPU-ecc6a1f9-42fe-2932-7ea0-1dd285491b7b, 1057, 100, 1328, 44, 200.30
2026/09/08 21:08:33.999, GPU-ecc6a1f9-42fe-2932-7ea0-1dd285491b7b, 1057, 100, 1328, 45, 190.64
2026/09/08 21:08:34.202, GPU-ecc6a1f9-42fe-2932-7ea0-1dd285491b7b, 1057, 100, 1328, 45, 194.02
2026/09/08 21:08:34.406, GPU-ecc6a1f9-42fe-2932-7ea0-1dd285491b7b, 1057, 100, 1328, 45, 196.92
2026/09/08 21:08:34.609, GPU-ecc6a1f9-42fe-2932-7ea0-1dd285491b7b, 1057, 100, 1328, 46, 198.85
2026/09/08 21:08:34.813, GPU-ecc6a1f9-42fe-2932-7ea0-1dd285491b7b, 1057, 100, 1328, 46, 200.68
2026/09/08 21:08:35.018, GPU-ecc6a1f9-42fe-2932-7ea0-1dd285491b7b, 1057, 100, 1328, 46, 197.76
2026/09/08 21:08:35.221, GPU-ecc6a1f9-42fe-2932-7ea0-1dd285491b7b, 1057, 100, 1328, 46, 193.30
2026/09/08 21:08:35.425, GPU-ecc6a1f9-42fe-2932-7ea0-1dd285491b7b, 1057, 95, 1328, 45, 169.96
2026/09/08 21:08:35.628, GPU-ecc6a1f9-42fe-2932-7ea0-1dd285491b7b, 1057, 54, 1328, 44, 183.28
2026/09/08 21:08:35.832, GPU-ecc6a1f9-42fe-2932-7ea0-1dd285491b7b, 265, 51, 1328, 43, 40.70
