2026/09/08 18:45:19.265, GPU-2aa85c85-bc04-0ac3-fc1b-4827d8303d81, 5, 0, 405, 35, 28.53
2026/09/08 18:45:19.469, GPU-2aa85c85-bc04-0ac3-fc1b-4827d8303d81, 5, 0, 405, 35, 28.54
2026/09/08 18:45:19.672, GPU-2aa85c85-bc04-0ac3-fc1b-4827d8303d81, 5, 0, 405, 35, 28.53
2026/09/08 18:45:19.880, GPU-2aa85c85-bc04-0ac3-fc1b-4827d8303d81, 5, 0, 405, 35, 28.53
2026/09/08 18:45:20.083, GPU-2aa85c85-bc04-0ac3-fc1b-4827d8303d81, 5, 0, 405, 35, 28.53
2026/09/08 18:45:20.287, GPU-2aa85c85-bc04-0ac3-fc1b-4827d8303d81, 5, 0, 405, 35, 28.53
2026/09/08 18:45:20.491, GPU-2aa85c85-bc04-0ac3-fc1b-4827d8303d81, 5, 0, 405, 35, 28.54
2026/09/08 18:45:20.694, GPU-2aa85c85-bc04-0ac3-fc1b-4827d8303d81, 5, 0, 405, 35, 28.53
2026/09/08 18:45:20.898, GPU-2aa85c85-bc04-0ac3-fc1b-4827d8303d81, 5, 0, 405, 35, 28.54
2026/09/08 18:45:21.103, GPU-2aa85c85-bc04-0ac3-fc1b-4827d8303d81, 5, 0, 405, 35, 28.53
2026/09/08 18:45:21.307, GPU-2aa85c85-bc04-0ac3-fc1b-4827d8303d81, 5, 0, 405, 35, 28.53
2026/09/08 18:45:21.510, GPU-2aa85c85-bc04-0ac3-fc1b-4827d8303d81, 5, 0, 405, 35, 28.53
2026/09/08 18:45:21.714, GPU-2aa85c85-bc04-0ac3-fc1b-4827d8303d81, 5, 0, 405, 35, 28.54
2026/09/08 18:45:21.917, GPU-2aa85c85-bc04-0ac3-fc1b-4827d8303d81, 5, 0, 405, 34, 28.53
2026/09/08 18:45:22.121, GPU-2aa85c85-bc04-0ac3-fc1b-4827d8303d81, 5, 0, 405, 34, 28.54
2026/09/08 18:45:22.326, GPU-2aa85c85-bc04-0ac3-fc1b-4827d8303d81, 5, 0, 405, 34, 28.54
2026/09/08 18:45:22.530, GPU-2aa85c85-bc04-0ac3-fc1b-4827d8303d81, 5, 0, 405, 34, 28.53
2026/09/08 18:45:22.733, GPU-2aa85c85-bc04-0ac3-fc1b-4827d8303d81, 5, 0, 405, 35, 28.53
2026/09/08 18:45:22.937, GPU-2aa85c85-bc04-0ac3-fc1b-4827d8303d81, 5, 0, 405, 34, 28.53
2026/09/08 18:45:23.140, GPU-2aa85c85-bc04-0ac3-fc1b-4827d8303d81, 5, 0, 405, 34, 28.53
2026/09/08 18:45:23.346, GPU-2aa85c85-bc04-0ac3-fc1b-4827d8303d81, 5, 0, 405, 34, 28.53
2026/09/08 18:45:23.550, GPU-2aa85c85-bc04-0ac3-fc1b-4827d8303d81, 5, 0, 405, 34, 28.53
2026/09/08 18:45:23.753, GPU-2aa85c85-bc04-0ac3-fc1b-4827d8303d81, 5, 0, 405, 34, 28.54
2026/09/08 18:45:23.957, GPU-2aa85c85-bc04-0ac3-fc1b-4827d8303d81, 5, 0, 405, 34, 28.54
2026/09/08 18:45:24.160, GPU-2aa85c85-bc04-0ac3-fc1b-4827d8303d81, 5, 0, 405, 34, 28.53
2026/09/08 18:45:24.365, GPU-2aa85c85-bc04-0ac3-fc1b-4827d8303d81, 5, 0, 405, 34, 28.53
2026/09/08 18:45:24.569, GPU-2aa85c85-bc04-0ac3-fc1b-4827d8303d81, 5, 0, 405, 34, 28.53
2026/09/08 18:45:24.772, GPU-2aa85c85-bc04-0ac3-fc1b-4827d8303d81, 5, 0, 405, 34, 28.53
2026/09/08 18:45:24.976, GPU-2aa85c85-bc04-0ac3-fc1b-4827d8303d81, 5, 0, 405, 34, 28.53
2026/09/08 18:45:25.179, GPU-2aa85c85-bc04-0ac3-fc1b-4827d8303d81, 5, 0, 405, 34, 28.54
2026/09/08 18:45:25.385, GPU-2aa85c85-bc04-0ac3-fc1b-4827d8303d81, 5, 0, 405, 34, 28.53
2026/09/08 18:45:25.588, GPU-2aa85c85-bc04-0ac3-fc1b-4827d8303d81, 5, 0, 405, 34, 28.54
2026/09/08 18:45:25.792, GPU-2aa85c85-bc04-0ac3-fc1b-4827d8303d81, 5, 0, 405, 34, 28.53
2026/09/08 18:45:25.995, GPU-2aa85c85-bc04-0ac3-fc1b-4827d8303d81, 5, 0, 405, 34, 28.54
2026/09/08 18:45:26.199, GPU-2aa85c85-bc04-0ac3-fc1b-4827d8303d81, 5, 0, 405, 34, 28.53
2026/09/08 18:45:26.404, GPU-2aa85c85-bc04-0ac3-fc1b-4827d8303d81, 5, 0, 405, 34, 28.53
2026/09/08 18:45:26.607, GPU-2aa85c85-bc04-0ac3-fc1b-4827d8303d81, 5, 0, 405, 34, 28.54
2026/09/08 18:45:26.811, GPU-2aa85c85-bc04-0ac3-fc1b-4827d8303d81, 5, 0, 405, 34, 28.54
2026/09/08 18:45:27.014, GPU-2aa85c85-bc04-0ac3-fc1b-4827d8303d81, 5, 0, 405, 34, 28.53
2026/09/08 18:45:27.218, GPU-2aa85c85-bc04-0ac3-fc1b-4827d8303d81, 5, 0, 405, 34, 28.53
2026/09/08 18:45:27.424, GPU-2aa85c85-bc04-0ac3-fc1b-4827d8303d81, 5, 0, 405, 34, 28.53
2026/09/08 18:45:27.627, GPU-2aa85c85-bc04-0ac3-fc1b-4827d8303d81, 5, 0, 405, 34, 28.54
2026/09/08 18:45:27.831, GPU-2aa85c85-bc04-0ac3-fc1b-4827d8303d81, 5, 0, 405, 34, 28.53
2026/09/08 18:45:28.034, GPU-2aa85c85-bc04-0ac3-fc1b-4827d8303d81, 5, 0, 405, 34, 28.53
2026/09/08 18:45:28.238, GPU-2aa85c85-bc04-0ac3-fc1b-4827d8303d81, 5, 0, 405, 34, 28.54
2026/09/08 18:45:28.443, GPU-2aa85c85-bc04-0ac3-fc1b-4827d8303d81, 5, 0, 405, 34, 28.53
2026/09/08 18:45:28.647, GPU-2aa85c85-bc04-0ac3-fc1b-4827d8303d81, 5, 0, 405, 34, 28.54
2026/09/08 18:45:28.850, GPU-2aa85c85-bc04-0ac3-fc1b-4827d8303d81, 5, 0, 405, 34, 28.28
2026/09/08 18:45:29.054, GPU-2aa85c85-bc04-0ac3-fc1b-4827d8303d81, 5, 0, 405, 34, 28.53
2026/09/08 18:45:29.257, GPU-2aa85c85-bc04-0ac3-fc1b-4827d8303d81, 5, 0, 405, 34, 28.53
2026/09/08 18:45:29.462, GPU-2aa85c85-bc04-0ac3-fc1b-4827d8303d81, 5, 0, 405, 34, 28.54
2026/09/08 18:45:29.666, GPU-2aa85c85-bc04-0ac3-fc1b-4827d8303d81, 5, 0, 405, 34, 28.53
2026/09/08 18:45:29.870, GPU-2aa85c85-bc04-0ac3-fc1b-4827d8303d81, 5, 0, 405, 34, 28.53
2026/09/08 18:45:30.073, GPU-2aa85c85-bc04-0ac3-fc1b-4827d8303d81, 15, 0, 405, 34, 28.53
2026/09/08 18:45:30.291, GPU-2aa85c85-bc04-0ac3-fc1b-4827d8303d81, 303, 1, 1189, 34, 34.13
2026/09/08 18:45:30.494, GPU-2aa85c85-bc04-0ac3-fc1b-4827d8303d81, 303, 18, 1189, 34, 35.35
2026/09/08 18:45:30.698, GPU-2aa85c85-bc04-0ac3-fc1b-4827d8303d81, 5, 51, 1316, 34, 38.03
2026/09/08 18:45:30.902, GPU-2aa85c85-bc04-0ac3-fc1b-4827d8303d81, 5, 0, 1316, 34, 38.26
2026/09/08 18:45:31.105, GPU-2aa85c85-bc04-0ac3-fc1b-4827d8303d81, 5, 0, 1316, 34, 38.28
2026/09/08 18:45:31.309, GPU-2aa85c85-bc04-0ac3-fc1b-4827d8303d81, 5, 0, 1316, 34, 38.03
2026/09/08 18:45:31.512, GPU-2aa85c85-bc04-0ac3-fc1b-4827d8303d81, 5, 0, 1316, 34, 38.03
2026/09/08 18:45:31.716, GPU-2aa85c85-bc04-0ac3-fc1b-4827d8303d81, 5, 0, 1316, 34, 38.28
2026/09/08 18:45:31.921, GPU-2aa85c85-bc04-0ac3-fc1b-4827d8303d81, 5, 0, 1316, 34, 37.30
2026/09/08 18:45:32.124, GPU-2aa85c85-bc04-0ac3-fc1b-4827d8303d81, 5, 0, 1316, 34, 38.28
2026/09/08 18:45:32.328, GPU-2aa85c85-bc04-0ac3-fc1b-4827d8303d81, 5, 0, 1316, 34, 38.03
2026/09/08 18:45:32.532, GPU-2aa85c85-bc04-0ac3-fc1b-4827d8303d81, 5, 0, 1316, 34, 38.03
2026/09/08 18:45:32.735, GPU-2aa85c85-bc04-0ac3-fc1b-4827d8303d81, 5, 0, 1316, 34, 38.26
2026/09/08 18:45:32.941, GPU-2aa85c85-bc04-0ac3-fc1b-4827d8303d81, 5, 0, 1316, 34, 38.03
2026/09/08 18:45:33.144, GPU-2aa85c85-bc04-0ac3-fc1b-4827d8303d81, 5, 0, 1316, 34, 38.28
2026/09/08 18:45:33.347, GPU-2aa85c85-bc04-0ac3-fc1b-4827d8303d81, 5, 0, 405, 34, 28.53
2026/09/08 18:45:33.551, GPU-2aa85c85-bc04-0ac3-fc1b-4827d8303d81, 5, 0, 405, 34, 28.54
2026/09/08 18:45:33.754, GPU-2aa85c85-bc04-0ac3-fc1b-4827d8303d81, 5, 0, 405, 34, 28.53
2026/09/08 18:45:33.960, GPU-2aa85c85-bc04-0ac3-fc1b-4827d8303d81, 5, 0, 405, 34, 28.53
2026/09/08 18:45:34.164, GPU-2aa85c85-bc04-0ac3-fc1b-4827d8303d81, 5, 0, 405, 34, 28.54
2026/09/08 18:45:34.367, GPU-2aa85c85-bc04-0ac3-fc1b-4827d8303d81, 5, 0, 405, 34, 28.53
2026/09/08 18:45:34.571, GPU-2aa85c85-bc04-0ac3-fc1b-4827d8303d81, 5, 0, 405, 34, 28.54
2026/09/08 18:45:34.774, GPU-2aa85c85-bc04-0ac3-fc1b-4827d8303d81, 5, 0, 405, 34, 28.53
2026/09/08 18:45:34.978, GPU-2aa85c85-bc04-0ac3-fc1b-4827d8303d81, 5, 0, 405, 34, 28.53
2026/09/08 18:45:35.183, GPU-2aa85c85-bc04-0ac3-fc1b-4827d8303d81, 5, 0, 405, 34, 28.55
2026/09/08 18:45:35.387, GPU-2aa85c85-bc04-0ac3-fc1b-4827d8303d81, 5, 0, 405, 34, 28.53
2026/09/08 18:45:35.590, GPU-2aa85c85-bc04-0ac3-fc1b-4827d8303d81, 5, 0, 405, 34, 28.30
2026/09/08 18:45:35.794, GPU-2aa85c85-bc04-0ac3-fc1b-4827d8303d81, 5, 0, 405, 34, 28.28
2026/09/08 18:45:35.997, GPU-2aa85c85-bc04-0ac3-fc1b-4827d8303d81, 5, 0, 405, 34, 28.30
2026/09/08 18:45:36.201, GPU-2aa85c85-bc04-0ac3-fc1b-4827d8303d81, 5, 0, 405, 34, 28.53
2026/09/08 18:45:36.406, GPU-2aa85c85-bc04-0ac3-fc1b-4827d8303d81, 5, 0, 405, 34, 28.28
2026/09/08 18:45:36.610, GPU-2aa85c85-bc04-0ac3-fc1b-4827d8303d81, 5, 0, 405, 34, 28.28
2026/09/08 18:45:36.813, GPU-2aa85c85-bc04-0ac3-fc1b-4827d8303d81, 5, 0, 405, 34, 28.30
2026/09/08 18:45:37.017, GPU-2aa85c85-bc04-0ac3-fc1b-4827d8303d81, 5, 0, 405, 34, 28.53
2026/09/08 18:45:37.220, GPU-2aa85c85-bc04-0ac3-fc1b-4827d8303d81, 5, 0, 405, 34, 28.54
2026/09/08 18:45:37.427, GPU-2aa85c85-bc04-0ac3-fc1b-4827d8303d81, 5, 0, 405, 34, 28.28
2026/09/08 18:45:37.630, GPU-2aa85c85-bc04-0ac3-fc1b-4827d8303d81, 5, 0, 405, 34, 28.28
2026/09/08 18:45:37.834, GPU-2aa85c85-bc04-0ac3-fc1b-4827d8303d81, 5, 0, 405, 34, 28.28
2026/09/08 18:45:38.038, GPU-2aa85c85-bc04-0ac3-fc1b-4827d8303d81, 5, 0, 405, 34, 28.30
2026/09/08 18:45:38.241, GPU-2aa85c85-bc04-0ac3-fc1b-4827d8303d81, 5, 0, 405, 34, 28.30
2026/09/08 18:45:38.447, GPU-2aa85c85-bc04-0ac3-fc1b-4827d8303d81, 5, 0, 405, 34, 28.28
2026/09/08 18:45:38.650, GPU-2aa85c85-bc04-0ac3-fc1b-4827d8303d81, 5, 0, 405, 34, 28.28
2026/09/08 18:45:38.854, GPU-2aa85c85-bc04-0ac3-fc1b-4827d8303d81, 5, 0, 405, 34, 28.28
2026/09/08 18:45:39.057, GPU-2aa85c85-bc04-0ac3-fc1b-4827d8303d81, 5, 0, 405, 34, 28.28
2026/09/08 18:45:39.261, GPU-2aa85c85-bc04-0ac3-fc1b-4827d8303d81, 5, 0, 405, 34, 28.30
2026/09/08 18:45:39.466, GPU-2aa85c85-bc04-0ac3-fc1b-4827d8303d81, 5, 0, 405, 34, 28.28
2026/09/08 18:45:39.669, GPU-2aa85c85-bc04-0ac3-fc1b-4827d8303d81, 5, 0, 405, 34, 28.28
2026/09/08 18:45:39.873, GPU-2aa85c85-bc04-0ac3-fc1b-4827d8303d81, 5, 0, 405, 34, 28.28
2026/09/08 18:45:40.076, GPU-2aa85c85-bc04-0ac3-fc1b-4827d8303d81, 5, 0, 405, 34, 28.30
2026/09/08 18:45:40.280, GPU-2aa85c85-bc04-0ac3-fc1b-4827d8303d81, 7, 0, 405, 34, 28.28
2026/09/08 18:45:40.485, GPU-2aa85c85-bc04-0ac3-fc1b-4827d8303d81, 15, 0, 405, 34, 28.28
2026/09/08 18:45:40.779, GPU-2aa85c85-bc04-0ac3-fc1b-4827d8303d81, 307, 13, 1189, 34, 39.72
2026/09/08 18:45:40.983, GPU-2aa85c85-bc04-0ac3-fc1b-4827d8303d81, 307, 57, 1316, 35, 109.95
2026/09/08 18:45:41.187, GPU-2aa85c85-bc04-0ac3-fc1b-4827d8303d81, 307, 100, 1328, 36, 118.46
2026/09/08 18:45:41.390, GPU-2aa85c85-bc04-0ac3-fc1b-4827d8303d81, 307, 100, 1328, 37, 122.43
2026/09/08 18:45:41.594, GPU-2aa85c85-bc04-0ac3-fc1b-4827d8303d81, 307, 100, 1328, 37, 126.56
2026/09/08 18:45:41.797, GPU-2aa85c85-bc04-0ac3-fc1b-4827d8303d81, 307, 100, 1328, 37, 134.74
2026/09/08 18:45:42.001, GPU-2aa85c85-bc04-0ac3-fc1b-4827d8303d81, 307, 100, 1328, 38, 129.82
2026/09/08 18:45:42.207, GPU-2aa85c85-bc04-0ac3-fc1b-4827d8303d81, 307, 100, 1328, 38, 130.20
2026/09/08 18:45:42.410, GPU-2aa85c85-bc04-0ac3-fc1b-4827d8303d81, 307, 100, 1328, 38, 134.49
2026/09/08 18:45:42.614, GPU-2aa85c85-bc04-0ac3-fc1b-4827d8303d81, 307, 100, 1328, 38, 131.90
2026/09/08 18:45:42.817, GPU-2aa85c85-bc04-0ac3-fc1b-4827d8303d81, 307, 100, 1328, 38, 132.54
2026/09/08 18:45:43.021, GPU-2aa85c85-bc04-0ac3-fc1b-4827d8303d81, 307, 100, 1328, 38, 120.50
2026/09/08 18:45:43.227, GPU-2aa85c85-bc04-0ac3-fc1b-4827d8303d81, 307, 100, 1328, 39, 142.40
2026/09/08 18:45:43.430, GPU-2aa85c85-bc04-0ac3-fc1b-4827d8303d81, 307, 100, 1328, 38, 133.02
2026/09/08 18:45:43.634, GPU-2aa85c85-bc04-0ac3-fc1b-4827d8303d81, 307, 99, 1328, 39, 125.16
2026/09/08 18:45:43.837, GPU-2aa85c85-bc04-0ac3-fc1b-4827d8303d81, 307, 100, 1328, 39, 136.24
2026/09/08 18:45:44.041, GPU-2aa85c85-bc04-0ac3-fc1b-4827d8303d81, 307, 100, 1328, 39, 143.12
2026/09/08 18:45:44.247, GPU-2aa85c85-bc04-0ac3-fc1b-4827d8303d81, 307, 100, 1328, 39, 131.14
2026/09/08 18:45:44.450, GPU-2aa85c85-bc04-0ac3-fc1b-4827d8303d81, 307, 100, 1328, 39, 116.69
2026/09/08 18:45:44.654, GPU-2aa85c85-bc04-0ac3-fc1b-4827d8303d81, 307, 100, 1328, 39, 150.13
2026/09/08 18:45:44.857, GPU-2aa85c85-bc04-0ac3-fc1b-4827d8303d81, 307, 100, 1328, 39, 128.26
2026/09/08 18:45:45.061, GPU-2aa85c85-bc04-0ac3-fc1b-4827d8303d81, 5, 98, 1328, 38, 42.15
2026/09/08 18:45:45.266, GPU-2aa85c85-bc04-0ac3-fc1b-4827d8303d81, 5, 5, 1328, 37, 41.67
2026/09/08 18:45:45.470, GPU-2aa85c85-bc04-0ac3-fc1b-4827d8303d81, 5, 0, 1328, 37, 41.43
2026/09/08 18:45:45.673, GPU-2aa85c85-bc04-0ac3-fc1b-4827d8303d81, 5, 0, 1328, 36, 41.18
2026/09/08 18:45:45.877, GPU-2aa85c85-bc04-0ac3-fc1b-4827d8303d81, 5, 0, 1328, 36, 40.94
2026/09/08 18:45:46.080, GPU-2aa85c85-bc04-0ac3-fc1b-4827d8303d81, 5, 0, 1328, 36, 40.94
2026/09/08 18:45:46.284, GPU-2aa85c85-bc04-0ac3-fc1b-4827d8303d81, 5, 0, 1328, 36, 40.94
2026/09/08 18:45:46.487, GPU-2aa85c85-bc04-0ac3-fc1b-4827d8303d81, 5, 0, 1328, 36, 40.94
2026/09/08 18:45:46.692, GPU-2aa85c85-bc04-0ac3-fc1b-4827d8303d81, 5, 0, 1328, 36, 40.94
2026/09/08 18:45:46.895, GPU-2aa85c85-bc04-0ac3-fc1b-4827d8303d81, 5, 0, 1328, 36, 38.28
2026/09/08 18:45:47.099, GPU-2aa85c85-bc04-0ac3-fc1b-4827d8303d81, 5, 0, 1328, 36, 39.47
2026/09/08 18:45:47.302, GPU-2aa85c85-bc04-0ac3-fc1b-4827d8303d81, 5, 0, 1328, 36, 39.26
2026/09/08 18:45:47.506, GPU-2aa85c85-bc04-0ac3-fc1b-4827d8303d81, 5, 0, 1328, 35, 39.23
2026/09/08 18:45:47.709, GPU-2aa85c85-bc04-0ac3-fc1b-4827d8303d81, 5, 0, 1328, 36, 39.48
2026/09/08 18:45:47.916, GPU-2aa85c85-bc04-0ac3-fc1b-4827d8303d81, 5, 0, 1328, 35, 39.48
2026/09/08 18:45:48.119, GPU-2aa85c85-bc04-0ac3-fc1b-4827d8303d81, 5, 0, 1328, 35, 39.25
2026/09/08 18:45:48.323, GPU-2aa85c85-bc04-0ac3-fc1b-4827d8303d81, 5, 0, 1328, 35, 38.99
2026/09/08 18:45:48.526, GPU-2aa85c85-bc04-0ac3-fc1b-4827d8303d81, 5, 0, 1328, 35, 39.23
2026/09/08 18:45:48.730, GPU-2aa85c85-bc04-0ac3-fc1b-4827d8303d81, 5, 0, 1328, 35, 39.26
2026/09/08 18:45:48.935, GPU-2aa85c85-bc04-0ac3-fc1b-4827d8303d81, 5, 0, 1328, 35, 39.23
2026/09/08 18:45:49.139, GPU-2aa85c85-bc04-0ac3-fc1b-4827d8303d81, 5, 0, 1328, 35, 39.23
2026/09/08 18:45:49.342, GPU-2aa85c85-bc04-0ac3-fc1b-4827d8303d81, 5, 0, 1328, 35, 39.01
2026/09/08 18:45:49.546, GPU-2aa85c85-bc04-0ac3-fc1b-4827d8303d81, 5, 0, 1328, 35, 39.01
2026/09/08 18:45:49.749, GPU-2aa85c85-bc04-0ac3-fc1b-4827d8303d81, 5, 0, 1328, 35, 39.01
2026/09/08 18:45:49.955, GPU-2aa85c85-bc04-0ac3-fc1b-4827d8303d81, 5, 0, 1328, 35, 39.23
2026/09/08 18:45:50.158, GPU-2aa85c85-bc04-0ac3-fc1b-4827d8303d81, 5, 0, 1328, 35, 39.25
2026/09/08 18:45:50.361, GPU-2aa85c85-bc04-0ac3-fc1b-4827d8303d81, 5, 0, 1328, 35, 38.99
2026/09/08 18:45:50.565, GPU-2aa85c85-bc04-0ac3-fc1b-4827d8303d81, 5, 0, 1328, 35, 38.99
2026/09/08 18:45:50.768, GPU-2aa85c85-bc04-0ac3-fc1b-4827d8303d81, 5, 0, 1328, 35, 39.01
2026/09/08 18:45:50.974, GPU-2aa85c85-bc04-0ac3-fc1b-4827d8303d81, 5, 0, 1328, 35, 39.01
2026/09/08 18:45:51.177, GPU-2aa85c85-bc04-0ac3-fc1b-4827d8303d81, 5, 0, 1328, 35, 38.99
2026/09/08 18:45:51.381, GPU-2aa85c85-bc04-0ac3-fc1b-4827d8303d81, 5, 0, 1328, 35, 39.01
2026/09/08 18:45:51.584, GPU-2aa85c85-bc04-0ac3-fc1b-4827d8303d81, 5, 0, 1328, 35, 39.01
2026/09/08 18:45:51.787, GPU-2aa85c85-bc04-0ac3-fc1b-4827d8303d81, 5, 0, 1328, 35, 39.01
2026/09/08 18:45:51.993, GPU-2aa85c85-bc04-0ac3-fc1b-4827d8303d81, 5, 0, 1328, 35, 38.99
2026/09/08 18:45:52.196, GPU-2aa85c85-bc04-0ac3-fc1b-4827d8303d81, 5, 0, 1328, 35, 39.01
2026/09/08 18:45:52.400, GPU-2aa85c85-bc04-0ac3-fc1b-4827d8303d81, 5, 0, 1328, 35, 38.99
2026/09/08 18:45:52.603, GPU-2aa85c85-bc04-0ac3-fc1b-4827d8303d81, 5, 0, 1328, 35, 39.01
2026/09/08 18:45:52.807, GPU-2aa85c85-bc04-0ac3-fc1b-4827d8303d81, 5, 0, 1328, 35, 39.01
2026/09/08 18:45:53.012, GPU-2aa85c85-bc04-0ac3-fc1b-4827d8303d81, 5, 0, 1328, 35, 39.23
2026/09/08 18:45:53.216, GPU-2aa85c85-bc04-0ac3-fc1b-4827d8303d81, 5, 0, 1328, 35, 38.99
2026/09/08 18:45:53.419, GPU-2aa85c85-bc04-0ac3-fc1b-4827d8303d81, 5, 0, 1328, 35, 39.23
2026/09/08 18:45:53.623, GPU-2aa85c85-bc04-0ac3-fc1b-4827d8303d81, 5, 0, 1328, 35, 38.99
2026/09/08 18:45:53.826, GPU-2aa85c85-bc04-0ac3-fc1b-4827d8303d81, 5, 0, 1328, 35, 39.01
2026/09/08 18:45:54.032, GPU-2aa85c85-bc04-0ac3-fc1b-4827d8303d81, 5, 0, 1328, 35, 39.23
2026/09/08 18:45:54.235, GPU-2aa85c85-bc04-0ac3-fc1b-4827d8303d81, 5, 0, 1328, 35, 39.01
2026/09/08 18:45:54.439, GPU-2aa85c85-bc04-0ac3-fc1b-4827d8303d81, 5, 0, 1328, 35, 39.01
2026/09/08 18:45:54.643, GPU-2aa85c85-bc04-0ac3-fc1b-4827d8303d81, 5, 0, 1328, 35, 39.26
2026/09/08 18:45:54.846, GPU-2aa85c85-bc04-0ac3-fc1b-4827d8303d81, 5, 0, 1328, 35, 38.99
2026/09/08 18:45:55.051, GPU-2aa85c85-bc04-0ac3-fc1b-4827d8303d81, 5, 0, 1328, 35, 39.01
2026/09/08 18:45:55.255, GPU-2aa85c85-bc04-0ac3-fc1b-4827d8303d81, 5, 0, 1328, 35, 38.99
2026/09/08 18:45:55.458, GPU-2aa85c85-bc04-0ac3-fc1b-4827d8303d81, 5, 0, 1328, 35, 38.99
2026/09/08 18:45:55.662, GPU-2aa85c85-bc04-0ac3-fc1b-4827d8303d81, 5, 0, 1328, 35, 39.26
2026/09/08 18:45:55.865, GPU-2aa85c85-bc04-0ac3-fc1b-4827d8303d81, 5, 0, 1328, 35, 38.99
2026/09/08 18:45:56.070, GPU-2aa85c85-bc04-0ac3-fc1b-4827d8303d81, 5, 0, 1328, 35, 39.01
2026/09/08 18:45:56.274, GPU-2aa85c85-bc04-0ac3-fc1b-4827d8303d81, 5, 0, 1328, 35, 39.01
2026/09/08 18:45:56.477, GPU-2aa85c85-bc04-0ac3-fc1b-4827d8303d81, 5, 0, 1328, 35, 39.01
2026/09/08 18:45:56.681, GPU-2aa85c85-bc04-0ac3-fc1b-4827d8303d81, 5, 0, 1328, 35, 38.99
2026/09/08 18:45:56.884, GPU-2aa85c85-bc04-0ac3-fc1b-4827d8303d81, 5, 0, 1328, 35, 39.23
2026/09/08 18:45:57.090, GPU-2aa85c85-bc04-0ac3-fc1b-4827d8303d81, 5, 0, 1328, 35, 39.01
2026/09/08 18:45:57.293, GPU-2aa85c85-bc04-0ac3-fc1b-4827d8303d81, 5, 0, 1328, 35, 38.99
2026/09/08 18:45:57.497, GPU-2aa85c85-bc04-0ac3-fc1b-4827d8303d81, 5, 0, 1328, 35, 38.99
2026/09/08 18:45:57.700, GPU-2aa85c85-bc04-0ac3-fc1b-4827d8303d81, 5, 0, 1328, 35, 39.01
2026/09/08 18:45:57.904, GPU-2aa85c85-bc04-0ac3-fc1b-4827d8303d81, 5, 0, 1328, 35, 38.99
2026/09/08 18:45:58.109, GPU-2aa85c85-bc04-0ac3-fc1b-4827d8303d81, 5, 0, 1328, 35, 39.01
2026/09/08 18:45:58.313, GPU-2aa85c85-bc04-0ac3-fc1b-4827d8303d81, 5, 0, 1328, 35, 39.01
2026/09/08 18:45:58.516, GPU-2aa85c85-bc04-0ac3-fc1b-4827d8303d81, 5, 0, 1328, 35, 38.99
2026/09/08 18:45:58.720, GPU-2aa85c85-bc04-0ac3-fc1b-4827d8303d81, 5, 0, 1328, 35, 39.01
2026/09/08 18:45:58.923, GPU-2aa85c85-bc04-0ac3-fc1b-4827d8303d81, 5, 0, 1328, 35, 39.01
2026/09/08 18:45:59.129, GPU-2aa85c85-bc04-0ac3-fc1b-4827d8303d81, 5, 0, 1328, 35, 38.99
2026/09/08 18:45:59.332, GPU-2aa85c85-bc04-0ac3-fc1b-4827d8303d81, 5, 0, 1328, 35, 39.01
2026/09/08 18:45:59.535, GPU-2aa85c85-bc04-0ac3-fc1b-4827d8303d81, 5, 0, 1328, 35, 38.99
2026/09/08 18:45:59.739, GPU-2aa85c85-bc04-0ac3-fc1b-4827d8303d81, 5, 0, 1328, 35, 38.99
2026/09/08 18:45:59.942, GPU-2aa85c85-bc04-0ac3-fc1b-4827d8303d81, 5, 0, 1328, 35, 39.01
2026/09/08 18:46:00.148, GPU-2aa85c85-bc04-0ac3-fc1b-4827d8303d81, 5, 0, 1328, 35, 39.01
2026/09/08 18:46:00.352, GPU-2aa85c85-bc04-0ac3-fc1b-4827d8303d81, 5, 0, 1328, 35, 38.99
2026/09/08 18:46:00.555, GPU-2aa85c85-bc04-0ac3-fc1b-4827d8303d81, 5, 0, 1328, 35, 38.99
2026/09/08 18:46:00.759, GPU-2aa85c85-bc04-0ac3-fc1b-4827d8303d81, 5, 0, 1328, 35, 38.99
2026/09/08 18:46:00.962, GPU-2aa85c85-bc04-0ac3-fc1b-4827d8303d81, 5, 0, 1328, 35, 38.99
2026/09/08 18:46:01.167, GPU-2aa85c85-bc04-0ac3-fc1b-4827d8303d81, 5, 0, 1328, 35, 39.01
2026/09/08 18:46:01.371, GPU-2aa85c85-bc04-0ac3-fc1b-4827d8303d81, 5, 0, 1328, 35, 39.01
2026/09/08 18:46:01.574, GPU-2aa85c85-bc04-0ac3-fc1b-4827d8303d81, 5, 0, 1328, 35, 39.26
2026/09/08 18:46:01.778, GPU-2aa85c85-bc04-0ac3-fc1b-4827d8303d81, 5, 0, 1328, 35, 39.23
2026/09/08 18:46:01.981, GPU-2aa85c85-bc04-0ac3-fc1b-4827d8303d81, 5, 0, 1328, 35, 38.99
2026/09/08 18:46:02.187, GPU-2aa85c85-bc04-0ac3-fc1b-4827d8303d81, 5, 0, 1328, 35, 39.01
2026/09/08 18:46:02.390, GPU-2aa85c85-bc04-0ac3-fc1b-4827d8303d81, 5, 0, 1328, 35, 39.01
2026/09/08 18:46:02.594, GPU-2aa85c85-bc04-0ac3-fc1b-4827d8303d81, 5, 0, 1328, 35, 39.01
2026/09/08 18:46:02.797, GPU-2aa85c85-bc04-0ac3-fc1b-4827d8303d81, 5, 0, 1328, 35, 39.01
2026/09/08 18:46:03.001, GPU-2aa85c85-bc04-0ac3-fc1b-4827d8303d81, 5, 0, 1328, 35, 39.01
2026/09/08 18:46:03.207, GPU-2aa85c85-bc04-0ac3-fc1b-4827d8303d81, 5, 0, 1328, 35, 39.01
2026/09/08 18:46:03.410, GPU-2aa85c85-bc04-0ac3-fc1b-4827d8303d81, 5, 0, 1328, 35, 39.01
2026/09/08 18:46:03.613, GPU-2aa85c85-bc04-0ac3-fc1b-4827d8303d81, 5, 0, 1328, 35, 39.01
2026/09/08 18:46:03.817, GPU-2aa85c85-bc04-0ac3-fc1b-4827d8303d81, 5, 0, 1328, 35, 39.01
2026/09/08 18:46:04.020, GPU-2aa85c85-bc04-0ac3-fc1b-4827d8303d81, 5, 0, 1328, 35, 38.99
2026/09/08 18:46:04.224, GPU-2aa85c85-bc04-0ac3-fc1b-4827d8303d81, 5, 0, 1328, 35, 39.01
2026/09/08 18:46:04.427, GPU-2aa85c85-bc04-0ac3-fc1b-4827d8303d81, 5, 0, 1328, 35, 39.26
2026/09/08 18:46:04.633, GPU-2aa85c85-bc04-0ac3-fc1b-4827d8303d81, 5, 0, 1328, 35, 38.99
2026/09/08 18:46:04.836, GPU-2aa85c85-bc04-0ac3-fc1b-4827d8303d81, 5, 0, 1328, 35, 39.01
2026/09/08 18:46:05.040, GPU-2aa85c85-bc04-0ac3-fc1b-4827d8303d81, 5, 0, 1328, 35, 39.01
2026/09/08 18:46:05.243, GPU-2aa85c85-bc04-0ac3-fc1b-4827d8303d81, 5, 0, 1328, 35, 39.01
2026/09/08 18:46:05.447, GPU-2aa85c85-bc04-0ac3-fc1b-4827d8303d81, 5, 0, 1328, 35, 39.01
2026/09/08 18:46:05.650, GPU-2aa85c85-bc04-0ac3-fc1b-4827d8303d81, 5, 0, 1328, 35, 39.23
2026/09/08 18:46:05.854, GPU-2aa85c85-bc04-0ac3-fc1b-4827d8303d81, 5, 0, 1328, 35, 38.99
2026/09/08 18:46:06.057, GPU-2aa85c85-bc04-0ac3-fc1b-4827d8303d81, 5, 0, 1328, 35, 38.99
2026/09/08 18:46:06.263, GPU-2aa85c85-bc04-0ac3-fc1b-4827d8303d81, 5, 0, 1328, 35, 38.99
2026/09/08 18:46:06.466, GPU-2aa85c85-bc04-0ac3-fc1b-4827d8303d81, 5, 0, 1328, 35, 39.01
2026/09/08 18:46:06.670, GPU-2aa85c85-bc04-0ac3-fc1b-4827d8303d81, 5, 0, 1328, 35, 39.26
2026/09/08 18:46:06.873, GPU-2aa85c85-bc04-0ac3-fc1b-4827d8303d81, 5, 0, 1328, 35, 38.99
2026/09/08 18:46:07.077, GPU-2aa85c85-bc04-0ac3-fc1b-4827d8303d81, 5, 0, 1328, 35, 38.99
2026/09/08 18:46:07.280, GPU-2aa85c85-bc04-0ac3-fc1b-4827d8303d81, 5, 0, 1328, 35, 38.99
2026/09/08 18:46:07.484, GPU-2aa85c85-bc04-0ac3-fc1b-4827d8303d81, 5, 0, 1328, 35, 39.01
2026/09/08 18:46:07.688, GPU-2aa85c85-bc04-0ac3-fc1b-4827d8303d81, 5, 0, 1328, 35, 38.99
2026/09/08 18:46:07.891, GPU-2aa85c85-bc04-0ac3-fc1b-4827d8303d81, 5, 0, 1328, 35, 39.01
2026/09/08 18:46:08.094, GPU-2aa85c85-bc04-0ac3-fc1b-4827d8303d81, 5, 0, 1328, 35, 39.01
2026/09/08 18:46:08.298, GPU-2aa85c85-bc04-0ac3-fc1b-4827d8303d81, 5, 0, 1328, 35, 38.99
2026/09/08 18:46:08.503, GPU-2aa85c85-bc04-0ac3-fc1b-4827d8303d81, 5, 0, 1328, 35, 38.99
2026/09/08 18:46:08.707, GPU-2aa85c85-bc04-0ac3-fc1b-4827d8303d81, 5, 0, 1328, 35, 39.01
2026/09/08 18:46:08.910, GPU-2aa85c85-bc04-0ac3-fc1b-4827d8303d81, 5, 0, 1328, 35, 39.01
2026/09/08 18:46:09.114, GPU-2aa85c85-bc04-0ac3-fc1b-4827d8303d81, 5, 0, 1328, 35, 38.99
2026/09/08 18:46:09.317, GPU-2aa85c85-bc04-0ac3-fc1b-4827d8303d81, 5, 0, 1328, 35, 39.01
2026/09/08 18:46:09.523, GPU-2aa85c85-bc04-0ac3-fc1b-4827d8303d81, 5, 0, 1328, 35, 39.01
2026/09/08 18:46:09.726, GPU-2aa85c85-bc04-0ac3-fc1b-4827d8303d81, 5, 0, 1328, 35, 39.01
2026/09/08 18:46:09.929, GPU-2aa85c85-bc04-0ac3-fc1b-4827d8303d81, 5, 0, 1328, 35, 39.01
2026/09/08 18:46:10.133, GPU-2aa85c85-bc04-0ac3-fc1b-4827d8303d81, 5, 0, 1328, 35, 38.99
2026/09/08 18:46:10.336, GPU-2aa85c85-bc04-0ac3-fc1b-4827d8303d81, 5, 0, 1328, 35, 38.99
2026/09/08 18:46:10.542, GPU-2aa85c85-bc04-0ac3-fc1b-4827d8303d81, 5, 0, 1328, 35, 38.99
2026/09/08 18:46:10.745, GPU-2aa85c85-bc04-0ac3-fc1b-4827d8303d81, 5, 0, 1328, 35, 38.99
2026/09/08 18:46:10.949, GPU-2aa85c85-bc04-0ac3-fc1b-4827d8303d81, 5, 0, 1328, 35, 39.01
2026/09/08 18:46:11.152, GPU-2aa85c85-bc04-0ac3-fc1b-4827d8303d81, 5, 0, 1328, 35, 39.01
2026/09/08 18:46:11.356, GPU-2aa85c85-bc04-0ac3-fc1b-4827d8303d81, 5, 0, 1328, 35, 38.99
2026/09/08 18:46:11.562, GPU-2aa85c85-bc04-0ac3-fc1b-4827d8303d81, 5, 0, 1328, 35, 38.99
2026/09/08 18:46:11.766, GPU-2aa85c85-bc04-0ac3-fc1b-4827d8303d81, 5, 0, 1328, 35, 39.01
2026/09/08 18:46:11.969, GPU-2aa85c85-bc04-0ac3-fc1b-4827d8303d81, 5, 0, 1328, 35, 39.01
2026/09/08 18:46:12.172, GPU-2aa85c85-bc04-0ac3-fc1b-4827d8303d81, 5, 0, 1328, 35, 39.01
2026/09/08 18:46:12.376, GPU-2aa85c85-bc04-0ac3-fc1b-4827d8303d81, 5, 0, 1328, 35, 38.99
2026/09/08 18:46:12.581, GPU-2aa85c85-bc04-0ac3-fc1b-4827d8303d81, 5, 0, 1328, 35, 39.01
2026/09/08 18:46:12.786, GPU-2aa85c85-bc04-0ac3-fc1b-4827d8303d81, 5, 0, 1328, 35, 39.01
2026/09/08 18:46:12.989, GPU-2aa85c85-bc04-0ac3-fc1b-4827d8303d81, 5, 0, 1328, 35, 39.01
2026/09/08 18:46:13.192, GPU-2aa85c85-bc04-0ac3-fc1b-4827d8303d81, 5, 0, 1328, 35, 38.99
2026/09/08 18:46:13.396, GPU-2aa85c85-bc04-0ac3-fc1b-4827d8303d81, 5, 0, 1328, 35, 38.99
2026/09/08 18:46:13.600, GPU-2aa85c85-bc04-0ac3-fc1b-4827d8303d81, 5, 0, 1328, 35, 39.01
2026/09/08 18:46:13.804, GPU-2aa85c85-bc04-0ac3-fc1b-4827d8303d81, 5, 0, 1328, 35, 38.77
2026/09/08 18:46:14.007, GPU-2aa85c85-bc04-0ac3-fc1b-4827d8303d81, 5, 0, 1328, 35, 39.01
2026/09/08 18:46:14.211, GPU-2aa85c85-bc04-0ac3-fc1b-4827d8303d81, 5, 0, 1328, 35, 39.01
2026/09/08 18:46:14.414, GPU-2aa85c85-bc04-0ac3-fc1b-4827d8303d81, 5, 0, 1328, 35, 39.01
2026/09/08 18:46:14.620, GPU-2aa85c85-bc04-0ac3-fc1b-4827d8303d81, 5, 0, 1328, 35, 38.99
2026/09/08 18:46:14.823, GPU-2aa85c85-bc04-0ac3-fc1b-4827d8303d81, 5, 0, 1328, 35, 39.01
2026/09/08 18:46:15.027, GPU-2aa85c85-bc04-0ac3-fc1b-4827d8303d81, 5, 0, 1328, 35, 38.74
2026/09/08 18:46:15.230, GPU-2aa85c85-bc04-0ac3-fc1b-4827d8303d81, 5, 0, 1328, 34, 39.01
2026/09/08 18:46:15.434, GPU-2aa85c85-bc04-0ac3-fc1b-4827d8303d81, 5, 0, 1328, 35, 39.01
2026/09/08 18:46:15.639, GPU-2aa85c85-bc04-0ac3-fc1b-4827d8303d81, 5, 0, 1328, 35, 39.01
2026/09/08 18:46:15.842, GPU-2aa85c85-bc04-0ac3-fc1b-4827d8303d81, 5, 0, 1328, 35, 38.99
2026/09/08 18:46:16.046, GPU-2aa85c85-bc04-0ac3-fc1b-4827d8303d81, 5, 0, 1328, 35, 38.77
2026/09/08 18:46:16.249, GPU-2aa85c85-bc04-0ac3-fc1b-4827d8303d81, 5, 0, 1328, 35, 39.01
2026/09/08 18:46:16.453, GPU-2aa85c85-bc04-0ac3-fc1b-4827d8303d81, 5, 0, 1328, 35, 38.99
2026/09/08 18:46:16.658, GPU-2aa85c85-bc04-0ac3-fc1b-4827d8303d81, 5, 0, 1328, 35, 38.99
2026/09/08 18:46:16.862, GPU-2aa85c85-bc04-0ac3-fc1b-4827d8303d81, 5, 0, 1328, 35, 39.01
2026/09/08 18:46:17.066, GPU-2aa85c85-bc04-0ac3-fc1b-4827d8303d81, 5, 0, 1328, 35, 39.01
2026/09/08 18:46:17.269, GPU-2aa85c85-bc04-0ac3-fc1b-4827d8303d81, 5, 0, 1328, 35, 38.99
2026/09/08 18:46:17.473, GPU-2aa85c85-bc04-0ac3-fc1b-4827d8303d81, 5, 0, 1328, 35, 38.99
2026/09/08 18:46:17.678, GPU-2aa85c85-bc04-0ac3-fc1b-4827d8303d81, 5, 0, 1328, 35, 39.01
2026/09/08 18:46:17.881, GPU-2aa85c85-bc04-0ac3-fc1b-4827d8303d81, 5, 0, 1328, 35, 38.99
2026/09/08 18:46:18.085, GPU-2aa85c85-bc04-0ac3-fc1b-4827d8303d81, 5, 0, 1328, 35, 38.99
2026/09/08 18:46:18.288, GPU-2aa85c85-bc04-0ac3-fc1b-4827d8303d81, 5, 0, 1328, 35, 39.01
2026/09/08 18:46:18.492, GPU-2aa85c85-bc04-0ac3-fc1b-4827d8303d81, 5, 0, 1328, 35, 38.99
2026/09/08 18:46:18.697, GPU-2aa85c85-bc04-0ac3-fc1b-4827d8303d81, 5, 0, 1328, 35, 38.99
2026/09/08 18:46:18.901, GPU-2aa85c85-bc04-0ac3-fc1b-4827d8303d81, 5, 0, 1328, 34, 39.01
2026/09/08 18:46:19.104, GPU-2aa85c85-bc04-0ac3-fc1b-4827d8303d81, 5, 0, 1328, 35, 38.99
2026/09/08 18:46:19.308, GPU-2aa85c85-bc04-0ac3-fc1b-4827d8303d81, 5, 0, 1328, 35, 38.99
2026/09/08 18:46:19.511, GPU-2aa85c85-bc04-0ac3-fc1b-4827d8303d81, 5, 0, 1328, 35, 39.01
2026/09/08 18:46:19.716, GPU-2aa85c85-bc04-0ac3-fc1b-4827d8303d81, 5, 0, 405, 35, 36.57
2026/09/08 18:46:19.921, GPU-2aa85c85-bc04-0ac3-fc1b-4827d8303d81, 5, 0, 405, 34, 28.54
2026/09/08 18:46:20.124, GPU-2aa85c85-bc04-0ac3-fc1b-4827d8303d81, 5, 0, 405, 34, 28.54
2026/09/08 18:46:20.328, GPU-2aa85c85-bc04-0ac3-fc1b-4827d8303d81, 5, 0, 405, 34, 28.53
2026/09/08 18:46:20.531, GPU-2aa85c85-bc04-0ac3-fc1b-4827d8303d81, 5, 0, 405, 34, 28.53
2026/09/08 18:46:20.736, GPU-2aa85c85-bc04-0ac3-fc1b-4827d8303d81, 5, 0, 405, 34, 28.54
2026/09/08 18:46:20.939, GPU-2aa85c85-bc04-0ac3-fc1b-4827d8303d81, 5, 0, 405, 34, 28.53
2026/09/08 18:46:21.143, GPU-2aa85c85-bc04-0ac3-fc1b-4827d8303d81, 5, 0, 405, 34, 28.53
2026/09/08 18:46:21.347, GPU-2aa85c85-bc04-0ac3-fc1b-4827d8303d81, 5, 0, 405, 34, 28.55
2026/09/08 18:46:21.550, GPU-2aa85c85-bc04-0ac3-fc1b-4827d8303d81, 5, 0, 405, 34, 28.53
2026/09/08 18:46:21.756, GPU-2aa85c85-bc04-0ac3-fc1b-4827d8303d81, 5, 0, 405, 34, 28.28
2026/09/08 18:46:21.959, GPU-2aa85c85-bc04-0ac3-fc1b-4827d8303d81, 5, 0, 405, 34, 28.53
2026/09/08 18:46:22.163, GPU-2aa85c85-bc04-0ac3-fc1b-4827d8303d81, 5, 0, 405, 34, 28.54
2026/09/08 18:46:22.366, GPU-2aa85c85-bc04-0ac3-fc1b-4827d8303d81, 5, 0, 405, 34, 28.53
2026/09/08 18:46:22.569, GPU-2aa85c85-bc04-0ac3-fc1b-4827d8303d81, 5, 0, 405, 34, 28.53
2026/09/08 18:46:22.775, GPU-2aa85c85-bc04-0ac3-fc1b-4827d8303d81, 5, 0, 405, 34, 28.54
2026/09/08 18:46:22.979, GPU-2aa85c85-bc04-0ac3-fc1b-4827d8303d81, 5, 0, 405, 34, 28.28
2026/09/08 18:46:23.182, GPU-2aa85c85-bc04-0ac3-fc1b-4827d8303d81, 5, 0, 405, 34, 28.28
2026/09/08 18:46:23.386, GPU-2aa85c85-bc04-0ac3-fc1b-4827d8303d81, 5, 0, 405, 34, 28.55
2026/09/08 18:46:23.589, GPU-2aa85c85-bc04-0ac3-fc1b-4827d8303d81, 5, 0, 405, 34, 28.28
2026/09/08 18:46:23.794, GPU-2aa85c85-bc04-0ac3-fc1b-4827d8303d81, 5, 0, 405, 34, 28.28
2026/09/08 18:46:23.998, GPU-2aa85c85-bc04-0ac3-fc1b-4827d8303d81, 5, 0, 405, 34, 28.30
2026/09/08 18:46:24.201, GPU-2aa85c85-bc04-0ac3-fc1b-4827d8303d81, 5, 0, 405, 34, 28.53
2026/09/08 18:46:24.405, GPU-2aa85c85-bc04-0ac3-fc1b-4827d8303d81, 5, 0, 405, 34, 28.28
2026/09/08 18:46:24.608, GPU-2aa85c85-bc04-0ac3-fc1b-4827d8303d81, 5, 0, 405, 34, 28.30
2026/09/08 18:46:24.814, GPU-2aa85c85-bc04-0ac3-fc1b-4827d8303d81, 5, 0, 405, 34, 28.28
2026/09/08 18:46:25.017, GPU-2aa85c85-bc04-0ac3-fc1b-4827d8303d81, 5, 0, 405, 34, 28.28
2026/09/08 18:46:25.221, GPU-2aa85c85-bc04-0ac3-fc1b-4827d8303d81, 5, 0, 405, 34, 28.28
2026/09/08 18:46:25.424, GPU-2aa85c85-bc04-0ac3-fc1b-4827d8303d81, 5, 0, 405, 34, 28.28
2026/09/08 18:46:25.628, GPU-2aa85c85-bc04-0ac3-fc1b-4827d8303d81, 5, 0, 405, 34, 28.30
2026/09/08 18:46:25.833, GPU-2aa85c85-bc04-0ac3-fc1b-4827d8303d81, 5, 0, 405, 34, 28.28
2026/09/08 18:46:26.037, GPU-2aa85c85-bc04-0ac3-fc1b-4827d8303d81, 5, 0, 405, 34, 28.30
2026/09/08 18:46:26.240, GPU-2aa85c85-bc04-0ac3-fc1b-4827d8303d81, 5, 0, 405, 34, 28.04
2026/09/08 18:46:26.444, GPU-2aa85c85-bc04-0ac3-fc1b-4827d8303d81, 5, 0, 405, 34, 28.28
2026/09/08 18:46:26.647, GPU-2aa85c85-bc04-0ac3-fc1b-4827d8303d81, 5, 0, 405, 34, 28.28
2026/09/08 18:46:26.853, GPU-2aa85c85-bc04-0ac3-fc1b-4827d8303d81, 5, 0, 405, 34, 28.28
2026/09/08 18:46:27.057, GPU-2aa85c85-bc04-0ac3-fc1b-4827d8303d81, 5, 0, 405, 34, 28.06
2026/09/08 18:46:27.260, GPU-2aa85c85-bc04-0ac3-fc1b-4827d8303d81, 5, 0, 405, 34, 28.28
2026/09/08 18:46:27.464, GPU-2aa85c85-bc04-0ac3-fc1b-4827d8303d81, 5, 0, 405, 34, 28.28
2026/09/08 18:46:27.667, GPU-2aa85c85-bc04-0ac3-fc1b-4827d8303d81, 5, 0, 405, 34, 28.28
2026/09/08 18:46:27.873, GPU-2aa85c85-bc04-0ac3-fc1b-4827d8303d81, 7, 0, 405, 34, 28.28
2026/09/08 18:46:28.077, GPU-2aa85c85-bc04-0ac3-fc1b-4827d8303d81, 15, 0, 405, 34, 28.28
2026/09/08 18:46:28.313, GPU-2aa85c85-bc04-0ac3-fc1b-4827d8303d81, 307, 7, 1189, 34, 40.94
2026/09/08 18:46:28.516, GPU-2aa85c85-bc04-0ac3-fc1b-4827d8303d81, 307, 24, 1189, 35, 99.10
2026/09/08 18:46:28.720, GPU-2aa85c85-bc04-0ac3-fc1b-4827d8303d81, 307, 100, 1316, 36, 126.09
2026/09/08 18:46:28.923, GPU-2aa85c85-bc04-0ac3-fc1b-4827d8303d81, 307, 100, 1328, 36, 120.86
2026/09/08 18:46:29.127, GPU-2aa85c85-bc04-0ac3-fc1b-4827d8303d81, 307, 100, 1328, 37, 122.60
2026/09/08 18:46:29.332, GPU-2aa85c85-bc04-0ac3-fc1b-4827d8303d81, 307, 100, 1328, 37, 133.60
2026/09/08 18:46:29.536, GPU-2aa85c85-bc04-0ac3-fc1b-4827d8303d81, 307, 100, 1328, 37, 129.63
2026/09/08 18:46:29.739, GPU-2aa85c85-bc04-0ac3-fc1b-4827d8303d81, 307, 100, 1328, 38, 136.36
2026/09/08 18:46:29.943, GPU-2aa85c85-bc04-0ac3-fc1b-4827d8303d81, 307, 100, 1328, 38, 136.56
2026/09/08 18:46:30.147, GPU-2aa85c85-bc04-0ac3-fc1b-4827d8303d81, 307, 100, 1328, 38, 131.50
2026/09/08 18:46:30.352, GPU-2aa85c85-bc04-0ac3-fc1b-4827d8303d81, 307, 100, 1328, 38, 135.78
2026/09/08 18:46:30.556, GPU-2aa85c85-bc04-0ac3-fc1b-4827d8303d81, 307, 100, 1328, 38, 119.35
2026/09/08 18:46:30.759, GPU-2aa85c85-bc04-0ac3-fc1b-4827d8303d81, 307, 100, 1328, 38, 145.54
2026/09/08 18:46:30.963, GPU-2aa85c85-bc04-0ac3-fc1b-4827d8303d81, 307, 100, 1328, 38, 145.53
2026/09/08 18:46:31.166, GPU-2aa85c85-bc04-0ac3-fc1b-4827d8303d81, 307, 100, 1328, 39, 130.44
2026/09/08 18:46:31.372, GPU-2aa85c85-bc04-0ac3-fc1b-4827d8303d81, 307, 100, 1328, 39, 127.29
2026/09/08 18:46:31.575, GPU-2aa85c85-bc04-0ac3-fc1b-4827d8303d81, 307, 100, 1328, 39, 149.34
2026/09/08 18:46:31.778, GPU-2aa85c85-bc04-0ac3-fc1b-4827d8303d81, 307, 100, 1328, 39, 135.21
2026/09/08 18:46:31.982, GPU-2aa85c85-bc04-0ac3-fc1b-4827d8303d81, 307, 100, 1328, 39, 125.84
2026/09/08 18:46:32.185, GPU-2aa85c85-bc04-0ac3-fc1b-4827d8303d81, 307, 100, 1328, 39, 139.08
2026/09/08 18:46:32.391, GPU-2aa85c85-bc04-0ac3-fc1b-4827d8303d81, 307, 100, 1328, 39, 144.34
2026/09/08 18:46:32.594, GPU-2aa85c85-bc04-0ac3-fc1b-4827d8303d81, 5, 16, 1328, 38, 42.64
2026/09/08 18:46:32.798, GPU-2aa85c85-bc04-0ac3-fc1b-4827d8303d81, 5, 0, 1328, 37, 41.91
2026/09/08 18:46:33.001, GPU-2aa85c85-bc04-0ac3-fc1b-4827d8303d81, 5, 0, 1328, 37, 41.66
2026/09/08 18:46:33.205, GPU-2aa85c85-bc04-0ac3-fc1b-4827d8303d81, 5, 0, 1328, 36, 41.66
2026/09/08 18:46:33.410, GPU-2aa85c85-bc04-0ac3-fc1b-4827d8303d81, 5, 0, 1328, 36, 41.42
2026/09/08 18:46:33.614, GPU-2aa85c85-bc04-0ac3-fc1b-4827d8303d81, 5, 0, 1328, 36, 41.42
2026/09/08 18:46:33.817, GPU-2aa85c85-bc04-0ac3-fc1b-4827d8303d81, 5, 0, 1328, 36, 41.42
2026/09/08 18:46:34.021, GPU-2aa85c85-bc04-0ac3-fc1b-4827d8303d81, 5, 0, 1328, 36, 39.48
2026/09/08 18:46:34.224, GPU-2aa85c85-bc04-0ac3-fc1b-4827d8303d81, 5, 0, 1328, 36, 39.47
2026/09/08 18:46:34.430, GPU-2aa85c85-bc04-0ac3-fc1b-4827d8303d81, 5, 0, 1328, 36, 39.50
2026/09/08 18:46:34.633, GPU-2aa85c85-bc04-0ac3-fc1b-4827d8303d81, 5, 0, 1328, 35, 39.48
2026/09/08 18:46:34.837, GPU-2aa85c85-bc04-0ac3-fc1b-4827d8303d81, 5, 0, 1328, 35, 39.48
2026/09/08 18:46:35.040, GPU-2aa85c85-bc04-0ac3-fc1b-4827d8303d81, 5, 0, 1328, 35, 39.26
2026/09/08 18:46:35.244, GPU-2aa85c85-bc04-0ac3-fc1b-4827d8303d81, 5, 0, 1328, 35, 39.23
2026/09/08 18:46:35.449, GPU-2aa85c85-bc04-0ac3-fc1b-4827d8303d81, 5, 0, 1328, 35, 39.26
2026/09/08 18:46:35.652, GPU-2aa85c85-bc04-0ac3-fc1b-4827d8303d81, 5, 0, 1328, 35, 39.23
2026/09/08 18:46:35.856, GPU-2aa85c85-bc04-0ac3-fc1b-4827d8303d81, 5, 0, 1328, 35, 39.26
2026/09/08 18:46:36.059, GPU-2aa85c85-bc04-0ac3-fc1b-4827d8303d81, 5, 0, 1328, 35, 39.26
2026/09/08 18:46:36.263, GPU-2aa85c85-bc04-0ac3-fc1b-4827d8303d81, 5, 0, 1328, 35, 39.26
2026/09/08 18:46:36.468, GPU-2aa85c85-bc04-0ac3-fc1b-4827d8303d81, 5, 0, 1328, 35, 39.23
2026/09/08 18:46:36.672, GPU-2aa85c85-bc04-0ac3-fc1b-4827d8303d81, 5, 0, 1328, 35, 39.23
2026/09/08 18:46:36.875, GPU-2aa85c85-bc04-0ac3-fc1b-4827d8303d81, 5, 0, 1328, 35, 39.23
2026/09/08 18:46:37.079, GPU-2aa85c85-bc04-0ac3-fc1b-4827d8303d81, 5, 0, 1328, 35, 39.26
2026/09/08 18:46:37.282, GPU-2aa85c85-bc04-0ac3-fc1b-4827d8303d81, 5, 0, 1328, 35, 39.23
2026/09/08 18:46:37.488, GPU-2aa85c85-bc04-0ac3-fc1b-4827d8303d81, 5, 0, 1328, 35, 39.26
2026/09/08 18:46:37.691, GPU-2aa85c85-bc04-0ac3-fc1b-4827d8303d81, 5, 0, 1328, 35, 39.23
2026/09/08 18:46:37.895, GPU-2aa85c85-bc04-0ac3-fc1b-4827d8303d81, 5, 0, 1328, 35, 39.26
2026/09/08 18:46:38.098, GPU-2aa85c85-bc04-0ac3-fc1b-4827d8303d81, 5, 0, 1328, 35, 39.26
2026/09/08 18:46:38.301, GPU-2aa85c85-bc04-0ac3-fc1b-4827d8303d81, 5, 0, 1328, 35, 39.23
2026/09/08 18:46:38.507, GPU-2aa85c85-bc04-0ac3-fc1b-4827d8303d81, 5, 0, 1328, 35, 39.26
2026/09/08 18:46:38.710, GPU-2aa85c85-bc04-0ac3-fc1b-4827d8303d81, 5, 0, 1328, 35, 39.23
2026/09/08 18:46:38.914, GPU-2aa85c85-bc04-0ac3-fc1b-4827d8303d81, 5, 0, 1328, 35, 39.26
2026/09/08 18:46:39.117, GPU-2aa85c85-bc04-0ac3-fc1b-4827d8303d81, 5, 0, 1328, 35, 39.26
2026/09/08 18:46:39.321, GPU-2aa85c85-bc04-0ac3-fc1b-4827d8303d81, 5, 0, 1328, 35, 39.23
2026/09/08 18:46:39.526, GPU-2aa85c85-bc04-0ac3-fc1b-4827d8303d81, 5, 0, 1328, 35, 38.99
2026/09/08 18:46:39.730, GPU-2aa85c85-bc04-0ac3-fc1b-4827d8303d81, 5, 0, 1328, 35, 39.26
2026/09/08 18:46:39.933, GPU-2aa85c85-bc04-0ac3-fc1b-4827d8303d81, 5, 0, 1328, 35, 39.23
2026/09/08 18:46:40.136, GPU-2aa85c85-bc04-0ac3-fc1b-4827d8303d81, 5, 0, 1328, 35, 39.23
2026/09/08 18:46:40.340, GPU-2aa85c85-bc04-0ac3-fc1b-4827d8303d81, 5, 0, 1328, 35, 39.26
2026/09/08 18:46:40.546, GPU-2aa85c85-bc04-0ac3-fc1b-4827d8303d81, 5, 0, 1328, 35, 39.23
2026/09/08 18:46:40.749, GPU-2aa85c85-bc04-0ac3-fc1b-4827d8303d81, 5, 0, 1328, 35, 39.23
2026/09/08 18:46:40.953, GPU-2aa85c85-bc04-0ac3-fc1b-4827d8303d81, 5, 0, 1328, 35, 39.23
2026/09/08 18:46:41.156, GPU-2aa85c85-bc04-0ac3-fc1b-4827d8303d81, 5, 0, 1328, 35, 39.26
2026/09/08 18:46:41.360, GPU-2aa85c85-bc04-0ac3-fc1b-4827d8303d81, 5, 0, 1328, 35, 39.23
2026/09/08 18:46:41.565, GPU-2aa85c85-bc04-0ac3-fc1b-4827d8303d81, 5, 0, 1328, 35, 39.26
2026/09/08 18:46:41.769, GPU-2aa85c85-bc04-0ac3-fc1b-4827d8303d81, 5, 0, 1328, 35, 39.26
2026/09/08 18:46:41.972, GPU-2aa85c85-bc04-0ac3-fc1b-4827d8303d81, 5, 0, 1328, 35, 39.26
2026/09/08 18:46:42.176, GPU-2aa85c85-bc04-0ac3-fc1b-4827d8303d81, 5, 0, 1328, 35, 39.23
2026/09/08 18:46:42.379, GPU-2aa85c85-bc04-0ac3-fc1b-4827d8303d81, 5, 0, 1328, 35, 39.26
2026/09/08 18:46:42.583, GPU-2aa85c85-bc04-0ac3-fc1b-4827d8303d81, 5, 0, 1328, 35, 39.26
2026/09/08 18:46:42.786, GPU-2aa85c85-bc04-0ac3-fc1b-4827d8303d81, 5, 0, 1328, 35, 39.23
2026/09/08 18:46:42.991, GPU-2aa85c85-bc04-0ac3-fc1b-4827d8303d81, 5, 0, 1328, 35, 39.23
2026/09/08 18:46:43.194, GPU-2aa85c85-bc04-0ac3-fc1b-4827d8303d81, 5, 0, 1328, 35, 39.23
2026/09/08 18:46:43.398, GPU-2aa85c85-bc04-0ac3-fc1b-4827d8303d81, 5, 0, 1328, 35, 39.23
2026/09/08 18:46:43.601, GPU-2aa85c85-bc04-0ac3-fc1b-4827d8303d81, 5, 0, 1328, 35, 39.26
2026/09/08 18:46:43.805, GPU-2aa85c85-bc04-0ac3-fc1b-4827d8303d81, 5, 0, 1328, 35, 39.26
2026/09/08 18:46:44.008, GPU-2aa85c85-bc04-0ac3-fc1b-4827d8303d81, 5, 0, 1328, 35, 39.26
2026/09/08 18:46:44.212, GPU-2aa85c85-bc04-0ac3-fc1b-4827d8303d81, 5, 0, 1328, 35, 39.23
2026/09/08 18:46:44.415, GPU-2aa85c85-bc04-0ac3-fc1b-4827d8303d81, 5, 0, 1328, 35, 39.26
2026/09/08 18:46:44.620, GPU-2aa85c85-bc04-0ac3-fc1b-4827d8303d81, 5, 0, 1328, 35, 39.26
2026/09/08 18:46:44.824, GPU-2aa85c85-bc04-0ac3-fc1b-4827d8303d81, 5, 0, 1328, 35, 39.26
2026/09/08 18:46:45.027, GPU-2aa85c85-bc04-0ac3-fc1b-4827d8303d81, 5, 0, 1328, 35, 39.26
2026/09/08 18:46:45.230, GPU-2aa85c85-bc04-0ac3-fc1b-4827d8303d81, 5, 0, 1328, 35, 39.23
2026/09/08 18:46:45.434, GPU-2aa85c85-bc04-0ac3-fc1b-4827d8303d81, 5, 0, 1328, 35, 39.23
2026/09/08 18:46:45.637, GPU-2aa85c85-bc04-0ac3-fc1b-4827d8303d81, 5, 0, 1328, 35, 39.23
2026/09/08 18:46:45.843, GPU-2aa85c85-bc04-0ac3-fc1b-4827d8303d81, 5, 0, 1328, 35, 39.26
2026/09/08 18:46:46.046, GPU-2aa85c85-bc04-0ac3-fc1b-4827d8303d81, 5, 0, 1328, 35, 38.99
2026/09/08 18:46:46.249, GPU-2aa85c85-bc04-0ac3-fc1b-4827d8303d81, 5, 0, 1328, 35, 39.26
2026/09/08 18:46:46.453, GPU-2aa85c85-bc04-0ac3-fc1b-4827d8303d81, 5, 0, 1328, 35, 39.23
2026/09/08 18:46:46.656, GPU-2aa85c85-bc04-0ac3-fc1b-4827d8303d81, 5, 0, 1328, 35, 39.23
2026/09/08 18:46:46.863, GPU-2aa85c85-bc04-0ac3-fc1b-4827d8303d81, 5, 0, 1328, 35, 39.23
2026/09/08 18:46:47.066, GPU-2aa85c85-bc04-0ac3-fc1b-4827d8303d81, 5, 0, 1328, 35, 39.26
2026/09/08 18:46:47.270, GPU-2aa85c85-bc04-0ac3-fc1b-4827d8303d81, 5, 0, 1328, 35, 39.26
2026/09/08 18:46:47.473, GPU-2aa85c85-bc04-0ac3-fc1b-4827d8303d81, 5, 0, 1328, 35, 38.99
2026/09/08 18:46:47.677, GPU-2aa85c85-bc04-0ac3-fc1b-4827d8303d81, 5, 0, 1328, 35, 38.99
2026/09/08 18:46:47.882, GPU-2aa85c85-bc04-0ac3-fc1b-4827d8303d81, 5, 0, 1328, 35, 38.99
2026/09/08 18:46:48.085, GPU-2aa85c85-bc04-0ac3-fc1b-4827d8303d81, 5, 0, 1328, 35, 39.01
2026/09/08 18:46:48.289, GPU-2aa85c85-bc04-0ac3-fc1b-4827d8303d81, 5, 0, 1328, 35, 39.23
2026/09/08 18:46:48.492, GPU-2aa85c85-bc04-0ac3-fc1b-4827d8303d81, 5, 0, 1328, 35, 39.01
2026/09/08 18:46:48.696, GPU-2aa85c85-bc04-0ac3-fc1b-4827d8303d81, 5, 0, 1328, 35, 39.26
2026/09/08 18:46:48.902, GPU-2aa85c85-bc04-0ac3-fc1b-4827d8303d81, 5, 0, 1328, 35, 39.26
2026/09/08 18:46:49.105, GPU-2aa85c85-bc04-0ac3-fc1b-4827d8303d81, 5, 0, 1328, 35, 39.01
2026/09/08 18:46:49.308, GPU-2aa85c85-bc04-0ac3-fc1b-4827d8303d81, 5, 0, 1328, 35, 39.23
2026/09/08 18:46:49.512, GPU-2aa85c85-bc04-0ac3-fc1b-4827d8303d81, 5, 0, 1328, 35, 38.99
2026/09/08 18:46:49.715, GPU-2aa85c85-bc04-0ac3-fc1b-4827d8303d81, 5, 0, 1328, 35, 38.99
2026/09/08 18:46:49.921, GPU-2aa85c85-bc04-0ac3-fc1b-4827d8303d81, 5, 0, 1328, 35, 39.01
2026/09/08 18:46:50.125, GPU-2aa85c85-bc04-0ac3-fc1b-4827d8303d81, 5, 0, 1328, 35, 38.99
2026/09/08 18:46:50.328, GPU-2aa85c85-bc04-0ac3-fc1b-4827d8303d81, 5, 0, 1328, 35, 39.26
2026/09/08 18:46:50.532, GPU-2aa85c85-bc04-0ac3-fc1b-4827d8303d81, 5, 0, 1328, 35, 38.99
2026/09/08 18:46:50.735, GPU-2aa85c85-bc04-0ac3-fc1b-4827d8303d81, 5, 0, 1328, 35, 39.01
2026/09/08 18:46:50.941, GPU-2aa85c85-bc04-0ac3-fc1b-4827d8303d81, 5, 0, 1328, 35, 39.01
2026/09/08 18:46:51.145, GPU-2aa85c85-bc04-0ac3-fc1b-4827d8303d81, 5, 0, 1328, 35, 38.99
2026/09/08 18:46:51.348, GPU-2aa85c85-bc04-0ac3-fc1b-4827d8303d81, 5, 0, 1328, 35, 39.01
2026/09/08 18:46:51.552, GPU-2aa85c85-bc04-0ac3-fc1b-4827d8303d81, 5, 0, 1328, 35, 38.99
2026/09/08 18:46:51.755, GPU-2aa85c85-bc04-0ac3-fc1b-4827d8303d81, 5, 0, 1328, 35, 39.26
2026/09/08 18:46:51.961, GPU-2aa85c85-bc04-0ac3-fc1b-4827d8303d81, 5, 0, 1328, 35, 38.99
2026/09/08 18:46:52.166, GPU-2aa85c85-bc04-0ac3-fc1b-4827d8303d81, 5, 0, 1328, 35, 38.99
2026/09/08 18:46:52.370, GPU-2aa85c85-bc04-0ac3-fc1b-4827d8303d81, 5, 0, 1328, 35, 38.99
2026/09/08 18:46:52.573, GPU-2aa85c85-bc04-0ac3-fc1b-4827d8303d81, 7, 0, 1328, 35, 38.99
2026/09/08 18:46:52.776, GPU-2aa85c85-bc04-0ac3-fc1b-4827d8303d81, 303, 0, 1328, 35, 41.42
2026/09/08 18:46:52.981, GPU-2aa85c85-bc04-0ac3-fc1b-4827d8303d81, 303, 17, 1328, 35, 44.35
2026/09/08 18:46:53.184, GPU-2aa85c85-bc04-0ac3-fc1b-4827d8303d81, 303, 44, 1328, 36, 139.00
2026/09/08 18:46:53.388, GPU-2aa85c85-bc04-0ac3-fc1b-4827d8303d81, 303, 100, 1328, 37, 144.01
2026/09/08 18:46:53.591, GPU-2aa85c85-bc04-0ac3-fc1b-4827d8303d81, 303, 100, 1328, 38, 146.43
2026/09/08 18:46:53.795, GPU-2aa85c85-bc04-0ac3-fc1b-4827d8303d81, 303, 100, 1328, 38, 144.74
2026/09/08 18:46:54.000, GPU-2aa85c85-bc04-0ac3-fc1b-4827d8303d81, 303, 100, 1328, 38, 149.65
2026/09/08 18:46:54.203, GPU-2aa85c85-bc04-0ac3-fc1b-4827d8303d81, 303, 100, 1328, 39, 149.17
2026/09/08 18:46:54.407, GPU-2aa85c85-bc04-0ac3-fc1b-4827d8303d81, 303, 100, 1328, 39, 148.44
2026/09/08 18:46:54.610, GPU-2aa85c85-bc04-0ac3-fc1b-4827d8303d81, 303, 100, 1328, 39, 148.02
2026/09/08 18:46:54.814, GPU-2aa85c85-bc04-0ac3-fc1b-4827d8303d81, 303, 100, 1328, 39, 148.93
2026/09/08 18:46:55.019, GPU-2aa85c85-bc04-0ac3-fc1b-4827d8303d81, 303, 100, 1328, 39, 149.17
2026/09/08 18:46:55.223, GPU-2aa85c85-bc04-0ac3-fc1b-4827d8303d81, 303, 100, 1328, 39, 153.67
2026/09/08 18:46:55.426, GPU-2aa85c85-bc04-0ac3-fc1b-4827d8303d81, 303, 100, 1328, 40, 152.94
2026/09/08 18:46:55.630, GPU-2aa85c85-bc04-0ac3-fc1b-4827d8303d81, 303, 100, 1328, 40, 158.28
2026/09/08 18:46:55.833, GPU-2aa85c85-bc04-0ac3-fc1b-4827d8303d81, 303, 100, 1328, 40, 138.29
2026/09/08 18:46:56.039, GPU-2aa85c85-bc04-0ac3-fc1b-4827d8303d81, 303, 100, 1328, 40, 143.59
2026/09/08 18:46:56.242, GPU-2aa85c85-bc04-0ac3-fc1b-4827d8303d81, 303, 100, 1328, 40, 149.17
2026/09/08 18:46:56.446, GPU-2aa85c85-bc04-0ac3-fc1b-4827d8303d81, 303, 100, 1328, 40, 153.52
2026/09/08 18:46:56.650, GPU-2aa85c85-bc04-0ac3-fc1b-4827d8303d81, 303, 100, 1328, 40, 158.04
2026/09/08 18:46:56.853, GPU-2aa85c85-bc04-0ac3-fc1b-4827d8303d81, 303, 100, 1328, 40, 155.13
2026/09/08 18:46:57.058, GPU-2aa85c85-bc04-0ac3-fc1b-4827d8303d81, 5, 55, 1328, 39, 42.88
2026/09/08 18:46:57.262, GPU-2aa85c85-bc04-0ac3-fc1b-4827d8303d81, 5, 0, 1328, 38, 42.39
2026/09/08 18:46:57.466, GPU-2aa85c85-bc04-0ac3-fc1b-4827d8303d81, 5, 0, 1328, 37, 42.15
2026/09/08 18:46:57.669, GPU-2aa85c85-bc04-0ac3-fc1b-4827d8303d81, 5, 0, 1328, 37, 42.15
2026/09/08 18:46:57.873, GPU-2aa85c85-bc04-0ac3-fc1b-4827d8303d81, 5, 0, 1328, 37, 41.91
2026/09/08 18:46:58.077, GPU-2aa85c85-bc04-0ac3-fc1b-4827d8303d81, 5, 0, 1328, 37, 41.91
2026/09/08 18:46:58.281, GPU-2aa85c85-bc04-0ac3-fc1b-4827d8303d81, 5, 0, 1328, 37, 41.67
2026/09/08 18:46:58.485, GPU-2aa85c85-bc04-0ac3-fc1b-4827d8303d81, 5, 0, 1328, 37, 41.66
2026/09/08 18:46:58.688, GPU-2aa85c85-bc04-0ac3-fc1b-4827d8303d81, 5, 0, 1328, 36, 41.42
2026/09/08 18:46:58.892, GPU-2aa85c85-bc04-0ac3-fc1b-4827d8303d81, 5, 0, 1328, 36, 38.50
2026/09/08 18:46:59.097, GPU-2aa85c85-bc04-0ac3-fc1b-4827d8303d81, 5, 0, 1328, 36, 39.48
2026/09/08 18:46:59.300, GPU-2aa85c85-bc04-0ac3-fc1b-4827d8303d81, 5, 0, 1328, 36, 39.48
2026/09/08 18:46:59.504, GPU-2aa85c85-bc04-0ac3-fc1b-4827d8303d81, 5, 0, 1328, 36, 39.47
2026/09/08 18:46:59.707, GPU-2aa85c85-bc04-0ac3-fc1b-4827d8303d81, 5, 0, 1328, 36, 39.48
2026/09/08 18:46:59.910, GPU-2aa85c85-bc04-0ac3-fc1b-4827d8303d81, 5, 0, 1328, 36, 39.48
2026/09/08 18:47:00.116, GPU-2aa85c85-bc04-0ac3-fc1b-4827d8303d81, 5, 0, 1328, 36, 39.47
2026/09/08 18:47:00.319, GPU-2aa85c85-bc04-0ac3-fc1b-4827d8303d81, 5, 0, 1328, 36, 39.23
2026/09/08 18:47:00.523, GPU-2aa85c85-bc04-0ac3-fc1b-4827d8303d81, 5, 0, 1328, 36, 39.23
2026/09/08 18:47:00.726, GPU-2aa85c85-bc04-0ac3-fc1b-4827d8303d81, 5, 0, 1328, 36, 39.23
2026/09/08 18:47:00.930, GPU-2aa85c85-bc04-0ac3-fc1b-4827d8303d81, 5, 0, 1328, 36, 39.23
2026/09/08 18:47:01.135, GPU-2aa85c85-bc04-0ac3-fc1b-4827d8303d81, 5, 0, 1328, 36, 39.23
2026/09/08 18:47:01.339, GPU-2aa85c85-bc04-0ac3-fc1b-4827d8303d81, 5, 0, 1328, 36, 39.23
2026/09/08 18:47:01.543, GPU-2aa85c85-bc04-0ac3-fc1b-4827d8303d81, 5, 0, 1328, 36, 39.47
2026/09/08 18:47:01.746, GPU-2aa85c85-bc04-0ac3-fc1b-4827d8303d81, 5, 0, 1328, 36, 39.23
2026/09/08 18:47:01.950, GPU-2aa85c85-bc04-0ac3-fc1b-4827d8303d81, 5, 0, 1328, 36, 39.23
2026/09/08 18:47:02.155, GPU-2aa85c85-bc04-0ac3-fc1b-4827d8303d81, 5, 0, 1328, 36, 39.23
2026/09/08 18:47:02.358, GPU-2aa85c85-bc04-0ac3-fc1b-4827d8303d81, 5, 0, 1328, 36, 39.23
2026/09/08 18:47:02.562, GPU-2aa85c85-bc04-0ac3-fc1b-4827d8303d81, 5, 0, 1328, 36, 39.23
2026/09/08 18:47:02.765, GPU-2aa85c85-bc04-0ac3-fc1b-4827d8303d81, 5, 0, 1328, 36, 39.26
2026/09/08 18:47:02.969, GPU-2aa85c85-bc04-0ac3-fc1b-4827d8303d81, 5, 0, 1328, 36, 39.25
2026/09/08 18:47:03.174, GPU-2aa85c85-bc04-0ac3-fc1b-4827d8303d81, 5, 0, 1328, 36, 39.23
2026/09/08 18:47:03.378, GPU-2aa85c85-bc04-0ac3-fc1b-4827d8303d81, 5, 0, 1328, 36, 39.26
2026/09/08 18:47:03.581, GPU-2aa85c85-bc04-0ac3-fc1b-4827d8303d81, 5, 0, 1328, 36, 39.26
2026/09/08 18:47:03.785, GPU-2aa85c85-bc04-0ac3-fc1b-4827d8303d81, 5, 0, 1328, 36, 39.26
2026/09/08 18:47:03.989, GPU-2aa85c85-bc04-0ac3-fc1b-4827d8303d81, 5, 0, 1328, 36, 39.26
2026/09/08 18:47:04.194, GPU-2aa85c85-bc04-0ac3-fc1b-4827d8303d81, 5, 0, 1328, 36, 39.26
2026/09/08 18:47:04.397, GPU-2aa85c85-bc04-0ac3-fc1b-4827d8303d81, 5, 0, 1328, 36, 39.23
2026/09/08 18:47:04.601, GPU-2aa85c85-bc04-0ac3-fc1b-4827d8303d81, 5, 0, 1328, 36, 39.26
2026/09/08 18:47:04.804, GPU-2aa85c85-bc04-0ac3-fc1b-4827d8303d81, 5, 0, 1328, 36, 39.26
2026/09/08 18:47:05.008, GPU-2aa85c85-bc04-0ac3-fc1b-4827d8303d81, 5, 0, 405, 36, 34.87
2026/09/08 18:47:05.219, GPU-2aa85c85-bc04-0ac3-fc1b-4827d8303d81, 5, 0, 405, 35, 28.77
2026/09/08 18:47:05.422, GPU-2aa85c85-bc04-0ac3-fc1b-4827d8303d81, 5, 0, 405, 35, 28.77
2026/09/08 18:47:05.626, GPU-2aa85c85-bc04-0ac3-fc1b-4827d8303d81, 5, 0, 405, 35, 28.77
2026/09/08 18:47:05.829, GPU-2aa85c85-bc04-0ac3-fc1b-4827d8303d81, 5, 0, 405, 35, 28.77
2026/09/08 18:47:06.035, GPU-2aa85c85-bc04-0ac3-fc1b-4827d8303d81, 5, 0, 405, 35, 28.77
2026/09/08 18:47:06.239, GPU-2aa85c85-bc04-0ac3-fc1b-4827d8303d81, 5, 0, 405, 35, 28.79
2026/09/08 18:47:06.442, GPU-2aa85c85-bc04-0ac3-fc1b-4827d8303d81, 5, 0, 405, 35, 28.53
2026/09/08 18:47:06.646, GPU-2aa85c85-bc04-0ac3-fc1b-4827d8303d81, 5, 0, 405, 35, 28.53
2026/09/08 18:47:06.849, GPU-2aa85c85-bc04-0ac3-fc1b-4827d8303d81, 5, 0, 405, 35, 28.53
2026/09/08 18:47:07.055, GPU-2aa85c85-bc04-0ac3-fc1b-4827d8303d81, 5, 0, 405, 35, 28.53
2026/09/08 18:47:07.258, GPU-2aa85c85-bc04-0ac3-fc1b-4827d8303d81, 5, 0, 405, 35, 28.54
2026/09/08 18:47:07.462, GPU-2aa85c85-bc04-0ac3-fc1b-4827d8303d81, 5, 0, 405, 35, 28.53
2026/09/08 18:47:07.666, GPU-2aa85c85-bc04-0ac3-fc1b-4827d8303d81, 5, 0, 405, 35, 28.53
2026/09/08 18:47:07.870, GPU-2aa85c85-bc04-0ac3-fc1b-4827d8303d81, 5, 0, 405, 35, 28.54
2026/09/08 18:47:08.074, GPU-2aa85c85-bc04-0ac3-fc1b-4827d8303d81, 5, 0, 405, 35, 28.53
2026/09/08 18:47:08.278, GPU-2aa85c85-bc04-0ac3-fc1b-4827d8303d81, 5, 0, 405, 35, 28.53
2026/09/08 18:47:08.481, GPU-2aa85c85-bc04-0ac3-fc1b-4827d8303d81, 5, 0, 405, 35, 28.53
2026/09/08 18:47:08.685, GPU-2aa85c85-bc04-0ac3-fc1b-4827d8303d81, 5, 0, 405, 35, 28.53
2026/09/08 18:47:08.888, GPU-2aa85c85-bc04-0ac3-fc1b-4827d8303d81, 5, 0, 405, 35, 28.54
2026/09/08 18:47:09.094, GPU-2aa85c85-bc04-0ac3-fc1b-4827d8303d81, 5, 0, 405, 35, 28.53
2026/09/08 18:47:09.297, GPU-2aa85c85-bc04-0ac3-fc1b-4827d8303d81, 5, 0, 405, 35, 28.53
2026/09/08 18:47:09.501, GPU-2aa85c85-bc04-0ac3-fc1b-4827d8303d81, 5, 0, 405, 35, 28.53
2026/09/08 18:47:09.704, GPU-2aa85c85-bc04-0ac3-fc1b-4827d8303d81, 5, 0, 405, 35, 28.53
2026/09/08 18:47:09.908, GPU-2aa85c85-bc04-0ac3-fc1b-4827d8303d81, 5, 0, 405, 35, 28.53
2026/09/08 18:47:10.113, GPU-2aa85c85-bc04-0ac3-fc1b-4827d8303d81, 5, 0, 405, 35, 28.53
2026/09/08 18:47:10.317, GPU-2aa85c85-bc04-0ac3-fc1b-4827d8303d81, 5, 0, 405, 35, 28.55
2026/09/08 18:47:10.520, GPU-2aa85c85-bc04-0ac3-fc1b-4827d8303d81, 5, 0, 405, 35, 28.53
2026/09/08 18:47:10.724, GPU-2aa85c85-bc04-0ac3-fc1b-4827d8303d81, 5, 0, 405, 35, 28.53
2026/09/08 18:47:10.927, GPU-2aa85c85-bc04-0ac3-fc1b-4827d8303d81, 5, 0, 405, 35, 28.53
2026/09/08 18:47:11.133, GPU-2aa85c85-bc04-0ac3-fc1b-4827d8303d81, 5, 0, 405, 35, 28.53
2026/09/08 18:47:11.337, GPU-2aa85c85-bc04-0ac3-fc1b-4827d8303d81, 5, 0, 405, 35, 28.53
2026/09/08 18:47:11.540, GPU-2aa85c85-bc04-0ac3-fc1b-4827d8303d81, 5, 0, 405, 35, 28.53
2026/09/08 18:47:11.744, GPU-2aa85c85-bc04-0ac3-fc1b-4827d8303d81, 5, 0, 405, 35, 28.53
2026/09/08 18:47:11.947, GPU-2aa85c85-bc04-0ac3-fc1b-4827d8303d81, 5, 0, 405, 35, 28.53
2026/09/08 18:47:12.153, GPU-2aa85c85-bc04-0ac3-fc1b-4827d8303d81, 5, 0, 405, 35, 28.53
2026/09/08 18:47:12.357, GPU-2aa85c85-bc04-0ac3-fc1b-4827d8303d81, 5, 0, 405, 35, 28.53
2026/09/08 18:47:12.560, GPU-2aa85c85-bc04-0ac3-fc1b-4827d8303d81, 5, 0, 405, 34, 28.53
2026/09/08 18:47:12.764, GPU-2aa85c85-bc04-0ac3-fc1b-4827d8303d81, 5, 0, 405, 35, 28.53
2026/09/08 18:47:12.967, GPU-2aa85c85-bc04-0ac3-fc1b-4827d8303d81, 5, 0, 405, 35, 28.53
2026/09/08 18:47:13.173, GPU-2aa85c85-bc04-0ac3-fc1b-4827d8303d81, 5, 0, 405, 35, 28.53
2026/09/08 18:47:13.376, GPU-2aa85c85-bc04-0ac3-fc1b-4827d8303d81, 5, 0, 405, 35, 28.53
2026/09/08 18:47:13.580, GPU-2aa85c85-bc04-0ac3-fc1b-4827d8303d81, 5, 0, 405, 35, 28.53
2026/09/08 18:47:13.783, GPU-2aa85c85-bc04-0ac3-fc1b-4827d8303d81, 5, 0, 405, 35, 28.53
2026/09/08 18:47:13.987, GPU-2aa85c85-bc04-0ac3-fc1b-4827d8303d81, 5, 0, 405, 34, 28.53
2026/09/08 18:47:14.193, GPU-2aa85c85-bc04-0ac3-fc1b-4827d8303d81, 5, 0, 405, 35, 28.53
2026/09/08 18:47:14.396, GPU-2aa85c85-bc04-0ac3-fc1b-4827d8303d81, 5, 0, 405, 34, 28.54
2026/09/08 18:47:14.600, GPU-2aa85c85-bc04-0ac3-fc1b-4827d8303d81, 5, 0, 405, 34, 28.53
2026/09/08 18:47:14.804, GPU-2aa85c85-bc04-0ac3-fc1b-4827d8303d81, 5, 0, 405, 34, 28.53
2026/09/08 18:47:15.007, GPU-2aa85c85-bc04-0ac3-fc1b-4827d8303d81, 5, 0, 405, 35, 28.53
2026/09/08 18:47:15.212, GPU-2aa85c85-bc04-0ac3-fc1b-4827d8303d81, 5, 0, 405, 35, 28.53
2026/09/08 18:47:15.416, GPU-2aa85c85-bc04-0ac3-fc1b-4827d8303d81, 5, 0, 405, 34, 28.53
2026/09/08 18:47:15.619, GPU-2aa85c85-bc04-0ac3-fc1b-4827d8303d81, 5, 0, 405, 35, 28.53
2026/09/08 18:47:15.823, GPU-2aa85c85-bc04-0ac3-fc1b-4827d8303d81, 5, 0, 405, 34, 28.53
2026/09/08 18:47:16.027, GPU-2aa85c85-bc04-0ac3-fc1b-4827d8303d81, 5, 0, 405, 34, 28.54
2026/09/08 18:47:16.232, GPU-2aa85c85-bc04-0ac3-fc1b-4827d8303d81, 5, 0, 405, 34, 28.53
2026/09/08 18:47:16.435, GPU-2aa85c85-bc04-0ac3-fc1b-4827d8303d81, 5, 0, 405, 34, 28.53
2026/09/08 18:47:16.639, GPU-2aa85c85-bc04-0ac3-fc1b-4827d8303d81, 5, 0, 405, 34, 28.53
2026/09/08 18:47:16.842, GPU-2aa85c85-bc04-0ac3-fc1b-4827d8303d81, 5, 0, 405, 34, 28.54
2026/09/08 18:47:17.046, GPU-2aa85c85-bc04-0ac3-fc1b-4827d8303d81, 5, 0, 405, 34, 28.54
2026/09/08 18:47:17.251, GPU-2aa85c85-bc04-0ac3-fc1b-4827d8303d81, 5, 0, 405, 34, 28.53
2026/09/08 18:47:17.455, GPU-2aa85c85-bc04-0ac3-fc1b-4827d8303d81, 5, 0, 405, 34, 28.53
2026/09/08 18:47:17.658, GPU-2aa85c85-bc04-0ac3-fc1b-4827d8303d81, 5, 0, 405, 34, 28.54
2026/09/08 18:47:17.862, GPU-2aa85c85-bc04-0ac3-fc1b-4827d8303d81, 5, 0, 405, 34, 28.53
2026/09/08 18:47:18.065, GPU-2aa85c85-bc04-0ac3-fc1b-4827d8303d81, 5, 0, 405, 34, 28.53
2026/09/08 18:47:18.271, GPU-2aa85c85-bc04-0ac3-fc1b-4827d8303d81, 5, 0, 405, 34, 28.53
2026/09/08 18:47:18.474, GPU-2aa85c85-bc04-0ac3-fc1b-4827d8303d81, 5, 0, 405, 34, 28.53
2026/09/08 18:47:18.678, GPU-2aa85c85-bc04-0ac3-fc1b-4827d8303d81, 5, 0, 405, 34, 28.54
2026/09/08 18:47:18.881, GPU-2aa85c85-bc04-0ac3-fc1b-4827d8303d81, 5, 0, 405, 34, 28.53
2026/09/08 18:47:19.085, GPU-2aa85c85-bc04-0ac3-fc1b-4827d8303d81, 5, 0, 405, 34, 28.53
2026/09/08 18:47:19.290, GPU-2aa85c85-bc04-0ac3-fc1b-4827d8303d81, 5, 0, 405, 34, 28.53
2026/09/08 18:47:19.494, GPU-2aa85c85-bc04-0ac3-fc1b-4827d8303d81, 5, 0, 405, 34, 28.55
2026/09/08 18:47:19.697, GPU-2aa85c85-bc04-0ac3-fc1b-4827d8303d81, 5, 0, 405, 34, 28.53
2026/09/08 18:47:19.901, GPU-2aa85c85-bc04-0ac3-fc1b-4827d8303d81, 5, 0, 405, 34, 28.53
2026/09/08 18:47:20.104, GPU-2aa85c85-bc04-0ac3-fc1b-4827d8303d81, 5, 0, 405, 34, 28.53
2026/09/08 18:47:20.310, GPU-2aa85c85-bc04-0ac3-fc1b-4827d8303d81, 5, 0, 405, 34, 28.28
2026/09/08 18:47:20.513, GPU-2aa85c85-bc04-0ac3-fc1b-4827d8303d81, 5, 0, 405, 34, 28.53
2026/09/08 18:47:20.717, GPU-2aa85c85-bc04-0ac3-fc1b-4827d8303d81, 5, 0, 405, 34, 28.54
2026/09/08 18:47:20.920, GPU-2aa85c85-bc04-0ac3-fc1b-4827d8303d81, 5, 0, 405, 34, 28.28
2026/09/08 18:47:21.124, GPU-2aa85c85-bc04-0ac3-fc1b-4827d8303d81, 5, 0, 405, 34, 28.53
2026/09/08 18:47:21.330, GPU-2aa85c85-bc04-0ac3-fc1b-4827d8303d81, 5, 0, 405, 34, 28.28
2026/09/08 18:47:21.534, GPU-2aa85c85-bc04-0ac3-fc1b-4827d8303d81, 5, 0, 405, 34, 28.28
2026/09/08 18:47:21.737, GPU-2aa85c85-bc04-0ac3-fc1b-4827d8303d81, 5, 0, 405, 34, 28.28
2026/09/08 18:47:21.941, GPU-2aa85c85-bc04-0ac3-fc1b-4827d8303d81, 5, 0, 405, 34, 28.28
2026/09/08 18:47:22.144, GPU-2aa85c85-bc04-0ac3-fc1b-4827d8303d81, 5, 0, 405, 34, 28.28
2026/09/08 18:47:22.348, GPU-2aa85c85-bc04-0ac3-fc1b-4827d8303d81, 5, 0, 405, 34, 28.30
2026/09/08 18:47:22.553, GPU-2aa85c85-bc04-0ac3-fc1b-4827d8303d81, 5, 0, 405, 34, 28.28
2026/09/08 18:47:22.757, GPU-2aa85c85-bc04-0ac3-fc1b-4827d8303d81, 5, 0, 405, 34, 28.30
2026/09/08 18:47:22.960, GPU-2aa85c85-bc04-0ac3-fc1b-4827d8303d81, 5, 0, 405, 34, 28.28
2026/09/08 18:47:23.164, GPU-2aa85c85-bc04-0ac3-fc1b-4827d8303d81, 5, 0, 405, 34, 28.28
2026/09/08 18:47:23.368, GPU-2aa85c85-bc04-0ac3-fc1b-4827d8303d81, 5, 0, 405, 34, 28.30
2026/09/08 18:47:23.572, GPU-2aa85c85-bc04-0ac3-fc1b-4827d8303d81, 5, 0, 405, 34, 28.28
2026/09/08 18:47:23.777, GPU-2aa85c85-bc04-0ac3-fc1b-4827d8303d81, 5, 0, 405, 34, 28.28
2026/09/08 18:47:23.981, GPU-2aa85c85-bc04-0ac3-fc1b-4827d8303d81, 5, 0, 405, 34, 28.28
2026/09/08 18:47:24.184, GPU-2aa85c85-bc04-0ac3-fc1b-4827d8303d81, 5, 0, 405, 34, 28.30
2026/09/08 18:47:24.388, GPU-2aa85c85-bc04-0ac3-fc1b-4827d8303d81, 5, 0, 405, 34, 28.28
2026/09/08 18:47:24.591, GPU-2aa85c85-bc04-0ac3-fc1b-4827d8303d81, 5, 0, 405, 34, 28.28
2026/09/08 18:47:24.797, GPU-2aa85c85-bc04-0ac3-fc1b-4827d8303d81, 5, 0, 405, 34, 28.28
2026/09/08 18:47:25.001, GPU-2aa85c85-bc04-0ac3-fc1b-4827d8303d81, 5, 0, 405, 34, 28.28
2026/09/08 18:47:25.205, GPU-2aa85c85-bc04-0ac3-fc1b-4827d8303d81, 5, 0, 405, 34, 28.28
2026/09/08 18:47:25.408, GPU-2aa85c85-bc04-0ac3-fc1b-4827d8303d81, 5, 0, 405, 34, 28.28
2026/09/08 18:47:25.611, GPU-2aa85c85-bc04-0ac3-fc1b-4827d8303d81, 5, 0, 405, 34, 28.28
2026/09/08 18:47:25.817, GPU-2aa85c85-bc04-0ac3-fc1b-4827d8303d81, 5, 0, 405, 34, 28.28
2026/09/08 18:47:26.020, GPU-2aa85c85-bc04-0ac3-fc1b-4827d8303d81, 5, 0, 405, 34, 28.30
2026/09/08 18:47:26.224, GPU-2aa85c85-bc04-0ac3-fc1b-4827d8303d81, 5, 0, 405, 34, 28.28
2026/09/08 18:47:26.427, GPU-2aa85c85-bc04-0ac3-fc1b-4827d8303d81, 5, 0, 405, 34, 28.30
2026/09/08 18:47:26.631, GPU-2aa85c85-bc04-0ac3-fc1b-4827d8303d81, 5, 0, 405, 34, 28.28
2026/09/08 18:47:26.837, GPU-2aa85c85-bc04-0ac3-fc1b-4827d8303d81, 5, 0, 405, 34, 28.28
2026/09/08 18:47:27.040, GPU-2aa85c85-bc04-0ac3-fc1b-4827d8303d81, 5, 0, 405, 34, 28.28
2026/09/08 18:47:27.244, GPU-2aa85c85-bc04-0ac3-fc1b-4827d8303d81, 5, 0, 405, 34, 28.30
2026/09/08 18:47:27.447, GPU-2aa85c85-bc04-0ac3-fc1b-4827d8303d81, 5, 0, 405, 34, 28.28
2026/09/08 18:47:27.651, GPU-2aa85c85-bc04-0ac3-fc1b-4827d8303d81, 5, 0, 405, 34, 28.28
2026/09/08 18:47:27.856, GPU-2aa85c85-bc04-0ac3-fc1b-4827d8303d81, 5, 0, 405, 34, 28.28
2026/09/08 18:47:28.059, GPU-2aa85c85-bc04-0ac3-fc1b-4827d8303d81, 5, 0, 405, 34, 28.30
2026/09/08 18:47:28.263, GPU-2aa85c85-bc04-0ac3-fc1b-4827d8303d81, 5, 0, 405, 34, 28.30
2026/09/08 18:47:28.466, GPU-2aa85c85-bc04-0ac3-fc1b-4827d8303d81, 5, 0, 405, 33, 28.28
2026/09/08 18:47:28.670, GPU-2aa85c85-bc04-0ac3-fc1b-4827d8303d81, 5, 0, 405, 34, 28.28
2026/09/08 18:47:28.875, GPU-2aa85c85-bc04-0ac3-fc1b-4827d8303d81, 5, 0, 405, 34, 28.28
2026/09/08 18:47:29.079, GPU-2aa85c85-bc04-0ac3-fc1b-4827d8303d81, 5, 0, 405, 34, 28.28
2026/09/08 18:47:29.282, GPU-2aa85c85-bc04-0ac3-fc1b-4827d8303d81, 5, 0, 405, 34, 28.28
2026/09/08 18:47:29.486, GPU-2aa85c85-bc04-0ac3-fc1b-4827d8303d81, 5, 0, 405, 34, 28.28
2026/09/08 18:47:29.689, GPU-2aa85c85-bc04-0ac3-fc1b-4827d8303d81, 5, 0, 405, 33, 28.28
2026/09/08 18:47:29.895, GPU-2aa85c85-bc04-0ac3-fc1b-4827d8303d81, 5, 0, 405, 34, 28.28
2026/09/08 18:47:30.098, GPU-2aa85c85-bc04-0ac3-fc1b-4827d8303d81, 5, 0, 405, 33, 28.28
2026/09/08 18:47:30.302, GPU-2aa85c85-bc04-0ac3-fc1b-4827d8303d81, 5, 0, 405, 33, 28.28
2026/09/08 18:47:30.505, GPU-2aa85c85-bc04-0ac3-fc1b-4827d8303d81, 5, 0, 405, 33, 28.28
2026/09/08 18:47:30.709, GPU-2aa85c85-bc04-0ac3-fc1b-4827d8303d81, 5, 0, 405, 33, 28.30
2026/09/08 18:47:30.914, GPU-2aa85c85-bc04-0ac3-fc1b-4827d8303d81, 5, 0, 405, 33, 28.28
2026/09/08 18:47:31.118, GPU-2aa85c85-bc04-0ac3-fc1b-4827d8303d81, 5, 0, 405, 33, 28.30
2026/09/08 18:47:31.321, GPU-2aa85c85-bc04-0ac3-fc1b-4827d8303d81, 5, 0, 405, 33, 28.30
2026/09/08 18:47:31.525, GPU-2aa85c85-bc04-0ac3-fc1b-4827d8303d81, 5, 0, 405, 33, 28.30
2026/09/08 18:47:31.728, GPU-2aa85c85-bc04-0ac3-fc1b-4827d8303d81, 5, 0, 405, 33, 28.28
2026/09/08 18:47:31.934, GPU-2aa85c85-bc04-0ac3-fc1b-4827d8303d81, 5, 0, 405, 33, 28.28
2026/09/08 18:47:32.137, GPU-2aa85c85-bc04-0ac3-fc1b-4827d8303d81, 5, 0, 405, 33, 28.28
2026/09/08 18:47:32.341, GPU-2aa85c85-bc04-0ac3-fc1b-4827d8303d81, 5, 0, 405, 33, 28.28
2026/09/08 18:47:32.544, GPU-2aa85c85-bc04-0ac3-fc1b-4827d8303d81, 5, 0, 405, 33, 28.28
2026/09/08 18:47:32.748, GPU-2aa85c85-bc04-0ac3-fc1b-4827d8303d81, 5, 0, 405, 33, 28.30
2026/09/08 18:47:32.954, GPU-2aa85c85-bc04-0ac3-fc1b-4827d8303d81, 5, 0, 405, 33, 28.28
2026/09/08 18:47:33.157, GPU-2aa85c85-bc04-0ac3-fc1b-4827d8303d81, 5, 0, 405, 33, 28.30
2026/09/08 18:47:33.361, GPU-2aa85c85-bc04-0ac3-fc1b-4827d8303d81, 5, 0, 405, 33, 28.30
2026/09/08 18:47:33.564, GPU-2aa85c85-bc04-0ac3-fc1b-4827d8303d81, 5, 0, 405, 33, 28.30
2026/09/08 18:47:33.768, GPU-2aa85c85-bc04-0ac3-fc1b-4827d8303d81, 5, 0, 405, 33, 28.28
2026/09/08 18:47:33.974, GPU-2aa85c85-bc04-0ac3-fc1b-4827d8303d81, 5, 0, 405, 33, 28.28
2026/09/08 18:47:34.177, GPU-2aa85c85-bc04-0ac3-fc1b-4827d8303d81, 5, 0, 405, 33, 28.30
2026/09/08 18:47:34.381, GPU-2aa85c85-bc04-0ac3-fc1b-4827d8303d81, 5, 0, 405, 33, 28.28
2026/09/08 18:47:34.584, GPU-2aa85c85-bc04-0ac3-fc1b-4827d8303d81, 5, 0, 405, 33, 28.30
2026/09/08 18:47:34.788, GPU-2aa85c85-bc04-0ac3-fc1b-4827d8303d81, 5, 0, 405, 33, 28.28
2026/09/08 18:47:34.994, GPU-2aa85c85-bc04-0ac3-fc1b-4827d8303d81, 5, 0, 405, 33, 28.28
2026/09/08 18:47:35.198, GPU-2aa85c85-bc04-0ac3-fc1b-4827d8303d81, 5, 0, 405, 33, 28.28
2026/09/08 18:47:35.401, GPU-2aa85c85-bc04-0ac3-fc1b-4827d8303d81, 5, 0, 405, 33, 28.30
2026/09/08 18:47:35.605, GPU-2aa85c85-bc04-0ac3-fc1b-4827d8303d81, 5, 0, 405, 33, 28.28
2026/09/08 18:47:35.808, GPU-2aa85c85-bc04-0ac3-fc1b-4827d8303d81, 5, 0, 405, 33, 28.28
2026/09/08 18:47:36.014, GPU-2aa85c85-bc04-0ac3-fc1b-4827d8303d81, 5, 0, 405, 33, 28.28
2026/09/08 18:47:36.217, GPU-2aa85c85-bc04-0ac3-fc1b-4827d8303d81, 5, 0, 405, 33, 28.30
2026/09/08 18:47:36.421, GPU-2aa85c85-bc04-0ac3-fc1b-4827d8303d81, 5, 0, 405, 33, 28.30
2026/09/08 18:47:36.624, GPU-2aa85c85-bc04-0ac3-fc1b-4827d8303d81, 5, 0, 405, 33, 28.30
2026/09/08 18:47:36.828, GPU-2aa85c85-bc04-0ac3-fc1b-4827d8303d81, 5, 0, 405, 33, 28.28
2026/09/08 18:47:37.033, GPU-2aa85c85-bc04-0ac3-fc1b-4827d8303d81, 5, 0, 405, 33, 28.28
2026/09/08 18:47:37.237, GPU-2aa85c85-bc04-0ac3-fc1b-4827d8303d81, 5, 0, 405, 33, 28.30
2026/09/08 18:47:37.440, GPU-2aa85c85-bc04-0ac3-fc1b-4827d8303d81, 5, 0, 405, 33, 28.28
2026/09/08 18:47:37.644, GPU-2aa85c85-bc04-0ac3-fc1b-4827d8303d81, 7, 0, 405, 33, 28.28
2026/09/08 18:47:37.848, GPU-2aa85c85-bc04-0ac3-fc1b-4827d8303d81, 307, 0, 1189, 33, 35.57
2026/09/08 18:47:38.053, GPU-2aa85c85-bc04-0ac3-fc1b-4827d8303d81, 307, 44, 1316, 35, 129.40
2026/09/08 18:47:38.256, GPU-2aa85c85-bc04-0ac3-fc1b-4827d8303d81, 307, 100, 1328, 36, 134.23
2026/09/08 18:47:38.460, GPU-2aa85c85-bc04-0ac3-fc1b-4827d8303d81, 307, 100, 1328, 37, 138.35
2026/09/08 18:47:38.663, GPU-2aa85c85-bc04-0ac3-fc1b-4827d8303d81, 307, 100, 1328, 37, 144.09
2026/09/08 18:47:38.866, GPU-2aa85c85-bc04-0ac3-fc1b-4827d8303d81, 307, 100, 1328, 37, 142.89
2026/09/08 18:47:39.070, GPU-2aa85c85-bc04-0ac3-fc1b-4827d8303d81, 307, 100, 1328, 38, 144.41
2026/09/08 18:47:39.276, GPU-2aa85c85-bc04-0ac3-fc1b-4827d8303d81, 307, 100, 1328, 38, 143.20
2026/09/08 18:47:39.479, GPU-2aa85c85-bc04-0ac3-fc1b-4827d8303d81, 307, 100, 1328, 38, 143.60
2026/09/08 18:47:39.683, GPU-2aa85c85-bc04-0ac3-fc1b-4827d8303d81, 307, 99, 1328, 38, 143.29
2026/09/08 18:47:39.886, GPU-2aa85c85-bc04-0ac3-fc1b-4827d8303d81, 307, 100, 1328, 38, 143.12
2026/09/08 18:47:40.089, GPU-2aa85c85-bc04-0ac3-fc1b-4827d8303d81, 307, 100, 1328, 39, 141.43
2026/09/08 18:47:40.293, GPU-2aa85c85-bc04-0ac3-fc1b-4827d8303d81, 307, 100, 1328, 39, 141.02
2026/09/08 18:47:40.496, GPU-2aa85c85-bc04-0ac3-fc1b-4827d8303d81, 5, 84, 1328, 38, 42.64
2026/09/08 18:47:40.702, GPU-2aa85c85-bc04-0ac3-fc1b-4827d8303d81, 5, 5, 1328, 36, 41.66
2026/09/08 18:47:40.906, GPU-2aa85c85-bc04-0ac3-fc1b-4827d8303d81, 5, 0, 1328, 36, 41.42
2026/09/08 18:47:41.109, GPU-2aa85c85-bc04-0ac3-fc1b-4827d8303d81, 5, 0, 1328, 36, 40.94
2026/09/08 18:47:41.312, GPU-2aa85c85-bc04-0ac3-fc1b-4827d8303d81, 5, 0, 1328, 35, 40.94
2026/09/08 18:47:41.516, GPU-2aa85c85-bc04-0ac3-fc1b-4827d8303d81, 5, 0, 1328, 35, 40.69
2026/09/08 18:47:41.719, GPU-2aa85c85-bc04-0ac3-fc1b-4827d8303d81, 5, 0, 1328, 35, 40.69
2026/09/08 18:47:41.923, GPU-2aa85c85-bc04-0ac3-fc1b-4827d8303d81, 5, 0, 1328, 35, 37.79
2026/09/08 18:47:42.126, GPU-2aa85c85-bc04-0ac3-fc1b-4827d8303d81, 5, 0, 1328, 35, 39.72
2026/09/08 18:47:42.332, GPU-2aa85c85-bc04-0ac3-fc1b-4827d8303d81, 5, 0, 1328, 35, 39.48
2026/09/08 18:47:42.536, GPU-2aa85c85-bc04-0ac3-fc1b-4827d8303d81, 5, 0, 1328, 35, 39.50
2026/09/08 18:47:42.739, GPU-2aa85c85-bc04-0ac3-fc1b-4827d8303d81, 5, 0, 1328, 35, 39.48
2026/09/08 18:47:42.942, GPU-2aa85c85-bc04-0ac3-fc1b-4827d8303d81, 5, 0, 1328, 35, 39.50
2026/09/08 18:47:43.146, GPU-2aa85c85-bc04-0ac3-fc1b-4827d8303d81, 5, 0, 1328, 35, 39.48
2026/09/08 18:47:43.349, GPU-2aa85c85-bc04-0ac3-fc1b-4827d8303d81, 5, 0, 1328, 35, 39.50
2026/09/08 18:47:43.553, GPU-2aa85c85-bc04-0ac3-fc1b-4827d8303d81, 5, 0, 1328, 35, 39.23
2026/09/08 18:47:43.759, GPU-2aa85c85-bc04-0ac3-fc1b-4827d8303d81, 5, 0, 1328, 35, 39.48
2026/09/08 18:47:43.963, GPU-2aa85c85-bc04-0ac3-fc1b-4827d8303d81, 5, 0, 1328, 35, 39.26
2026/09/08 18:47:44.166, GPU-2aa85c85-bc04-0ac3-fc1b-4827d8303d81, 5, 0, 1328, 35, 39.50
2026/09/08 18:47:44.370, GPU-2aa85c85-bc04-0ac3-fc1b-4827d8303d81, 5, 0, 1328, 34, 39.50
2026/09/08 18:47:44.573, GPU-2aa85c85-bc04-0ac3-fc1b-4827d8303d81, 5, 0, 1328, 35, 39.23
2026/09/08 18:47:44.777, GPU-2aa85c85-bc04-0ac3-fc1b-4827d8303d81, 5, 0, 1328, 35, 39.48
2026/09/08 18:47:44.980, GPU-2aa85c85-bc04-0ac3-fc1b-4827d8303d81, 5, 0, 1328, 35, 39.23
2026/09/08 18:47:45.187, GPU-2aa85c85-bc04-0ac3-fc1b-4827d8303d81, 5, 0, 1328, 35, 39.26
2026/09/08 18:47:45.390, GPU-2aa85c85-bc04-0ac3-fc1b-4827d8303d81, 5, 0, 1328, 35, 39.23
2026/09/08 18:47:45.593, GPU-2aa85c85-bc04-0ac3-fc1b-4827d8303d81, 5, 0, 1328, 35, 39.50
2026/09/08 18:47:45.797, GPU-2aa85c85-bc04-0ac3-fc1b-4827d8303d81, 5, 0, 1328, 34, 39.23
2026/09/08 18:47:46.000, GPU-2aa85c85-bc04-0ac3-fc1b-4827d8303d81, 5, 0, 1328, 34, 39.50
2026/09/08 18:47:46.204, GPU-2aa85c85-bc04-0ac3-fc1b-4827d8303d81, 5, 0, 1328, 34, 39.50
2026/09/08 18:47:46.408, GPU-2aa85c85-bc04-0ac3-fc1b-4827d8303d81, 5, 0, 1328, 34, 39.50
2026/09/08 18:47:46.611, GPU-2aa85c85-bc04-0ac3-fc1b-4827d8303d81, 5, 0, 1328, 34, 39.23
2026/09/08 18:47:46.815, GPU-2aa85c85-bc04-0ac3-fc1b-4827d8303d81, 5, 0, 1328, 34, 39.26
2026/09/08 18:47:47.018, GPU-2aa85c85-bc04-0ac3-fc1b-4827d8303d81, 5, 0, 1328, 34, 39.26
2026/09/08 18:47:47.222, GPU-2aa85c85-bc04-0ac3-fc1b-4827d8303d81, 5, 0, 1328, 34, 39.48
2026/09/08 18:47:47.427, GPU-2aa85c85-bc04-0ac3-fc1b-4827d8303d81, 5, 0, 1328, 34, 39.23
2026/09/08 18:47:47.630, GPU-2aa85c85-bc04-0ac3-fc1b-4827d8303d81, 5, 0, 1328, 34, 39.48
2026/09/08 18:47:47.834, GPU-2aa85c85-bc04-0ac3-fc1b-4827d8303d81, 5, 0, 1328, 34, 39.23
2026/09/08 18:47:48.037, GPU-2aa85c85-bc04-0ac3-fc1b-4827d8303d81, 5, 0, 1328, 34, 39.26
2026/09/08 18:47:48.241, GPU-2aa85c85-bc04-0ac3-fc1b-4827d8303d81, 5, 0, 1328, 34, 39.50
2026/09/08 18:47:48.446, GPU-2aa85c85-bc04-0ac3-fc1b-4827d8303d81, 5, 0, 1328, 34, 39.50
2026/09/08 18:47:48.650, GPU-2aa85c85-bc04-0ac3-fc1b-4827d8303d81, 5, 0, 1328, 34, 39.50
2026/09/08 18:47:48.853, GPU-2aa85c85-bc04-0ac3-fc1b-4827d8303d81, 5, 0, 1328, 34, 39.26
2026/09/08 18:47:49.057, GPU-2aa85c85-bc04-0ac3-fc1b-4827d8303d81, 5, 0, 1328, 34, 39.26
2026/09/08 18:47:49.260, GPU-2aa85c85-bc04-0ac3-fc1b-4827d8303d81, 5, 0, 1328, 34, 39.50
2026/09/08 18:47:49.466, GPU-2aa85c85-bc04-0ac3-fc1b-4827d8303d81, 5, 0, 1328, 34, 39.48
2026/09/08 18:47:49.670, GPU-2aa85c85-bc04-0ac3-fc1b-4827d8303d81, 5, 0, 1328, 34, 39.50
2026/09/08 18:47:49.873, GPU-2aa85c85-bc04-0ac3-fc1b-4827d8303d81, 5, 0, 1328, 34, 39.48
2026/09/08 18:47:50.076, GPU-2aa85c85-bc04-0ac3-fc1b-4827d8303d81, 5, 0, 1328, 34, 39.23
2026/09/08 18:47:50.280, GPU-2aa85c85-bc04-0ac3-fc1b-4827d8303d81, 5, 0, 1328, 34, 39.23
2026/09/08 18:47:50.485, GPU-2aa85c85-bc04-0ac3-fc1b-4827d8303d81, 5, 0, 1328, 34, 39.25
2026/09/08 18:47:50.689, GPU-2aa85c85-bc04-0ac3-fc1b-4827d8303d81, 5, 0, 1328, 34, 39.26
2026/09/08 18:47:50.892, GPU-2aa85c85-bc04-0ac3-fc1b-4827d8303d81, 5, 0, 1328, 34, 39.50
2026/09/08 18:47:51.095, GPU-2aa85c85-bc04-0ac3-fc1b-4827d8303d81, 5, 0, 1328, 34, 39.50
2026/09/08 18:47:51.299, GPU-2aa85c85-bc04-0ac3-fc1b-4827d8303d81, 5, 0, 405, 34, 28.53
2026/09/08 18:47:51.504, GPU-2aa85c85-bc04-0ac3-fc1b-4827d8303d81, 5, 0, 405, 34, 28.54
2026/09/08 18:47:51.708, GPU-2aa85c85-bc04-0ac3-fc1b-4827d8303d81, 5, 0, 405, 34, 28.53
2026/09/08 18:47:51.911, GPU-2aa85c85-bc04-0ac3-fc1b-4827d8303d81, 5, 0, 405, 34, 28.55
2026/09/08 18:47:52.115, GPU-2aa85c85-bc04-0ac3-fc1b-4827d8303d81, 5, 0, 405, 34, 28.53
2026/09/08 18:47:52.318, GPU-2aa85c85-bc04-0ac3-fc1b-4827d8303d81, 5, 0, 405, 34, 28.28
2026/09/08 18:47:52.524, GPU-2aa85c85-bc04-0ac3-fc1b-4827d8303d81, 5, 0, 405, 34, 28.53
2026/09/08 18:47:52.727, GPU-2aa85c85-bc04-0ac3-fc1b-4827d8303d81, 5, 0, 405, 34, 28.28
2026/09/08 18:47:52.931, GPU-2aa85c85-bc04-0ac3-fc1b-4827d8303d81, 5, 0, 405, 34, 28.28
2026/09/08 18:47:53.134, GPU-2aa85c85-bc04-0ac3-fc1b-4827d8303d81, 5, 0, 405, 34, 28.28
2026/09/08 18:47:53.338, GPU-2aa85c85-bc04-0ac3-fc1b-4827d8303d81, 5, 0, 405, 34, 28.53
2026/09/08 18:47:53.543, GPU-2aa85c85-bc04-0ac3-fc1b-4827d8303d81, 5, 0, 405, 34, 28.53
2026/09/08 18:47:53.747, GPU-2aa85c85-bc04-0ac3-fc1b-4827d8303d81, 5, 0, 405, 34, 28.30
2026/09/08 18:47:53.950, GPU-2aa85c85-bc04-0ac3-fc1b-4827d8303d81, 5, 0, 405, 34, 28.30
2026/09/08 18:47:54.154, GPU-2aa85c85-bc04-0ac3-fc1b-4827d8303d81, 5, 0, 405, 34, 28.28
2026/09/08 18:47:54.357, GPU-2aa85c85-bc04-0ac3-fc1b-4827d8303d81, 5, 0, 405, 34, 28.28
2026/09/08 18:47:54.563, GPU-2aa85c85-bc04-0ac3-fc1b-4827d8303d81, 5, 0, 405, 34, 28.30
2026/09/08 18:47:54.766, GPU-2aa85c85-bc04-0ac3-fc1b-4827d8303d81, 5, 0, 405, 34, 28.30
2026/09/08 18:47:54.969, GPU-2aa85c85-bc04-0ac3-fc1b-4827d8303d81, 5, 0, 405, 34, 28.28
2026/09/08 18:47:55.173, GPU-2aa85c85-bc04-0ac3-fc1b-4827d8303d81, 5, 0, 405, 34, 28.28
2026/09/08 18:47:55.377, GPU-2aa85c85-bc04-0ac3-fc1b-4827d8303d81, 5, 0, 405, 34, 28.30
2026/09/08 18:47:55.583, GPU-2aa85c85-bc04-0ac3-fc1b-4827d8303d81, 5, 0, 405, 34, 28.30
2026/09/08 18:47:55.786, GPU-2aa85c85-bc04-0ac3-fc1b-4827d8303d81, 5, 0, 405, 34, 28.04
2026/09/08 18:47:55.990, GPU-2aa85c85-bc04-0ac3-fc1b-4827d8303d81, 5, 0, 405, 34, 28.28
2026/09/08 18:47:56.193, GPU-2aa85c85-bc04-0ac3-fc1b-4827d8303d81, 5, 0, 405, 34, 28.28
2026/09/08 18:47:56.397, GPU-2aa85c85-bc04-0ac3-fc1b-4827d8303d81, 5, 0, 405, 34, 28.28
2026/09/08 18:47:56.600, GPU-2aa85c85-bc04-0ac3-fc1b-4827d8303d81, 5, 0, 405, 34, 28.28
2026/09/08 18:47:56.807, GPU-2aa85c85-bc04-0ac3-fc1b-4827d8303d81, 5, 0, 405, 34, 28.28
2026/09/08 18:47:57.010, GPU-2aa85c85-bc04-0ac3-fc1b-4827d8303d81, 5, 0, 405, 34, 28.30
2026/09/08 18:47:57.214, GPU-2aa85c85-bc04-0ac3-fc1b-4827d8303d81, 5, 0, 405, 34, 28.04
2026/09/08 18:47:57.417, GPU-2aa85c85-bc04-0ac3-fc1b-4827d8303d81, 5, 0, 405, 34, 28.28
2026/09/08 18:47:57.621, GPU-2aa85c85-bc04-0ac3-fc1b-4827d8303d81, 5, 0, 405, 34, 28.28
2026/09/08 18:47:57.824, GPU-2aa85c85-bc04-0ac3-fc1b-4827d8303d81, 5, 0, 405, 33, 28.28
2026/09/08 18:47:58.030, GPU-2aa85c85-bc04-0ac3-fc1b-4827d8303d81, 5, 0, 405, 34, 28.30
2026/09/08 18:47:58.233, GPU-2aa85c85-bc04-0ac3-fc1b-4827d8303d81, 5, 0, 405, 33, 28.28
2026/09/08 18:47:58.437, GPU-2aa85c85-bc04-0ac3-fc1b-4827d8303d81, 5, 0, 405, 33, 28.30
2026/09/08 18:47:58.640, GPU-2aa85c85-bc04-0ac3-fc1b-4827d8303d81, 5, 0, 405, 33, 28.30
2026/09/08 18:47:58.844, GPU-2aa85c85-bc04-0ac3-fc1b-4827d8303d81, 5, 0, 405, 34, 28.28
2026/09/08 18:47:59.047, GPU-2aa85c85-bc04-0ac3-fc1b-4827d8303d81, 5, 0, 405, 33, 28.28
2026/09/08 18:47:59.251, GPU-2aa85c85-bc04-0ac3-fc1b-4827d8303d81, 5, 0, 405, 33, 28.30
2026/09/08 18:47:59.455, GPU-2aa85c85-bc04-0ac3-fc1b-4827d8303d81, 5, 0, 405, 33, 28.28
2026/09/08 18:47:59.658, GPU-2aa85c85-bc04-0ac3-fc1b-4827d8303d81, 5, 0, 405, 33, 28.30
2026/09/08 18:47:59.862, GPU-2aa85c85-bc04-0ac3-fc1b-4827d8303d81, 5, 0, 405, 33, 28.30
2026/09/08 18:48:00.065, GPU-2aa85c85-bc04-0ac3-fc1b-4827d8303d81, 5, 0, 405, 33, 28.28
2026/09/08 18:48:00.271, GPU-2aa85c85-bc04-0ac3-fc1b-4827d8303d81, 5, 0, 405, 33, 28.30
2026/09/08 18:48:00.474, GPU-2aa85c85-bc04-0ac3-fc1b-4827d8303d81, 5, 0, 405, 33, 28.30
2026/09/08 18:48:00.678, GPU-2aa85c85-bc04-0ac3-fc1b-4827d8303d81, 5, 0, 405, 33, 28.30
2026/09/08 18:48:00.881, GPU-2aa85c85-bc04-0ac3-fc1b-4827d8303d81, 5, 0, 405, 33, 28.28
2026/09/08 18:48:01.085, GPU-2aa85c85-bc04-0ac3-fc1b-4827d8303d81, 5, 0, 405, 33, 28.28
2026/09/08 18:48:01.290, GPU-2aa85c85-bc04-0ac3-fc1b-4827d8303d81, 5, 0, 405, 33, 28.28
2026/09/08 18:48:01.494, GPU-2aa85c85-bc04-0ac3-fc1b-4827d8303d81, 5, 0, 405, 33, 28.28
2026/09/08 18:48:01.697, GPU-2aa85c85-bc04-0ac3-fc1b-4827d8303d81, 5, 0, 405, 33, 28.30
2026/09/08 18:48:01.901, GPU-2aa85c85-bc04-0ac3-fc1b-4827d8303d81, 5, 0, 405, 33, 28.28
2026/09/08 18:48:02.104, GPU-2aa85c85-bc04-0ac3-fc1b-4827d8303d81, 5, 0, 405, 33, 28.30
2026/09/08 18:48:02.310, GPU-2aa85c85-bc04-0ac3-fc1b-4827d8303d81, 5, 0, 405, 33, 28.30
2026/09/08 18:48:02.513, GPU-2aa85c85-bc04-0ac3-fc1b-4827d8303d81, 5, 0, 405, 33, 28.28
2026/09/08 18:48:02.717, GPU-2aa85c85-bc04-0ac3-fc1b-4827d8303d81, 5, 0, 405, 33, 28.30
2026/09/08 18:48:02.920, GPU-2aa85c85-bc04-0ac3-fc1b-4827d8303d81, 5, 0, 405, 33, 28.28
2026/09/08 18:48:03.123, GPU-2aa85c85-bc04-0ac3-fc1b-4827d8303d81, 5, 0, 405, 33, 28.28
2026/09/08 18:48:03.329, GPU-2aa85c85-bc04-0ac3-fc1b-4827d8303d81, 5, 0, 405, 33, 28.28
2026/09/08 18:48:03.532, GPU-2aa85c85-bc04-0ac3-fc1b-4827d8303d81, 5, 0, 405, 33, 28.30
2026/09/08 18:48:03.736, GPU-2aa85c85-bc04-0ac3-fc1b-4827d8303d81, 5, 0, 405, 33, 28.28
2026/09/08 18:48:03.939, GPU-2aa85c85-bc04-0ac3-fc1b-4827d8303d81, 5, 0, 405, 33, 28.28
2026/09/08 18:48:04.143, GPU-2aa85c85-bc04-0ac3-fc1b-4827d8303d81, 5, 0, 405, 33, 28.28
2026/09/08 18:48:04.348, GPU-2aa85c85-bc04-0ac3-fc1b-4827d8303d81, 5, 0, 405, 33, 28.30
2026/09/08 18:48:04.551, GPU-2aa85c85-bc04-0ac3-fc1b-4827d8303d81, 5, 0, 405, 33, 28.30
2026/09/08 18:48:04.755, GPU-2aa85c85-bc04-0ac3-fc1b-4827d8303d81, 5, 0, 405, 33, 28.28
2026/09/08 18:48:04.958, GPU-2aa85c85-bc04-0ac3-fc1b-4827d8303d81, 5, 0, 405, 33, 28.30
2026/09/08 18:48:05.162, GPU-2aa85c85-bc04-0ac3-fc1b-4827d8303d81, 5, 0, 405, 33, 28.28
2026/09/08 18:48:05.367, GPU-2aa85c85-bc04-0ac3-fc1b-4827d8303d81, 5, 0, 405, 33, 28.28
2026/09/08 18:48:05.571, GPU-2aa85c85-bc04-0ac3-fc1b-4827d8303d81, 5, 0, 405, 33, 28.04
2026/09/08 18:48:05.774, GPU-2aa85c85-bc04-0ac3-fc1b-4827d8303d81, 5, 0, 405, 33, 28.28
2026/09/08 18:48:05.978, GPU-2aa85c85-bc04-0ac3-fc1b-4827d8303d81, 5, 0, 405, 33, 28.30
2026/09/08 18:48:06.181, GPU-2aa85c85-bc04-0ac3-fc1b-4827d8303d81, 5, 0, 405, 33, 28.30
2026/09/08 18:48:06.387, GPU-2aa85c85-bc04-0ac3-fc1b-4827d8303d81, 5, 0, 405, 33, 28.28
2026/09/08 18:48:06.590, GPU-2aa85c85-bc04-0ac3-fc1b-4827d8303d81, 5, 0, 405, 33, 28.28
2026/09/08 18:48:06.794, GPU-2aa85c85-bc04-0ac3-fc1b-4827d8303d81, 5, 0, 405, 33, 28.30
2026/09/08 18:48:06.997, GPU-2aa85c85-bc04-0ac3-fc1b-4827d8303d81, 5, 0, 405, 33, 28.28
2026/09/08 18:48:07.201, GPU-2aa85c85-bc04-0ac3-fc1b-4827d8303d81, 5, 0, 405, 33, 28.30
2026/09/08 18:48:07.406, GPU-2aa85c85-bc04-0ac3-fc1b-4827d8303d81, 5, 0, 405, 33, 28.28
2026/09/08 18:48:07.609, GPU-2aa85c85-bc04-0ac3-fc1b-4827d8303d81, 5, 0, 405, 33, 28.28
2026/09/08 18:48:07.813, GPU-2aa85c85-bc04-0ac3-fc1b-4827d8303d81, 5, 0, 405, 33, 28.28
2026/09/08 18:48:08.016, GPU-2aa85c85-bc04-0ac3-fc1b-4827d8303d81, 5, 0, 405, 33, 28.30
2026/09/08 18:48:08.220, GPU-2aa85c85-bc04-0ac3-fc1b-4827d8303d81, 5, 0, 405, 33, 28.28
2026/09/08 18:48:08.426, GPU-2aa85c85-bc04-0ac3-fc1b-4827d8303d81, 5, 0, 405, 33, 28.28
2026/09/08 18:48:08.629, GPU-2aa85c85-bc04-0ac3-fc1b-4827d8303d81, 5, 0, 405, 33, 28.06
2026/09/08 18:48:08.833, GPU-2aa85c85-bc04-0ac3-fc1b-4827d8303d81, 5, 0, 405, 33, 28.04
2026/09/08 18:48:09.036, GPU-2aa85c85-bc04-0ac3-fc1b-4827d8303d81, 5, 0, 405, 33, 28.30
2026/09/08 18:48:09.240, GPU-2aa85c85-bc04-0ac3-fc1b-4827d8303d81, 5, 0, 405, 33, 28.30
2026/09/08 18:48:09.445, GPU-2aa85c85-bc04-0ac3-fc1b-4827d8303d81, 5, 0, 405, 33, 28.30
2026/09/08 18:48:09.649, GPU-2aa85c85-bc04-0ac3-fc1b-4827d8303d81, 5, 0, 405, 33, 28.04
2026/09/08 18:48:09.852, GPU-2aa85c85-bc04-0ac3-fc1b-4827d8303d81, 5, 0, 405, 33, 28.28
2026/09/08 18:48:10.056, GPU-2aa85c85-bc04-0ac3-fc1b-4827d8303d81, 5, 0, 405, 33, 28.28
2026/09/08 18:48:10.259, GPU-2aa85c85-bc04-0ac3-fc1b-4827d8303d81, 5, 0, 405, 33, 28.04
2026/09/08 18:48:10.464, GPU-2aa85c85-bc04-0ac3-fc1b-4827d8303d81, 5, 0, 405, 33, 28.06
2026/09/08 18:48:10.669, GPU-2aa85c85-bc04-0ac3-fc1b-4827d8303d81, 5, 0, 405, 33, 28.28
2026/09/08 18:48:10.873, GPU-2aa85c85-bc04-0ac3-fc1b-4827d8303d81, 5, 0, 405, 33, 28.28
2026/09/08 18:48:11.076, GPU-2aa85c85-bc04-0ac3-fc1b-4827d8303d81, 5, 0, 405, 33, 28.04
2026/09/08 18:48:11.280, GPU-2aa85c85-bc04-0ac3-fc1b-4827d8303d81, 5, 0, 405, 33, 28.06
2026/09/08 18:48:11.484, GPU-2aa85c85-bc04-0ac3-fc1b-4827d8303d81, 5, 0, 405, 33, 28.04
2026/09/08 18:48:11.687, GPU-2aa85c85-bc04-0ac3-fc1b-4827d8303d81, 5, 0, 405, 33, 28.28
2026/09/08 18:48:11.891, GPU-2aa85c85-bc04-0ac3-fc1b-4827d8303d81, 5, 0, 405, 33, 28.04
2026/09/08 18:48:12.095, GPU-2aa85c85-bc04-0ac3-fc1b-4827d8303d81, 5, 0, 405, 33, 28.28
2026/09/08 18:48:12.298, GPU-2aa85c85-bc04-0ac3-fc1b-4827d8303d81, 5, 0, 405, 33, 28.06
2026/09/08 18:48:12.503, GPU-2aa85c85-bc04-0ac3-fc1b-4827d8303d81, 5, 0, 405, 33, 28.28
2026/09/08 18:48:12.707, GPU-2aa85c85-bc04-0ac3-fc1b-4827d8303d81, 5, 0, 405, 33, 28.28
2026/09/08 18:48:12.910, GPU-2aa85c85-bc04-0ac3-fc1b-4827d8303d81, 5, 0, 405, 33, 28.30
2026/09/08 18:48:13.114, GPU-2aa85c85-bc04-0ac3-fc1b-4827d8303d81, 5, 0, 405, 33, 28.04
2026/09/08 18:48:13.317, GPU-2aa85c85-bc04-0ac3-fc1b-4827d8303d81, 5, 0, 405, 33, 28.04
2026/09/08 18:48:13.522, GPU-2aa85c85-bc04-0ac3-fc1b-4827d8303d81, 5, 0, 405, 33, 28.28
2026/09/08 18:48:13.726, GPU-2aa85c85-bc04-0ac3-fc1b-4827d8303d81, 5, 0, 405, 33, 28.06
2026/09/08 18:48:13.929, GPU-2aa85c85-bc04-0ac3-fc1b-4827d8303d81, 5, 0, 405, 33, 28.04
2026/09/08 18:48:14.133, GPU-2aa85c85-bc04-0ac3-fc1b-4827d8303d81, 5, 0, 405, 33, 28.06
2026/09/08 18:48:14.336, GPU-2aa85c85-bc04-0ac3-fc1b-4827d8303d81, 5, 0, 405, 33, 28.06
2026/09/08 18:48:14.542, GPU-2aa85c85-bc04-0ac3-fc1b-4827d8303d81, 5, 0, 405, 33, 28.06
2026/09/08 18:48:14.745, GPU-2aa85c85-bc04-0ac3-fc1b-4827d8303d81, 5, 0, 405, 33, 28.06
2026/09/08 18:48:14.949, GPU-2aa85c85-bc04-0ac3-fc1b-4827d8303d81, 5, 0, 405, 33, 28.04
2026/09/08 18:48:15.152, GPU-2aa85c85-bc04-0ac3-fc1b-4827d8303d81, 5, 0, 405, 33, 28.06
2026/09/08 18:48:15.356, GPU-2aa85c85-bc04-0ac3-fc1b-4827d8303d81, 5, 0, 405, 33, 28.04
2026/09/08 18:48:15.561, GPU-2aa85c85-bc04-0ac3-fc1b-4827d8303d81, 5, 0, 405, 33, 28.06
2026/09/08 18:48:15.764, GPU-2aa85c85-bc04-0ac3-fc1b-4827d8303d81, 5, 0, 405, 33, 28.04
2026/09/08 18:48:15.968, GPU-2aa85c85-bc04-0ac3-fc1b-4827d8303d81, 5, 0, 405, 33, 28.04
2026/09/08 18:48:16.171, GPU-2aa85c85-bc04-0ac3-fc1b-4827d8303d81, 5, 0, 405, 33, 28.04
2026/09/08 18:48:16.375, GPU-2aa85c85-bc04-0ac3-fc1b-4827d8303d81, 5, 0, 405, 33, 28.04
2026/09/08 18:48:16.613, GPU-2aa85c85-bc04-0ac3-fc1b-4827d8303d81, 5, 0, 405, 33, 28.04
2026/09/08 18:48:16.817, GPU-2aa85c85-bc04-0ac3-fc1b-4827d8303d81, 5, 0, 405, 33, 28.06
2026/09/08 18:48:17.020, GPU-2aa85c85-bc04-0ac3-fc1b-4827d8303d81, 5, 0, 405, 33, 28.04
2026/09/08 18:48:17.225, GPU-2aa85c85-bc04-0ac3-fc1b-4827d8303d81, 5, 0, 405, 33, 28.04
2026/09/08 18:48:17.428, GPU-2aa85c85-bc04-0ac3-fc1b-4827d8303d81, 5, 0, 405, 33, 28.06
2026/09/08 18:48:17.632, GPU-2aa85c85-bc04-0ac3-fc1b-4827d8303d81, 5, 0, 405, 33, 28.04
2026/09/08 18:48:17.835, GPU-2aa85c85-bc04-0ac3-fc1b-4827d8303d81, 5, 0, 405, 33, 28.04
2026/09/08 18:48:18.039, GPU-2aa85c85-bc04-0ac3-fc1b-4827d8303d81, 5, 0, 405, 33, 28.06
2026/09/08 18:48:18.245, GPU-2aa85c85-bc04-0ac3-fc1b-4827d8303d81, 5, 0, 405, 33, 28.04
2026/09/08 18:48:18.448, GPU-2aa85c85-bc04-0ac3-fc1b-4827d8303d81, 5, 0, 405, 33, 28.06
2026/09/08 18:48:18.652, GPU-2aa85c85-bc04-0ac3-fc1b-4827d8303d81, 5, 0, 405, 33, 28.06
2026/09/08 18:48:18.855, GPU-2aa85c85-bc04-0ac3-fc1b-4827d8303d81, 5, 0, 405, 33, 28.04
2026/09/08 18:48:19.059, GPU-2aa85c85-bc04-0ac3-fc1b-4827d8303d81, 5, 0, 405, 33, 28.04
2026/09/08 18:48:19.265, GPU-2aa85c85-bc04-0ac3-fc1b-4827d8303d81, 5, 0, 405, 33, 28.04
2026/09/08 18:48:19.468, GPU-2aa85c85-bc04-0ac3-fc1b-4827d8303d81, 5, 0, 405, 33, 28.04
2026/09/08 18:48:19.672, GPU-2aa85c85-bc04-0ac3-fc1b-4827d8303d81, 5, 0, 405, 33, 28.06
2026/09/08 18:48:19.875, GPU-2aa85c85-bc04-0ac3-fc1b-4827d8303d81, 5, 0, 405, 32, 28.04
2026/09/08 18:48:20.079, GPU-2aa85c85-bc04-0ac3-fc1b-4827d8303d81, 5, 0, 405, 33, 28.06
2026/09/08 18:48:20.285, GPU-2aa85c85-bc04-0ac3-fc1b-4827d8303d81, 5, 0, 405, 33, 28.04
2026/09/08 18:48:20.488, GPU-2aa85c85-bc04-0ac3-fc1b-4827d8303d81, 5, 0, 405, 32, 28.06
2026/09/08 18:48:20.692, GPU-2aa85c85-bc04-0ac3-fc1b-4827d8303d81, 5, 0, 405, 32, 28.04
2026/09/08 18:48:20.895, GPU-2aa85c85-bc04-0ac3-fc1b-4827d8303d81, 5, 0, 405, 32, 28.06
2026/09/08 18:48:21.099, GPU-2aa85c85-bc04-0ac3-fc1b-4827d8303d81, 5, 0, 405, 33, 28.06
2026/09/08 18:48:21.304, GPU-2aa85c85-bc04-0ac3-fc1b-4827d8303d81, 5, 0, 405, 33, 28.06
2026/09/08 18:48:21.508, GPU-2aa85c85-bc04-0ac3-fc1b-4827d8303d81, 5, 0, 405, 32, 28.04
2026/09/08 18:48:21.711, GPU-2aa85c85-bc04-0ac3-fc1b-4827d8303d81, 5, 0, 405, 33, 28.06
2026/09/08 18:48:21.915, GPU-2aa85c85-bc04-0ac3-fc1b-4827d8303d81, 5, 0, 405, 32, 28.06
2026/09/08 18:48:22.119, GPU-2aa85c85-bc04-0ac3-fc1b-4827d8303d81, 5, 0, 405, 33, 28.04
2026/09/08 18:48:22.324, GPU-2aa85c85-bc04-0ac3-fc1b-4827d8303d81, 5, 0, 405, 32, 28.06
2026/09/08 18:48:22.527, GPU-2aa85c85-bc04-0ac3-fc1b-4827d8303d81, 5, 0, 405, 32, 28.06
2026/09/08 18:48:22.731, GPU-2aa85c85-bc04-0ac3-fc1b-4827d8303d81, 5, 0, 405, 32, 28.06
2026/09/08 18:48:22.934, GPU-2aa85c85-bc04-0ac3-fc1b-4827d8303d81, 5, 0, 405, 32, 28.06
2026/09/08 18:48:23.138, GPU-2aa85c85-bc04-0ac3-fc1b-4827d8303d81, 5, 0, 405, 32, 28.06
2026/09/08 18:48:23.343, GPU-2aa85c85-bc04-0ac3-fc1b-4827d8303d81, 5, 0, 405, 32, 28.04
2026/09/08 18:48:23.547, GPU-2aa85c85-bc04-0ac3-fc1b-4827d8303d81, 5, 0, 405, 32, 28.04
2026/09/08 18:48:23.750, GPU-2aa85c85-bc04-0ac3-fc1b-4827d8303d81, 5, 0, 405, 32, 28.06
2026/09/08 18:48:23.954, GPU-2aa85c85-bc04-0ac3-fc1b-4827d8303d81, 5, 0, 405, 32, 28.06
2026/09/08 18:48:24.157, GPU-2aa85c85-bc04-0ac3-fc1b-4827d8303d81, 5, 0, 405, 32, 28.06
2026/09/08 18:48:24.363, GPU-2aa85c85-bc04-0ac3-fc1b-4827d8303d81, 5, 0, 405, 32, 28.06
2026/09/08 18:48:24.566, GPU-2aa85c85-bc04-0ac3-fc1b-4827d8303d81, 5, 0, 405, 32, 28.06
2026/09/08 18:48:24.770, GPU-2aa85c85-bc04-0ac3-fc1b-4827d8303d81, 5, 0, 405, 32, 28.04
2026/09/08 18:48:24.973, GPU-2aa85c85-bc04-0ac3-fc1b-4827d8303d81, 5, 0, 405, 32, 28.06
2026/09/08 18:48:25.177, GPU-2aa85c85-bc04-0ac3-fc1b-4827d8303d81, 5, 0, 405, 32, 28.06
2026/09/08 18:48:25.382, GPU-2aa85c85-bc04-0ac3-fc1b-4827d8303d81, 5, 0, 405, 32, 28.06
2026/09/08 18:48:25.586, GPU-2aa85c85-bc04-0ac3-fc1b-4827d8303d81, 5, 0, 405, 32, 28.06
2026/09/08 18:48:25.789, GPU-2aa85c85-bc04-0ac3-fc1b-4827d8303d81, 5, 0, 405, 32, 28.04
2026/09/08 18:48:25.993, GPU-2aa85c85-bc04-0ac3-fc1b-4827d8303d81, 5, 0, 405, 32, 28.06
2026/09/08 18:48:26.196, GPU-2aa85c85-bc04-0ac3-fc1b-4827d8303d81, 5, 0, 405, 32, 28.04
2026/09/08 18:48:26.403, GPU-2aa85c85-bc04-0ac3-fc1b-4827d8303d81, 5, 0, 405, 32, 28.04
2026/09/08 18:48:26.606, GPU-2aa85c85-bc04-0ac3-fc1b-4827d8303d81, 5, 0, 405, 32, 28.06
2026/09/08 18:48:26.810, GPU-2aa85c85-bc04-0ac3-fc1b-4827d8303d81, 5, 0, 405, 32, 28.06
2026/09/08 18:48:27.013, GPU-2aa85c85-bc04-0ac3-fc1b-4827d8303d81, 5, 0, 405, 32, 28.06
2026/09/08 18:48:27.217, GPU-2aa85c85-bc04-0ac3-fc1b-4827d8303d81, 5, 0, 405, 32, 28.06
2026/09/08 18:48:27.420, GPU-2aa85c85-bc04-0ac3-fc1b-4827d8303d81, 5, 0, 405, 32, 28.06
2026/09/08 18:48:27.627, GPU-2aa85c85-bc04-0ac3-fc1b-4827d8303d81, 5, 0, 405, 32, 28.04
2026/09/08 18:48:27.831, GPU-2aa85c85-bc04-0ac3-fc1b-4827d8303d81, 5, 0, 405, 32, 28.06
2026/09/08 18:48:28.034, GPU-2aa85c85-bc04-0ac3-fc1b-4827d8303d81, 5, 0, 405, 32, 28.06
2026/09/08 18:48:28.238, GPU-2aa85c85-bc04-0ac3-fc1b-4827d8303d81, 5, 0, 405, 32, 28.06
2026/09/08 18:48:28.441, GPU-2aa85c85-bc04-0ac3-fc1b-4827d8303d81, 5, 0, 405, 32, 28.06
2026/09/08 18:48:28.645, GPU-2aa85c85-bc04-0ac3-fc1b-4827d8303d81, 5, 0, 405, 32, 28.06
2026/09/08 18:48:28.850, GPU-2aa85c85-bc04-0ac3-fc1b-4827d8303d81, 5, 0, 405, 32, 28.06
2026/09/08 18:48:29.054, GPU-2aa85c85-bc04-0ac3-fc1b-4827d8303d81, 5, 0, 405, 32, 28.04
2026/09/08 18:48:29.257, GPU-2aa85c85-bc04-0ac3-fc1b-4827d8303d81, 5, 0, 405, 32, 27.81
2026/09/08 18:48:29.461, GPU-2aa85c85-bc04-0ac3-fc1b-4827d8303d81, 5, 0, 405, 32, 27.81
2026/09/08 18:48:29.664, GPU-2aa85c85-bc04-0ac3-fc1b-4827d8303d81, 5, 0, 405, 32, 27.80
2026/09/08 18:48:29.871, GPU-2aa85c85-bc04-0ac3-fc1b-4827d8303d81, 5, 0, 405, 32, 28.06
2026/09/08 18:48:30.074, GPU-2aa85c85-bc04-0ac3-fc1b-4827d8303d81, 5, 0, 405, 32, 28.06
2026/09/08 18:48:30.278, GPU-2aa85c85-bc04-0ac3-fc1b-4827d8303d81, 5, 0, 405, 32, 28.06
2026/09/08 18:48:30.481, GPU-2aa85c85-bc04-0ac3-fc1b-4827d8303d81, 5, 0, 405, 32, 28.06
2026/09/08 18:48:30.685, GPU-2aa85c85-bc04-0ac3-fc1b-4827d8303d81, 5, 0, 405, 32, 28.06
2026/09/08 18:48:30.890, GPU-2aa85c85-bc04-0ac3-fc1b-4827d8303d81, 5, 0, 405, 32, 28.06
2026/09/08 18:48:31.094, GPU-2aa85c85-bc04-0ac3-fc1b-4827d8303d81, 5, 0, 405, 32, 28.06
2026/09/08 18:48:31.298, GPU-2aa85c85-bc04-0ac3-fc1b-4827d8303d81, 5, 0, 405, 32, 27.81
2026/09/08 18:48:31.501, GPU-2aa85c85-bc04-0ac3-fc1b-4827d8303d81, 5, 0, 405, 32, 28.06
2026/09/08 18:48:31.704, GPU-2aa85c85-bc04-0ac3-fc1b-4827d8303d81, 5, 0, 405, 32, 27.80
2026/09/08 18:48:31.910, GPU-2aa85c85-bc04-0ac3-fc1b-4827d8303d81, 5, 0, 405, 32, 27.81
2026/09/08 18:48:32.113, GPU-2aa85c85-bc04-0ac3-fc1b-4827d8303d81, 5, 0, 405, 32, 28.06
2026/09/08 18:48:32.317, GPU-2aa85c85-bc04-0ac3-fc1b-4827d8303d81, 5, 0, 405, 32, 27.81
2026/09/08 18:48:32.520, GPU-2aa85c85-bc04-0ac3-fc1b-4827d8303d81, 5, 0, 405, 32, 28.04
2026/09/08 18:48:32.724, GPU-2aa85c85-bc04-0ac3-fc1b-4827d8303d81, 5, 0, 405, 32, 28.04
2026/09/08 18:48:32.929, GPU-2aa85c85-bc04-0ac3-fc1b-4827d8303d81, 5, 0, 405, 32, 28.06
2026/09/08 18:48:33.133, GPU-2aa85c85-bc04-0ac3-fc1b-4827d8303d81, 5, 0, 405, 32, 28.06
2026/09/08 18:48:33.336, GPU-2aa85c85-bc04-0ac3-fc1b-4827d8303d81, 5, 0, 405, 32, 28.04
2026/09/08 18:48:33.540, GPU-2aa85c85-bc04-0ac3-fc1b-4827d8303d81, 5, 0, 405, 32, 28.06
2026/09/08 18:48:33.743, GPU-2aa85c85-bc04-0ac3-fc1b-4827d8303d81, 5, 0, 405, 32, 27.80
2026/09/08 18:48:33.949, GPU-2aa85c85-bc04-0ac3-fc1b-4827d8303d81, 5, 0, 405, 32, 27.81
2026/09/08 18:48:34.152, GPU-2aa85c85-bc04-0ac3-fc1b-4827d8303d81, 5, 0, 405, 32, 27.80
2026/09/08 18:48:34.356, GPU-2aa85c85-bc04-0ac3-fc1b-4827d8303d81, 5, 0, 405, 32, 27.80
2026/09/08 18:48:34.559, GPU-2aa85c85-bc04-0ac3-fc1b-4827d8303d81, 5, 0, 405, 32, 27.80
2026/09/08 18:48:34.763, GPU-2aa85c85-bc04-0ac3-fc1b-4827d8303d81, 5, 0, 405, 32, 27.81
2026/09/08 18:48:34.968, GPU-2aa85c85-bc04-0ac3-fc1b-4827d8303d81, 5, 0, 405, 32, 27.81
2026/09/08 18:48:35.172, GPU-2aa85c85-bc04-0ac3-fc1b-4827d8303d81, 5, 0, 405, 32, 27.81
2026/09/08 18:48:35.375, GPU-2aa85c85-bc04-0ac3-fc1b-4827d8303d81, 5, 0, 405, 32, 27.80
2026/09/08 18:48:35.579, GPU-2aa85c85-bc04-0ac3-fc1b-4827d8303d81, 5, 0, 405, 32, 27.81
2026/09/08 18:48:35.782, GPU-2aa85c85-bc04-0ac3-fc1b-4827d8303d81, 5, 0, 405, 32, 28.06
2026/09/08 18:48:35.988, GPU-2aa85c85-bc04-0ac3-fc1b-4827d8303d81, 5, 0, 405, 32, 28.04
2026/09/08 18:48:36.191, GPU-2aa85c85-bc04-0ac3-fc1b-4827d8303d81, 5, 0, 405, 32, 28.06
2026/09/08 18:48:36.394, GPU-2aa85c85-bc04-0ac3-fc1b-4827d8303d81, 5, 0, 405, 32, 27.81
2026/09/08 18:48:36.598, GPU-2aa85c85-bc04-0ac3-fc1b-4827d8303d81, 5, 0, 405, 32, 27.81
2026/09/08 18:48:36.802, GPU-2aa85c85-bc04-0ac3-fc1b-4827d8303d81, 5, 0, 405, 32, 27.81
2026/09/08 18:48:37.007, GPU-2aa85c85-bc04-0ac3-fc1b-4827d8303d81, 5, 0, 405, 32, 28.04
2026/09/08 18:48:37.211, GPU-2aa85c85-bc04-0ac3-fc1b-4827d8303d81, 5, 0, 405, 32, 28.06
2026/09/08 18:48:37.414, GPU-2aa85c85-bc04-0ac3-fc1b-4827d8303d81, 5, 0, 405, 32, 27.81
2026/09/08 18:48:37.617, GPU-2aa85c85-bc04-0ac3-fc1b-4827d8303d81, 5, 0, 405, 32, 27.81
2026/09/08 18:48:37.821, GPU-2aa85c85-bc04-0ac3-fc1b-4827d8303d81, 5, 0, 405, 32, 28.06
2026/09/08 18:48:38.026, GPU-2aa85c85-bc04-0ac3-fc1b-4827d8303d81, 5, 0, 405, 32, 28.04
2026/09/08 18:48:38.230, GPU-2aa85c85-bc04-0ac3-fc1b-4827d8303d81, 5, 0, 405, 32, 28.06
2026/09/08 18:48:38.434, GPU-2aa85c85-bc04-0ac3-fc1b-4827d8303d81, 5, 0, 405, 32, 27.80
2026/09/08 18:48:38.637, GPU-2aa85c85-bc04-0ac3-fc1b-4827d8303d81, 5, 0, 405, 32, 28.04
2026/09/08 18:48:38.841, GPU-2aa85c85-bc04-0ac3-fc1b-4827d8303d81, 5, 0, 405, 32, 28.06
2026/09/08 18:48:39.046, GPU-2aa85c85-bc04-0ac3-fc1b-4827d8303d81, 5, 0, 405, 32, 28.04
2026/09/08 18:48:39.250, GPU-2aa85c85-bc04-0ac3-fc1b-4827d8303d81, 5, 0, 405, 32, 28.04
2026/09/08 18:48:39.453, GPU-2aa85c85-bc04-0ac3-fc1b-4827d8303d81, 5, 0, 405, 32, 27.81
2026/09/08 18:48:39.657, GPU-2aa85c85-bc04-0ac3-fc1b-4827d8303d81, 5, 0, 405, 32, 27.80
2026/09/08 18:48:39.860, GPU-2aa85c85-bc04-0ac3-fc1b-4827d8303d81, 5, 0, 405, 32, 27.81
2026/09/08 18:48:40.066, GPU-2aa85c85-bc04-0ac3-fc1b-4827d8303d81, 5, 0, 405, 32, 27.81
2026/09/08 18:48:40.269, GPU-2aa85c85-bc04-0ac3-fc1b-4827d8303d81, 5, 0, 405, 32, 27.80
2026/09/08 18:48:40.473, GPU-2aa85c85-bc04-0ac3-fc1b-4827d8303d81, 5, 0, 405, 32, 27.80
2026/09/08 18:48:40.676, GPU-2aa85c85-bc04-0ac3-fc1b-4827d8303d81, 5, 0, 405, 32, 28.06
2026/09/08 18:48:40.880, GPU-2aa85c85-bc04-0ac3-fc1b-4827d8303d81, 5, 0, 405, 32, 28.06
2026/09/08 18:48:41.086, GPU-2aa85c85-bc04-0ac3-fc1b-4827d8303d81, 5, 0, 405, 32, 27.81
2026/09/08 18:48:41.289, GPU-2aa85c85-bc04-0ac3-fc1b-4827d8303d81, 5, 0, 405, 32, 28.06
2026/09/08 18:48:41.493, GPU-2aa85c85-bc04-0ac3-fc1b-4827d8303d81, 5, 0, 405, 32, 28.06
2026/09/08 18:48:41.696, GPU-2aa85c85-bc04-0ac3-fc1b-4827d8303d81, 5, 0, 405, 32, 28.06
2026/09/08 18:48:41.900, GPU-2aa85c85-bc04-0ac3-fc1b-4827d8303d81, 5, 0, 405, 32, 28.04
2026/09/08 18:48:42.106, GPU-2aa85c85-bc04-0ac3-fc1b-4827d8303d81, 5, 0, 405, 32, 28.04
2026/09/08 18:48:42.310, GPU-2aa85c85-bc04-0ac3-fc1b-4827d8303d81, 5, 0, 405, 32, 27.80
2026/09/08 18:48:42.513, GPU-2aa85c85-bc04-0ac3-fc1b-4827d8303d81, 5, 0, 405, 32, 27.81
2026/09/08 18:48:42.717, GPU-2aa85c85-bc04-0ac3-fc1b-4827d8303d81, 5, 0, 405, 32, 27.81
2026/09/08 18:48:42.920, GPU-2aa85c85-bc04-0ac3-fc1b-4827d8303d81, 5, 0, 405, 32, 28.06
2026/09/08 18:48:43.126, GPU-2aa85c85-bc04-0ac3-fc1b-4827d8303d81, 5, 0, 405, 32, 27.81
2026/09/08 18:48:43.329, GPU-2aa85c85-bc04-0ac3-fc1b-4827d8303d81, 5, 0, 405, 32, 28.06
2026/09/08 18:48:43.533, GPU-2aa85c85-bc04-0ac3-fc1b-4827d8303d81, 5, 0, 405, 32, 27.81
2026/09/08 18:48:43.736, GPU-2aa85c85-bc04-0ac3-fc1b-4827d8303d81, 5, 0, 405, 32, 27.80
2026/09/08 18:48:43.940, GPU-2aa85c85-bc04-0ac3-fc1b-4827d8303d81, 7, 0, 405, 32, 27.80
2026/09/08 18:48:44.145, GPU-2aa85c85-bc04-0ac3-fc1b-4827d8303d81, 15, 0, 405, 32, 27.80
2026/09/08 18:48:44.481, GPU-2aa85c85-bc04-0ac3-fc1b-4827d8303d81, 307, 1, 1189, 33, 104.39
2026/09/08 18:48:44.685, GPU-2aa85c85-bc04-0ac3-fc1b-4827d8303d81, 307, 100, 1328, 34, 133.51
2026/09/08 18:48:44.888, GPU-2aa85c85-bc04-0ac3-fc1b-4827d8303d81, 307, 100, 1328, 35, 138.84
2026/09/08 18:48:45.092, GPU-2aa85c85-bc04-0ac3-fc1b-4827d8303d81, 307, 99, 1328, 36, 139.99
2026/09/08 18:48:45.295, GPU-2aa85c85-bc04-0ac3-fc1b-4827d8303d81, 307, 99, 1328, 36, 142.63
2026/09/08 18:48:45.499, GPU-2aa85c85-bc04-0ac3-fc1b-4827d8303d81, 307, 100, 1328, 36, 142.39
2026/09/08 18:48:45.705, GPU-2aa85c85-bc04-0ac3-fc1b-4827d8303d81, 307, 100, 1328, 37, 142.89
2026/09/08 18:48:45.908, GPU-2aa85c85-bc04-0ac3-fc1b-4827d8303d81, 307, 100, 1328, 37, 143.36
2026/09/08 18:48:46.112, GPU-2aa85c85-bc04-0ac3-fc1b-4827d8303d81, 307, 99, 1328, 37, 142.63
2026/09/08 18:48:46.315, GPU-2aa85c85-bc04-0ac3-fc1b-4827d8303d81, 307, 100, 1328, 37, 143.60
2026/09/08 18:48:46.519, GPU-2aa85c85-bc04-0ac3-fc1b-4827d8303d81, 307, 100, 1328, 37, 146.11
2026/09/08 18:48:46.724, GPU-2aa85c85-bc04-0ac3-fc1b-4827d8303d81, 307, 100, 1328, 37, 146.28
2026/09/08 18:48:46.928, GPU-2aa85c85-bc04-0ac3-fc1b-4827d8303d81, 307, 100, 1328, 38, 146.76
2026/09/08 18:48:47.157, GPU-2aa85c85-bc04-0ac3-fc1b-4827d8303d81, 5, 86, 1328, 35, 39.72
2026/09/08 18:48:47.360, GPU-2aa85c85-bc04-0ac3-fc1b-4827d8303d81, 7, 0, 1328, 35, 39.23
2026/09/08 18:48:47.564, GPU-2aa85c85-bc04-0ac3-fc1b-4827d8303d81, 15, 0, 1328, 34, 38.99
2026/09/08 18:48:47.797, GPU-2aa85c85-bc04-0ac3-fc1b-4827d8303d81, 303, 4, 1328, 35, 152.79
2026/09/08 18:48:48.001, GPU-2aa85c85-bc04-0ac3-fc1b-4827d8303d81, 303, 73, 1328, 37, 158.27
2026/09/08 18:48:48.204, GPU-2aa85c85-bc04-0ac3-fc1b-4827d8303d81, 303, 100, 1328, 37, 161.82
2026/09/08 18:48:48.409, GPU-2aa85c85-bc04-0ac3-fc1b-4827d8303d81, 303, 99, 1328, 38, 162.88
2026/09/08 18:48:48.612, GPU-2aa85c85-bc04-0ac3-fc1b-4827d8303d81, 303, 100, 1328, 38, 162.13
2026/09/08 18:48:48.815, GPU-2aa85c85-bc04-0ac3-fc1b-4827d8303d81, 303, 100, 1328, 38, 162.27
2026/09/08 18:48:49.019, GPU-2aa85c85-bc04-0ac3-fc1b-4827d8303d81, 303, 99, 1328, 38, 160.94
2026/09/08 18:48:49.222, GPU-2aa85c85-bc04-0ac3-fc1b-4827d8303d81, 303, 100, 1328, 39, 162.40
2026/09/08 18:48:49.428, GPU-2aa85c85-bc04-0ac3-fc1b-4827d8303d81, 303, 100, 1328, 39, 163.50
2026/09/08 18:48:49.631, GPU-2aa85c85-bc04-0ac3-fc1b-4827d8303d81, 303, 99, 1328, 39, 162.79
2026/09/08 18:48:49.835, GPU-2aa85c85-bc04-0ac3-fc1b-4827d8303d81, 303, 100, 1328, 39, 165.43
2026/09/08 18:48:50.038, GPU-2aa85c85-bc04-0ac3-fc1b-4827d8303d81, 303, 100, 1328, 39, 168.32
2026/09/08 18:48:50.241, GPU-2aa85c85-bc04-0ac3-fc1b-4827d8303d81, 5, 100, 1328, 38, 43.86
2026/09/08 18:48:50.468, GPU-2aa85c85-bc04-0ac3-fc1b-4827d8303d81, 5, 19, 1328, 37, 42.15
2026/09/08 18:48:50.672, GPU-2aa85c85-bc04-0ac3-fc1b-4827d8303d81, 15, 0, 1328, 36, 41.66
2026/09/08 18:48:50.938, GPU-2aa85c85-bc04-0ac3-fc1b-4827d8303d81, 303, 31, 1328, 37, 140.44
2026/09/08 18:48:51.141, GPU-2aa85c85-bc04-0ac3-fc1b-4827d8303d81, 303, 99, 1328, 38, 140.93
2026/09/08 18:48:51.347, GPU-2aa85c85-bc04-0ac3-fc1b-4827d8303d81, 303, 100, 1328, 38, 141.68
2026/09/08 18:48:51.550, GPU-2aa85c85-bc04-0ac3-fc1b-4827d8303d81, 303, 99, 1328, 39, 143.84
2026/09/08 18:48:51.753, GPU-2aa85c85-bc04-0ac3-fc1b-4827d8303d81, 303, 100, 1328, 39, 144.41
2026/09/08 18:48:51.958, GPU-2aa85c85-bc04-0ac3-fc1b-4827d8303d81, 303, 100, 1328, 39, 143.50
2026/09/08 18:48:52.161, GPU-2aa85c85-bc04-0ac3-fc1b-4827d8303d81, 303, 99, 1328, 39, 143.60
2026/09/08 18:48:52.366, GPU-2aa85c85-bc04-0ac3-fc1b-4827d8303d81, 303, 100, 1328, 39, 144.71
2026/09/08 18:48:52.570, GPU-2aa85c85-bc04-0ac3-fc1b-4827d8303d81, 303, 99, 1328, 39, 141.68
2026/09/08 18:48:52.773, GPU-2aa85c85-bc04-0ac3-fc1b-4827d8303d81, 303, 100, 1328, 39, 144.63
2026/09/08 18:48:52.977, GPU-2aa85c85-bc04-0ac3-fc1b-4827d8303d81, 303, 100, 1328, 40, 142.96
2026/09/08 18:48:53.180, GPU-2aa85c85-bc04-0ac3-fc1b-4827d8303d81, 5, 100, 1328, 38, 42.64
2026/09/08 18:48:53.386, GPU-2aa85c85-bc04-0ac3-fc1b-4827d8303d81, 5, 0, 1328, 37, 42.15
2026/09/08 18:48:53.589, GPU-2aa85c85-bc04-0ac3-fc1b-4827d8303d81, 5, 0, 1328, 36, 41.91
2026/09/08 18:48:53.793, GPU-2aa85c85-bc04-0ac3-fc1b-4827d8303d81, 5, 0, 1328, 36, 41.43
2026/09/08 18:48:53.996, GPU-2aa85c85-bc04-0ac3-fc1b-4827d8303d81, 5, 0, 1328, 36, 41.43
2026/09/08 18:48:54.199, GPU-2aa85c85-bc04-0ac3-fc1b-4827d8303d81, 5, 0, 1328, 36, 41.43
2026/09/08 18:48:54.405, GPU-2aa85c85-bc04-0ac3-fc1b-4827d8303d81, 5, 0, 1328, 36, 41.18
2026/09/08 18:48:54.608, GPU-2aa85c85-bc04-0ac3-fc1b-4827d8303d81, 5, 0, 1328, 36, 41.18
2026/09/08 18:48:54.812, GPU-2aa85c85-bc04-0ac3-fc1b-4827d8303d81, 5, 0, 1328, 35, 41.18
2026/09/08 18:48:55.016, GPU-2aa85c85-bc04-0ac3-fc1b-4827d8303d81, 5, 0, 1328, 35, 39.26
2026/09/08 18:48:55.219, GPU-2aa85c85-bc04-0ac3-fc1b-4827d8303d81, 5, 0, 1328, 35, 39.23
2026/09/08 18:48:55.424, GPU-2aa85c85-bc04-0ac3-fc1b-4827d8303d81, 5, 0, 1328, 35, 39.26
2026/09/08 18:48:55.628, GPU-2aa85c85-bc04-0ac3-fc1b-4827d8303d81, 5, 0, 1328, 35, 39.23
2026/09/08 18:48:55.831, GPU-2aa85c85-bc04-0ac3-fc1b-4827d8303d81, 5, 0, 670, 35, 29.75
2026/09/08 18:48:56.035, GPU-2aa85c85-bc04-0ac3-fc1b-4827d8303d81, 5, 0, 670, 35, 29.75
2026/09/08 18:48:56.238, GPU-2aa85c85-bc04-0ac3-fc1b-4827d8303d81, 5, 0, 670, 35, 29.75
2026/09/08 18:48:56.444, GPU-2aa85c85-bc04-0ac3-fc1b-4827d8303d81, 5, 0, 670, 35, 29.75
2026/09/08 18:48:56.647, GPU-2aa85c85-bc04-0ac3-fc1b-4827d8303d81, 5, 0, 670, 35, 29.75
2026/09/08 18:48:56.851, GPU-2aa85c85-bc04-0ac3-fc1b-4827d8303d81, 5, 0, 670, 35, 29.75
2026/09/08 18:48:57.054, GPU-2aa85c85-bc04-0ac3-fc1b-4827d8303d81, 5, 0, 670, 35, 29.52
2026/09/08 18:48:57.258, GPU-2aa85c85-bc04-0ac3-fc1b-4827d8303d81, 5, 0, 670, 34, 29.50
2026/09/08 18:48:57.463, GPU-2aa85c85-bc04-0ac3-fc1b-4827d8303d81, 5, 0, 670, 34, 29.50
2026/09/08 18:48:57.666, GPU-2aa85c85-bc04-0ac3-fc1b-4827d8303d81, 5, 0, 670, 34, 29.50
2026/09/08 18:48:57.870, GPU-2aa85c85-bc04-0ac3-fc1b-4827d8303d81, 5, 0, 670, 34, 29.50
2026/09/08 18:48:58.073, GPU-2aa85c85-bc04-0ac3-fc1b-4827d8303d81, 5, 0, 670, 34, 29.50
2026/09/08 18:48:58.277, GPU-2aa85c85-bc04-0ac3-fc1b-4827d8303d81, 5, 0, 670, 34, 29.50
2026/09/08 18:48:58.482, GPU-2aa85c85-bc04-0ac3-fc1b-4827d8303d81, 5, 0, 405, 34, 28.53
2026/09/08 18:48:58.686, GPU-2aa85c85-bc04-0ac3-fc1b-4827d8303d81, 5, 0, 405, 34, 28.53
2026/09/08 18:48:58.889, GPU-2aa85c85-bc04-0ac3-fc1b-4827d8303d81, 5, 0, 405, 34, 28.53
2026/09/08 18:48:59.093, GPU-2aa85c85-bc04-0ac3-fc1b-4827d8303d81, 5, 0, 405, 34, 28.53
2026/09/08 18:48:59.296, GPU-2aa85c85-bc04-0ac3-fc1b-4827d8303d81, 5, 0, 405, 34, 28.53
2026/09/08 18:48:59.502, GPU-2aa85c85-bc04-0ac3-fc1b-4827d8303d81, 5, 0, 405, 34, 28.53
2026/09/08 18:48:59.705, GPU-2aa85c85-bc04-0ac3-fc1b-4827d8303d81, 5, 0, 405, 34, 28.53
2026/09/08 18:48:59.909, GPU-2aa85c85-bc04-0ac3-fc1b-4827d8303d81, 5, 0, 405, 34, 28.53
2026/09/08 18:49:00.112, GPU-2aa85c85-bc04-0ac3-fc1b-4827d8303d81, 5, 0, 405, 34, 28.53
2026/09/08 18:49:00.316, GPU-2aa85c85-bc04-0ac3-fc1b-4827d8303d81, 5, 0, 405, 34, 28.53
2026/09/08 18:49:00.521, GPU-2aa85c85-bc04-0ac3-fc1b-4827d8303d81, 5, 0, 405, 34, 28.28
2026/09/08 18:49:00.725, GPU-2aa85c85-bc04-0ac3-fc1b-4827d8303d81, 5, 0, 405, 34, 28.55
2026/09/08 18:49:00.929, GPU-2aa85c85-bc04-0ac3-fc1b-4827d8303d81, 5, 0, 405, 34, 28.30
2026/09/08 18:49:01.132, GPU-2aa85c85-bc04-0ac3-fc1b-4827d8303d81, 5, 0, 405, 34, 28.53
2026/09/08 18:49:01.336, GPU-2aa85c85-bc04-0ac3-fc1b-4827d8303d81, 5, 0, 405, 34, 28.54
2026/09/08 18:49:01.541, GPU-2aa85c85-bc04-0ac3-fc1b-4827d8303d81, 5, 0, 405, 34, 28.55
2026/09/08 18:49:01.744, GPU-2aa85c85-bc04-0ac3-fc1b-4827d8303d81, 5, 0, 405, 34, 28.55
2026/09/08 18:49:01.948, GPU-2aa85c85-bc04-0ac3-fc1b-4827d8303d81, 5, 0, 405, 34, 28.30
2026/09/08 18:49:02.151, GPU-2aa85c85-bc04-0ac3-fc1b-4827d8303d81, 5, 0, 405, 34, 28.53
2026/09/08 18:49:02.355, GPU-2aa85c85-bc04-0ac3-fc1b-4827d8303d81, 5, 0, 405, 34, 28.53
2026/09/08 18:49:02.561, GPU-2aa85c85-bc04-0ac3-fc1b-4827d8303d81, 5, 0, 405, 34, 28.28
2026/09/08 18:49:02.764, GPU-2aa85c85-bc04-0ac3-fc1b-4827d8303d81, 5, 0, 405, 34, 28.28
2026/09/08 18:49:02.968, GPU-2aa85c85-bc04-0ac3-fc1b-4827d8303d81, 5, 0, 405, 34, 28.28
2026/09/08 18:49:03.171, GPU-2aa85c85-bc04-0ac3-fc1b-4827d8303d81, 5, 0, 405, 34, 28.53
2026/09/08 18:49:03.375, GPU-2aa85c85-bc04-0ac3-fc1b-4827d8303d81, 5, 0, 405, 34, 28.28
2026/09/08 18:49:03.581, GPU-2aa85c85-bc04-0ac3-fc1b-4827d8303d81, 5, 0, 405, 34, 28.28
2026/09/08 18:49:03.784, GPU-2aa85c85-bc04-0ac3-fc1b-4827d8303d81, 5, 0, 405, 34, 28.28
2026/09/08 18:49:03.988, GPU-2aa85c85-bc04-0ac3-fc1b-4827d8303d81, 5, 0, 405, 34, 28.30
2026/09/08 18:49:04.191, GPU-2aa85c85-bc04-0ac3-fc1b-4827d8303d81, 5, 0, 405, 34, 28.30
2026/09/08 18:49:04.395, GPU-2aa85c85-bc04-0ac3-fc1b-4827d8303d81, 5, 0, 405, 34, 28.28
2026/09/08 18:49:04.600, GPU-2aa85c85-bc04-0ac3-fc1b-4827d8303d81, 5, 0, 405, 34, 28.28
2026/09/08 18:49:04.804, GPU-2aa85c85-bc04-0ac3-fc1b-4827d8303d81, 5, 0, 405, 34, 28.28
2026/09/08 18:49:05.007, GPU-2aa85c85-bc04-0ac3-fc1b-4827d8303d81, 5, 0, 405, 34, 28.28
2026/09/08 18:49:05.211, GPU-2aa85c85-bc04-0ac3-fc1b-4827d8303d81, 5, 0, 405, 34, 28.28
2026/09/08 18:49:05.414, GPU-2aa85c85-bc04-0ac3-fc1b-4827d8303d81, 5, 0, 405, 34, 28.28
2026/09/08 18:49:05.620, GPU-2aa85c85-bc04-0ac3-fc1b-4827d8303d81, 5, 0, 405, 34, 28.28
2026/09/08 18:49:05.823, GPU-2aa85c85-bc04-0ac3-fc1b-4827d8303d81, 5, 0, 405, 34, 28.28
2026/09/08 18:49:06.027, GPU-2aa85c85-bc04-0ac3-fc1b-4827d8303d81, 5, 0, 405, 34, 28.28
2026/09/08 18:49:06.230, GPU-2aa85c85-bc04-0ac3-fc1b-4827d8303d81, 5, 0, 405, 34, 28.28
2026/09/08 18:49:06.434, GPU-2aa85c85-bc04-0ac3-fc1b-4827d8303d81, 5, 0, 405, 34, 28.30
2026/09/08 18:49:06.639, GPU-2aa85c85-bc04-0ac3-fc1b-4827d8303d81, 5, 0, 405, 34, 28.30
2026/09/08 18:49:06.843, GPU-2aa85c85-bc04-0ac3-fc1b-4827d8303d81, 5, 0, 405, 34, 28.28
2026/09/08 18:49:07.046, GPU-2aa85c85-bc04-0ac3-fc1b-4827d8303d81, 5, 0, 405, 34, 28.30
2026/09/08 18:49:07.250, GPU-2aa85c85-bc04-0ac3-fc1b-4827d8303d81, 5, 0, 405, 34, 28.30
2026/09/08 18:49:07.453, GPU-2aa85c85-bc04-0ac3-fc1b-4827d8303d81, 5, 0, 405, 34, 28.28
2026/09/08 18:49:07.659, GPU-2aa85c85-bc04-0ac3-fc1b-4827d8303d81, 5, 0, 405, 34, 28.28
2026/09/08 18:49:07.862, GPU-2aa85c85-bc04-0ac3-fc1b-4827d8303d81, 5, 0, 405, 34, 28.30
2026/09/08 18:49:08.066, GPU-2aa85c85-bc04-0ac3-fc1b-4827d8303d81, 5, 0, 405, 34, 28.28
2026/09/08 18:49:08.269, GPU-2aa85c85-bc04-0ac3-fc1b-4827d8303d81, 5, 0, 405, 34, 28.28
2026/09/08 18:49:08.473, GPU-2aa85c85-bc04-0ac3-fc1b-4827d8303d81, 5, 0, 405, 33, 28.28
2026/09/08 18:49:08.678, GPU-2aa85c85-bc04-0ac3-fc1b-4827d8303d81, 5, 0, 405, 33, 28.30
2026/09/08 18:49:08.882, GPU-2aa85c85-bc04-0ac3-fc1b-4827d8303d81, 5, 0, 405, 34, 28.28
2026/09/08 18:49:09.085, GPU-2aa85c85-bc04-0ac3-fc1b-4827d8303d81, 5, 0, 405, 34, 28.30
2026/09/08 18:49:09.289, GPU-2aa85c85-bc04-0ac3-fc1b-4827d8303d81, 5, 0, 405, 34, 28.28
2026/09/08 18:49:09.492, GPU-2aa85c85-bc04-0ac3-fc1b-4827d8303d81, 5, 0, 405, 33, 28.28
2026/09/08 18:49:09.697, GPU-2aa85c85-bc04-0ac3-fc1b-4827d8303d81, 5, 0, 405, 34, 28.28
2026/09/08 18:49:09.901, GPU-2aa85c85-bc04-0ac3-fc1b-4827d8303d81, 5, 0, 405, 33, 28.30
2026/09/08 18:49:10.104, GPU-2aa85c85-bc04-0ac3-fc1b-4827d8303d81, 5, 0, 405, 33, 28.28
2026/09/08 18:49:10.308, GPU-2aa85c85-bc04-0ac3-fc1b-4827d8303d81, 5, 0, 405, 33, 28.30
2026/09/08 18:49:10.511, GPU-2aa85c85-bc04-0ac3-fc1b-4827d8303d81, 5, 0, 405, 33, 28.28
2026/09/08 18:49:10.717, GPU-2aa85c85-bc04-0ac3-fc1b-4827d8303d81, 5, 0, 405, 33, 28.30
2026/09/08 18:49:10.920, GPU-2aa85c85-bc04-0ac3-fc1b-4827d8303d81, 5, 0, 405, 33, 28.28
2026/09/08 18:49:11.124, GPU-2aa85c85-bc04-0ac3-fc1b-4827d8303d81, 5, 0, 405, 33, 28.28
2026/09/08 18:49:11.327, GPU-2aa85c85-bc04-0ac3-fc1b-4827d8303d81, 5, 0, 405, 33, 28.28
2026/09/08 18:49:11.531, GPU-2aa85c85-bc04-0ac3-fc1b-4827d8303d81, 5, 0, 405, 33, 28.30
2026/09/08 18:49:11.734, GPU-2aa85c85-bc04-0ac3-fc1b-4827d8303d81, 5, 0, 405, 33, 28.30
2026/09/08 18:49:11.940, GPU-2aa85c85-bc04-0ac3-fc1b-4827d8303d81, 5, 0, 405, 33, 28.28
2026/09/08 18:49:12.143, GPU-2aa85c85-bc04-0ac3-fc1b-4827d8303d81, 5, 0, 405, 33, 28.30
2026/09/08 18:49:12.347, GPU-2aa85c85-bc04-0ac3-fc1b-4827d8303d81, 5, 0, 405, 33, 28.28
2026/09/08 18:49:12.550, GPU-2aa85c85-bc04-0ac3-fc1b-4827d8303d81, 5, 0, 405, 33, 28.30
2026/09/08 18:49:12.754, GPU-2aa85c85-bc04-0ac3-fc1b-4827d8303d81, 5, 0, 405, 33, 28.28
2026/09/08 18:49:12.957, GPU-2aa85c85-bc04-0ac3-fc1b-4827d8303d81, 5, 0, 405, 33, 28.30
2026/09/08 18:49:13.163, GPU-2aa85c85-bc04-0ac3-fc1b-4827d8303d81, 5, 0, 405, 33, 28.30
2026/09/08 18:49:13.366, GPU-2aa85c85-bc04-0ac3-fc1b-4827d8303d81, 5, 0, 405, 33, 28.30
2026/09/08 18:49:13.570, GPU-2aa85c85-bc04-0ac3-fc1b-4827d8303d81, 5, 0, 405, 33, 28.28
2026/09/08 18:49:13.773, GPU-2aa85c85-bc04-0ac3-fc1b-4827d8303d81, 5, 0, 405, 33, 28.28
2026/09/08 18:49:13.977, GPU-2aa85c85-bc04-0ac3-fc1b-4827d8303d81, 5, 0, 405, 33, 28.30
2026/09/08 18:49:14.180, GPU-2aa85c85-bc04-0ac3-fc1b-4827d8303d81, 5, 0, 405, 33, 28.30
2026/09/08 18:49:14.386, GPU-2aa85c85-bc04-0ac3-fc1b-4827d8303d81, 5, 0, 405, 33, 28.30
2026/09/08 18:49:14.589, GPU-2aa85c85-bc04-0ac3-fc1b-4827d8303d81, 5, 0, 405, 33, 28.30
2026/09/08 18:49:14.793, GPU-2aa85c85-bc04-0ac3-fc1b-4827d8303d81, 5, 0, 405, 33, 28.28
2026/09/08 18:49:14.996, GPU-2aa85c85-bc04-0ac3-fc1b-4827d8303d81, 5, 0, 405, 33, 28.30
2026/09/08 18:49:15.200, GPU-2aa85c85-bc04-0ac3-fc1b-4827d8303d81, 5, 0, 405, 33, 28.28
2026/09/08 18:49:15.405, GPU-2aa85c85-bc04-0ac3-fc1b-4827d8303d81, 5, 0, 405, 33, 28.28
2026/09/08 18:49:15.608, GPU-2aa85c85-bc04-0ac3-fc1b-4827d8303d81, 5, 0, 405, 33, 28.28
2026/09/08 18:49:15.812, GPU-2aa85c85-bc04-0ac3-fc1b-4827d8303d81, 5, 0, 405, 33, 28.30
2026/09/08 18:49:16.015, GPU-2aa85c85-bc04-0ac3-fc1b-4827d8303d81, 5, 0, 405, 33, 28.28
2026/09/08 18:49:16.219, GPU-2aa85c85-bc04-0ac3-fc1b-4827d8303d81, 5, 0, 405, 33, 28.28
2026/09/08 18:49:16.425, GPU-2aa85c85-bc04-0ac3-fc1b-4827d8303d81, 5, 0, 405, 33, 28.28
2026/09/08 18:49:16.628, GPU-2aa85c85-bc04-0ac3-fc1b-4827d8303d81, 5, 0, 405, 33, 28.30
2026/09/08 18:49:16.832, GPU-2aa85c85-bc04-0ac3-fc1b-4827d8303d81, 5, 0, 405, 33, 28.28
2026/09/08 18:49:17.035, GPU-2aa85c85-bc04-0ac3-fc1b-4827d8303d81, 5, 0, 405, 33, 28.28
2026/09/08 18:49:17.239, GPU-2aa85c85-bc04-0ac3-fc1b-4827d8303d81, 5, 0, 405, 33, 28.04
2026/09/08 18:49:17.444, GPU-2aa85c85-bc04-0ac3-fc1b-4827d8303d81, 5, 0, 405, 33, 28.30
2026/09/08 18:49:17.648, GPU-2aa85c85-bc04-0ac3-fc1b-4827d8303d81, 5, 0, 405, 33, 28.28
2026/09/08 18:49:17.851, GPU-2aa85c85-bc04-0ac3-fc1b-4827d8303d81, 5, 0, 405, 33, 28.28
2026/09/08 18:49:18.055, GPU-2aa85c85-bc04-0ac3-fc1b-4827d8303d81, 5, 0, 405, 33, 28.30
2026/09/08 18:49:18.258, GPU-2aa85c85-bc04-0ac3-fc1b-4827d8303d81, 5, 0, 405, 33, 28.28
2026/09/08 18:49:18.463, GPU-2aa85c85-bc04-0ac3-fc1b-4827d8303d81, 5, 0, 405, 33, 28.28
2026/09/08 18:49:18.667, GPU-2aa85c85-bc04-0ac3-fc1b-4827d8303d81, 5, 0, 405, 33, 28.30
2026/09/08 18:49:18.871, GPU-2aa85c85-bc04-0ac3-fc1b-4827d8303d81, 5, 0, 405, 33, 28.30
2026/09/08 18:49:19.074, GPU-2aa85c85-bc04-0ac3-fc1b-4827d8303d81, 5, 0, 405, 33, 28.04
2026/09/08 18:49:19.278, GPU-2aa85c85-bc04-0ac3-fc1b-4827d8303d81, 5, 0, 405, 33, 28.28
2026/09/08 18:49:19.483, GPU-2aa85c85-bc04-0ac3-fc1b-4827d8303d81, 5, 0, 405, 33, 28.28
2026/09/08 18:49:19.687, GPU-2aa85c85-bc04-0ac3-fc1b-4827d8303d81, 5, 0, 405, 33, 28.30
2026/09/08 18:49:19.890, GPU-2aa85c85-bc04-0ac3-fc1b-4827d8303d81, 5, 0, 405, 33, 28.30
2026/09/08 18:49:20.094, GPU-2aa85c85-bc04-0ac3-fc1b-4827d8303d81, 5, 0, 405, 33, 28.28
2026/09/08 18:49:20.297, GPU-2aa85c85-bc04-0ac3-fc1b-4827d8303d81, 5, 0, 405, 33, 28.28
2026/09/08 18:49:20.502, GPU-2aa85c85-bc04-0ac3-fc1b-4827d8303d81, 5, 0, 405, 33, 28.28
2026/09/08 18:49:20.706, GPU-2aa85c85-bc04-0ac3-fc1b-4827d8303d81, 5, 0, 405, 33, 28.28
2026/09/08 18:49:20.909, GPU-2aa85c85-bc04-0ac3-fc1b-4827d8303d81, 5, 0, 405, 33, 28.28
2026/09/08 18:49:21.113, GPU-2aa85c85-bc04-0ac3-fc1b-4827d8303d81, 5, 0, 405, 33, 28.30
2026/09/08 18:49:21.316, GPU-2aa85c85-bc04-0ac3-fc1b-4827d8303d81, 5, 0, 405, 33, 28.28
2026/09/08 18:49:21.521, GPU-2aa85c85-bc04-0ac3-fc1b-4827d8303d81, 5, 0, 405, 33, 28.30
2026/09/08 18:49:21.725, GPU-2aa85c85-bc04-0ac3-fc1b-4827d8303d81, 5, 0, 405, 33, 28.30
2026/09/08 18:49:21.928, GPU-2aa85c85-bc04-0ac3-fc1b-4827d8303d81, 5, 0, 405, 33, 28.30
2026/09/08 18:49:22.132, GPU-2aa85c85-bc04-0ac3-fc1b-4827d8303d81, 5, 0, 405, 33, 28.06
2026/09/08 18:49:22.335, GPU-2aa85c85-bc04-0ac3-fc1b-4827d8303d81, 5, 0, 405, 33, 28.04
2026/09/08 18:49:22.541, GPU-2aa85c85-bc04-0ac3-fc1b-4827d8303d81, 5, 0, 405, 33, 28.28
2026/09/08 18:49:22.744, GPU-2aa85c85-bc04-0ac3-fc1b-4827d8303d81, 5, 0, 405, 33, 28.30
2026/09/08 18:49:22.948, GPU-2aa85c85-bc04-0ac3-fc1b-4827d8303d81, 5, 0, 405, 33, 28.30
2026/09/08 18:49:23.151, GPU-2aa85c85-bc04-0ac3-fc1b-4827d8303d81, 5, 0, 405, 33, 28.30
2026/09/08 18:49:23.355, GPU-2aa85c85-bc04-0ac3-fc1b-4827d8303d81, 5, 0, 405, 33, 28.04
2026/09/08 18:49:23.560, GPU-2aa85c85-bc04-0ac3-fc1b-4827d8303d81, 5, 0, 405, 33, 28.04
2026/09/08 18:49:23.764, GPU-2aa85c85-bc04-0ac3-fc1b-4827d8303d81, 5, 0, 405, 33, 28.28
2026/09/08 18:49:23.975, GPU-2aa85c85-bc04-0ac3-fc1b-4827d8303d81, 5, 0, 405, 33, 28.04
2026/09/08 18:49:24.180, GPU-2aa85c85-bc04-0ac3-fc1b-4827d8303d81, 5, 0, 405, 33, 28.06
2026/09/08 18:49:24.384, GPU-2aa85c85-bc04-0ac3-fc1b-4827d8303d81, 5, 0, 405, 33, 28.28
2026/09/08 18:49:24.587, GPU-2aa85c85-bc04-0ac3-fc1b-4827d8303d81, 5, 0, 405, 33, 28.04
2026/09/08 18:49:24.791, GPU-2aa85c85-bc04-0ac3-fc1b-4827d8303d81, 5, 0, 405, 33, 28.04
2026/09/08 18:49:24.994, GPU-2aa85c85-bc04-0ac3-fc1b-4827d8303d81, 5, 0, 405, 33, 28.04
2026/09/08 18:49:25.200, GPU-2aa85c85-bc04-0ac3-fc1b-4827d8303d81, 5, 0, 405, 33, 28.04
2026/09/08 18:49:25.404, GPU-2aa85c85-bc04-0ac3-fc1b-4827d8303d81, 5, 0, 405, 33, 28.06
2026/09/08 18:49:25.607, GPU-2aa85c85-bc04-0ac3-fc1b-4827d8303d81, 5, 0, 405, 33, 28.06
2026/09/08 18:49:25.811, GPU-2aa85c85-bc04-0ac3-fc1b-4827d8303d81, 5, 0, 405, 33, 28.04
2026/09/08 18:49:26.014, GPU-2aa85c85-bc04-0ac3-fc1b-4827d8303d81, 5, 0, 405, 33, 28.06
2026/09/08 18:49:26.220, GPU-2aa85c85-bc04-0ac3-fc1b-4827d8303d81, 5, 0, 405, 33, 28.28
2026/09/08 18:49:26.424, GPU-2aa85c85-bc04-0ac3-fc1b-4827d8303d81, 5, 0, 405, 33, 28.06
2026/09/08 18:49:26.627, GPU-2aa85c85-bc04-0ac3-fc1b-4827d8303d81, 5, 0, 405, 33, 28.06
2026/09/08 18:49:26.831, GPU-2aa85c85-bc04-0ac3-fc1b-4827d8303d81, 5, 0, 405, 33, 28.04
2026/09/08 18:49:27.034, GPU-2aa85c85-bc04-0ac3-fc1b-4827d8303d81, 5, 0, 405, 33, 28.06
2026/09/08 18:49:27.238, GPU-2aa85c85-bc04-0ac3-fc1b-4827d8303d81, 5, 0, 405, 33, 28.04
2026/09/08 18:49:27.443, GPU-2aa85c85-bc04-0ac3-fc1b-4827d8303d81, 5, 0, 405, 33, 28.04
2026/09/08 18:49:27.646, GPU-2aa85c85-bc04-0ac3-fc1b-4827d8303d81, 5, 0, 405, 33, 28.04
2026/09/08 18:49:27.850, GPU-2aa85c85-bc04-0ac3-fc1b-4827d8303d81, 5, 0, 405, 33, 28.06
2026/09/08 18:49:28.053, GPU-2aa85c85-bc04-0ac3-fc1b-4827d8303d81, 5, 0, 405, 33, 28.04
2026/09/08 18:49:28.257, GPU-2aa85c85-bc04-0ac3-fc1b-4827d8303d81, 5, 0, 405, 33, 28.06
2026/09/08 18:49:28.460, GPU-2aa85c85-bc04-0ac3-fc1b-4827d8303d81, 5, 0, 405, 33, 28.04
2026/09/08 18:49:28.667, GPU-2aa85c85-bc04-0ac3-fc1b-4827d8303d81, 5, 0, 405, 33, 28.04
2026/09/08 18:49:28.870, GPU-2aa85c85-bc04-0ac3-fc1b-4827d8303d81, 5, 0, 405, 32, 28.06
2026/09/08 18:49:29.073, GPU-2aa85c85-bc04-0ac3-fc1b-4827d8303d81, 5, 0, 405, 32, 28.04
2026/09/08 18:49:29.277, GPU-2aa85c85-bc04-0ac3-fc1b-4827d8303d81, 5, 0, 405, 33, 28.06
2026/09/08 18:49:29.480, GPU-2aa85c85-bc04-0ac3-fc1b-4827d8303d81, 5, 0, 405, 32, 28.06
2026/09/08 18:49:29.684, GPU-2aa85c85-bc04-0ac3-fc1b-4827d8303d81, 5, 0, 405, 32, 28.06
2026/09/08 18:49:29.889, GPU-2aa85c85-bc04-0ac3-fc1b-4827d8303d81, 5, 0, 405, 33, 28.04
2026/09/08 18:49:30.092, GPU-2aa85c85-bc04-0ac3-fc1b-4827d8303d81, 5, 0, 405, 32, 28.06
2026/09/08 18:49:30.295, GPU-2aa85c85-bc04-0ac3-fc1b-4827d8303d81, 5, 0, 405, 32, 28.04
2026/09/08 18:49:30.499, GPU-2aa85c85-bc04-0ac3-fc1b-4827d8303d81, 5, 0, 405, 33, 28.04
2026/09/08 18:49:30.702, GPU-2aa85c85-bc04-0ac3-fc1b-4827d8303d81, 5, 0, 405, 32, 28.04
2026/09/08 18:49:30.908, GPU-2aa85c85-bc04-0ac3-fc1b-4827d8303d81, 5, 0, 405, 32, 28.04
2026/09/08 18:49:31.111, GPU-2aa85c85-bc04-0ac3-fc1b-4827d8303d81, 5, 0, 405, 32, 28.04
2026/09/08 18:49:31.315, GPU-2aa85c85-bc04-0ac3-fc1b-4827d8303d81, 5, 0, 405, 33, 28.06
2026/09/08 18:49:31.518, GPU-2aa85c85-bc04-0ac3-fc1b-4827d8303d81, 5, 0, 405, 32, 28.06
2026/09/08 18:49:31.722, GPU-2aa85c85-bc04-0ac3-fc1b-4827d8303d81, 5, 0, 405, 32, 28.06
2026/09/08 18:49:31.927, GPU-2aa85c85-bc04-0ac3-fc1b-4827d8303d81, 5, 0, 405, 32, 28.06
2026/09/08 18:49:32.131, GPU-2aa85c85-bc04-0ac3-fc1b-4827d8303d81, 5, 0, 405, 32, 27.80
2026/09/08 18:49:32.334, GPU-2aa85c85-bc04-0ac3-fc1b-4827d8303d81, 5, 0, 405, 32, 28.04
2026/09/08 18:49:32.538, GPU-2aa85c85-bc04-0ac3-fc1b-4827d8303d81, 5, 0, 405, 32, 27.80
2026/09/08 18:49:32.741, GPU-2aa85c85-bc04-0ac3-fc1b-4827d8303d81, 5, 0, 405, 32, 28.06
2026/09/08 18:49:32.947, GPU-2aa85c85-bc04-0ac3-fc1b-4827d8303d81, 5, 0, 405, 32, 28.06
2026/09/08 18:49:33.150, GPU-2aa85c85-bc04-0ac3-fc1b-4827d8303d81, 5, 0, 405, 32, 27.81
2026/09/08 18:49:33.354, GPU-2aa85c85-bc04-0ac3-fc1b-4827d8303d81, 5, 0, 405, 32, 28.04
2026/09/08 18:49:33.557, GPU-2aa85c85-bc04-0ac3-fc1b-4827d8303d81, 5, 0, 405, 32, 28.06
2026/09/08 18:49:33.761, GPU-2aa85c85-bc04-0ac3-fc1b-4827d8303d81, 5, 0, 405, 32, 28.04
2026/09/08 18:49:33.966, GPU-2aa85c85-bc04-0ac3-fc1b-4827d8303d81, 5, 0, 405, 32, 28.04
2026/09/08 18:49:34.170, GPU-2aa85c85-bc04-0ac3-fc1b-4827d8303d81, 5, 0, 405, 32, 28.04
2026/09/08 18:49:34.373, GPU-2aa85c85-bc04-0ac3-fc1b-4827d8303d81, 5, 0, 405, 32, 28.06
2026/09/08 18:49:34.577, GPU-2aa85c85-bc04-0ac3-fc1b-4827d8303d81, 5, 0, 405, 32, 28.06
2026/09/08 18:49:34.780, GPU-2aa85c85-bc04-0ac3-fc1b-4827d8303d81, 5, 0, 405, 32, 28.04
2026/09/08 18:49:34.986, GPU-2aa85c85-bc04-0ac3-fc1b-4827d8303d81, 5, 0, 405, 32, 28.04
2026/09/08 18:49:35.189, GPU-2aa85c85-bc04-0ac3-fc1b-4827d8303d81, 5, 0, 405, 32, 28.04
2026/09/08 18:49:35.393, GPU-2aa85c85-bc04-0ac3-fc1b-4827d8303d81, 5, 0, 405, 32, 27.81
2026/09/08 18:49:35.596, GPU-2aa85c85-bc04-0ac3-fc1b-4827d8303d81, 5, 0, 405, 32, 28.06
2026/09/08 18:49:35.800, GPU-2aa85c85-bc04-0ac3-fc1b-4827d8303d81, 5, 0, 405, 32, 28.06
2026/09/08 18:49:36.005, GPU-2aa85c85-bc04-0ac3-fc1b-4827d8303d81, 5, 0, 405, 32, 28.04
2026/09/08 18:49:36.209, GPU-2aa85c85-bc04-0ac3-fc1b-4827d8303d81, 5, 0, 405, 32, 28.06
2026/09/08 18:49:36.412, GPU-2aa85c85-bc04-0ac3-fc1b-4827d8303d81, 5, 0, 405, 32, 28.04
2026/09/08 18:49:36.615, GPU-2aa85c85-bc04-0ac3-fc1b-4827d8303d81, 5, 0, 405, 32, 28.04
2026/09/08 18:49:36.819, GPU-2aa85c85-bc04-0ac3-fc1b-4827d8303d81, 5, 0, 405, 32, 28.04
2026/09/08 18:49:37.024, GPU-2aa85c85-bc04-0ac3-fc1b-4827d8303d81, 5, 0, 405, 32, 28.06
2026/09/08 18:49:37.228, GPU-2aa85c85-bc04-0ac3-fc1b-4827d8303d81, 5, 0, 405, 32, 28.06
2026/09/08 18:49:37.432, GPU-2aa85c85-bc04-0ac3-fc1b-4827d8303d81, 5, 0, 405, 32, 27.80
2026/09/08 18:49:37.635, GPU-2aa85c85-bc04-0ac3-fc1b-4827d8303d81, 5, 0, 405, 32, 28.04
2026/09/08 18:49:37.839, GPU-2aa85c85-bc04-0ac3-fc1b-4827d8303d81, 5, 0, 405, 32, 28.06
2026/09/08 18:49:38.044, GPU-2aa85c85-bc04-0ac3-fc1b-4827d8303d81, 5, 0, 405, 32, 28.06
2026/09/08 18:49:38.247, GPU-2aa85c85-bc04-0ac3-fc1b-4827d8303d81, 5, 0, 405, 32, 28.04
2026/09/08 18:49:38.451, GPU-2aa85c85-bc04-0ac3-fc1b-4827d8303d81, 5, 0, 405, 32, 27.81
2026/09/08 18:49:38.654, GPU-2aa85c85-bc04-0ac3-fc1b-4827d8303d81, 5, 0, 405, 32, 28.04
2026/09/08 18:49:38.858, GPU-2aa85c85-bc04-0ac3-fc1b-4827d8303d81, 5, 0, 405, 32, 28.04
2026/09/08 18:49:39.063, GPU-2aa85c85-bc04-0ac3-fc1b-4827d8303d81, 5, 0, 405, 32, 28.06
2026/09/08 18:49:39.267, GPU-2aa85c85-bc04-0ac3-fc1b-4827d8303d81, 5, 0, 405, 32, 28.06
2026/09/08 18:49:39.470, GPU-2aa85c85-bc04-0ac3-fc1b-4827d8303d81, 5, 0, 405, 32, 28.04
2026/09/08 18:49:39.674, GPU-2aa85c85-bc04-0ac3-fc1b-4827d8303d81, 5, 0, 405, 32, 27.81
2026/09/08 18:49:39.877, GPU-2aa85c85-bc04-0ac3-fc1b-4827d8303d81, 5, 0, 405, 32, 27.81
2026/09/08 18:49:40.083, GPU-2aa85c85-bc04-0ac3-fc1b-4827d8303d81, 5, 0, 405, 32, 28.06
2026/09/08 18:49:40.286, GPU-2aa85c85-bc04-0ac3-fc1b-4827d8303d81, 5, 0, 405, 32, 27.81
2026/09/08 18:49:40.490, GPU-2aa85c85-bc04-0ac3-fc1b-4827d8303d81, 5, 0, 405, 32, 28.06
2026/09/08 18:49:40.693, GPU-2aa85c85-bc04-0ac3-fc1b-4827d8303d81, 5, 0, 405, 32, 27.81
2026/09/08 18:49:40.897, GPU-2aa85c85-bc04-0ac3-fc1b-4827d8303d81, 5, 0, 405, 32, 27.80
2026/09/08 18:49:41.102, GPU-2aa85c85-bc04-0ac3-fc1b-4827d8303d81, 5, 0, 405, 32, 27.80
2026/09/08 18:49:41.306, GPU-2aa85c85-bc04-0ac3-fc1b-4827d8303d81, 5, 0, 405, 32, 27.80
2026/09/08 18:49:41.509, GPU-2aa85c85-bc04-0ac3-fc1b-4827d8303d81, 5, 0, 405, 32, 27.80
2026/09/08 18:49:41.713, GPU-2aa85c85-bc04-0ac3-fc1b-4827d8303d81, 5, 0, 405, 32, 27.80
2026/09/08 18:49:41.916, GPU-2aa85c85-bc04-0ac3-fc1b-4827d8303d81, 5, 0, 405, 32, 28.04
2026/09/08 18:49:42.122, GPU-2aa85c85-bc04-0ac3-fc1b-4827d8303d81, 5, 0, 405, 32, 28.04
2026/09/08 18:49:42.325, GPU-2aa85c85-bc04-0ac3-fc1b-4827d8303d81, 5, 0, 405, 32, 27.80
2026/09/08 18:49:42.529, GPU-2aa85c85-bc04-0ac3-fc1b-4827d8303d81, 5, 0, 405, 32, 28.04
2026/09/08 18:49:42.732, GPU-2aa85c85-bc04-0ac3-fc1b-4827d8303d81, 5, 0, 405, 32, 28.06
2026/09/08 18:49:42.936, GPU-2aa85c85-bc04-0ac3-fc1b-4827d8303d81, 5, 0, 405, 32, 27.81
2026/09/08 18:49:43.141, GPU-2aa85c85-bc04-0ac3-fc1b-4827d8303d81, 5, 0, 405, 32, 28.04
2026/09/08 18:49:43.345, GPU-2aa85c85-bc04-0ac3-fc1b-4827d8303d81, 5, 0, 405, 32, 28.04
2026/09/08 18:49:43.548, GPU-2aa85c85-bc04-0ac3-fc1b-4827d8303d81, 5, 0, 405, 32, 28.06
2026/09/08 18:49:43.752, GPU-2aa85c85-bc04-0ac3-fc1b-4827d8303d81, 5, 0, 405, 32, 27.81
2026/09/08 18:49:43.955, GPU-2aa85c85-bc04-0ac3-fc1b-4827d8303d81, 5, 0, 405, 32, 27.80
2026/09/08 18:49:44.161, GPU-2aa85c85-bc04-0ac3-fc1b-4827d8303d81, 5, 0, 405, 32, 27.80
2026/09/08 18:49:44.364, GPU-2aa85c85-bc04-0ac3-fc1b-4827d8303d81, 5, 0, 405, 32, 27.80
2026/09/08 18:49:44.568, GPU-2aa85c85-bc04-0ac3-fc1b-4827d8303d81, 5, 0, 405, 32, 27.81
2026/09/08 18:49:44.771, GPU-2aa85c85-bc04-0ac3-fc1b-4827d8303d81, 5, 0, 405, 32, 27.80
2026/09/08 18:49:44.975, GPU-2aa85c85-bc04-0ac3-fc1b-4827d8303d81, 5, 0, 405, 32, 28.06
2026/09/08 18:49:45.180, GPU-2aa85c85-bc04-0ac3-fc1b-4827d8303d81, 5, 0, 405, 32, 28.06
2026/09/08 18:49:45.384, GPU-2aa85c85-bc04-0ac3-fc1b-4827d8303d81, 5, 0, 405, 32, 27.80
2026/09/08 18:49:45.587, GPU-2aa85c85-bc04-0ac3-fc1b-4827d8303d81, 5, 0, 405, 32, 28.06
2026/09/08 18:49:45.791, GPU-2aa85c85-bc04-0ac3-fc1b-4827d8303d81, 5, 0, 405, 32, 28.06
2026/09/08 18:49:45.994, GPU-2aa85c85-bc04-0ac3-fc1b-4827d8303d81, 5, 0, 405, 32, 28.06
2026/09/08 18:49:46.200, GPU-2aa85c85-bc04-0ac3-fc1b-4827d8303d81, 5, 0, 405, 32, 27.80
2026/09/08 18:49:46.403, GPU-2aa85c85-bc04-0ac3-fc1b-4827d8303d81, 5, 0, 405, 32, 28.04
2026/09/08 18:49:46.607, GPU-2aa85c85-bc04-0ac3-fc1b-4827d8303d81, 5, 0, 405, 32, 28.06
2026/09/08 18:49:46.810, GPU-2aa85c85-bc04-0ac3-fc1b-4827d8303d81, 5, 0, 405, 32, 27.81
2026/09/08 18:49:47.014, GPU-2aa85c85-bc04-0ac3-fc1b-4827d8303d81, 5, 0, 405, 32, 27.81
2026/09/08 18:49:47.220, GPU-2aa85c85-bc04-0ac3-fc1b-4827d8303d81, 5, 0, 405, 32, 28.04
2026/09/08 18:49:47.423, GPU-2aa85c85-bc04-0ac3-fc1b-4827d8303d81, 5, 0, 405, 32, 28.04
2026/09/08 18:49:47.627, GPU-2aa85c85-bc04-0ac3-fc1b-4827d8303d81, 5, 0, 405, 32, 28.06
2026/09/08 18:49:47.830, GPU-2aa85c85-bc04-0ac3-fc1b-4827d8303d81, 5, 0, 405, 32, 28.06
2026/09/08 18:49:48.034, GPU-2aa85c85-bc04-0ac3-fc1b-4827d8303d81, 5, 0, 405, 32, 27.80
2026/09/08 18:49:48.240, GPU-2aa85c85-bc04-0ac3-fc1b-4827d8303d81, 5, 0, 405, 32, 27.81
2026/09/08 18:49:48.443, GPU-2aa85c85-bc04-0ac3-fc1b-4827d8303d81, 5, 0, 405, 32, 27.80
2026/09/08 18:49:48.647, GPU-2aa85c85-bc04-0ac3-fc1b-4827d8303d81, 5, 0, 405, 32, 27.81
2026/09/08 18:49:48.850, GPU-2aa85c85-bc04-0ac3-fc1b-4827d8303d81, 5, 0, 405, 32, 27.80
2026/09/08 18:49:49.054, GPU-2aa85c85-bc04-0ac3-fc1b-4827d8303d81, 5, 0, 405, 32, 27.81
2026/09/08 18:49:49.257, GPU-2aa85c85-bc04-0ac3-fc1b-4827d8303d81, 5, 0, 405, 32, 28.06
2026/09/08 18:49:49.462, GPU-2aa85c85-bc04-0ac3-fc1b-4827d8303d81, 5, 0, 405, 32, 28.06
2026/09/08 18:49:49.667, GPU-2aa85c85-bc04-0ac3-fc1b-4827d8303d81, 5, 0, 405, 32, 28.06
2026/09/08 18:49:49.870, GPU-2aa85c85-bc04-0ac3-fc1b-4827d8303d81, 5, 0, 405, 32, 28.04
2026/09/08 18:49:50.074, GPU-2aa85c85-bc04-0ac3-fc1b-4827d8303d81, 5, 0, 405, 32, 28.06
2026/09/08 18:49:50.277, GPU-2aa85c85-bc04-0ac3-fc1b-4827d8303d81, 5, 0, 405, 32, 27.80
2026/09/08 18:49:50.481, GPU-2aa85c85-bc04-0ac3-fc1b-4827d8303d81, 5, 0, 405, 32, 28.04
2026/09/08 18:49:50.685, GPU-2aa85c85-bc04-0ac3-fc1b-4827d8303d81, 5, 0, 405, 32, 27.80
2026/09/08 18:49:50.888, GPU-2aa85c85-bc04-0ac3-fc1b-4827d8303d81, 5, 0, 405, 32, 27.80
2026/09/08 18:49:51.092, GPU-2aa85c85-bc04-0ac3-fc1b-4827d8303d81, 5, 0, 405, 32, 27.81
2026/09/08 18:49:51.295, GPU-2aa85c85-bc04-0ac3-fc1b-4827d8303d81, 5, 0, 405, 32, 28.06
2026/09/08 18:49:51.499, GPU-2aa85c85-bc04-0ac3-fc1b-4827d8303d81, 5, 0, 405, 32, 28.06
2026/09/08 18:49:51.702, GPU-2aa85c85-bc04-0ac3-fc1b-4827d8303d81, 5, 0, 405, 32, 28.04
2026/09/08 18:49:51.908, GPU-2aa85c85-bc04-0ac3-fc1b-4827d8303d81, 5, 0, 405, 32, 28.04
2026/09/08 18:49:52.111, GPU-2aa85c85-bc04-0ac3-fc1b-4827d8303d81, 5, 0, 405, 32, 27.80
2026/09/08 18:49:52.315, GPU-2aa85c85-bc04-0ac3-fc1b-4827d8303d81, 5, 0, 405, 32, 27.80
2026/09/08 18:49:52.518, GPU-2aa85c85-bc04-0ac3-fc1b-4827d8303d81, 5, 0, 405, 32, 27.81
2026/09/08 18:49:52.722, GPU-2aa85c85-bc04-0ac3-fc1b-4827d8303d81, 5, 0, 405, 32, 28.06
2026/09/08 18:49:52.928, GPU-2aa85c85-bc04-0ac3-fc1b-4827d8303d81, 5, 0, 405, 32, 28.06
2026/09/08 18:49:53.131, GPU-2aa85c85-bc04-0ac3-fc1b-4827d8303d81, 5, 0, 405, 32, 28.06
2026/09/08 18:49:53.334, GPU-2aa85c85-bc04-0ac3-fc1b-4827d8303d81, 5, 0, 405, 32, 28.06
2026/09/08 18:49:53.538, GPU-2aa85c85-bc04-0ac3-fc1b-4827d8303d81, 5, 0, 405, 32, 27.81
2026/09/08 18:49:53.741, GPU-2aa85c85-bc04-0ac3-fc1b-4827d8303d81, 5, 0, 405, 32, 27.80
2026/09/08 18:49:53.947, GPU-2aa85c85-bc04-0ac3-fc1b-4827d8303d81, 5, 0, 405, 32, 28.04
2026/09/08 18:49:54.150, GPU-2aa85c85-bc04-0ac3-fc1b-4827d8303d81, 5, 0, 405, 32, 28.04
2026/09/08 18:49:54.354, GPU-2aa85c85-bc04-0ac3-fc1b-4827d8303d81, 5, 0, 405, 32, 28.04
2026/09/08 18:49:54.557, GPU-2aa85c85-bc04-0ac3-fc1b-4827d8303d81, 5, 0, 405, 32, 27.81
2026/09/08 18:49:54.761, GPU-2aa85c85-bc04-0ac3-fc1b-4827d8303d81, 5, 0, 405, 32, 28.06
2026/09/08 18:49:54.966, GPU-2aa85c85-bc04-0ac3-fc1b-4827d8303d81, 5, 0, 405, 32, 27.81
2026/09/08 18:49:55.170, GPU-2aa85c85-bc04-0ac3-fc1b-4827d8303d81, 5, 0, 405, 32, 27.57
2026/09/08 18:49:55.374, GPU-2aa85c85-bc04-0ac3-fc1b-4827d8303d81, 5, 0, 405, 32, 27.81
2026/09/08 18:49:55.577, GPU-2aa85c85-bc04-0ac3-fc1b-4827d8303d81, 5, 0, 405, 32, 28.04
2026/09/08 18:49:55.781, GPU-2aa85c85-bc04-0ac3-fc1b-4827d8303d81, 5, 0, 405, 32, 27.80
2026/09/08 18:49:55.986, GPU-2aa85c85-bc04-0ac3-fc1b-4827d8303d81, 5, 0, 405, 32, 27.81
2026/09/08 18:49:56.189, GPU-2aa85c85-bc04-0ac3-fc1b-4827d8303d81, 5, 0, 405, 32, 27.81
2026/09/08 18:49:56.393, GPU-2aa85c85-bc04-0ac3-fc1b-4827d8303d81, 5, 0, 405, 32, 27.81
2026/09/08 18:49:56.596, GPU-2aa85c85-bc04-0ac3-fc1b-4827d8303d81, 5, 0, 405, 32, 27.81
2026/09/08 18:49:56.800, GPU-2aa85c85-bc04-0ac3-fc1b-4827d8303d81, 5, 0, 405, 31, 27.81
2026/09/08 18:49:57.005, GPU-2aa85c85-bc04-0ac3-fc1b-4827d8303d81, 7, 0, 405, 32, 27.80
2026/09/08 18:49:57.209, GPU-2aa85c85-bc04-0ac3-fc1b-4827d8303d81, 25, 1, 1189, 32, 32.43
2026/09/08 18:49:57.413, GPU-2aa85c85-bc04-0ac3-fc1b-4827d8303d81, 265, 2, 1189, 32, 34.13
2026/09/08 18:49:57.616, GPU-2aa85c85-bc04-0ac3-fc1b-4827d8303d81, 5, 8, 1189, 32, 34.13
2026/09/08 18:49:57.820, GPU-2aa85c85-bc04-0ac3-fc1b-4827d8303d81, 15, 0, 1189, 32, 34.13
2026/09/08 18:49:58.105, GPU-2aa85c85-bc04-0ac3-fc1b-4827d8303d81, 265, 2, 1189, 32, 34.13
2026/09/08 18:49:58.308, GPU-2aa85c85-bc04-0ac3-fc1b-4827d8303d81, 5, 2, 1189, 32, 34.13
2026/09/08 18:49:58.512, GPU-2aa85c85-bc04-0ac3-fc1b-4827d8303d81, 7, 6, 1189, 32, 34.13
2026/09/08 18:49:58.715, GPU-2aa85c85-bc04-0ac3-fc1b-4827d8303d81, 265, 1, 1189, 32, 34.13
2026/09/08 18:49:58.919, GPU-2aa85c85-bc04-0ac3-fc1b-4827d8303d81, 261, 2, 1189, 32, 34.13
2026/09/08 18:49:59.124, GPU-2aa85c85-bc04-0ac3-fc1b-4827d8303d81, 5, 8, 1189, 32, 34.13
2026/09/08 18:49:59.328, GPU-2aa85c85-bc04-0ac3-fc1b-4827d8303d81, 15, 0, 1189, 32, 34.13
2026/09/08 18:49:59.584, GPU-2aa85c85-bc04-0ac3-fc1b-4827d8303d81, 277, 6, 1189, 32, 38.50
2026/09/08 18:49:59.787, GPU-2aa85c85-bc04-0ac3-fc1b-4827d8303d81, 5, 32, 1189, 32, 34.13
2026/09/08 18:49:59.991, GPU-2aa85c85-bc04-0ac3-fc1b-4827d8303d81, 5, 4, 1189, 32, 34.13
2026/09/08 18:50:00.195, GPU-2aa85c85-bc04-0ac3-fc1b-4827d8303d81, 15, 0, 1189, 32, 34.13
2026/09/08 18:50:00.424, GPU-2aa85c85-bc04-0ac3-fc1b-4827d8303d81, 273, 7, 1189, 32, 34.13
2026/09/08 18:50:00.627, GPU-2aa85c85-bc04-0ac3-fc1b-4827d8303d81, 277, 0, 1189, 32, 34.13
2026/09/08 18:50:00.831, GPU-2aa85c85-bc04-0ac3-fc1b-4827d8303d81, 277, 46, 1328, 32, 41.18
2026/09/08 18:50:01.035, GPU-2aa85c85-bc04-0ac3-fc1b-4827d8303d81, 277, 100, 1328, 32, 42.39
2026/09/08 18:50:01.240, GPU-2aa85c85-bc04-0ac3-fc1b-4827d8303d81, 277, 100, 1328, 32, 38.99
2026/09/08 18:50:01.443, GPU-2aa85c85-bc04-0ac3-fc1b-4827d8303d81, 277, 94, 1328, 32, 42.37
2026/09/08 18:50:01.650, GPU-2aa85c85-bc04-0ac3-fc1b-4827d8303d81, 277, 100, 1328, 32, 42.39
2026/09/08 18:50:01.854, GPU-2aa85c85-bc04-0ac3-fc1b-4827d8303d81, 277, 90, 1328, 32, 41.91
2026/09/08 18:50:02.061, GPU-2aa85c85-bc04-0ac3-fc1b-4827d8303d81, 277, 100, 1328, 32, 39.72
2026/09/08 18:50:02.264, GPU-2aa85c85-bc04-0ac3-fc1b-4827d8303d81, 277, 100, 1328, 32, 40.69
2026/09/08 18:50:02.469, GPU-2aa85c85-bc04-0ac3-fc1b-4827d8303d81, 277, 100, 1328, 32, 41.88
2026/09/08 18:50:02.674, GPU-2aa85c85-bc04-0ac3-fc1b-4827d8303d81, 277, 100, 1328, 32, 42.62
2026/09/08 18:50:02.878, GPU-2aa85c85-bc04-0ac3-fc1b-4827d8303d81, 277, 100, 1328, 32, 42.37
2026/09/08 18:50:03.083, GPU-2aa85c85-bc04-0ac3-fc1b-4827d8303d81, 277, 100, 1328, 32, 42.37
2026/09/08 18:50:03.289, GPU-2aa85c85-bc04-0ac3-fc1b-4827d8303d81, 277, 100, 1328, 32, 42.13
2026/09/08 18:50:03.497, GPU-2aa85c85-bc04-0ac3-fc1b-4827d8303d81, 277, 100, 1328, 32, 42.37
2026/09/08 18:50:03.703, GPU-2aa85c85-bc04-0ac3-fc1b-4827d8303d81, 277, 100, 1328, 32, 39.72
2026/09/08 18:50:03.907, GPU-2aa85c85-bc04-0ac3-fc1b-4827d8303d81, 277, 100, 1328, 32, 41.64
2026/09/08 18:50:04.111, GPU-2aa85c85-bc04-0ac3-fc1b-4827d8303d81, 277, 100, 1328, 32, 42.37
2026/09/08 18:50:04.316, GPU-2aa85c85-bc04-0ac3-fc1b-4827d8303d81, 277, 100, 1328, 32, 42.62
2026/09/08 18:50:04.520, GPU-2aa85c85-bc04-0ac3-fc1b-4827d8303d81, 277, 100, 1328, 32, 42.62
2026/09/08 18:50:04.727, GPU-2aa85c85-bc04-0ac3-fc1b-4827d8303d81, 273, 100, 1328, 32, 38.74
2026/09/08 18:50:04.930, GPU-2aa85c85-bc04-0ac3-fc1b-4827d8303d81, 5, 6, 1328, 32, 38.74
2026/09/08 18:50:05.134, GPU-2aa85c85-bc04-0ac3-fc1b-4827d8303d81, 5, 0, 1328, 32, 38.77
2026/09/08 18:50:05.337, GPU-2aa85c85-bc04-0ac3-fc1b-4827d8303d81, 5, 0, 1328, 32, 38.77
2026/09/08 18:50:05.541, GPU-2aa85c85-bc04-0ac3-fc1b-4827d8303d81, 5, 0, 1328, 32, 38.52
2026/09/08 18:50:05.744, GPU-2aa85c85-bc04-0ac3-fc1b-4827d8303d81, 5, 0, 1328, 32, 38.74
2026/09/08 18:50:05.948, GPU-2aa85c85-bc04-0ac3-fc1b-4827d8303d81, 5, 0, 1328, 32, 37.06
2026/09/08 18:50:06.153, GPU-2aa85c85-bc04-0ac3-fc1b-4827d8303d81, 5, 0, 1328, 32, 38.52
2026/09/08 18:50:06.357, GPU-2aa85c85-bc04-0ac3-fc1b-4827d8303d81, 5, 0, 1328, 32, 38.26
2026/09/08 18:50:06.560, GPU-2aa85c85-bc04-0ac3-fc1b-4827d8303d81, 5, 0, 1328, 32, 38.28
2026/09/08 18:50:06.764, GPU-2aa85c85-bc04-0ac3-fc1b-4827d8303d81, 5, 0, 1328, 32, 38.52
2026/09/08 18:50:06.967, GPU-2aa85c85-bc04-0ac3-fc1b-4827d8303d81, 5, 0, 1328, 32, 38.28
2026/09/08 18:50:07.173, GPU-2aa85c85-bc04-0ac3-fc1b-4827d8303d81, 5, 0, 1328, 32, 38.28
2026/09/08 18:50:07.376, GPU-2aa85c85-bc04-0ac3-fc1b-4827d8303d81, 5, 0, 1328, 32, 38.52
2026/09/08 18:50:07.579, GPU-2aa85c85-bc04-0ac3-fc1b-4827d8303d81, 5, 0, 430, 32, 27.80
2026/09/08 18:50:07.783, GPU-2aa85c85-bc04-0ac3-fc1b-4827d8303d81, 5, 0, 430, 32, 27.80
2026/09/08 18:50:07.986, GPU-2aa85c85-bc04-0ac3-fc1b-4827d8303d81, 5, 0, 430, 32, 27.81
2026/09/08 18:50:08.190, GPU-2aa85c85-bc04-0ac3-fc1b-4827d8303d81, 5, 0, 430, 32, 28.06
2026/09/08 18:50:08.394, GPU-2aa85c85-bc04-0ac3-fc1b-4827d8303d81, 5, 0, 430, 32, 28.06
2026/09/08 18:50:08.598, GPU-2aa85c85-bc04-0ac3-fc1b-4827d8303d81, 5, 0, 430, 32, 27.80
2026/09/08 18:50:08.801, GPU-2aa85c85-bc04-0ac3-fc1b-4827d8303d81, 5, 0, 430, 32, 27.81
2026/09/08 18:50:09.005, GPU-2aa85c85-bc04-0ac3-fc1b-4827d8303d81, 5, 0, 430, 32, 28.06
2026/09/08 18:50:09.208, GPU-2aa85c85-bc04-0ac3-fc1b-4827d8303d81, 5, 0, 430, 32, 28.04
2026/09/08 18:50:09.415, GPU-2aa85c85-bc04-0ac3-fc1b-4827d8303d81, 5, 0, 430, 32, 27.81
2026/09/08 18:50:09.618, GPU-2aa85c85-bc04-0ac3-fc1b-4827d8303d81, 5, 0, 430, 32, 28.06
2026/09/08 18:50:09.822, GPU-2aa85c85-bc04-0ac3-fc1b-4827d8303d81, 5, 0, 430, 32, 27.81
2026/09/08 18:50:10.025, GPU-2aa85c85-bc04-0ac3-fc1b-4827d8303d81, 5, 0, 430, 32, 27.81
2026/09/08 18:50:10.229, GPU-2aa85c85-bc04-0ac3-fc1b-4827d8303d81, 5, 0, 405, 32, 27.80
2026/09/08 18:50:10.435, GPU-2aa85c85-bc04-0ac3-fc1b-4827d8303d81, 5, 0, 405, 32, 27.80
2026/09/08 18:50:10.638, GPU-2aa85c85-bc04-0ac3-fc1b-4827d8303d81, 5, 0, 405, 32, 28.04
2026/09/08 18:50:10.842, GPU-2aa85c85-bc04-0ac3-fc1b-4827d8303d81, 5, 0, 405, 32, 27.80
2026/09/08 18:50:11.045, GPU-2aa85c85-bc04-0ac3-fc1b-4827d8303d81, 5, 0, 405, 32, 27.81
2026/09/08 18:50:11.248, GPU-2aa85c85-bc04-0ac3-fc1b-4827d8303d81, 5, 0, 405, 32, 28.06
2026/09/08 18:50:11.454, GPU-2aa85c85-bc04-0ac3-fc1b-4827d8303d81, 5, 0, 405, 32, 27.80
2026/09/08 18:50:11.657, GPU-2aa85c85-bc04-0ac3-fc1b-4827d8303d81, 5, 0, 405, 32, 27.81
2026/09/08 18:50:11.861, GPU-2aa85c85-bc04-0ac3-fc1b-4827d8303d81, 5, 0, 405, 32, 27.57
2026/09/08 18:50:12.064, GPU-2aa85c85-bc04-0ac3-fc1b-4827d8303d81, 5, 0, 405, 32, 27.81
2026/09/08 18:50:12.268, GPU-2aa85c85-bc04-0ac3-fc1b-4827d8303d81, 5, 0, 405, 32, 27.80
2026/09/08 18:50:12.474, GPU-2aa85c85-bc04-0ac3-fc1b-4827d8303d81, 5, 0, 405, 32, 27.81
2026/09/08 18:50:12.677, GPU-2aa85c85-bc04-0ac3-fc1b-4827d8303d81, 5, 0, 405, 32, 27.81
2026/09/08 18:50:12.881, GPU-2aa85c85-bc04-0ac3-fc1b-4827d8303d81, 5, 0, 405, 32, 27.80
2026/09/08 18:50:13.084, GPU-2aa85c85-bc04-0ac3-fc1b-4827d8303d81, 5, 0, 405, 32, 27.55
2026/09/08 18:50:13.288, GPU-2aa85c85-bc04-0ac3-fc1b-4827d8303d81, 5, 0, 405, 32, 27.81
2026/09/08 18:50:13.493, GPU-2aa85c85-bc04-0ac3-fc1b-4827d8303d81, 5, 0, 405, 32, 27.81
2026/09/08 18:50:13.697, GPU-2aa85c85-bc04-0ac3-fc1b-4827d8303d81, 5, 0, 405, 32, 27.81
2026/09/08 18:50:13.900, GPU-2aa85c85-bc04-0ac3-fc1b-4827d8303d81, 5, 0, 405, 31, 27.81
2026/09/08 18:50:14.104, GPU-2aa85c85-bc04-0ac3-fc1b-4827d8303d81, 5, 0, 405, 32, 27.55
2026/09/08 18:50:14.308, GPU-2aa85c85-bc04-0ac3-fc1b-4827d8303d81, 5, 0, 405, 32, 27.81
2026/09/08 18:50:14.513, GPU-2aa85c85-bc04-0ac3-fc1b-4827d8303d81, 5, 0, 405, 32, 27.55
2026/09/08 18:50:14.716, GPU-2aa85c85-bc04-0ac3-fc1b-4827d8303d81, 5, 0, 405, 32, 27.57
2026/09/08 18:50:14.920, GPU-2aa85c85-bc04-0ac3-fc1b-4827d8303d81, 5, 0, 405, 32, 27.80
2026/09/08 18:50:15.123, GPU-2aa85c85-bc04-0ac3-fc1b-4827d8303d81, 5, 0, 405, 32, 27.55
2026/09/08 18:50:15.327, GPU-2aa85c85-bc04-0ac3-fc1b-4827d8303d81, 5, 0, 405, 32, 27.57
2026/09/08 18:50:15.532, GPU-2aa85c85-bc04-0ac3-fc1b-4827d8303d81, 5, 0, 405, 31, 27.81
2026/09/08 18:50:15.735, GPU-2aa85c85-bc04-0ac3-fc1b-4827d8303d81, 5, 0, 405, 32, 27.57
2026/09/08 18:50:15.939, GPU-2aa85c85-bc04-0ac3-fc1b-4827d8303d81, 5, 0, 405, 32, 27.80
2026/09/08 18:50:16.142, GPU-2aa85c85-bc04-0ac3-fc1b-4827d8303d81, 5, 0, 405, 31, 27.57
2026/09/08 18:50:16.346, GPU-2aa85c85-bc04-0ac3-fc1b-4827d8303d81, 5, 0, 405, 31, 27.55
2026/09/08 18:50:16.549, GPU-2aa85c85-bc04-0ac3-fc1b-4827d8303d81, 5, 0, 405, 32, 27.80
2026/09/08 18:50:16.755, GPU-2aa85c85-bc04-0ac3-fc1b-4827d8303d81, 5, 0, 405, 31, 27.80
2026/09/08 18:50:16.958, GPU-2aa85c85-bc04-0ac3-fc1b-4827d8303d81, 5, 0, 405, 32, 27.80
2026/09/08 18:50:17.162, GPU-2aa85c85-bc04-0ac3-fc1b-4827d8303d81, 5, 0, 405, 31, 27.80
2026/09/08 18:50:17.365, GPU-2aa85c85-bc04-0ac3-fc1b-4827d8303d81, 5, 0, 405, 31, 27.81
2026/09/08 18:50:17.569, GPU-2aa85c85-bc04-0ac3-fc1b-4827d8303d81, 5, 0, 405, 31, 27.81
2026/09/08 18:50:17.772, GPU-2aa85c85-bc04-0ac3-fc1b-4827d8303d81, 5, 0, 405, 31, 27.81
2026/09/08 18:50:17.978, GPU-2aa85c85-bc04-0ac3-fc1b-4827d8303d81, 5, 0, 405, 32, 27.57
2026/09/08 18:50:18.181, GPU-2aa85c85-bc04-0ac3-fc1b-4827d8303d81, 5, 0, 405, 31, 27.81
2026/09/08 18:50:18.385, GPU-2aa85c85-bc04-0ac3-fc1b-4827d8303d81, 5, 0, 405, 31, 27.57
2026/09/08 18:50:18.588, GPU-2aa85c85-bc04-0ac3-fc1b-4827d8303d81, 5, 0, 405, 31, 27.57
2026/09/08 18:50:18.792, GPU-2aa85c85-bc04-0ac3-fc1b-4827d8303d81, 5, 0, 405, 32, 27.57
2026/09/08 18:50:18.996, GPU-2aa85c85-bc04-0ac3-fc1b-4827d8303d81, 5, 0, 405, 31, 27.55
2026/09/08 18:50:19.199, GPU-2aa85c85-bc04-0ac3-fc1b-4827d8303d81, 5, 0, 405, 31, 27.81
2026/09/08 18:50:19.403, GPU-2aa85c85-bc04-0ac3-fc1b-4827d8303d81, 5, 0, 405, 32, 27.57
2026/09/08 18:50:19.606, GPU-2aa85c85-bc04-0ac3-fc1b-4827d8303d81, 5, 0, 405, 32, 27.55
2026/09/08 18:50:19.810, GPU-2aa85c85-bc04-0ac3-fc1b-4827d8303d81, 5, 0, 405, 31, 27.57
2026/09/08 18:50:20.013, GPU-2aa85c85-bc04-0ac3-fc1b-4827d8303d81, 5, 0, 405, 31, 27.80
2026/09/08 18:50:20.219, GPU-2aa85c85-bc04-0ac3-fc1b-4827d8303d81, 5, 0, 405, 31, 27.57
2026/09/08 18:50:20.423, GPU-2aa85c85-bc04-0ac3-fc1b-4827d8303d81, 5, 0, 405, 31, 27.55
2026/09/08 18:50:20.626, GPU-2aa85c85-bc04-0ac3-fc1b-4827d8303d81, 5, 0, 405, 31, 27.57
2026/09/08 18:50:20.830, GPU-2aa85c85-bc04-0ac3-fc1b-4827d8303d81, 5, 0, 405, 31, 27.55
2026/09/08 18:50:21.034, GPU-2aa85c85-bc04-0ac3-fc1b-4827d8303d81, 5, 0, 405, 31, 27.81
2026/09/08 18:50:21.239, GPU-2aa85c85-bc04-0ac3-fc1b-4827d8303d81, 5, 0, 405, 31, 27.57
2026/09/08 18:50:21.442, GPU-2aa85c85-bc04-0ac3-fc1b-4827d8303d81, 5, 0, 405, 32, 27.80
2026/09/08 18:50:21.646, GPU-2aa85c85-bc04-0ac3-fc1b-4827d8303d81, 5, 0, 405, 31, 27.57
2026/09/08 18:50:21.849, GPU-2aa85c85-bc04-0ac3-fc1b-4827d8303d81, 5, 0, 405, 31, 27.55
2026/09/08 18:50:22.052, GPU-2aa85c85-bc04-0ac3-fc1b-4827d8303d81, 5, 0, 405, 31, 27.55
2026/09/08 18:50:22.258, GPU-2aa85c85-bc04-0ac3-fc1b-4827d8303d81, 5, 0, 405, 31, 27.57
2026/09/08 18:50:22.461, GPU-2aa85c85-bc04-0ac3-fc1b-4827d8303d81, 5, 0, 405, 31, 27.57
2026/09/08 18:50:22.665, GPU-2aa85c85-bc04-0ac3-fc1b-4827d8303d81, 5, 0, 405, 31, 27.55
2026/09/08 18:50:22.868, GPU-2aa85c85-bc04-0ac3-fc1b-4827d8303d81, 5, 0, 405, 31, 27.57
2026/09/08 18:50:23.072, GPU-2aa85c85-bc04-0ac3-fc1b-4827d8303d81, 5, 0, 405, 31, 27.80
2026/09/08 18:50:23.277, GPU-2aa85c85-bc04-0ac3-fc1b-4827d8303d81, 5, 0, 405, 31, 27.55
2026/09/08 18:50:23.481, GPU-2aa85c85-bc04-0ac3-fc1b-4827d8303d81, 5, 0, 405, 31, 27.81
2026/09/08 18:50:23.684, GPU-2aa85c85-bc04-0ac3-fc1b-4827d8303d81, 5, 0, 405, 31, 27.55
2026/09/08 18:50:23.888, GPU-2aa85c85-bc04-0ac3-fc1b-4827d8303d81, 5, 0, 405, 31, 27.57
2026/09/08 18:50:24.091, GPU-2aa85c85-bc04-0ac3-fc1b-4827d8303d81, 5, 0, 405, 31, 27.55
2026/09/08 18:50:24.297, GPU-2aa85c85-bc04-0ac3-fc1b-4827d8303d81, 5, 0, 405, 31, 27.57
2026/09/08 18:50:24.500, GPU-2aa85c85-bc04-0ac3-fc1b-4827d8303d81, 5, 0, 405, 31, 27.55
2026/09/08 18:50:24.704, GPU-2aa85c85-bc04-0ac3-fc1b-4827d8303d81, 5, 0, 405, 31, 27.57
2026/09/08 18:50:24.907, GPU-2aa85c85-bc04-0ac3-fc1b-4827d8303d81, 5, 0, 405, 31, 27.55
2026/09/08 18:50:25.111, GPU-2aa85c85-bc04-0ac3-fc1b-4827d8303d81, 5, 0, 405, 31, 27.81
2026/09/08 18:50:25.316, GPU-2aa85c85-bc04-0ac3-fc1b-4827d8303d81, 5, 0, 405, 31, 27.57
2026/09/08 18:50:25.520, GPU-2aa85c85-bc04-0ac3-fc1b-4827d8303d81, 5, 0, 405, 31, 27.55
2026/09/08 18:50:25.723, GPU-2aa85c85-bc04-0ac3-fc1b-4827d8303d81, 5, 0, 405, 31, 27.55
2026/09/08 18:50:25.927, GPU-2aa85c85-bc04-0ac3-fc1b-4827d8303d81, 5, 0, 405, 31, 27.57
2026/09/08 18:50:26.130, GPU-2aa85c85-bc04-0ac3-fc1b-4827d8303d81, 5, 0, 405, 31, 27.55
2026/09/08 18:50:26.336, GPU-2aa85c85-bc04-0ac3-fc1b-4827d8303d81, 5, 0, 405, 31, 27.57
2026/09/08 18:50:26.539, GPU-2aa85c85-bc04-0ac3-fc1b-4827d8303d81, 5, 0, 405, 31, 27.81
2026/09/08 18:50:26.743, GPU-2aa85c85-bc04-0ac3-fc1b-4827d8303d81, 5, 0, 405, 31, 27.81
2026/09/08 18:50:26.946, GPU-2aa85c85-bc04-0ac3-fc1b-4827d8303d81, 5, 0, 405, 31, 27.55
2026/09/08 18:50:27.150, GPU-2aa85c85-bc04-0ac3-fc1b-4827d8303d81, 5, 0, 405, 31, 27.55
2026/09/08 18:50:27.355, GPU-2aa85c85-bc04-0ac3-fc1b-4827d8303d81, 5, 0, 405, 31, 27.57
2026/09/08 18:50:27.558, GPU-2aa85c85-bc04-0ac3-fc1b-4827d8303d81, 5, 0, 405, 31, 27.57
2026/09/08 18:50:27.762, GPU-2aa85c85-bc04-0ac3-fc1b-4827d8303d81, 5, 0, 405, 31, 27.57
2026/09/08 18:50:27.966, GPU-2aa85c85-bc04-0ac3-fc1b-4827d8303d81, 5, 0, 405, 31, 27.57
2026/09/08 18:50:28.170, GPU-2aa85c85-bc04-0ac3-fc1b-4827d8303d81, 5, 0, 405, 31, 27.55
2026/09/08 18:50:28.374, GPU-2aa85c85-bc04-0ac3-fc1b-4827d8303d81, 5, 0, 405, 31, 27.55
2026/09/08 18:50:28.578, GPU-2aa85c85-bc04-0ac3-fc1b-4827d8303d81, 5, 0, 405, 31, 27.57
2026/09/08 18:50:28.781, GPU-2aa85c85-bc04-0ac3-fc1b-4827d8303d81, 5, 0, 405, 31, 27.57
2026/09/08 18:50:28.985, GPU-2aa85c85-bc04-0ac3-fc1b-4827d8303d81, 5, 0, 405, 31, 27.57
2026/09/08 18:50:29.188, GPU-2aa85c85-bc04-0ac3-fc1b-4827d8303d81, 5, 0, 405, 31, 27.57
2026/09/08 18:50:29.394, GPU-2aa85c85-bc04-0ac3-fc1b-4827d8303d81, 5, 0, 405, 31, 27.57
2026/09/08 18:50:29.597, GPU-2aa85c85-bc04-0ac3-fc1b-4827d8303d81, 5, 0, 405, 31, 27.55
2026/09/08 18:50:29.801, GPU-2aa85c85-bc04-0ac3-fc1b-4827d8303d81, 5, 0, 405, 31, 27.57
2026/09/08 18:50:30.004, GPU-2aa85c85-bc04-0ac3-fc1b-4827d8303d81, 5, 0, 405, 31, 27.57
2026/09/08 18:50:30.208, GPU-2aa85c85-bc04-0ac3-fc1b-4827d8303d81, 5, 0, 405, 31, 27.57
2026/09/08 18:50:30.413, GPU-2aa85c85-bc04-0ac3-fc1b-4827d8303d81, 5, 0, 405, 31, 27.57
2026/09/08 18:50:30.617, GPU-2aa85c85-bc04-0ac3-fc1b-4827d8303d81, 5, 0, 405, 31, 27.57
2026/09/08 18:50:30.820, GPU-2aa85c85-bc04-0ac3-fc1b-4827d8303d81, 5, 0, 405, 31, 27.81
2026/09/08 18:50:31.024, GPU-2aa85c85-bc04-0ac3-fc1b-4827d8303d81, 5, 0, 405, 31, 27.57
2026/09/08 18:50:31.227, GPU-2aa85c85-bc04-0ac3-fc1b-4827d8303d81, 5, 0, 405, 31, 27.57
2026/09/08 18:50:31.434, GPU-2aa85c85-bc04-0ac3-fc1b-4827d8303d81, 5, 0, 405, 31, 27.57
2026/09/08 18:50:31.637, GPU-2aa85c85-bc04-0ac3-fc1b-4827d8303d81, 5, 0, 405, 31, 27.55
2026/09/08 18:50:31.841, GPU-2aa85c85-bc04-0ac3-fc1b-4827d8303d81, 5, 0, 405, 31, 27.57
2026/09/08 18:50:32.044, GPU-2aa85c85-bc04-0ac3-fc1b-4827d8303d81, 5, 0, 405, 31, 27.57
2026/09/08 18:50:32.248, GPU-2aa85c85-bc04-0ac3-fc1b-4827d8303d81, 5, 0, 405, 31, 27.57
2026/09/08 18:50:32.453, GPU-2aa85c85-bc04-0ac3-fc1b-4827d8303d81, 5, 0, 405, 31, 27.57
2026/09/08 18:50:32.657, GPU-2aa85c85-bc04-0ac3-fc1b-4827d8303d81, 5, 0, 405, 31, 27.55
2026/09/08 18:50:32.860, GPU-2aa85c85-bc04-0ac3-fc1b-4827d8303d81, 5, 0, 405, 31, 27.81
2026/09/08 18:50:33.064, GPU-2aa85c85-bc04-0ac3-fc1b-4827d8303d81, 5, 0, 405, 31, 27.57
2026/09/08 18:50:33.267, GPU-2aa85c85-bc04-0ac3-fc1b-4827d8303d81, 5, 0, 405, 31, 27.57
2026/09/08 18:50:33.473, GPU-2aa85c85-bc04-0ac3-fc1b-4827d8303d81, 5, 0, 405, 31, 27.55
2026/09/08 18:50:33.676, GPU-2aa85c85-bc04-0ac3-fc1b-4827d8303d81, 5, 0, 405, 31, 27.55
2026/09/08 18:50:33.880, GPU-2aa85c85-bc04-0ac3-fc1b-4827d8303d81, 5, 0, 405, 31, 27.57
2026/09/08 18:50:34.083, GPU-2aa85c85-bc04-0ac3-fc1b-4827d8303d81, 5, 0, 405, 31, 27.57
2026/09/08 18:50:34.287, GPU-2aa85c85-bc04-0ac3-fc1b-4827d8303d81, 5, 0, 405, 31, 27.55
2026/09/08 18:50:34.492, GPU-2aa85c85-bc04-0ac3-fc1b-4827d8303d81, 5, 0, 405, 31, 27.57
2026/09/08 18:50:34.696, GPU-2aa85c85-bc04-0ac3-fc1b-4827d8303d81, 5, 0, 405, 31, 27.57
2026/09/08 18:50:34.899, GPU-2aa85c85-bc04-0ac3-fc1b-4827d8303d81, 5, 0, 405, 31, 27.57
2026/09/08 18:50:35.103, GPU-2aa85c85-bc04-0ac3-fc1b-4827d8303d81, 5, 0, 405, 31, 27.55
2026/09/08 18:50:35.306, GPU-2aa85c85-bc04-0ac3-fc1b-4827d8303d81, 5, 0, 405, 31, 27.57
2026/09/08 18:50:35.512, GPU-2aa85c85-bc04-0ac3-fc1b-4827d8303d81, 5, 0, 405, 31, 27.55
2026/09/08 18:50:35.715, GPU-2aa85c85-bc04-0ac3-fc1b-4827d8303d81, 5, 0, 405, 31, 27.55
2026/09/08 18:50:35.919, GPU-2aa85c85-bc04-0ac3-fc1b-4827d8303d81, 5, 0, 405, 31, 27.57
2026/09/08 18:50:36.122, GPU-2aa85c85-bc04-0ac3-fc1b-4827d8303d81, 5, 0, 405, 31, 27.57
2026/09/08 18:50:36.326, GPU-2aa85c85-bc04-0ac3-fc1b-4827d8303d81, 5, 0, 405, 31, 27.57
2026/09/08 18:50:36.531, GPU-2aa85c85-bc04-0ac3-fc1b-4827d8303d81, 5, 0, 405, 31, 27.55
2026/09/08 18:50:36.735, GPU-2aa85c85-bc04-0ac3-fc1b-4827d8303d81, 5, 0, 405, 31, 27.55
2026/09/08 18:50:36.938, GPU-2aa85c85-bc04-0ac3-fc1b-4827d8303d81, 5, 0, 405, 31, 27.55
2026/09/08 18:50:37.142, GPU-2aa85c85-bc04-0ac3-fc1b-4827d8303d81, 5, 0, 405, 31, 27.57
2026/09/08 18:50:37.345, GPU-2aa85c85-bc04-0ac3-fc1b-4827d8303d81, 5, 0, 405, 31, 27.55
2026/09/08 18:50:37.551, GPU-2aa85c85-bc04-0ac3-fc1b-4827d8303d81, 5, 0, 405, 31, 27.57
2026/09/08 18:50:37.754, GPU-2aa85c85-bc04-0ac3-fc1b-4827d8303d81, 5, 0, 405, 31, 27.57
2026/09/08 18:50:37.958, GPU-2aa85c85-bc04-0ac3-fc1b-4827d8303d81, 5, 0, 405, 31, 27.57
2026/09/08 18:50:38.161, GPU-2aa85c85-bc04-0ac3-fc1b-4827d8303d81, 5, 0, 405, 31, 27.57
2026/09/08 18:50:38.365, GPU-2aa85c85-bc04-0ac3-fc1b-4827d8303d81, 5, 0, 405, 31, 27.55
2026/09/08 18:50:38.568, GPU-2aa85c85-bc04-0ac3-fc1b-4827d8303d81, 5, 0, 405, 31, 27.57
2026/09/08 18:50:38.773, GPU-2aa85c85-bc04-0ac3-fc1b-4827d8303d81, 5, 0, 405, 31, 27.57
2026/09/08 18:50:38.976, GPU-2aa85c85-bc04-0ac3-fc1b-4827d8303d81, 5, 0, 405, 31, 27.55
2026/09/08 18:50:39.180, GPU-2aa85c85-bc04-0ac3-fc1b-4827d8303d81, 5, 0, 405, 31, 27.57
2026/09/08 18:50:39.383, GPU-2aa85c85-bc04-0ac3-fc1b-4827d8303d81, 5, 0, 405, 31, 27.55
2026/09/08 18:50:39.587, GPU-2aa85c85-bc04-0ac3-fc1b-4827d8303d81, 5, 0, 405, 31, 27.57
2026/09/08 18:50:39.790, GPU-2aa85c85-bc04-0ac3-fc1b-4827d8303d81, 5, 0, 405, 31, 27.55
2026/09/08 18:50:39.996, GPU-2aa85c85-bc04-0ac3-fc1b-4827d8303d81, 5, 0, 405, 31, 27.57
2026/09/08 18:50:40.199, GPU-2aa85c85-bc04-0ac3-fc1b-4827d8303d81, 5, 0, 405, 31, 27.57
2026/09/08 18:50:40.403, GPU-2aa85c85-bc04-0ac3-fc1b-4827d8303d81, 5, 0, 405, 31, 27.57
2026/09/08 18:50:40.606, GPU-2aa85c85-bc04-0ac3-fc1b-4827d8303d81, 5, 0, 405, 31, 27.57
2026/09/08 18:50:40.809, GPU-2aa85c85-bc04-0ac3-fc1b-4827d8303d81, 5, 0, 405, 31, 27.57
2026/09/08 18:50:41.013, GPU-2aa85c85-bc04-0ac3-fc1b-4827d8303d81, 5, 0, 405, 31, 27.57
2026/09/08 18:50:41.217, GPU-2aa85c85-bc04-0ac3-fc1b-4827d8303d81, 5, 0, 405, 31, 27.55
2026/09/08 18:50:41.421, GPU-2aa85c85-bc04-0ac3-fc1b-4827d8303d81, 5, 0, 405, 31, 27.57
2026/09/08 18:50:41.624, GPU-2aa85c85-bc04-0ac3-fc1b-4827d8303d81, 5, 0, 405, 31, 27.55
2026/09/08 18:50:41.828, GPU-2aa85c85-bc04-0ac3-fc1b-4827d8303d81, 5, 0, 405, 31, 27.57
2026/09/08 18:50:42.031, GPU-2aa85c85-bc04-0ac3-fc1b-4827d8303d81, 5, 0, 405, 31, 27.57
2026/09/08 18:50:42.238, GPU-2aa85c85-bc04-0ac3-fc1b-4827d8303d81, 5, 0, 405, 31, 27.57
2026/09/08 18:50:42.441, GPU-2aa85c85-bc04-0ac3-fc1b-4827d8303d81, 5, 0, 405, 31, 27.57
2026/09/08 18:50:42.645, GPU-2aa85c85-bc04-0ac3-fc1b-4827d8303d81, 5, 0, 405, 31, 27.57
2026/09/08 18:50:42.848, GPU-2aa85c85-bc04-0ac3-fc1b-4827d8303d81, 5, 0, 405, 31, 27.57
2026/09/08 18:50:43.052, GPU-2aa85c85-bc04-0ac3-fc1b-4827d8303d81, 5, 0, 405, 31, 27.57
2026/09/08 18:50:43.257, GPU-2aa85c85-bc04-0ac3-fc1b-4827d8303d81, 5, 0, 405, 31, 27.57
2026/09/08 18:50:43.460, GPU-2aa85c85-bc04-0ac3-fc1b-4827d8303d81, 5, 0, 405, 31, 27.55
2026/09/08 18:50:43.664, GPU-2aa85c85-bc04-0ac3-fc1b-4827d8303d81, 5, 0, 405, 31, 27.55
2026/09/08 18:50:43.867, GPU-2aa85c85-bc04-0ac3-fc1b-4827d8303d81, 5, 0, 405, 31, 27.55
