2026/09/08 22:26:14.416, GPU-ecc6a1f9-42fe-2932-7ea0-1dd285491b7b, 5, 0, 405, 27, 25.85
2026/09/08 22:26:14.619, GPU-ecc6a1f9-42fe-2932-7ea0-1dd285491b7b, 5, 0, 405, 27, 25.85
2026/09/08 22:26:14.823, GPU-ecc6a1f9-42fe-2932-7ea0-1dd285491b7b, 5, 0, 405, 27, 25.85
2026/09/08 22:26:15.026, GPU-ecc6a1f9-42fe-2932-7ea0-1dd285491b7b, 5, 0, 405, 27, 25.85
2026/09/08 22:26:15.230, GPU-ecc6a1f9-42fe-2932-7ea0-1dd285491b7b, 5, 0, 405, 27, 25.85
2026/09/08 22:26:15.434, GPU-ecc6a1f9-42fe-2932-7ea0-1dd285491b7b, 5, 0, 405, 27, 25.60
2026/09/08 22:26:15.637, GPU-ecc6a1f9-42fe-2932-7ea0-1dd285491b7b, 5, 0, 405, 27, 25.85
2026/09/08 22:26:15.841, GPU-ecc6a1f9-42fe-2932-7ea0-1dd285491b7b, 5, 0, 405, 27, 25.85
2026/09/08 22:26:16.044, GPU-ecc6a1f9-42fe-2932-7ea0-1dd285491b7b, 5, 0, 405, 27, 25.85
2026/09/08 22:26:16.250, GPU-ecc6a1f9-42fe-2932-7ea0-1dd285491b7b, 5, 0, 405, 27, 25.85
2026/09/08 22:26:16.453, GPU-ecc6a1f9-42fe-2932-7ea0-1dd285491b7b, 5, 0, 405, 27, 25.85
2026/09/08 22:26:16.657, GPU-ecc6a1f9-42fe-2932-7ea0-1dd285491b7b, 5, 0, 405, 27, 25.85
2026/09/08 22:26:16.860, GPU-ecc6a1f9-42fe-2932-7ea0-1dd285491b7b, 5, 0, 405, 27, 25.85
2026/09/08 22:26:17.064, GPU-ecc6a1f9-42fe-2932-7ea0-1dd285491b7b, 5, 0, 405, 27, 25.60
2026/09/08 22:26:17.269, GPU-ecc6a1f9-42fe-2932-7ea0-1dd285491b7b, 5, 0, 405, 27, 25.85
2026/09/08 22:26:17.473, GPU-ecc6a1f9-42fe-2932-7ea0-1dd285491b7b, 5, 0, 405, 27, 25.85
2026/09/08 22:26:17.676, GPU-ecc6a1f9-42fe-2932-7ea0-1dd285491b7b, 5, 0, 405, 27, 25.85
2026/09/08 22:26:17.880, GPU-ecc6a1f9-42fe-2932-7ea0-1dd285491b7b, 5, 0, 405, 27, 25.85
2026/09/08 22:26:18.083, GPU-ecc6a1f9-42fe-2932-7ea0-1dd285491b7b, 5, 0, 405, 27, 25.85
2026/09/08 22:26:18.289, GPU-ecc6a1f9-42fe-2932-7ea0-1dd285491b7b, 5, 0, 405, 27, 25.60
2026/09/08 22:26:18.492, GPU-ecc6a1f9-42fe-2932-7ea0-1dd285491b7b, 5, 0, 405, 27, 25.85
2026/09/08 22:26:18.696, GPU-ecc6a1f9-42fe-2932-7ea0-1dd285491b7b, 5, 0, 405, 27, 25.85
2026/09/08 22:26:18.899, GPU-ecc6a1f9-42fe-2932-7ea0-1dd285491b7b, 5, 0, 405, 27, 25.85
2026/09/08 22:26:19.103, GPU-ecc6a1f9-42fe-2932-7ea0-1dd285491b7b, 5, 0, 405, 27, 25.60
2026/09/08 22:26:19.308, GPU-ecc6a1f9-42fe-2932-7ea0-1dd285491b7b, 5, 0, 405, 27, 25.85
2026/09/08 22:26:19.512, GPU-ecc6a1f9-42fe-2932-7ea0-1dd285491b7b, 5, 0, 405, 27, 26.09
2026/09/08 22:26:19.715, GPU-ecc6a1f9-42fe-2932-7ea0-1dd285491b7b, 5, 0, 405, 27, 25.85
2026/09/08 22:26:19.919, GPU-ecc6a1f9-42fe-2932-7ea0-1dd285491b7b, 5, 0, 405, 27, 25.85
2026/09/08 22:26:20.122, GPU-ecc6a1f9-42fe-2932-7ea0-1dd285491b7b, 5, 0, 405, 27, 25.85
2026/09/08 22:26:20.328, GPU-ecc6a1f9-42fe-2932-7ea0-1dd285491b7b, 5, 0, 405, 27, 25.85
2026/09/08 22:26:20.531, GPU-ecc6a1f9-42fe-2932-7ea0-1dd285491b7b, 5, 0, 405, 27, 25.85
2026/09/08 22:26:20.735, GPU-ecc6a1f9-42fe-2932-7ea0-1dd285491b7b, 5, 0, 405, 27, 25.85
2026/09/08 22:26:20.938, GPU-ecc6a1f9-42fe-2932-7ea0-1dd285491b7b, 5, 0, 405, 27, 25.85
2026/09/08 22:26:21.142, GPU-ecc6a1f9-42fe-2932-7ea0-1dd285491b7b, 5, 0, 405, 27, 25.60
2026/09/08 22:26:21.347, GPU-ecc6a1f9-42fe-2932-7ea0-1dd285491b7b, 5, 0, 405, 27, 25.85
2026/09/08 22:26:21.551, GPU-ecc6a1f9-42fe-2932-7ea0-1dd285491b7b, 5, 0, 405, 27, 25.85
2026/09/08 22:26:21.754, GPU-ecc6a1f9-42fe-2932-7ea0-1dd285491b7b, 5, 0, 405, 27, 25.85
2026/09/08 22:26:21.958, GPU-ecc6a1f9-42fe-2932-7ea0-1dd285491b7b, 5, 0, 405, 27, 25.60
2026/09/08 22:26:22.161, GPU-ecc6a1f9-42fe-2932-7ea0-1dd285491b7b, 5, 0, 405, 27, 25.85
2026/09/08 22:26:22.365, GPU-ecc6a1f9-42fe-2932-7ea0-1dd285491b7b, 5, 0, 405, 27, 25.85
2026/09/08 22:26:22.570, GPU-ecc6a1f9-42fe-2932-7ea0-1dd285491b7b, 5, 0, 405, 27, 25.85
2026/09/08 22:26:22.773, GPU-ecc6a1f9-42fe-2932-7ea0-1dd285491b7b, 5, 0, 405, 27, 25.85
2026/09/08 22:26:22.977, GPU-ecc6a1f9-42fe-2932-7ea0-1dd285491b7b, 5, 0, 405, 27, 25.85
2026/09/08 22:26:23.180, GPU-ecc6a1f9-42fe-2932-7ea0-1dd285491b7b, 5, 0, 405, 27, 25.85
2026/09/08 22:26:23.384, GPU-ecc6a1f9-42fe-2932-7ea0-1dd285491b7b, 5, 0, 405, 27, 25.85
2026/09/08 22:26:23.587, GPU-ecc6a1f9-42fe-2932-7ea0-1dd285491b7b, 5, 0, 405, 27, 25.85
2026/09/08 22:26:23.792, GPU-ecc6a1f9-42fe-2932-7ea0-1dd285491b7b, 5, 0, 405, 27, 25.85
2026/09/08 22:26:23.996, GPU-ecc6a1f9-42fe-2932-7ea0-1dd285491b7b, 5, 0, 405, 27, 26.09
2026/09/08 22:26:24.200, GPU-ecc6a1f9-42fe-2932-7ea0-1dd285491b7b, 5, 0, 405, 27, 26.09
2026/09/08 22:26:24.403, GPU-ecc6a1f9-42fe-2932-7ea0-1dd285491b7b, 5, 0, 405, 27, 25.85
2026/09/08 22:26:24.606, GPU-ecc6a1f9-42fe-2932-7ea0-1dd285491b7b, 5, 0, 405, 27, 25.85
2026/09/08 22:26:24.810, GPU-ecc6a1f9-42fe-2932-7ea0-1dd285491b7b, 5, 0, 405, 27, 25.60
2026/09/08 22:26:25.015, GPU-ecc6a1f9-42fe-2932-7ea0-1dd285491b7b, 5, 0, 405, 27, 25.85
2026/09/08 22:26:25.218, GPU-ecc6a1f9-42fe-2932-7ea0-1dd285491b7b, 5, 0, 405, 27, 25.85
2026/09/08 22:26:25.422, GPU-ecc6a1f9-42fe-2932-7ea0-1dd285491b7b, 5, 0, 405, 27, 25.60
2026/09/08 22:26:25.625, GPU-ecc6a1f9-42fe-2932-7ea0-1dd285491b7b, 5, 0, 405, 27, 25.60
2026/09/08 22:26:25.829, GPU-ecc6a1f9-42fe-2932-7ea0-1dd285491b7b, 5, 0, 405, 27, 25.60
2026/09/08 22:26:26.034, GPU-ecc6a1f9-42fe-2932-7ea0-1dd285491b7b, 5, 0, 405, 27, 25.85
2026/09/08 22:26:26.238, GPU-ecc6a1f9-42fe-2932-7ea0-1dd285491b7b, 5, 0, 405, 27, 25.85
2026/09/08 22:26:26.441, GPU-ecc6a1f9-42fe-2932-7ea0-1dd285491b7b, 5, 0, 405, 27, 25.85
2026/09/08 22:26:26.645, GPU-ecc6a1f9-42fe-2932-7ea0-1dd285491b7b, 5, 0, 405, 27, 25.60
2026/09/08 22:26:26.848, GPU-ecc6a1f9-42fe-2932-7ea0-1dd285491b7b, 5, 0, 405, 27, 25.85
2026/09/08 22:26:27.054, GPU-ecc6a1f9-42fe-2932-7ea0-1dd285491b7b, 5, 0, 405, 27, 25.85
2026/09/08 22:26:27.257, GPU-ecc6a1f9-42fe-2932-7ea0-1dd285491b7b, 5, 0, 405, 27, 25.85
2026/09/08 22:26:27.461, GPU-ecc6a1f9-42fe-2932-7ea0-1dd285491b7b, 5, 0, 405, 27, 25.85
2026/09/08 22:26:27.664, GPU-ecc6a1f9-42fe-2932-7ea0-1dd285491b7b, 5, 0, 405, 27, 25.85
2026/09/08 22:26:27.868, GPU-ecc6a1f9-42fe-2932-7ea0-1dd285491b7b, 5, 0, 405, 27, 25.85
2026/09/08 22:26:28.074, GPU-ecc6a1f9-42fe-2932-7ea0-1dd285491b7b, 5, 0, 405, 27, 25.85
2026/09/08 22:26:28.277, GPU-ecc6a1f9-42fe-2932-7ea0-1dd285491b7b, 5, 0, 405, 27, 25.85
2026/09/08 22:26:28.481, GPU-ecc6a1f9-42fe-2932-7ea0-1dd285491b7b, 5, 0, 405, 27, 25.85
2026/09/08 22:26:28.685, GPU-ecc6a1f9-42fe-2932-7ea0-1dd285491b7b, 5, 0, 405, 27, 25.85
2026/09/08 22:26:28.889, GPU-ecc6a1f9-42fe-2932-7ea0-1dd285491b7b, 5, 0, 405, 27, 25.85
2026/09/08 22:26:29.094, GPU-ecc6a1f9-42fe-2932-7ea0-1dd285491b7b, 5, 0, 405, 27, 25.85
2026/09/08 22:26:29.297, GPU-ecc6a1f9-42fe-2932-7ea0-1dd285491b7b, 5, 0, 405, 27, 25.60
2026/09/08 22:26:29.501, GPU-ecc6a1f9-42fe-2932-7ea0-1dd285491b7b, 5, 0, 405, 27, 25.85
2026/09/08 22:26:29.704, GPU-ecc6a1f9-42fe-2932-7ea0-1dd285491b7b, 5, 0, 405, 27, 25.85
2026/09/08 22:26:29.908, GPU-ecc6a1f9-42fe-2932-7ea0-1dd285491b7b, 5, 0, 405, 27, 25.85
2026/09/08 22:26:30.114, GPU-ecc6a1f9-42fe-2932-7ea0-1dd285491b7b, 5, 0, 405, 27, 25.85
2026/09/08 22:26:30.317, GPU-ecc6a1f9-42fe-2932-7ea0-1dd285491b7b, 5, 0, 405, 27, 25.85
2026/09/08 22:26:30.521, GPU-ecc6a1f9-42fe-2932-7ea0-1dd285491b7b, 5, 0, 405, 27, 25.85
2026/09/08 22:26:30.724, GPU-ecc6a1f9-42fe-2932-7ea0-1dd285491b7b, 5, 0, 405, 27, 25.85
2026/09/08 22:26:30.928, GPU-ecc6a1f9-42fe-2932-7ea0-1dd285491b7b, 5, 0, 405, 27, 25.85
2026/09/08 22:26:31.134, GPU-ecc6a1f9-42fe-2932-7ea0-1dd285491b7b, 5, 0, 405, 27, 25.85
2026/09/08 22:26:31.337, GPU-ecc6a1f9-42fe-2932-7ea0-1dd285491b7b, 5, 0, 405, 27, 25.85
2026/09/08 22:26:31.541, GPU-ecc6a1f9-42fe-2932-7ea0-1dd285491b7b, 5, 0, 405, 27, 25.85
2026/09/08 22:26:31.744, GPU-ecc6a1f9-42fe-2932-7ea0-1dd285491b7b, 5, 0, 405, 27, 25.85
2026/09/08 22:26:31.948, GPU-ecc6a1f9-42fe-2932-7ea0-1dd285491b7b, 5, 0, 405, 27, 26.09
2026/09/08 22:26:32.154, GPU-ecc6a1f9-42fe-2932-7ea0-1dd285491b7b, 5, 0, 405, 27, 25.85
2026/09/08 22:26:32.357, GPU-ecc6a1f9-42fe-2932-7ea0-1dd285491b7b, 5, 0, 405, 27, 25.85
2026/09/08 22:26:32.561, GPU-ecc6a1f9-42fe-2932-7ea0-1dd285491b7b, 5, 0, 405, 27, 25.85
2026/09/08 22:26:32.764, GPU-ecc6a1f9-42fe-2932-7ea0-1dd285491b7b, 5, 0, 405, 27, 25.85
2026/09/08 22:26:32.968, GPU-ecc6a1f9-42fe-2932-7ea0-1dd285491b7b, 5, 0, 405, 27, 25.85
2026/09/08 22:26:33.173, GPU-ecc6a1f9-42fe-2932-7ea0-1dd285491b7b, 5, 0, 405, 27, 25.85
2026/09/08 22:26:33.376, GPU-ecc6a1f9-42fe-2932-7ea0-1dd285491b7b, 5, 0, 405, 27, 25.85
2026/09/08 22:26:33.580, GPU-ecc6a1f9-42fe-2932-7ea0-1dd285491b7b, 5, 0, 405, 27, 25.85
2026/09/08 22:26:33.784, GPU-ecc6a1f9-42fe-2932-7ea0-1dd285491b7b, 5, 0, 405, 27, 25.85
2026/09/08 22:26:33.987, GPU-ecc6a1f9-42fe-2932-7ea0-1dd285491b7b, 5, 0, 405, 27, 25.85
2026/09/08 22:26:34.192, GPU-ecc6a1f9-42fe-2932-7ea0-1dd285491b7b, 5, 0, 405, 27, 25.85
2026/09/08 22:26:34.396, GPU-ecc6a1f9-42fe-2932-7ea0-1dd285491b7b, 5, 0, 405, 27, 25.60
2026/09/08 22:26:34.599, GPU-ecc6a1f9-42fe-2932-7ea0-1dd285491b7b, 5, 0, 405, 27, 25.85
2026/09/08 22:26:34.803, GPU-ecc6a1f9-42fe-2932-7ea0-1dd285491b7b, 5, 0, 405, 27, 25.85
2026/09/08 22:26:35.006, GPU-ecc6a1f9-42fe-2932-7ea0-1dd285491b7b, 5, 0, 405, 27, 25.85
2026/09/08 22:26:35.212, GPU-ecc6a1f9-42fe-2932-7ea0-1dd285491b7b, 5, 0, 405, 27, 25.85
2026/09/08 22:26:35.415, GPU-ecc6a1f9-42fe-2932-7ea0-1dd285491b7b, 5, 0, 405, 27, 25.85
2026/09/08 22:26:35.619, GPU-ecc6a1f9-42fe-2932-7ea0-1dd285491b7b, 5, 0, 405, 27, 25.60
2026/09/08 22:26:35.822, GPU-ecc6a1f9-42fe-2932-7ea0-1dd285491b7b, 5, 0, 405, 27, 25.85
2026/09/08 22:26:36.026, GPU-ecc6a1f9-42fe-2932-7ea0-1dd285491b7b, 5, 0, 405, 27, 26.09
2026/09/08 22:26:36.231, GPU-ecc6a1f9-42fe-2932-7ea0-1dd285491b7b, 5, 0, 405, 27, 25.85
2026/09/08 22:26:36.435, GPU-ecc6a1f9-42fe-2932-7ea0-1dd285491b7b, 5, 0, 405, 27, 25.60
2026/09/08 22:26:36.638, GPU-ecc6a1f9-42fe-2932-7ea0-1dd285491b7b, 5, 0, 405, 27, 25.85
2026/09/08 22:26:36.842, GPU-ecc6a1f9-42fe-2932-7ea0-1dd285491b7b, 5, 0, 405, 27, 25.85
2026/09/08 22:26:37.046, GPU-ecc6a1f9-42fe-2932-7ea0-1dd285491b7b, 5, 0, 405, 27, 25.85
2026/09/08 22:26:37.251, GPU-ecc6a1f9-42fe-2932-7ea0-1dd285491b7b, 5, 0, 405, 27, 25.85
2026/09/08 22:26:37.454, GPU-ecc6a1f9-42fe-2932-7ea0-1dd285491b7b, 5, 0, 405, 27, 25.85
2026/09/08 22:26:37.658, GPU-ecc6a1f9-42fe-2932-7ea0-1dd285491b7b, 5, 0, 405, 27, 25.85
2026/09/08 22:26:37.861, GPU-ecc6a1f9-42fe-2932-7ea0-1dd285491b7b, 5, 0, 405, 27, 25.60
2026/09/08 22:26:38.065, GPU-ecc6a1f9-42fe-2932-7ea0-1dd285491b7b, 5, 0, 405, 27, 25.85
2026/09/08 22:26:38.270, GPU-ecc6a1f9-42fe-2932-7ea0-1dd285491b7b, 5, 0, 405, 27, 25.85
2026/09/08 22:26:38.474, GPU-ecc6a1f9-42fe-2932-7ea0-1dd285491b7b, 5, 0, 405, 27, 26.09
2026/09/08 22:26:38.677, GPU-ecc6a1f9-42fe-2932-7ea0-1dd285491b7b, 5, 0, 405, 27, 26.09
2026/09/08 22:26:38.881, GPU-ecc6a1f9-42fe-2932-7ea0-1dd285491b7b, 5, 0, 405, 27, 25.85
2026/09/08 22:26:39.085, GPU-ecc6a1f9-42fe-2932-7ea0-1dd285491b7b, 5, 0, 405, 27, 25.85
2026/09/08 22:26:39.290, GPU-ecc6a1f9-42fe-2932-7ea0-1dd285491b7b, 5, 0, 405, 27, 26.09
2026/09/08 22:26:39.493, GPU-ecc6a1f9-42fe-2932-7ea0-1dd285491b7b, 5, 0, 405, 27, 25.85
2026/09/08 22:26:39.697, GPU-ecc6a1f9-42fe-2932-7ea0-1dd285491b7b, 5, 0, 405, 27, 25.85
2026/09/08 22:26:39.900, GPU-ecc6a1f9-42fe-2932-7ea0-1dd285491b7b, 5, 0, 405, 27, 25.85
2026/09/08 22:26:40.104, GPU-ecc6a1f9-42fe-2932-7ea0-1dd285491b7b, 5, 0, 405, 27, 25.85
2026/09/08 22:26:40.310, GPU-ecc6a1f9-42fe-2932-7ea0-1dd285491b7b, 5, 0, 405, 27, 26.09
2026/09/08 22:26:40.513, GPU-ecc6a1f9-42fe-2932-7ea0-1dd285491b7b, 5, 0, 405, 27, 25.85
2026/09/08 22:26:40.717, GPU-ecc6a1f9-42fe-2932-7ea0-1dd285491b7b, 5, 0, 405, 27, 25.85
2026/09/08 22:26:40.920, GPU-ecc6a1f9-42fe-2932-7ea0-1dd285491b7b, 5, 0, 405, 27, 25.85
2026/09/08 22:26:41.124, GPU-ecc6a1f9-42fe-2932-7ea0-1dd285491b7b, 5, 0, 405, 27, 25.85
2026/09/08 22:26:41.329, GPU-ecc6a1f9-42fe-2932-7ea0-1dd285491b7b, 5, 0, 405, 27, 25.85
2026/09/08 22:26:41.533, GPU-ecc6a1f9-42fe-2932-7ea0-1dd285491b7b, 5, 0, 405, 27, 25.85
2026/09/08 22:26:41.736, GPU-ecc6a1f9-42fe-2932-7ea0-1dd285491b7b, 5, 0, 405, 27, 25.85
2026/09/08 22:26:41.940, GPU-ecc6a1f9-42fe-2932-7ea0-1dd285491b7b, 5, 0, 405, 27, 25.85
2026/09/08 22:26:42.143, GPU-ecc6a1f9-42fe-2932-7ea0-1dd285491b7b, 5, 0, 405, 27, 25.85
2026/09/08 22:26:42.349, GPU-ecc6a1f9-42fe-2932-7ea0-1dd285491b7b, 5, 0, 405, 27, 25.85
2026/09/08 22:26:42.552, GPU-ecc6a1f9-42fe-2932-7ea0-1dd285491b7b, 5, 0, 405, 27, 25.85
2026/09/08 22:26:42.756, GPU-ecc6a1f9-42fe-2932-7ea0-1dd285491b7b, 5, 0, 405, 27, 26.09
2026/09/08 22:26:42.959, GPU-ecc6a1f9-42fe-2932-7ea0-1dd285491b7b, 5, 0, 405, 27, 25.85
2026/09/08 22:26:43.163, GPU-ecc6a1f9-42fe-2932-7ea0-1dd285491b7b, 5, 0, 405, 27, 25.85
2026/09/08 22:26:43.368, GPU-ecc6a1f9-42fe-2932-7ea0-1dd285491b7b, 5, 0, 405, 27, 25.60
2026/09/08 22:26:43.571, GPU-ecc6a1f9-42fe-2932-7ea0-1dd285491b7b, 5, 0, 405, 27, 25.85
2026/09/08 22:26:43.775, GPU-ecc6a1f9-42fe-2932-7ea0-1dd285491b7b, 5, 0, 405, 27, 25.85
2026/09/08 22:26:43.978, GPU-ecc6a1f9-42fe-2932-7ea0-1dd285491b7b, 5, 0, 405, 27, 25.60
2026/09/08 22:26:44.182, GPU-ecc6a1f9-42fe-2932-7ea0-1dd285491b7b, 5, 0, 405, 27, 25.85
2026/09/08 22:26:44.389, GPU-ecc6a1f9-42fe-2932-7ea0-1dd285491b7b, 5, 0, 405, 27, 25.85
2026/09/08 22:26:44.593, GPU-ecc6a1f9-42fe-2932-7ea0-1dd285491b7b, 5, 0, 405, 27, 25.85
2026/09/08 22:26:44.796, GPU-ecc6a1f9-42fe-2932-7ea0-1dd285491b7b, 5, 0, 405, 27, 25.85
2026/09/08 22:26:45.000, GPU-ecc6a1f9-42fe-2932-7ea0-1dd285491b7b, 5, 0, 405, 27, 25.85
2026/09/08 22:26:45.204, GPU-ecc6a1f9-42fe-2932-7ea0-1dd285491b7b, 5, 0, 405, 27, 25.85
2026/09/08 22:26:45.407, GPU-ecc6a1f9-42fe-2932-7ea0-1dd285491b7b, 5, 0, 405, 27, 25.85
2026/09/08 22:26:45.612, GPU-ecc6a1f9-42fe-2932-7ea0-1dd285491b7b, 5, 0, 405, 27, 25.85
2026/09/08 22:26:45.816, GPU-ecc6a1f9-42fe-2932-7ea0-1dd285491b7b, 5, 0, 405, 27, 25.85
2026/09/08 22:26:46.019, GPU-ecc6a1f9-42fe-2932-7ea0-1dd285491b7b, 5, 0, 405, 27, 25.85
2026/09/08 22:26:46.223, GPU-ecc6a1f9-42fe-2932-7ea0-1dd285491b7b, 5, 0, 405, 27, 25.85
2026/09/08 22:26:46.426, GPU-ecc6a1f9-42fe-2932-7ea0-1dd285491b7b, 5, 0, 405, 27, 25.85
2026/09/08 22:26:46.630, GPU-ecc6a1f9-42fe-2932-7ea0-1dd285491b7b, 5, 0, 405, 27, 25.60
2026/09/08 22:26:46.835, GPU-ecc6a1f9-42fe-2932-7ea0-1dd285491b7b, 5, 0, 405, 27, 25.85
2026/09/08 22:26:47.039, GPU-ecc6a1f9-42fe-2932-7ea0-1dd285491b7b, 5, 0, 405, 27, 25.85
2026/09/08 22:26:47.242, GPU-ecc6a1f9-42fe-2932-7ea0-1dd285491b7b, 5, 0, 405, 27, 25.85
2026/09/08 22:26:47.446, GPU-ecc6a1f9-42fe-2932-7ea0-1dd285491b7b, 5, 0, 405, 27, 25.85
2026/09/08 22:26:47.650, GPU-ecc6a1f9-42fe-2932-7ea0-1dd285491b7b, 5, 0, 405, 27, 25.60
2026/09/08 22:26:47.856, GPU-ecc6a1f9-42fe-2932-7ea0-1dd285491b7b, 5, 0, 405, 27, 25.85
2026/09/08 22:26:48.059, GPU-ecc6a1f9-42fe-2932-7ea0-1dd285491b7b, 5, 0, 405, 27, 25.85
2026/09/08 22:26:48.263, GPU-ecc6a1f9-42fe-2932-7ea0-1dd285491b7b, 5, 0, 405, 27, 25.85
2026/09/08 22:26:48.466, GPU-ecc6a1f9-42fe-2932-7ea0-1dd285491b7b, 5, 0, 405, 27, 25.85
2026/09/08 22:26:48.670, GPU-ecc6a1f9-42fe-2932-7ea0-1dd285491b7b, 5, 0, 405, 27, 25.85
2026/09/08 22:26:48.875, GPU-ecc6a1f9-42fe-2932-7ea0-1dd285491b7b, 5, 0, 405, 27, 25.85
2026/09/08 22:26:49.079, GPU-ecc6a1f9-42fe-2932-7ea0-1dd285491b7b, 5, 0, 405, 27, 25.85
2026/09/08 22:26:49.282, GPU-ecc6a1f9-42fe-2932-7ea0-1dd285491b7b, 5, 0, 405, 27, 25.85
2026/09/08 22:26:49.486, GPU-ecc6a1f9-42fe-2932-7ea0-1dd285491b7b, 5, 0, 405, 27, 26.09
2026/09/08 22:26:49.689, GPU-ecc6a1f9-42fe-2932-7ea0-1dd285491b7b, 5, 0, 405, 27, 25.85
2026/09/08 22:26:49.895, GPU-ecc6a1f9-42fe-2932-7ea0-1dd285491b7b, 5, 0, 405, 27, 25.85
2026/09/08 22:26:50.099, GPU-ecc6a1f9-42fe-2932-7ea0-1dd285491b7b, 5, 0, 405, 27, 25.85
2026/09/08 22:26:50.302, GPU-ecc6a1f9-42fe-2932-7ea0-1dd285491b7b, 5, 0, 405, 27, 25.85
2026/09/08 22:26:50.506, GPU-ecc6a1f9-42fe-2932-7ea0-1dd285491b7b, 5, 0, 405, 27, 26.09
2026/09/08 22:26:50.710, GPU-ecc6a1f9-42fe-2932-7ea0-1dd285491b7b, 5, 0, 405, 27, 25.85
2026/09/08 22:26:50.915, GPU-ecc6a1f9-42fe-2932-7ea0-1dd285491b7b, 5, 0, 405, 27, 25.85
2026/09/08 22:26:51.119, GPU-ecc6a1f9-42fe-2932-7ea0-1dd285491b7b, 5, 0, 405, 27, 25.85
2026/09/08 22:26:51.322, GPU-ecc6a1f9-42fe-2932-7ea0-1dd285491b7b, 5, 0, 405, 27, 25.85
2026/09/08 22:26:51.526, GPU-ecc6a1f9-42fe-2932-7ea0-1dd285491b7b, 5, 0, 405, 27, 25.85
2026/09/08 22:26:51.729, GPU-ecc6a1f9-42fe-2932-7ea0-1dd285491b7b, 5, 0, 405, 27, 25.85
2026/09/08 22:26:51.935, GPU-ecc6a1f9-42fe-2932-7ea0-1dd285491b7b, 5, 0, 405, 27, 25.85
2026/09/08 22:26:52.139, GPU-ecc6a1f9-42fe-2932-7ea0-1dd285491b7b, 5, 0, 405, 27, 25.85
2026/09/08 22:26:52.342, GPU-ecc6a1f9-42fe-2932-7ea0-1dd285491b7b, 5, 0, 405, 27, 25.85
2026/09/08 22:26:52.546, GPU-ecc6a1f9-42fe-2932-7ea0-1dd285491b7b, 5, 0, 405, 27, 25.85
2026/09/08 22:26:52.749, GPU-ecc6a1f9-42fe-2932-7ea0-1dd285491b7b, 5, 0, 405, 27, 25.85
2026/09/08 22:26:52.955, GPU-ecc6a1f9-42fe-2932-7ea0-1dd285491b7b, 5, 0, 405, 27, 25.85
2026/09/08 22:26:53.158, GPU-ecc6a1f9-42fe-2932-7ea0-1dd285491b7b, 5, 0, 405, 27, 25.60
2026/09/08 22:26:53.362, GPU-ecc6a1f9-42fe-2932-7ea0-1dd285491b7b, 5, 0, 405, 27, 25.85
2026/09/08 22:26:53.565, GPU-ecc6a1f9-42fe-2932-7ea0-1dd285491b7b, 5, 0, 405, 27, 26.09
2026/09/08 22:26:53.769, GPU-ecc6a1f9-42fe-2932-7ea0-1dd285491b7b, 5, 0, 405, 27, 25.85
2026/09/08 22:26:53.975, GPU-ecc6a1f9-42fe-2932-7ea0-1dd285491b7b, 5, 0, 405, 27, 25.85
2026/09/08 22:26:54.178, GPU-ecc6a1f9-42fe-2932-7ea0-1dd285491b7b, 5, 0, 405, 27, 25.60
2026/09/08 22:26:54.382, GPU-ecc6a1f9-42fe-2932-7ea0-1dd285491b7b, 5, 0, 405, 27, 25.85
2026/09/08 22:26:54.585, GPU-ecc6a1f9-42fe-2932-7ea0-1dd285491b7b, 5, 0, 405, 27, 25.85
2026/09/08 22:26:54.789, GPU-ecc6a1f9-42fe-2932-7ea0-1dd285491b7b, 5, 0, 405, 27, 25.85
2026/09/08 22:26:54.994, GPU-ecc6a1f9-42fe-2932-7ea0-1dd285491b7b, 5, 0, 405, 27, 25.85
2026/09/08 22:26:55.198, GPU-ecc6a1f9-42fe-2932-7ea0-1dd285491b7b, 5, 0, 405, 27, 25.85
2026/09/08 22:26:55.401, GPU-ecc6a1f9-42fe-2932-7ea0-1dd285491b7b, 5, 0, 405, 27, 26.09
2026/09/08 22:26:55.605, GPU-ecc6a1f9-42fe-2932-7ea0-1dd285491b7b, 5, 0, 405, 27, 25.85
2026/09/08 22:26:55.808, GPU-ecc6a1f9-42fe-2932-7ea0-1dd285491b7b, 5, 0, 405, 27, 25.85
2026/09/08 22:26:56.013, GPU-ecc6a1f9-42fe-2932-7ea0-1dd285491b7b, 5, 0, 405, 27, 25.85
2026/09/08 22:26:56.217, GPU-ecc6a1f9-42fe-2932-7ea0-1dd285491b7b, 5, 0, 405, 27, 25.85
2026/09/08 22:26:56.421, GPU-ecc6a1f9-42fe-2932-7ea0-1dd285491b7b, 5, 0, 405, 27, 25.85
2026/09/08 22:26:56.624, GPU-ecc6a1f9-42fe-2932-7ea0-1dd285491b7b, 5, 0, 405, 27, 25.60
2026/09/08 22:26:56.828, GPU-ecc6a1f9-42fe-2932-7ea0-1dd285491b7b, 5, 0, 405, 27, 25.85
2026/09/08 22:26:57.033, GPU-ecc6a1f9-42fe-2932-7ea0-1dd285491b7b, 5, 0, 405, 27, 25.85
2026/09/08 22:26:57.237, GPU-ecc6a1f9-42fe-2932-7ea0-1dd285491b7b, 5, 0, 405, 27, 25.85
2026/09/08 22:26:57.440, GPU-ecc6a1f9-42fe-2932-7ea0-1dd285491b7b, 5, 0, 405, 27, 25.85
2026/09/08 22:26:57.644, GPU-ecc6a1f9-42fe-2932-7ea0-1dd285491b7b, 5, 0, 405, 27, 25.85
2026/09/08 22:26:57.847, GPU-ecc6a1f9-42fe-2932-7ea0-1dd285491b7b, 5, 0, 405, 27, 25.85
2026/09/08 22:26:58.053, GPU-ecc6a1f9-42fe-2932-7ea0-1dd285491b7b, 5, 0, 405, 27, 25.85
2026/09/08 22:26:58.256, GPU-ecc6a1f9-42fe-2932-7ea0-1dd285491b7b, 5, 0, 405, 27, 25.85
2026/09/08 22:26:58.460, GPU-ecc6a1f9-42fe-2932-7ea0-1dd285491b7b, 5, 0, 405, 27, 25.85
2026/09/08 22:26:58.663, GPU-ecc6a1f9-42fe-2932-7ea0-1dd285491b7b, 5, 0, 405, 27, 25.85
2026/09/08 22:26:58.867, GPU-ecc6a1f9-42fe-2932-7ea0-1dd285491b7b, 5, 0, 405, 27, 25.85
2026/09/08 22:26:59.072, GPU-ecc6a1f9-42fe-2932-7ea0-1dd285491b7b, 5, 0, 405, 27, 25.85
2026/09/08 22:26:59.276, GPU-ecc6a1f9-42fe-2932-7ea0-1dd285491b7b, 5, 0, 405, 27, 25.85
2026/09/08 22:26:59.479, GPU-ecc6a1f9-42fe-2932-7ea0-1dd285491b7b, 5, 0, 405, 27, 25.85
2026/09/08 22:26:59.683, GPU-ecc6a1f9-42fe-2932-7ea0-1dd285491b7b, 5, 0, 405, 27, 25.85
2026/09/08 22:26:59.886, GPU-ecc6a1f9-42fe-2932-7ea0-1dd285491b7b, 5, 0, 405, 27, 25.85
2026/09/08 22:27:00.091, GPU-ecc6a1f9-42fe-2932-7ea0-1dd285491b7b, 5, 0, 405, 27, 25.85
2026/09/08 22:27:00.295, GPU-ecc6a1f9-42fe-2932-7ea0-1dd285491b7b, 5, 0, 405, 27, 25.85
2026/09/08 22:27:00.499, GPU-ecc6a1f9-42fe-2932-7ea0-1dd285491b7b, 5, 0, 405, 27, 25.85
2026/09/08 22:27:00.703, GPU-ecc6a1f9-42fe-2932-7ea0-1dd285491b7b, 5, 0, 405, 27, 25.60
2026/09/08 22:27:00.906, GPU-ecc6a1f9-42fe-2932-7ea0-1dd285491b7b, 5, 0, 405, 27, 25.85
2026/09/08 22:27:01.111, GPU-ecc6a1f9-42fe-2932-7ea0-1dd285491b7b, 5, 0, 405, 27, 25.85
2026/09/08 22:27:01.315, GPU-ecc6a1f9-42fe-2932-7ea0-1dd285491b7b, 5, 0, 405, 27, 25.85
2026/09/08 22:27:01.518, GPU-ecc6a1f9-42fe-2932-7ea0-1dd285491b7b, 5, 0, 405, 27, 25.85
2026/09/08 22:27:01.722, GPU-ecc6a1f9-42fe-2932-7ea0-1dd285491b7b, 5, 0, 405, 27, 25.85
2026/09/08 22:27:01.925, GPU-ecc6a1f9-42fe-2932-7ea0-1dd285491b7b, 5, 0, 405, 27, 25.85
2026/09/08 22:27:02.131, GPU-ecc6a1f9-42fe-2932-7ea0-1dd285491b7b, 5, 0, 405, 27, 25.85
2026/09/08 22:27:02.334, GPU-ecc6a1f9-42fe-2932-7ea0-1dd285491b7b, 5, 0, 405, 27, 25.85
2026/09/08 22:27:02.538, GPU-ecc6a1f9-42fe-2932-7ea0-1dd285491b7b, 5, 0, 405, 27, 25.85
2026/09/08 22:27:02.741, GPU-ecc6a1f9-42fe-2932-7ea0-1dd285491b7b, 5, 0, 405, 27, 25.85
2026/09/08 22:27:02.945, GPU-ecc6a1f9-42fe-2932-7ea0-1dd285491b7b, 5, 0, 405, 27, 25.85
2026/09/08 22:27:03.150, GPU-ecc6a1f9-42fe-2932-7ea0-1dd285491b7b, 5, 0, 405, 27, 25.85
2026/09/08 22:27:03.353, GPU-ecc6a1f9-42fe-2932-7ea0-1dd285491b7b, 5, 0, 405, 27, 25.60
2026/09/08 22:27:03.557, GPU-ecc6a1f9-42fe-2932-7ea0-1dd285491b7b, 5, 0, 405, 27, 25.85
2026/09/08 22:27:03.761, GPU-ecc6a1f9-42fe-2932-7ea0-1dd285491b7b, 5, 0, 405, 27, 26.09
2026/09/08 22:27:03.964, GPU-ecc6a1f9-42fe-2932-7ea0-1dd285491b7b, 5, 0, 405, 27, 25.85
2026/09/08 22:27:04.170, GPU-ecc6a1f9-42fe-2932-7ea0-1dd285491b7b, 5, 0, 405, 27, 25.85
2026/09/08 22:27:04.373, GPU-ecc6a1f9-42fe-2932-7ea0-1dd285491b7b, 5, 0, 405, 27, 25.60
2026/09/08 22:27:04.577, GPU-ecc6a1f9-42fe-2932-7ea0-1dd285491b7b, 5, 0, 405, 27, 26.09
2026/09/08 22:27:04.780, GPU-ecc6a1f9-42fe-2932-7ea0-1dd285491b7b, 5, 0, 405, 27, 25.85
2026/09/08 22:27:04.984, GPU-ecc6a1f9-42fe-2932-7ea0-1dd285491b7b, 5, 0, 405, 27, 25.85
2026/09/08 22:27:05.189, GPU-ecc6a1f9-42fe-2932-7ea0-1dd285491b7b, 5, 0, 405, 27, 25.60
2026/09/08 22:27:05.393, GPU-ecc6a1f9-42fe-2932-7ea0-1dd285491b7b, 5, 0, 405, 27, 25.60
2026/09/08 22:27:05.596, GPU-ecc6a1f9-42fe-2932-7ea0-1dd285491b7b, 5, 0, 405, 27, 25.60
2026/09/08 22:27:05.800, GPU-ecc6a1f9-42fe-2932-7ea0-1dd285491b7b, 5, 0, 405, 27, 26.09
2026/09/08 22:27:06.004, GPU-ecc6a1f9-42fe-2932-7ea0-1dd285491b7b, 5, 0, 405, 27, 25.85
2026/09/08 22:27:06.209, GPU-ecc6a1f9-42fe-2932-7ea0-1dd285491b7b, 5, 0, 405, 27, 25.85
2026/09/08 22:27:06.412, GPU-ecc6a1f9-42fe-2932-7ea0-1dd285491b7b, 5, 0, 405, 27, 25.85
2026/09/08 22:27:06.616, GPU-ecc6a1f9-42fe-2932-7ea0-1dd285491b7b, 5, 0, 405, 27, 25.85
2026/09/08 22:27:06.819, GPU-ecc6a1f9-42fe-2932-7ea0-1dd285491b7b, 5, 0, 405, 27, 25.85
2026/09/08 22:27:07.023, GPU-ecc6a1f9-42fe-2932-7ea0-1dd285491b7b, 5, 0, 405, 27, 25.60
2026/09/08 22:27:07.228, GPU-ecc6a1f9-42fe-2932-7ea0-1dd285491b7b, 5, 0, 405, 27, 26.09
2026/09/08 22:27:07.433, GPU-ecc6a1f9-42fe-2932-7ea0-1dd285491b7b, 5, 0, 405, 27, 26.09
2026/09/08 22:27:07.636, GPU-ecc6a1f9-42fe-2932-7ea0-1dd285491b7b, 5, 0, 405, 27, 25.85
2026/09/08 22:27:07.840, GPU-ecc6a1f9-42fe-2932-7ea0-1dd285491b7b, 5, 0, 405, 27, 25.85
2026/09/08 22:27:08.043, GPU-ecc6a1f9-42fe-2932-7ea0-1dd285491b7b, 5, 0, 405, 27, 25.85
2026/09/08 22:27:08.247, GPU-ecc6a1f9-42fe-2932-7ea0-1dd285491b7b, 5, 0, 405, 27, 25.85
2026/09/08 22:27:08.450, GPU-ecc6a1f9-42fe-2932-7ea0-1dd285491b7b, 5, 0, 405, 27, 25.85
2026/09/08 22:27:08.656, GPU-ecc6a1f9-42fe-2932-7ea0-1dd285491b7b, 5, 0, 405, 27, 25.85
2026/09/08 22:27:08.859, GPU-ecc6a1f9-42fe-2932-7ea0-1dd285491b7b, 5, 0, 405, 27, 25.60
2026/09/08 22:27:09.063, GPU-ecc6a1f9-42fe-2932-7ea0-1dd285491b7b, 5, 0, 405, 27, 25.85
2026/09/08 22:27:09.266, GPU-ecc6a1f9-42fe-2932-7ea0-1dd285491b7b, 5, 0, 405, 27, 25.85
2026/09/08 22:27:09.470, GPU-ecc6a1f9-42fe-2932-7ea0-1dd285491b7b, 5, 0, 405, 27, 26.09
2026/09/08 22:27:09.673, GPU-ecc6a1f9-42fe-2932-7ea0-1dd285491b7b, 5, 0, 405, 27, 25.85
2026/09/08 22:27:09.877, GPU-ecc6a1f9-42fe-2932-7ea0-1dd285491b7b, 5, 0, 405, 27, 25.85
2026/09/08 22:27:10.080, GPU-ecc6a1f9-42fe-2932-7ea0-1dd285491b7b, 5, 0, 405, 27, 25.85
2026/09/08 22:27:10.284, GPU-ecc6a1f9-42fe-2932-7ea0-1dd285491b7b, 5, 0, 405, 27, 25.85
2026/09/08 22:27:10.487, GPU-ecc6a1f9-42fe-2932-7ea0-1dd285491b7b, 5, 0, 405, 27, 25.85
2026/09/08 22:27:10.691, GPU-ecc6a1f9-42fe-2932-7ea0-1dd285491b7b, 5, 0, 405, 27, 25.60
2026/09/08 22:27:10.897, GPU-ecc6a1f9-42fe-2932-7ea0-1dd285491b7b, 5, 0, 405, 27, 25.85
2026/09/08 22:27:11.100, GPU-ecc6a1f9-42fe-2932-7ea0-1dd285491b7b, 5, 0, 405, 27, 25.85
2026/09/08 22:27:11.304, GPU-ecc6a1f9-42fe-2932-7ea0-1dd285491b7b, 5, 0, 405, 27, 25.85
2026/09/08 22:27:11.507, GPU-ecc6a1f9-42fe-2932-7ea0-1dd285491b7b, 5, 0, 405, 27, 25.85
2026/09/08 22:27:11.717, GPU-ecc6a1f9-42fe-2932-7ea0-1dd285491b7b, 5, 0, 405, 27, 25.85
2026/09/08 22:27:11.936, GPU-ecc6a1f9-42fe-2932-7ea0-1dd285491b7b, 5, 0, 405, 27, 25.85
2026/09/08 22:27:12.140, GPU-ecc6a1f9-42fe-2932-7ea0-1dd285491b7b, 5, 0, 405, 27, 25.85
2026/09/08 22:27:12.343, GPU-ecc6a1f9-42fe-2932-7ea0-1dd285491b7b, 5, 0, 405, 27, 25.85
2026/09/08 22:27:12.547, GPU-ecc6a1f9-42fe-2932-7ea0-1dd285491b7b, 5, 0, 405, 27, 25.85
2026/09/08 22:27:12.756, GPU-ecc6a1f9-42fe-2932-7ea0-1dd285491b7b, 5, 0, 405, 27, 25.85
2026/09/08 22:27:12.960, GPU-ecc6a1f9-42fe-2932-7ea0-1dd285491b7b, 5, 0, 405, 27, 25.85
2026/09/08 22:27:13.163, GPU-ecc6a1f9-42fe-2932-7ea0-1dd285491b7b, 5, 0, 405, 27, 25.85
2026/09/08 22:27:13.367, GPU-ecc6a1f9-42fe-2932-7ea0-1dd285491b7b, 5, 0, 405, 27, 25.60
2026/09/08 22:27:13.570, GPU-ecc6a1f9-42fe-2932-7ea0-1dd285491b7b, 5, 0, 405, 27, 25.85
2026/09/08 22:27:13.776, GPU-ecc6a1f9-42fe-2932-7ea0-1dd285491b7b, 5, 0, 405, 27, 25.85
2026/09/08 22:27:13.980, GPU-ecc6a1f9-42fe-2932-7ea0-1dd285491b7b, 5, 0, 405, 27, 26.09
2026/09/08 22:27:14.183, GPU-ecc6a1f9-42fe-2932-7ea0-1dd285491b7b, 5, 0, 405, 27, 25.85
2026/09/08 22:27:14.387, GPU-ecc6a1f9-42fe-2932-7ea0-1dd285491b7b, 5, 0, 405, 27, 25.85
2026/09/08 22:27:14.590, GPU-ecc6a1f9-42fe-2932-7ea0-1dd285491b7b, 5, 0, 405, 27, 25.85
2026/09/08 22:27:14.797, GPU-ecc6a1f9-42fe-2932-7ea0-1dd285491b7b, 5, 0, 405, 27, 25.85
2026/09/08 22:27:15.000, GPU-ecc6a1f9-42fe-2932-7ea0-1dd285491b7b, 5, 0, 405, 27, 25.85
2026/09/08 22:27:15.204, GPU-ecc6a1f9-42fe-2932-7ea0-1dd285491b7b, 5, 0, 405, 27, 25.85
2026/09/08 22:27:15.407, GPU-ecc6a1f9-42fe-2932-7ea0-1dd285491b7b, 5, 0, 405, 27, 25.85
2026/09/08 22:27:15.611, GPU-ecc6a1f9-42fe-2932-7ea0-1dd285491b7b, 5, 0, 405, 27, 25.85
2026/09/08 22:27:15.816, GPU-ecc6a1f9-42fe-2932-7ea0-1dd285491b7b, 5, 0, 405, 27, 25.85
2026/09/08 22:27:16.020, GPU-ecc6a1f9-42fe-2932-7ea0-1dd285491b7b, 5, 0, 405, 27, 25.85
2026/09/08 22:27:16.224, GPU-ecc6a1f9-42fe-2932-7ea0-1dd285491b7b, 5, 0, 405, 27, 25.85
2026/09/08 22:27:16.427, GPU-ecc6a1f9-42fe-2932-7ea0-1dd285491b7b, 5, 0, 405, 27, 25.85
2026/09/08 22:27:16.631, GPU-ecc6a1f9-42fe-2932-7ea0-1dd285491b7b, 5, 0, 405, 27, 25.60
2026/09/08 22:27:16.836, GPU-ecc6a1f9-42fe-2932-7ea0-1dd285491b7b, 5, 0, 405, 27, 25.85
2026/09/08 22:27:17.039, GPU-ecc6a1f9-42fe-2932-7ea0-1dd285491b7b, 5, 0, 405, 27, 25.60
2026/09/08 22:27:17.243, GPU-ecc6a1f9-42fe-2932-7ea0-1dd285491b7b, 5, 0, 405, 27, 25.85
2026/09/08 22:27:17.446, GPU-ecc6a1f9-42fe-2932-7ea0-1dd285491b7b, 5, 0, 405, 27, 25.85
2026/09/08 22:27:17.650, GPU-ecc6a1f9-42fe-2932-7ea0-1dd285491b7b, 5, 0, 405, 27, 25.60
2026/09/08 22:27:17.855, GPU-ecc6a1f9-42fe-2932-7ea0-1dd285491b7b, 5, 0, 405, 27, 25.85
2026/09/08 22:27:18.059, GPU-ecc6a1f9-42fe-2932-7ea0-1dd285491b7b, 5, 0, 405, 27, 25.85
2026/09/08 22:27:18.262, GPU-ecc6a1f9-42fe-2932-7ea0-1dd285491b7b, 5, 0, 405, 27, 25.85
2026/09/08 22:27:18.466, GPU-ecc6a1f9-42fe-2932-7ea0-1dd285491b7b, 5, 0, 405, 27, 25.85
2026/09/08 22:27:18.669, GPU-ecc6a1f9-42fe-2932-7ea0-1dd285491b7b, 5, 0, 405, 27, 25.85
2026/09/08 22:27:18.875, GPU-ecc6a1f9-42fe-2932-7ea0-1dd285491b7b, 5, 0, 405, 27, 25.85
2026/09/08 22:27:19.078, GPU-ecc6a1f9-42fe-2932-7ea0-1dd285491b7b, 5, 0, 405, 27, 25.85
2026/09/08 22:27:19.282, GPU-ecc6a1f9-42fe-2932-7ea0-1dd285491b7b, 5, 0, 405, 27, 25.85
2026/09/08 22:27:19.485, GPU-ecc6a1f9-42fe-2932-7ea0-1dd285491b7b, 5, 0, 405, 27, 25.85
2026/09/08 22:27:19.689, GPU-ecc6a1f9-42fe-2932-7ea0-1dd285491b7b, 5, 0, 405, 27, 25.85
2026/09/08 22:27:19.894, GPU-ecc6a1f9-42fe-2932-7ea0-1dd285491b7b, 5, 0, 405, 27, 25.60
2026/09/08 22:27:20.098, GPU-ecc6a1f9-42fe-2932-7ea0-1dd285491b7b, 5, 0, 405, 27, 25.85
2026/09/08 22:27:20.301, GPU-ecc6a1f9-42fe-2932-7ea0-1dd285491b7b, 5, 0, 405, 27, 26.09
2026/09/08 22:27:20.505, GPU-ecc6a1f9-42fe-2932-7ea0-1dd285491b7b, 5, 0, 405, 27, 26.09
2026/09/08 22:27:20.708, GPU-ecc6a1f9-42fe-2932-7ea0-1dd285491b7b, 5, 0, 405, 27, 25.85
2026/09/08 22:27:20.914, GPU-ecc6a1f9-42fe-2932-7ea0-1dd285491b7b, 5, 0, 405, 27, 26.09
2026/09/08 22:27:21.117, GPU-ecc6a1f9-42fe-2932-7ea0-1dd285491b7b, 5, 0, 405, 27, 25.85
2026/09/08 22:27:21.321, GPU-ecc6a1f9-42fe-2932-7ea0-1dd285491b7b, 5, 0, 405, 27, 25.85
2026/09/08 22:27:21.524, GPU-ecc6a1f9-42fe-2932-7ea0-1dd285491b7b, 5, 0, 405, 27, 25.60
2026/09/08 22:27:21.728, GPU-ecc6a1f9-42fe-2932-7ea0-1dd285491b7b, 5, 0, 405, 27, 25.85
2026/09/08 22:27:21.933, GPU-ecc6a1f9-42fe-2932-7ea0-1dd285491b7b, 5, 0, 405, 27, 25.85
2026/09/08 22:27:22.137, GPU-ecc6a1f9-42fe-2932-7ea0-1dd285491b7b, 5, 0, 405, 27, 25.85
2026/09/08 22:27:22.340, GPU-ecc6a1f9-42fe-2932-7ea0-1dd285491b7b, 5, 0, 405, 27, 26.09
2026/09/08 22:27:22.544, GPU-ecc6a1f9-42fe-2932-7ea0-1dd285491b7b, 5, 0, 405, 27, 25.85
2026/09/08 22:27:22.747, GPU-ecc6a1f9-42fe-2932-7ea0-1dd285491b7b, 5, 0, 405, 27, 25.85
2026/09/08 22:27:22.953, GPU-ecc6a1f9-42fe-2932-7ea0-1dd285491b7b, 5, 0, 405, 27, 25.85
2026/09/08 22:27:23.156, GPU-ecc6a1f9-42fe-2932-7ea0-1dd285491b7b, 5, 0, 405, 27, 25.85
2026/09/08 22:27:23.360, GPU-ecc6a1f9-42fe-2932-7ea0-1dd285491b7b, 5, 0, 405, 27, 25.85
2026/09/08 22:27:23.563, GPU-ecc6a1f9-42fe-2932-7ea0-1dd285491b7b, 5, 0, 405, 27, 25.85
2026/09/08 22:27:23.767, GPU-ecc6a1f9-42fe-2932-7ea0-1dd285491b7b, 5, 0, 405, 27, 25.85
2026/09/08 22:27:23.972, GPU-ecc6a1f9-42fe-2932-7ea0-1dd285491b7b, 5, 0, 405, 27, 25.85
2026/09/08 22:27:24.176, GPU-ecc6a1f9-42fe-2932-7ea0-1dd285491b7b, 5, 0, 405, 27, 25.85
2026/09/08 22:27:24.379, GPU-ecc6a1f9-42fe-2932-7ea0-1dd285491b7b, 5, 0, 405, 27, 25.85
2026/09/08 22:27:24.583, GPU-ecc6a1f9-42fe-2932-7ea0-1dd285491b7b, 5, 0, 405, 27, 25.85
2026/09/08 22:27:24.786, GPU-ecc6a1f9-42fe-2932-7ea0-1dd285491b7b, 7, 0, 405, 27, 25.85
2026/09/08 22:27:24.992, GPU-ecc6a1f9-42fe-2932-7ea0-1dd285491b7b, 15, 0, 1189, 27, 27.31
2026/09/08 22:27:25.198, GPU-ecc6a1f9-42fe-2932-7ea0-1dd285491b7b, 305, 8, 1189, 27, 31.68
2026/09/08 22:27:25.401, GPU-ecc6a1f9-42fe-2932-7ea0-1dd285491b7b, 307, 11, 1189, 27, 31.92
2026/09/08 22:27:25.605, GPU-ecc6a1f9-42fe-2932-7ea0-1dd285491b7b, 307, 59, 1328, 27, 36.31
2026/09/08 22:27:25.808, GPU-ecc6a1f9-42fe-2932-7ea0-1dd285491b7b, 311, 81, 1328, 27, 36.80
2026/09/08 22:27:26.014, GPU-ecc6a1f9-42fe-2932-7ea0-1dd285491b7b, 313, 84, 1328, 27, 36.80
2026/09/08 22:27:26.217, GPU-ecc6a1f9-42fe-2932-7ea0-1dd285491b7b, 303, 63, 1328, 27, 35.58
2026/09/08 22:27:26.421, GPU-ecc6a1f9-42fe-2932-7ea0-1dd285491b7b, 5, 6, 1328, 27, 35.58
2026/09/08 22:27:26.624, GPU-ecc6a1f9-42fe-2932-7ea0-1dd285491b7b, 5, 0, 1328, 27, 35.58
2026/09/08 22:27:26.829, GPU-ecc6a1f9-42fe-2932-7ea0-1dd285491b7b, 5, 0, 1328, 27, 35.58
2026/09/08 22:27:27.034, GPU-ecc6a1f9-42fe-2932-7ea0-1dd285491b7b, 5, 0, 1328, 28, 35.58
2026/09/08 22:27:27.237, GPU-ecc6a1f9-42fe-2932-7ea0-1dd285491b7b, 5, 0, 1328, 28, 35.58
2026/09/08 22:27:27.441, GPU-ecc6a1f9-42fe-2932-7ea0-1dd285491b7b, 5, 0, 1328, 27, 35.58
2026/09/08 22:27:27.644, GPU-ecc6a1f9-42fe-2932-7ea0-1dd285491b7b, 5, 0, 1328, 28, 35.58
2026/09/08 22:27:27.847, GPU-ecc6a1f9-42fe-2932-7ea0-1dd285491b7b, 5, 0, 1328, 28, 35.58
2026/09/08 22:27:28.053, GPU-ecc6a1f9-42fe-2932-7ea0-1dd285491b7b, 5, 0, 1328, 28, 35.34
2026/09/08 22:27:28.256, GPU-ecc6a1f9-42fe-2932-7ea0-1dd285491b7b, 5, 0, 1328, 28, 35.58
2026/09/08 22:27:28.460, GPU-ecc6a1f9-42fe-2932-7ea0-1dd285491b7b, 5, 0, 1328, 28, 35.58
2026/09/08 22:27:28.663, GPU-ecc6a1f9-42fe-2932-7ea0-1dd285491b7b, 5, 0, 1328, 28, 35.58
2026/09/08 22:27:28.867, GPU-ecc6a1f9-42fe-2932-7ea0-1dd285491b7b, 5, 0, 569, 28, 26.83
2026/09/08 22:27:29.078, GPU-ecc6a1f9-42fe-2932-7ea0-1dd285491b7b, 5, 0, 569, 27, 26.83
2026/09/08 22:27:29.336, GPU-ecc6a1f9-42fe-2932-7ea0-1dd285491b7b, 5, 0, 569, 27, 26.82
2026/09/08 22:27:29.540, GPU-ecc6a1f9-42fe-2932-7ea0-1dd285491b7b, 5, 0, 569, 27, 26.58
2026/09/08 22:27:29.743, GPU-ecc6a1f9-42fe-2932-7ea0-1dd285491b7b, 5, 0, 569, 27, 26.58
2026/09/08 22:27:29.947, GPU-ecc6a1f9-42fe-2932-7ea0-1dd285491b7b, 5, 0, 569, 27, 26.83
2026/09/08 22:27:30.153, GPU-ecc6a1f9-42fe-2932-7ea0-1dd285491b7b, 5, 0, 569, 27, 26.58
2026/09/08 22:27:30.357, GPU-ecc6a1f9-42fe-2932-7ea0-1dd285491b7b, 5, 0, 569, 27, 26.58
2026/09/08 22:27:30.560, GPU-ecc6a1f9-42fe-2932-7ea0-1dd285491b7b, 5, 0, 569, 27, 26.58
2026/09/08 22:27:30.764, GPU-ecc6a1f9-42fe-2932-7ea0-1dd285491b7b, 5, 0, 569, 27, 26.58
2026/09/08 22:27:30.968, GPU-ecc6a1f9-42fe-2932-7ea0-1dd285491b7b, 5, 0, 569, 27, 26.58
2026/09/08 22:27:31.171, GPU-ecc6a1f9-42fe-2932-7ea0-1dd285491b7b, 5, 0, 569, 27, 26.83
2026/09/08 22:27:31.379, GPU-ecc6a1f9-42fe-2932-7ea0-1dd285491b7b, 5, 0, 569, 27, 26.58
2026/09/08 22:27:31.582, GPU-ecc6a1f9-42fe-2932-7ea0-1dd285491b7b, 5, 0, 405, 27, 26.09
2026/09/08 22:27:31.786, GPU-ecc6a1f9-42fe-2932-7ea0-1dd285491b7b, 5, 0, 405, 27, 26.09
2026/09/08 22:27:31.990, GPU-ecc6a1f9-42fe-2932-7ea0-1dd285491b7b, 5, 0, 405, 27, 26.09
2026/09/08 22:27:32.193, GPU-ecc6a1f9-42fe-2932-7ea0-1dd285491b7b, 5, 0, 405, 27, 26.09
2026/09/08 22:27:32.399, GPU-ecc6a1f9-42fe-2932-7ea0-1dd285491b7b, 5, 0, 405, 27, 25.85
2026/09/08 22:27:32.602, GPU-ecc6a1f9-42fe-2932-7ea0-1dd285491b7b, 5, 0, 405, 27, 25.85
2026/09/08 22:27:32.806, GPU-ecc6a1f9-42fe-2932-7ea0-1dd285491b7b, 5, 0, 405, 27, 26.09
2026/09/08 22:27:33.009, GPU-ecc6a1f9-42fe-2932-7ea0-1dd285491b7b, 5, 0, 405, 27, 25.85
2026/09/08 22:27:33.213, GPU-ecc6a1f9-42fe-2932-7ea0-1dd285491b7b, 5, 0, 405, 27, 25.85
2026/09/08 22:27:33.418, GPU-ecc6a1f9-42fe-2932-7ea0-1dd285491b7b, 5, 0, 405, 27, 25.85
2026/09/08 22:27:33.622, GPU-ecc6a1f9-42fe-2932-7ea0-1dd285491b7b, 5, 0, 405, 27, 25.85
2026/09/08 22:27:33.825, GPU-ecc6a1f9-42fe-2932-7ea0-1dd285491b7b, 5, 0, 405, 27, 25.85
2026/09/08 22:27:34.029, GPU-ecc6a1f9-42fe-2932-7ea0-1dd285491b7b, 5, 0, 405, 27, 26.09
2026/09/08 22:27:34.232, GPU-ecc6a1f9-42fe-2932-7ea0-1dd285491b7b, 5, 0, 405, 27, 25.85
2026/09/08 22:27:34.438, GPU-ecc6a1f9-42fe-2932-7ea0-1dd285491b7b, 5, 0, 405, 27, 25.85
2026/09/08 22:27:34.641, GPU-ecc6a1f9-42fe-2932-7ea0-1dd285491b7b, 5, 0, 405, 27, 25.85
2026/09/08 22:27:34.845, GPU-ecc6a1f9-42fe-2932-7ea0-1dd285491b7b, 5, 0, 405, 27, 25.85
2026/09/08 22:27:35.049, GPU-ecc6a1f9-42fe-2932-7ea0-1dd285491b7b, 5, 0, 405, 27, 26.09
2026/09/08 22:27:35.252, GPU-ecc6a1f9-42fe-2932-7ea0-1dd285491b7b, 5, 0, 405, 27, 26.09
2026/09/08 22:27:35.458, GPU-ecc6a1f9-42fe-2932-7ea0-1dd285491b7b, 5, 0, 405, 27, 26.09
2026/09/08 22:27:35.702, GPU-ecc6a1f9-42fe-2932-7ea0-1dd285491b7b, 5, 0, 405, 27, 25.85
2026/09/08 22:27:35.906, GPU-ecc6a1f9-42fe-2932-7ea0-1dd285491b7b, 5, 0, 405, 27, 26.09
2026/09/08 22:27:36.110, GPU-ecc6a1f9-42fe-2932-7ea0-1dd285491b7b, 5, 0, 405, 27, 25.85
2026/09/08 22:27:36.313, GPU-ecc6a1f9-42fe-2932-7ea0-1dd285491b7b, 5, 0, 405, 27, 25.85
2026/09/08 22:27:36.518, GPU-ecc6a1f9-42fe-2932-7ea0-1dd285491b7b, 5, 0, 405, 27, 25.85
2026/09/08 22:27:36.722, GPU-ecc6a1f9-42fe-2932-7ea0-1dd285491b7b, 5, 0, 405, 27, 25.85
2026/09/08 22:27:36.925, GPU-ecc6a1f9-42fe-2932-7ea0-1dd285491b7b, 5, 0, 405, 27, 25.85
2026/09/08 22:27:37.129, GPU-ecc6a1f9-42fe-2932-7ea0-1dd285491b7b, 5, 0, 405, 27, 25.85
2026/09/08 22:27:37.332, GPU-ecc6a1f9-42fe-2932-7ea0-1dd285491b7b, 5, 0, 405, 27, 26.09
2026/09/08 22:27:37.538, GPU-ecc6a1f9-42fe-2932-7ea0-1dd285491b7b, 5, 0, 405, 27, 25.85
2026/09/08 22:27:37.741, GPU-ecc6a1f9-42fe-2932-7ea0-1dd285491b7b, 5, 0, 405, 27, 26.06
2026/09/08 22:27:37.945, GPU-ecc6a1f9-42fe-2932-7ea0-1dd285491b7b, 5, 0, 405, 27, 26.06
2026/09/08 22:27:38.148, GPU-ecc6a1f9-42fe-2932-7ea0-1dd285491b7b, 5, 0, 405, 27, 26.06
2026/09/08 22:27:38.352, GPU-ecc6a1f9-42fe-2932-7ea0-1dd285491b7b, 5, 0, 405, 27, 26.06
2026/09/08 22:27:38.558, GPU-ecc6a1f9-42fe-2932-7ea0-1dd285491b7b, 5, 0, 405, 27, 25.81
2026/09/08 22:27:38.761, GPU-ecc6a1f9-42fe-2932-7ea0-1dd285491b7b, 5, 0, 405, 27, 26.06
2026/09/08 22:27:38.965, GPU-ecc6a1f9-42fe-2932-7ea0-1dd285491b7b, 5, 0, 405, 27, 26.04
2026/09/08 22:27:39.168, GPU-ecc6a1f9-42fe-2932-7ea0-1dd285491b7b, 5, 0, 405, 27, 25.81
2026/09/08 22:27:39.371, GPU-ecc6a1f9-42fe-2932-7ea0-1dd285491b7b, 5, 0, 405, 27, 26.06
2026/09/08 22:27:39.578, GPU-ecc6a1f9-42fe-2932-7ea0-1dd285491b7b, 5, 0, 405, 27, 26.06
2026/09/08 22:27:39.781, GPU-ecc6a1f9-42fe-2932-7ea0-1dd285491b7b, 5, 0, 405, 27, 25.81
2026/09/08 22:27:39.985, GPU-ecc6a1f9-42fe-2932-7ea0-1dd285491b7b, 5, 0, 405, 27, 26.06
2026/09/08 22:27:40.188, GPU-ecc6a1f9-42fe-2932-7ea0-1dd285491b7b, 5, 0, 405, 27, 26.04
2026/09/08 22:27:40.392, GPU-ecc6a1f9-42fe-2932-7ea0-1dd285491b7b, 5, 0, 405, 27, 26.04
2026/09/08 22:27:40.595, GPU-ecc6a1f9-42fe-2932-7ea0-1dd285491b7b, 5, 0, 405, 27, 26.06
2026/09/08 22:27:40.801, GPU-ecc6a1f9-42fe-2932-7ea0-1dd285491b7b, 5, 0, 405, 27, 26.06
2026/09/08 22:27:41.004, GPU-ecc6a1f9-42fe-2932-7ea0-1dd285491b7b, 5, 0, 405, 27, 26.04
2026/09/08 22:27:41.208, GPU-ecc6a1f9-42fe-2932-7ea0-1dd285491b7b, 5, 0, 405, 27, 25.81
2026/09/08 22:27:41.411, GPU-ecc6a1f9-42fe-2932-7ea0-1dd285491b7b, 5, 0, 405, 27, 26.06
2026/09/08 22:27:41.615, GPU-ecc6a1f9-42fe-2932-7ea0-1dd285491b7b, 5, 0, 405, 27, 26.04
2026/09/08 22:27:41.818, GPU-ecc6a1f9-42fe-2932-7ea0-1dd285491b7b, 5, 0, 405, 27, 26.06
2026/09/08 22:27:42.024, GPU-ecc6a1f9-42fe-2932-7ea0-1dd285491b7b, 5, 0, 405, 27, 26.06
2026/09/08 22:27:42.228, GPU-ecc6a1f9-42fe-2932-7ea0-1dd285491b7b, 5, 0, 405, 27, 26.04
2026/09/08 22:27:42.431, GPU-ecc6a1f9-42fe-2932-7ea0-1dd285491b7b, 5, 0, 405, 27, 26.06
2026/09/08 22:27:42.635, GPU-ecc6a1f9-42fe-2932-7ea0-1dd285491b7b, 5, 0, 405, 27, 26.06
2026/09/08 22:27:42.838, GPU-ecc6a1f9-42fe-2932-7ea0-1dd285491b7b, 5, 0, 405, 27, 26.04
2026/09/08 22:27:43.044, GPU-ecc6a1f9-42fe-2932-7ea0-1dd285491b7b, 5, 0, 405, 27, 26.04
2026/09/08 22:27:43.248, GPU-ecc6a1f9-42fe-2932-7ea0-1dd285491b7b, 5, 0, 405, 27, 25.81
2026/09/08 22:27:43.451, GPU-ecc6a1f9-42fe-2932-7ea0-1dd285491b7b, 5, 0, 405, 27, 25.81
2026/09/08 22:27:43.655, GPU-ecc6a1f9-42fe-2932-7ea0-1dd285491b7b, 5, 0, 405, 27, 26.04
2026/09/08 22:27:43.858, GPU-ecc6a1f9-42fe-2932-7ea0-1dd285491b7b, 5, 0, 405, 27, 25.81
2026/09/08 22:27:44.064, GPU-ecc6a1f9-42fe-2932-7ea0-1dd285491b7b, 5, 0, 405, 27, 26.06
2026/09/08 22:27:44.268, GPU-ecc6a1f9-42fe-2932-7ea0-1dd285491b7b, 5, 0, 405, 27, 26.04
2026/09/08 22:27:44.471, GPU-ecc6a1f9-42fe-2932-7ea0-1dd285491b7b, 5, 0, 405, 27, 26.06
2026/09/08 22:27:44.675, GPU-ecc6a1f9-42fe-2932-7ea0-1dd285491b7b, 5, 0, 405, 27, 26.06
2026/09/08 22:27:44.878, GPU-ecc6a1f9-42fe-2932-7ea0-1dd285491b7b, 5, 0, 405, 27, 25.81
2026/09/08 22:27:45.083, GPU-ecc6a1f9-42fe-2932-7ea0-1dd285491b7b, 5, 0, 405, 27, 26.09
2026/09/08 22:27:45.287, GPU-ecc6a1f9-42fe-2932-7ea0-1dd285491b7b, 5, 0, 405, 27, 25.85
2026/09/08 22:27:45.490, GPU-ecc6a1f9-42fe-2932-7ea0-1dd285491b7b, 5, 0, 405, 27, 26.09
2026/09/08 22:27:45.694, GPU-ecc6a1f9-42fe-2932-7ea0-1dd285491b7b, 5, 0, 405, 27, 25.85
2026/09/08 22:27:45.897, GPU-ecc6a1f9-42fe-2932-7ea0-1dd285491b7b, 5, 0, 405, 27, 26.09
2026/09/08 22:27:46.103, GPU-ecc6a1f9-42fe-2932-7ea0-1dd285491b7b, 5, 0, 405, 27, 25.85
2026/09/08 22:27:46.306, GPU-ecc6a1f9-42fe-2932-7ea0-1dd285491b7b, 5, 0, 405, 27, 25.85
2026/09/08 22:27:46.510, GPU-ecc6a1f9-42fe-2932-7ea0-1dd285491b7b, 5, 0, 405, 27, 25.85
2026/09/08 22:27:46.713, GPU-ecc6a1f9-42fe-2932-7ea0-1dd285491b7b, 5, 0, 405, 27, 25.85
2026/09/08 22:27:46.917, GPU-ecc6a1f9-42fe-2932-7ea0-1dd285491b7b, 5, 0, 405, 27, 25.85
2026/09/08 22:27:47.122, GPU-ecc6a1f9-42fe-2932-7ea0-1dd285491b7b, 5, 0, 405, 27, 25.85
2026/09/08 22:27:47.326, GPU-ecc6a1f9-42fe-2932-7ea0-1dd285491b7b, 5, 0, 405, 27, 25.85
2026/09/08 22:27:47.529, GPU-ecc6a1f9-42fe-2932-7ea0-1dd285491b7b, 5, 0, 405, 27, 25.85
2026/09/08 22:27:47.733, GPU-ecc6a1f9-42fe-2932-7ea0-1dd285491b7b, 5, 0, 405, 27, 26.09
2026/09/08 22:27:47.936, GPU-ecc6a1f9-42fe-2932-7ea0-1dd285491b7b, 5, 0, 405, 27, 26.09
2026/09/08 22:27:48.142, GPU-ecc6a1f9-42fe-2932-7ea0-1dd285491b7b, 5, 0, 405, 27, 26.09
2026/09/08 22:27:48.345, GPU-ecc6a1f9-42fe-2932-7ea0-1dd285491b7b, 5, 0, 405, 27, 25.85
2026/09/08 22:27:48.549, GPU-ecc6a1f9-42fe-2932-7ea0-1dd285491b7b, 5, 0, 405, 27, 26.09
2026/09/08 22:27:48.752, GPU-ecc6a1f9-42fe-2932-7ea0-1dd285491b7b, 5, 0, 405, 27, 26.09
2026/09/08 22:27:48.956, GPU-ecc6a1f9-42fe-2932-7ea0-1dd285491b7b, 5, 0, 405, 27, 26.09
2026/09/08 22:27:49.161, GPU-ecc6a1f9-42fe-2932-7ea0-1dd285491b7b, 5, 0, 405, 27, 25.85
2026/09/08 22:27:49.365, GPU-ecc6a1f9-42fe-2932-7ea0-1dd285491b7b, 5, 0, 405, 27, 25.85
2026/09/08 22:27:49.568, GPU-ecc6a1f9-42fe-2932-7ea0-1dd285491b7b, 5, 0, 405, 27, 26.09
2026/09/08 22:27:49.772, GPU-ecc6a1f9-42fe-2932-7ea0-1dd285491b7b, 5, 0, 405, 27, 25.85
2026/09/08 22:27:49.975, GPU-ecc6a1f9-42fe-2932-7ea0-1dd285491b7b, 5, 0, 405, 27, 25.85
2026/09/08 22:27:50.181, GPU-ecc6a1f9-42fe-2932-7ea0-1dd285491b7b, 5, 0, 405, 27, 25.85
2026/09/08 22:27:50.384, GPU-ecc6a1f9-42fe-2932-7ea0-1dd285491b7b, 5, 0, 405, 27, 26.09
2026/09/08 22:27:50.588, GPU-ecc6a1f9-42fe-2932-7ea0-1dd285491b7b, 5, 0, 405, 27, 26.09
2026/09/08 22:27:50.791, GPU-ecc6a1f9-42fe-2932-7ea0-1dd285491b7b, 5, 0, 405, 27, 25.85
2026/09/08 22:27:50.995, GPU-ecc6a1f9-42fe-2932-7ea0-1dd285491b7b, 5, 0, 405, 27, 26.09
2026/09/08 22:27:51.200, GPU-ecc6a1f9-42fe-2932-7ea0-1dd285491b7b, 5, 0, 405, 27, 25.85
2026/09/08 22:27:51.403, GPU-ecc6a1f9-42fe-2932-7ea0-1dd285491b7b, 5, 0, 405, 27, 26.09
2026/09/08 22:27:51.607, GPU-ecc6a1f9-42fe-2932-7ea0-1dd285491b7b, 5, 0, 405, 27, 25.85
2026/09/08 22:27:51.810, GPU-ecc6a1f9-42fe-2932-7ea0-1dd285491b7b, 5, 0, 405, 27, 25.85
2026/09/08 22:27:52.014, GPU-ecc6a1f9-42fe-2932-7ea0-1dd285491b7b, 5, 0, 405, 27, 26.09
2026/09/08 22:27:52.219, GPU-ecc6a1f9-42fe-2932-7ea0-1dd285491b7b, 5, 0, 405, 27, 25.85
2026/09/08 22:27:52.423, GPU-ecc6a1f9-42fe-2932-7ea0-1dd285491b7b, 5, 0, 405, 27, 25.85
2026/09/08 22:27:52.626, GPU-ecc6a1f9-42fe-2932-7ea0-1dd285491b7b, 5, 0, 405, 27, 25.85
2026/09/08 22:27:52.830, GPU-ecc6a1f9-42fe-2932-7ea0-1dd285491b7b, 5, 0, 405, 27, 26.09
2026/09/08 22:27:53.034, GPU-ecc6a1f9-42fe-2932-7ea0-1dd285491b7b, 5, 0, 405, 27, 25.85
2026/09/08 22:27:53.239, GPU-ecc6a1f9-42fe-2932-7ea0-1dd285491b7b, 5, 0, 405, 27, 25.85
2026/09/08 22:27:53.442, GPU-ecc6a1f9-42fe-2932-7ea0-1dd285491b7b, 5, 0, 405, 27, 26.09
2026/09/08 22:27:53.646, GPU-ecc6a1f9-42fe-2932-7ea0-1dd285491b7b, 5, 0, 405, 27, 25.85
2026/09/08 22:27:53.849, GPU-ecc6a1f9-42fe-2932-7ea0-1dd285491b7b, 5, 0, 405, 27, 26.09
2026/09/08 22:27:54.053, GPU-ecc6a1f9-42fe-2932-7ea0-1dd285491b7b, 5, 0, 405, 27, 25.85
2026/09/08 22:27:54.258, GPU-ecc6a1f9-42fe-2932-7ea0-1dd285491b7b, 5, 0, 405, 27, 26.09
2026/09/08 22:27:54.462, GPU-ecc6a1f9-42fe-2932-7ea0-1dd285491b7b, 5, 0, 405, 27, 26.09
2026/09/08 22:27:54.665, GPU-ecc6a1f9-42fe-2932-7ea0-1dd285491b7b, 5, 0, 405, 27, 25.85
2026/09/08 22:27:54.869, GPU-ecc6a1f9-42fe-2932-7ea0-1dd285491b7b, 5, 0, 405, 27, 25.85
2026/09/08 22:27:55.072, GPU-ecc6a1f9-42fe-2932-7ea0-1dd285491b7b, 5, 0, 405, 27, 26.09
2026/09/08 22:27:55.278, GPU-ecc6a1f9-42fe-2932-7ea0-1dd285491b7b, 5, 0, 405, 27, 26.09
2026/09/08 22:27:55.481, GPU-ecc6a1f9-42fe-2932-7ea0-1dd285491b7b, 5, 0, 405, 27, 26.09
2026/09/08 22:27:55.685, GPU-ecc6a1f9-42fe-2932-7ea0-1dd285491b7b, 5, 0, 405, 27, 25.85
2026/09/08 22:27:55.889, GPU-ecc6a1f9-42fe-2932-7ea0-1dd285491b7b, 5, 0, 405, 27, 25.85
2026/09/08 22:27:56.092, GPU-ecc6a1f9-42fe-2932-7ea0-1dd285491b7b, 5, 0, 405, 27, 25.85
2026/09/08 22:27:56.297, GPU-ecc6a1f9-42fe-2932-7ea0-1dd285491b7b, 5, 0, 405, 27, 25.85
2026/09/08 22:27:56.501, GPU-ecc6a1f9-42fe-2932-7ea0-1dd285491b7b, 5, 0, 405, 27, 25.85
2026/09/08 22:27:56.704, GPU-ecc6a1f9-42fe-2932-7ea0-1dd285491b7b, 5, 0, 405, 27, 25.85
2026/09/08 22:27:56.908, GPU-ecc6a1f9-42fe-2932-7ea0-1dd285491b7b, 5, 0, 405, 27, 25.85
2026/09/08 22:27:57.111, GPU-ecc6a1f9-42fe-2932-7ea0-1dd285491b7b, 5, 0, 405, 27, 25.85
2026/09/08 22:27:57.317, GPU-ecc6a1f9-42fe-2932-7ea0-1dd285491b7b, 5, 0, 405, 27, 25.85
2026/09/08 22:27:57.520, GPU-ecc6a1f9-42fe-2932-7ea0-1dd285491b7b, 5, 0, 405, 27, 25.85
2026/09/08 22:27:57.724, GPU-ecc6a1f9-42fe-2932-7ea0-1dd285491b7b, 5, 0, 405, 27, 25.85
2026/09/08 22:27:57.927, GPU-ecc6a1f9-42fe-2932-7ea0-1dd285491b7b, 5, 0, 405, 27, 25.85
2026/09/08 22:27:58.131, GPU-ecc6a1f9-42fe-2932-7ea0-1dd285491b7b, 5, 0, 405, 27, 26.09
2026/09/08 22:27:58.337, GPU-ecc6a1f9-42fe-2932-7ea0-1dd285491b7b, 5, 0, 405, 27, 25.85
2026/09/08 22:27:58.541, GPU-ecc6a1f9-42fe-2932-7ea0-1dd285491b7b, 5, 0, 405, 27, 26.09
2026/09/08 22:27:58.744, GPU-ecc6a1f9-42fe-2932-7ea0-1dd285491b7b, 5, 0, 405, 27, 25.85
2026/09/08 22:27:58.948, GPU-ecc6a1f9-42fe-2932-7ea0-1dd285491b7b, 5, 0, 405, 27, 25.85
2026/09/08 22:27:59.151, GPU-ecc6a1f9-42fe-2932-7ea0-1dd285491b7b, 5, 0, 405, 27, 25.85
2026/09/08 22:27:59.357, GPU-ecc6a1f9-42fe-2932-7ea0-1dd285491b7b, 5, 0, 405, 27, 26.09
2026/09/08 22:27:59.561, GPU-ecc6a1f9-42fe-2932-7ea0-1dd285491b7b, 5, 0, 405, 27, 25.85
2026/09/08 22:27:59.764, GPU-ecc6a1f9-42fe-2932-7ea0-1dd285491b7b, 5, 0, 405, 27, 26.09
2026/09/08 22:27:59.968, GPU-ecc6a1f9-42fe-2932-7ea0-1dd285491b7b, 5, 0, 405, 27, 25.85
2026/09/08 22:28:00.172, GPU-ecc6a1f9-42fe-2932-7ea0-1dd285491b7b, 5, 0, 405, 27, 25.85
2026/09/08 22:28:00.377, GPU-ecc6a1f9-42fe-2932-7ea0-1dd285491b7b, 5, 0, 405, 27, 25.85
2026/09/08 22:28:00.580, GPU-ecc6a1f9-42fe-2932-7ea0-1dd285491b7b, 5, 0, 405, 27, 25.85
2026/09/08 22:28:00.784, GPU-ecc6a1f9-42fe-2932-7ea0-1dd285491b7b, 5, 0, 405, 27, 26.09
2026/09/08 22:28:00.987, GPU-ecc6a1f9-42fe-2932-7ea0-1dd285491b7b, 5, 0, 405, 27, 26.09
2026/09/08 22:28:01.191, GPU-ecc6a1f9-42fe-2932-7ea0-1dd285491b7b, 5, 0, 405, 27, 25.85
2026/09/08 22:28:01.396, GPU-ecc6a1f9-42fe-2932-7ea0-1dd285491b7b, 5, 0, 405, 27, 25.85
2026/09/08 22:28:01.600, GPU-ecc6a1f9-42fe-2932-7ea0-1dd285491b7b, 5, 0, 405, 27, 25.85
2026/09/08 22:28:01.803, GPU-ecc6a1f9-42fe-2932-7ea0-1dd285491b7b, 5, 0, 405, 27, 25.85
2026/09/08 22:28:02.007, GPU-ecc6a1f9-42fe-2932-7ea0-1dd285491b7b, 5, 0, 405, 27, 26.09
2026/09/08 22:28:02.210, GPU-ecc6a1f9-42fe-2932-7ea0-1dd285491b7b, 5, 0, 405, 27, 26.09
2026/09/08 22:28:02.414, GPU-ecc6a1f9-42fe-2932-7ea0-1dd285491b7b, 5, 0, 405, 27, 25.85
2026/09/08 22:28:02.619, GPU-ecc6a1f9-42fe-2932-7ea0-1dd285491b7b, 5, 0, 405, 27, 26.09
2026/09/08 22:28:02.822, GPU-ecc6a1f9-42fe-2932-7ea0-1dd285491b7b, 5, 0, 405, 27, 25.85
2026/09/08 22:28:03.026, GPU-ecc6a1f9-42fe-2932-7ea0-1dd285491b7b, 5, 0, 405, 27, 26.09
2026/09/08 22:28:03.229, GPU-ecc6a1f9-42fe-2932-7ea0-1dd285491b7b, 5, 0, 405, 27, 26.09
2026/09/08 22:28:03.433, GPU-ecc6a1f9-42fe-2932-7ea0-1dd285491b7b, 5, 0, 405, 27, 26.09
2026/09/08 22:28:03.636, GPU-ecc6a1f9-42fe-2932-7ea0-1dd285491b7b, 5, 0, 405, 27, 25.85
2026/09/08 22:28:03.842, GPU-ecc6a1f9-42fe-2932-7ea0-1dd285491b7b, 5, 0, 405, 27, 25.85
2026/09/08 22:28:04.046, GPU-ecc6a1f9-42fe-2932-7ea0-1dd285491b7b, 5, 0, 405, 27, 25.85
2026/09/08 22:28:04.249, GPU-ecc6a1f9-42fe-2932-7ea0-1dd285491b7b, 5, 0, 405, 27, 26.09
2026/09/08 22:28:04.453, GPU-ecc6a1f9-42fe-2932-7ea0-1dd285491b7b, 5, 0, 405, 27, 25.85
2026/09/08 22:28:04.656, GPU-ecc6a1f9-42fe-2932-7ea0-1dd285491b7b, 5, 0, 405, 27, 25.85
2026/09/08 22:28:04.860, GPU-ecc6a1f9-42fe-2932-7ea0-1dd285491b7b, 7, 0, 405, 27, 26.09
2026/09/08 22:28:05.064, GPU-ecc6a1f9-42fe-2932-7ea0-1dd285491b7b, 15, 0, 405, 27, 26.09
2026/09/08 22:28:05.304, GPU-ecc6a1f9-42fe-2932-7ea0-1dd285491b7b, 63, 0, 1189, 27, 30.95
2026/09/08 22:28:05.508, GPU-ecc6a1f9-42fe-2932-7ea0-1dd285491b7b, 293, 4, 1189, 27, 31.92
2026/09/08 22:28:05.711, GPU-ecc6a1f9-42fe-2932-7ea0-1dd285491b7b, 293, 1, 1189, 27, 32.17
2026/09/08 22:28:05.915, GPU-ecc6a1f9-42fe-2932-7ea0-1dd285491b7b, 293, 1, 1189, 27, 32.17
2026/09/08 22:28:06.118, GPU-ecc6a1f9-42fe-2932-7ea0-1dd285491b7b, 293, 2, 1189, 27, 33.39
2026/09/08 22:28:06.323, GPU-ecc6a1f9-42fe-2932-7ea0-1dd285491b7b, 293, 2, 1189, 27, 32.17
2026/09/08 22:28:06.527, GPU-ecc6a1f9-42fe-2932-7ea0-1dd285491b7b, 293, 1, 1189, 27, 79.45
2026/09/08 22:28:06.730, GPU-ecc6a1f9-42fe-2932-7ea0-1dd285491b7b, 293, 93, 1316, 29, 122.15
2026/09/08 22:28:06.934, GPU-ecc6a1f9-42fe-2932-7ea0-1dd285491b7b, 293, 94, 1328, 30, 133.22
2026/09/08 22:28:07.137, GPU-ecc6a1f9-42fe-2932-7ea0-1dd285491b7b, 293, 99, 1328, 30, 149.04
2026/09/08 22:28:07.341, GPU-ecc6a1f9-42fe-2932-7ea0-1dd285491b7b, 293, 99, 1328, 31, 157.25
2026/09/08 22:28:07.544, GPU-ecc6a1f9-42fe-2932-7ea0-1dd285491b7b, 5, 98, 1328, 29, 38.02
2026/09/08 22:28:07.748, GPU-ecc6a1f9-42fe-2932-7ea0-1dd285491b7b, 7, 0, 1328, 29, 37.53
2026/09/08 22:28:07.951, GPU-ecc6a1f9-42fe-2932-7ea0-1dd285491b7b, 15, 0, 1328, 29, 37.29
2026/09/08 22:28:08.179, GPU-ecc6a1f9-42fe-2932-7ea0-1dd285491b7b, 293, 0, 1328, 28, 37.99
2026/09/08 22:28:08.384, GPU-ecc6a1f9-42fe-2932-7ea0-1dd285491b7b, 293, 4, 1328, 28, 39.46
2026/09/08 22:28:08.587, GPU-ecc6a1f9-42fe-2932-7ea0-1dd285491b7b, 293, 2, 1328, 28, 39.45
2026/09/08 22:28:08.791, GPU-ecc6a1f9-42fe-2932-7ea0-1dd285491b7b, 293, 2, 1328, 28, 38.97
2026/09/08 22:28:08.994, GPU-ecc6a1f9-42fe-2932-7ea0-1dd285491b7b, 293, 2, 1328, 28, 113.26
2026/09/08 22:28:09.198, GPU-ecc6a1f9-42fe-2932-7ea0-1dd285491b7b, 293, 40, 1328, 30, 151.84
2026/09/08 22:28:09.403, GPU-ecc6a1f9-42fe-2932-7ea0-1dd285491b7b, 293, 97, 1328, 31, 165.75
2026/09/08 22:28:09.607, GPU-ecc6a1f9-42fe-2932-7ea0-1dd285491b7b, 293, 99, 1328, 32, 168.51
2026/09/08 22:28:09.810, GPU-ecc6a1f9-42fe-2932-7ea0-1dd285491b7b, 293, 99, 1328, 32, 159.67
2026/09/08 22:28:10.013, GPU-ecc6a1f9-42fe-2932-7ea0-1dd285491b7b, 5, 63, 1328, 30, 39.48
2026/09/08 22:28:10.217, GPU-ecc6a1f9-42fe-2932-7ea0-1dd285491b7b, 7, 0, 1328, 30, 38.99
2026/09/08 22:28:10.423, GPU-ecc6a1f9-42fe-2932-7ea0-1dd285491b7b, 15, 0, 1328, 29, 38.74
2026/09/08 22:28:10.634, GPU-ecc6a1f9-42fe-2932-7ea0-1dd285491b7b, 299, 2, 1328, 29, 39.48
2026/09/08 22:28:10.838, GPU-ecc6a1f9-42fe-2932-7ea0-1dd285491b7b, 299, 3, 1328, 29, 39.96
2026/09/08 22:28:11.042, GPU-ecc6a1f9-42fe-2932-7ea0-1dd285491b7b, 299, 1, 1328, 29, 40.43
2026/09/08 22:28:11.246, GPU-ecc6a1f9-42fe-2932-7ea0-1dd285491b7b, 299, 2, 1328, 29, 41.18
2026/09/08 22:28:11.449, GPU-ecc6a1f9-42fe-2932-7ea0-1dd285491b7b, 299, 2, 1328, 29, 39.94
2026/09/08 22:28:11.652, GPU-ecc6a1f9-42fe-2932-7ea0-1dd285491b7b, 299, 2, 1328, 30, 161.25
2026/09/08 22:28:11.856, GPU-ecc6a1f9-42fe-2932-7ea0-1dd285491b7b, 299, 87, 1328, 31, 161.50
2026/09/08 22:28:12.062, GPU-ecc6a1f9-42fe-2932-7ea0-1dd285491b7b, 299, 99, 1328, 32, 180.72
2026/09/08 22:28:12.265, GPU-ecc6a1f9-42fe-2932-7ea0-1dd285491b7b, 299, 99, 1328, 33, 182.79
2026/09/08 22:28:12.468, GPU-ecc6a1f9-42fe-2932-7ea0-1dd285491b7b, 299, 99, 1328, 33, 183.06
2026/09/08 22:28:12.672, GPU-ecc6a1f9-42fe-2932-7ea0-1dd285491b7b, 5, 58, 1328, 31, 39.72
2026/09/08 22:28:12.875, GPU-ecc6a1f9-42fe-2932-7ea0-1dd285491b7b, 5, 0, 1328, 30, 39.48
2026/09/08 22:28:13.081, GPU-ecc6a1f9-42fe-2932-7ea0-1dd285491b7b, 5, 0, 1328, 30, 38.99
2026/09/08 22:28:13.284, GPU-ecc6a1f9-42fe-2932-7ea0-1dd285491b7b, 5, 0, 1328, 30, 38.99
2026/09/08 22:28:13.488, GPU-ecc6a1f9-42fe-2932-7ea0-1dd285491b7b, 5, 0, 1328, 29, 38.74
2026/09/08 22:28:13.692, GPU-ecc6a1f9-42fe-2932-7ea0-1dd285491b7b, 5, 0, 1328, 29, 38.75
2026/09/08 22:28:13.896, GPU-ecc6a1f9-42fe-2932-7ea0-1dd285491b7b, 5, 0, 1328, 29, 38.75
2026/09/08 22:28:14.101, GPU-ecc6a1f9-42fe-2932-7ea0-1dd285491b7b, 5, 0, 1328, 29, 38.75
2026/09/08 22:28:14.304, GPU-ecc6a1f9-42fe-2932-7ea0-1dd285491b7b, 5, 0, 1328, 29, 36.07
2026/09/08 22:28:14.508, GPU-ecc6a1f9-42fe-2932-7ea0-1dd285491b7b, 5, 0, 1328, 29, 36.07
2026/09/08 22:28:14.712, GPU-ecc6a1f9-42fe-2932-7ea0-1dd285491b7b, 5, 0, 1328, 29, 36.07
2026/09/08 22:28:14.915, GPU-ecc6a1f9-42fe-2932-7ea0-1dd285491b7b, 5, 0, 1328, 29, 36.07
2026/09/08 22:28:15.120, GPU-ecc6a1f9-42fe-2932-7ea0-1dd285491b7b, 5, 0, 1328, 29, 36.07
2026/09/08 22:28:15.323, GPU-ecc6a1f9-42fe-2932-7ea0-1dd285491b7b, 5, 0, 1328, 29, 36.07
2026/09/08 22:28:15.527, GPU-ecc6a1f9-42fe-2932-7ea0-1dd285491b7b, 5, 0, 1328, 29, 36.07
2026/09/08 22:28:15.730, GPU-ecc6a1f9-42fe-2932-7ea0-1dd285491b7b, 5, 0, 1328, 29, 36.07
2026/09/08 22:28:15.934, GPU-ecc6a1f9-42fe-2932-7ea0-1dd285491b7b, 5, 0, 1328, 29, 36.07
2026/09/08 22:28:16.139, GPU-ecc6a1f9-42fe-2932-7ea0-1dd285491b7b, 5, 0, 1328, 29, 36.07
2026/09/08 22:28:16.343, GPU-ecc6a1f9-42fe-2932-7ea0-1dd285491b7b, 5, 0, 1328, 29, 36.07
2026/09/08 22:28:16.546, GPU-ecc6a1f9-42fe-2932-7ea0-1dd285491b7b, 5, 0, 1328, 29, 36.07
2026/09/08 22:28:16.750, GPU-ecc6a1f9-42fe-2932-7ea0-1dd285491b7b, 5, 0, 1328, 29, 36.07
2026/09/08 22:28:16.953, GPU-ecc6a1f9-42fe-2932-7ea0-1dd285491b7b, 5, 0, 1328, 29, 36.07
2026/09/08 22:28:17.158, GPU-ecc6a1f9-42fe-2932-7ea0-1dd285491b7b, 5, 0, 1328, 29, 36.07
2026/09/08 22:28:17.362, GPU-ecc6a1f9-42fe-2932-7ea0-1dd285491b7b, 5, 0, 1328, 29, 36.07
2026/09/08 22:28:17.565, GPU-ecc6a1f9-42fe-2932-7ea0-1dd285491b7b, 5, 0, 1328, 29, 36.07
2026/09/08 22:28:17.769, GPU-ecc6a1f9-42fe-2932-7ea0-1dd285491b7b, 5, 0, 1328, 29, 36.07
2026/09/08 22:28:17.972, GPU-ecc6a1f9-42fe-2932-7ea0-1dd285491b7b, 5, 0, 405, 29, 26.34
2026/09/08 22:28:18.178, GPU-ecc6a1f9-42fe-2932-7ea0-1dd285491b7b, 5, 0, 405, 29, 26.34
2026/09/08 22:28:18.382, GPU-ecc6a1f9-42fe-2932-7ea0-1dd285491b7b, 5, 0, 405, 29, 26.34
2026/09/08 22:28:18.585, GPU-ecc6a1f9-42fe-2932-7ea0-1dd285491b7b, 5, 0, 405, 29, 26.34
2026/09/08 22:28:18.789, GPU-ecc6a1f9-42fe-2932-7ea0-1dd285491b7b, 5, 0, 405, 29, 26.09
2026/09/08 22:28:18.992, GPU-ecc6a1f9-42fe-2932-7ea0-1dd285491b7b, 5, 0, 405, 29, 26.09
2026/09/08 22:28:19.196, GPU-ecc6a1f9-42fe-2932-7ea0-1dd285491b7b, 5, 0, 405, 29, 26.09
2026/09/08 22:28:19.401, GPU-ecc6a1f9-42fe-2932-7ea0-1dd285491b7b, 5, 0, 405, 29, 26.09
2026/09/08 22:28:19.604, GPU-ecc6a1f9-42fe-2932-7ea0-1dd285491b7b, 5, 0, 405, 29, 26.09
2026/09/08 22:28:19.808, GPU-ecc6a1f9-42fe-2932-7ea0-1dd285491b7b, 5, 0, 405, 28, 26.34
2026/09/08 22:28:20.012, GPU-ecc6a1f9-42fe-2932-7ea0-1dd285491b7b, 5, 0, 405, 28, 26.09
2026/09/08 22:28:20.215, GPU-ecc6a1f9-42fe-2932-7ea0-1dd285491b7b, 5, 0, 405, 29, 26.09
2026/09/08 22:28:20.419, GPU-ecc6a1f9-42fe-2932-7ea0-1dd285491b7b, 5, 0, 405, 28, 26.09
2026/09/08 22:28:20.625, GPU-ecc6a1f9-42fe-2932-7ea0-1dd285491b7b, 5, 0, 405, 28, 26.09
2026/09/08 22:28:20.829, GPU-ecc6a1f9-42fe-2932-7ea0-1dd285491b7b, 5, 0, 405, 28, 26.09
2026/09/08 22:28:21.032, GPU-ecc6a1f9-42fe-2932-7ea0-1dd285491b7b, 5, 0, 405, 28, 26.09
2026/09/08 22:28:21.236, GPU-ecc6a1f9-42fe-2932-7ea0-1dd285491b7b, 5, 0, 405, 28, 26.09
2026/09/08 22:28:21.439, GPU-ecc6a1f9-42fe-2932-7ea0-1dd285491b7b, 5, 0, 405, 28, 26.09
2026/09/08 22:28:21.646, GPU-ecc6a1f9-42fe-2932-7ea0-1dd285491b7b, 5, 0, 405, 28, 26.09
2026/09/08 22:28:21.849, GPU-ecc6a1f9-42fe-2932-7ea0-1dd285491b7b, 5, 0, 405, 28, 26.09
2026/09/08 22:28:22.053, GPU-ecc6a1f9-42fe-2932-7ea0-1dd285491b7b, 5, 0, 405, 28, 26.09
2026/09/08 22:28:22.256, GPU-ecc6a1f9-42fe-2932-7ea0-1dd285491b7b, 5, 0, 405, 28, 26.09
2026/09/08 22:28:22.460, GPU-ecc6a1f9-42fe-2932-7ea0-1dd285491b7b, 5, 0, 405, 28, 26.09
2026/09/08 22:28:22.665, GPU-ecc6a1f9-42fe-2932-7ea0-1dd285491b7b, 5, 0, 405, 28, 26.09
2026/09/08 22:28:22.869, GPU-ecc6a1f9-42fe-2932-7ea0-1dd285491b7b, 5, 0, 405, 28, 26.09
2026/09/08 22:28:23.072, GPU-ecc6a1f9-42fe-2932-7ea0-1dd285491b7b, 5, 0, 405, 28, 26.09
2026/09/08 22:28:23.276, GPU-ecc6a1f9-42fe-2932-7ea0-1dd285491b7b, 5, 0, 405, 28, 26.09
2026/09/08 22:28:23.479, GPU-ecc6a1f9-42fe-2932-7ea0-1dd285491b7b, 5, 0, 405, 28, 26.09
2026/09/08 22:28:23.685, GPU-ecc6a1f9-42fe-2932-7ea0-1dd285491b7b, 5, 0, 405, 28, 26.09
2026/09/08 22:28:23.889, GPU-ecc6a1f9-42fe-2932-7ea0-1dd285491b7b, 5, 0, 405, 28, 26.09
2026/09/08 22:28:24.092, GPU-ecc6a1f9-42fe-2932-7ea0-1dd285491b7b, 5, 0, 405, 28, 26.09
2026/09/08 22:28:24.296, GPU-ecc6a1f9-42fe-2932-7ea0-1dd285491b7b, 5, 0, 405, 28, 26.09
2026/09/08 22:28:24.499, GPU-ecc6a1f9-42fe-2932-7ea0-1dd285491b7b, 5, 0, 405, 28, 26.09
2026/09/08 22:28:24.704, GPU-ecc6a1f9-42fe-2932-7ea0-1dd285491b7b, 5, 0, 405, 28, 26.09
2026/09/08 22:28:24.907, GPU-ecc6a1f9-42fe-2932-7ea0-1dd285491b7b, 5, 0, 405, 28, 26.09
2026/09/08 22:28:25.111, GPU-ecc6a1f9-42fe-2932-7ea0-1dd285491b7b, 5, 0, 405, 28, 26.09
2026/09/08 22:28:25.314, GPU-ecc6a1f9-42fe-2932-7ea0-1dd285491b7b, 5, 0, 405, 28, 26.09
2026/09/08 22:28:25.518, GPU-ecc6a1f9-42fe-2932-7ea0-1dd285491b7b, 5, 0, 405, 28, 26.09
2026/09/08 22:28:25.723, GPU-ecc6a1f9-42fe-2932-7ea0-1dd285491b7b, 5, 0, 405, 28, 26.09
2026/09/08 22:28:25.927, GPU-ecc6a1f9-42fe-2932-7ea0-1dd285491b7b, 5, 0, 405, 28, 26.09
2026/09/08 22:28:26.130, GPU-ecc6a1f9-42fe-2932-7ea0-1dd285491b7b, 5, 0, 405, 28, 26.09
2026/09/08 22:28:26.334, GPU-ecc6a1f9-42fe-2932-7ea0-1dd285491b7b, 5, 0, 405, 28, 26.09
2026/09/08 22:28:26.537, GPU-ecc6a1f9-42fe-2932-7ea0-1dd285491b7b, 5, 0, 405, 28, 26.09
2026/09/08 22:28:26.742, GPU-ecc6a1f9-42fe-2932-7ea0-1dd285491b7b, 5, 0, 405, 28, 26.09
2026/09/08 22:28:26.946, GPU-ecc6a1f9-42fe-2932-7ea0-1dd285491b7b, 5, 0, 405, 28, 26.09
2026/09/08 22:28:27.150, GPU-ecc6a1f9-42fe-2932-7ea0-1dd285491b7b, 5, 0, 405, 28, 26.09
2026/09/08 22:28:27.353, GPU-ecc6a1f9-42fe-2932-7ea0-1dd285491b7b, 5, 0, 405, 28, 26.09
2026/09/08 22:28:27.557, GPU-ecc6a1f9-42fe-2932-7ea0-1dd285491b7b, 5, 0, 405, 28, 26.09
2026/09/08 22:28:27.762, GPU-ecc6a1f9-42fe-2932-7ea0-1dd285491b7b, 5, 0, 405, 28, 26.09
2026/09/08 22:28:27.965, GPU-ecc6a1f9-42fe-2932-7ea0-1dd285491b7b, 5, 0, 405, 28, 26.09
2026/09/08 22:28:28.169, GPU-ecc6a1f9-42fe-2932-7ea0-1dd285491b7b, 5, 0, 405, 28, 26.09
2026/09/08 22:28:28.372, GPU-ecc6a1f9-42fe-2932-7ea0-1dd285491b7b, 5, 0, 405, 28, 26.09
2026/09/08 22:28:28.576, GPU-ecc6a1f9-42fe-2932-7ea0-1dd285491b7b, 5, 0, 405, 28, 26.09
2026/09/08 22:28:28.781, GPU-ecc6a1f9-42fe-2932-7ea0-1dd285491b7b, 5, 0, 405, 28, 26.09
2026/09/08 22:28:28.985, GPU-ecc6a1f9-42fe-2932-7ea0-1dd285491b7b, 5, 0, 405, 28, 26.09
2026/09/08 22:28:29.189, GPU-ecc6a1f9-42fe-2932-7ea0-1dd285491b7b, 5, 0, 405, 28, 26.09
2026/09/08 22:28:29.392, GPU-ecc6a1f9-42fe-2932-7ea0-1dd285491b7b, 5, 0, 405, 28, 26.09
2026/09/08 22:28:29.596, GPU-ecc6a1f9-42fe-2932-7ea0-1dd285491b7b, 5, 0, 405, 28, 26.09
2026/09/08 22:28:29.801, GPU-ecc6a1f9-42fe-2932-7ea0-1dd285491b7b, 5, 0, 405, 28, 26.09
2026/09/08 22:28:30.004, GPU-ecc6a1f9-42fe-2932-7ea0-1dd285491b7b, 5, 0, 405, 28, 26.09
2026/09/08 22:28:30.208, GPU-ecc6a1f9-42fe-2932-7ea0-1dd285491b7b, 5, 0, 405, 28, 26.09
2026/09/08 22:28:30.411, GPU-ecc6a1f9-42fe-2932-7ea0-1dd285491b7b, 5, 0, 405, 28, 26.09
2026/09/08 22:28:30.615, GPU-ecc6a1f9-42fe-2932-7ea0-1dd285491b7b, 5, 0, 405, 28, 26.09
2026/09/08 22:28:30.820, GPU-ecc6a1f9-42fe-2932-7ea0-1dd285491b7b, 5, 0, 405, 28, 26.09
2026/09/08 22:28:31.023, GPU-ecc6a1f9-42fe-2932-7ea0-1dd285491b7b, 5, 0, 405, 28, 26.09
2026/09/08 22:28:31.227, GPU-ecc6a1f9-42fe-2932-7ea0-1dd285491b7b, 5, 0, 405, 28, 26.09
2026/09/08 22:28:31.431, GPU-ecc6a1f9-42fe-2932-7ea0-1dd285491b7b, 5, 0, 405, 28, 26.09
2026/09/08 22:28:31.634, GPU-ecc6a1f9-42fe-2932-7ea0-1dd285491b7b, 5, 0, 405, 28, 26.09
2026/09/08 22:28:31.839, GPU-ecc6a1f9-42fe-2932-7ea0-1dd285491b7b, 5, 0, 405, 28, 26.09
2026/09/08 22:28:32.043, GPU-ecc6a1f9-42fe-2932-7ea0-1dd285491b7b, 5, 0, 405, 28, 26.09
2026/09/08 22:28:32.246, GPU-ecc6a1f9-42fe-2932-7ea0-1dd285491b7b, 5, 0, 405, 28, 26.09
2026/09/08 22:28:32.450, GPU-ecc6a1f9-42fe-2932-7ea0-1dd285491b7b, 5, 0, 405, 28, 26.09
2026/09/08 22:28:32.653, GPU-ecc6a1f9-42fe-2932-7ea0-1dd285491b7b, 5, 0, 405, 28, 26.09
2026/09/08 22:28:32.859, GPU-ecc6a1f9-42fe-2932-7ea0-1dd285491b7b, 5, 0, 405, 28, 26.09
2026/09/08 22:28:33.062, GPU-ecc6a1f9-42fe-2932-7ea0-1dd285491b7b, 5, 0, 405, 28, 26.09
2026/09/08 22:28:33.266, GPU-ecc6a1f9-42fe-2932-7ea0-1dd285491b7b, 5, 0, 405, 28, 26.09
2026/09/08 22:28:33.470, GPU-ecc6a1f9-42fe-2932-7ea0-1dd285491b7b, 5, 0, 405, 28, 26.09
2026/09/08 22:28:33.673, GPU-ecc6a1f9-42fe-2932-7ea0-1dd285491b7b, 5, 0, 405, 28, 26.09
2026/09/08 22:28:33.878, GPU-ecc6a1f9-42fe-2932-7ea0-1dd285491b7b, 5, 0, 405, 28, 26.09
2026/09/08 22:28:34.082, GPU-ecc6a1f9-42fe-2932-7ea0-1dd285491b7b, 5, 0, 405, 28, 26.09
2026/09/08 22:28:34.285, GPU-ecc6a1f9-42fe-2932-7ea0-1dd285491b7b, 5, 0, 405, 28, 26.09
2026/09/08 22:28:34.489, GPU-ecc6a1f9-42fe-2932-7ea0-1dd285491b7b, 5, 0, 405, 28, 26.09
2026/09/08 22:28:34.692, GPU-ecc6a1f9-42fe-2932-7ea0-1dd285491b7b, 5, 0, 405, 28, 26.09
2026/09/08 22:28:34.898, GPU-ecc6a1f9-42fe-2932-7ea0-1dd285491b7b, 5, 0, 405, 28, 26.09
2026/09/08 22:28:35.101, GPU-ecc6a1f9-42fe-2932-7ea0-1dd285491b7b, 5, 0, 405, 28, 26.09
2026/09/08 22:28:35.305, GPU-ecc6a1f9-42fe-2932-7ea0-1dd285491b7b, 5, 0, 405, 28, 26.09
2026/09/08 22:28:35.508, GPU-ecc6a1f9-42fe-2932-7ea0-1dd285491b7b, 5, 0, 405, 28, 26.09
2026/09/08 22:28:35.712, GPU-ecc6a1f9-42fe-2932-7ea0-1dd285491b7b, 5, 0, 405, 28, 26.09
2026/09/08 22:28:35.917, GPU-ecc6a1f9-42fe-2932-7ea0-1dd285491b7b, 5, 0, 405, 28, 26.09
2026/09/08 22:28:36.120, GPU-ecc6a1f9-42fe-2932-7ea0-1dd285491b7b, 5, 0, 405, 28, 26.09
2026/09/08 22:28:36.324, GPU-ecc6a1f9-42fe-2932-7ea0-1dd285491b7b, 5, 0, 405, 28, 26.09
2026/09/08 22:28:36.527, GPU-ecc6a1f9-42fe-2932-7ea0-1dd285491b7b, 5, 0, 405, 28, 26.09
2026/09/08 22:28:36.731, GPU-ecc6a1f9-42fe-2932-7ea0-1dd285491b7b, 5, 0, 405, 28, 26.09
2026/09/08 22:28:36.936, GPU-ecc6a1f9-42fe-2932-7ea0-1dd285491b7b, 5, 0, 405, 28, 26.09
2026/09/08 22:28:37.140, GPU-ecc6a1f9-42fe-2932-7ea0-1dd285491b7b, 5, 0, 405, 28, 26.09
2026/09/08 22:28:37.343, GPU-ecc6a1f9-42fe-2932-7ea0-1dd285491b7b, 5, 0, 405, 28, 26.09
2026/09/08 22:28:37.547, GPU-ecc6a1f9-42fe-2932-7ea0-1dd285491b7b, 5, 0, 405, 28, 26.09
2026/09/08 22:28:37.750, GPU-ecc6a1f9-42fe-2932-7ea0-1dd285491b7b, 5, 0, 405, 28, 26.09
2026/09/08 22:28:37.956, GPU-ecc6a1f9-42fe-2932-7ea0-1dd285491b7b, 5, 0, 405, 28, 26.09
2026/09/08 22:28:38.159, GPU-ecc6a1f9-42fe-2932-7ea0-1dd285491b7b, 5, 0, 405, 28, 26.09
2026/09/08 22:28:38.363, GPU-ecc6a1f9-42fe-2932-7ea0-1dd285491b7b, 5, 0, 405, 28, 26.09
2026/09/08 22:28:38.566, GPU-ecc6a1f9-42fe-2932-7ea0-1dd285491b7b, 5, 0, 405, 28, 26.09
2026/09/08 22:28:38.770, GPU-ecc6a1f9-42fe-2932-7ea0-1dd285491b7b, 5, 0, 405, 28, 26.09
2026/09/08 22:28:38.975, GPU-ecc6a1f9-42fe-2932-7ea0-1dd285491b7b, 5, 0, 405, 28, 26.09
2026/09/08 22:28:39.178, GPU-ecc6a1f9-42fe-2932-7ea0-1dd285491b7b, 5, 0, 405, 28, 25.85
2026/09/08 22:28:39.382, GPU-ecc6a1f9-42fe-2932-7ea0-1dd285491b7b, 5, 0, 405, 28, 26.09
2026/09/08 22:28:39.585, GPU-ecc6a1f9-42fe-2932-7ea0-1dd285491b7b, 5, 0, 405, 28, 26.09
2026/09/08 22:28:39.789, GPU-ecc6a1f9-42fe-2932-7ea0-1dd285491b7b, 5, 0, 405, 28, 26.09
2026/09/08 22:28:39.995, GPU-ecc6a1f9-42fe-2932-7ea0-1dd285491b7b, 5, 0, 405, 28, 26.09
2026/09/08 22:28:40.199, GPU-ecc6a1f9-42fe-2932-7ea0-1dd285491b7b, 5, 0, 405, 28, 26.09
2026/09/08 22:28:40.402, GPU-ecc6a1f9-42fe-2932-7ea0-1dd285491b7b, 5, 0, 405, 28, 26.09
2026/09/08 22:28:40.606, GPU-ecc6a1f9-42fe-2932-7ea0-1dd285491b7b, 5, 0, 405, 28, 26.09
2026/09/08 22:28:40.809, GPU-ecc6a1f9-42fe-2932-7ea0-1dd285491b7b, 5, 0, 405, 28, 26.09
2026/09/08 22:28:41.013, GPU-ecc6a1f9-42fe-2932-7ea0-1dd285491b7b, 5, 0, 405, 28, 26.09
2026/09/08 22:28:41.218, GPU-ecc6a1f9-42fe-2932-7ea0-1dd285491b7b, 5, 0, 405, 28, 26.09
2026/09/08 22:28:41.422, GPU-ecc6a1f9-42fe-2932-7ea0-1dd285491b7b, 5, 0, 405, 28, 26.09
2026/09/08 22:28:41.625, GPU-ecc6a1f9-42fe-2932-7ea0-1dd285491b7b, 5, 0, 405, 28, 26.09
2026/09/08 22:28:41.829, GPU-ecc6a1f9-42fe-2932-7ea0-1dd285491b7b, 5, 0, 405, 28, 26.09
2026/09/08 22:28:42.032, GPU-ecc6a1f9-42fe-2932-7ea0-1dd285491b7b, 5, 0, 405, 28, 26.09
2026/09/08 22:28:42.236, GPU-ecc6a1f9-42fe-2932-7ea0-1dd285491b7b, 5, 0, 405, 28, 26.09
2026/09/08 22:28:42.442, GPU-ecc6a1f9-42fe-2932-7ea0-1dd285491b7b, 5, 0, 405, 28, 26.09
2026/09/08 22:28:42.645, GPU-ecc6a1f9-42fe-2932-7ea0-1dd285491b7b, 5, 0, 405, 28, 26.09
2026/09/08 22:28:42.849, GPU-ecc6a1f9-42fe-2932-7ea0-1dd285491b7b, 5, 0, 405, 28, 26.09
2026/09/08 22:28:43.053, GPU-ecc6a1f9-42fe-2932-7ea0-1dd285491b7b, 5, 0, 405, 28, 26.09
2026/09/08 22:28:43.256, GPU-ecc6a1f9-42fe-2932-7ea0-1dd285491b7b, 5, 0, 405, 28, 26.09
2026/09/08 22:28:43.463, GPU-ecc6a1f9-42fe-2932-7ea0-1dd285491b7b, 5, 0, 405, 28, 26.09
2026/09/08 22:28:43.666, GPU-ecc6a1f9-42fe-2932-7ea0-1dd285491b7b, 5, 0, 405, 28, 26.09
2026/09/08 22:28:43.870, GPU-ecc6a1f9-42fe-2932-7ea0-1dd285491b7b, 5, 0, 405, 28, 26.09
2026/09/08 22:28:44.073, GPU-ecc6a1f9-42fe-2932-7ea0-1dd285491b7b, 5, 0, 405, 28, 26.09
2026/09/08 22:28:44.277, GPU-ecc6a1f9-42fe-2932-7ea0-1dd285491b7b, 5, 0, 405, 28, 26.09
2026/09/08 22:28:44.483, GPU-ecc6a1f9-42fe-2932-7ea0-1dd285491b7b, 5, 0, 405, 28, 26.09
2026/09/08 22:28:44.686, GPU-ecc6a1f9-42fe-2932-7ea0-1dd285491b7b, 5, 0, 405, 28, 26.09
2026/09/08 22:28:44.889, GPU-ecc6a1f9-42fe-2932-7ea0-1dd285491b7b, 5, 0, 405, 28, 26.09
2026/09/08 22:28:45.093, GPU-ecc6a1f9-42fe-2932-7ea0-1dd285491b7b, 5, 0, 405, 28, 26.09
2026/09/08 22:28:45.296, GPU-ecc6a1f9-42fe-2932-7ea0-1dd285491b7b, 5, 0, 405, 28, 26.09
2026/09/08 22:28:45.502, GPU-ecc6a1f9-42fe-2932-7ea0-1dd285491b7b, 5, 0, 405, 28, 26.09
2026/09/08 22:28:45.705, GPU-ecc6a1f9-42fe-2932-7ea0-1dd285491b7b, 5, 0, 405, 28, 26.09
2026/09/08 22:28:45.909, GPU-ecc6a1f9-42fe-2932-7ea0-1dd285491b7b, 5, 0, 405, 28, 26.09
2026/09/08 22:28:46.112, GPU-ecc6a1f9-42fe-2932-7ea0-1dd285491b7b, 5, 0, 405, 28, 26.09
2026/09/08 22:28:46.316, GPU-ecc6a1f9-42fe-2932-7ea0-1dd285491b7b, 5, 0, 405, 28, 26.09
2026/09/08 22:28:46.521, GPU-ecc6a1f9-42fe-2932-7ea0-1dd285491b7b, 5, 0, 405, 28, 26.09
2026/09/08 22:28:46.725, GPU-ecc6a1f9-42fe-2932-7ea0-1dd285491b7b, 5, 0, 405, 28, 26.09
2026/09/08 22:28:46.928, GPU-ecc6a1f9-42fe-2932-7ea0-1dd285491b7b, 5, 0, 405, 28, 26.09
2026/09/08 22:28:47.132, GPU-ecc6a1f9-42fe-2932-7ea0-1dd285491b7b, 5, 0, 405, 28, 26.09
2026/09/08 22:28:47.335, GPU-ecc6a1f9-42fe-2932-7ea0-1dd285491b7b, 5, 0, 405, 28, 26.09
2026/09/08 22:28:47.540, GPU-ecc6a1f9-42fe-2932-7ea0-1dd285491b7b, 5, 0, 405, 28, 26.09
2026/09/08 22:28:47.744, GPU-ecc6a1f9-42fe-2932-7ea0-1dd285491b7b, 5, 0, 405, 28, 26.09
2026/09/08 22:28:47.948, GPU-ecc6a1f9-42fe-2932-7ea0-1dd285491b7b, 5, 0, 405, 28, 26.09
2026/09/08 22:28:48.151, GPU-ecc6a1f9-42fe-2932-7ea0-1dd285491b7b, 5, 0, 405, 28, 26.09
2026/09/08 22:28:48.355, GPU-ecc6a1f9-42fe-2932-7ea0-1dd285491b7b, 5, 0, 405, 28, 26.09
2026/09/08 22:28:48.560, GPU-ecc6a1f9-42fe-2932-7ea0-1dd285491b7b, 5, 0, 405, 28, 26.09
2026/09/08 22:28:48.763, GPU-ecc6a1f9-42fe-2932-7ea0-1dd285491b7b, 5, 0, 405, 28, 26.09
2026/09/08 22:28:48.967, GPU-ecc6a1f9-42fe-2932-7ea0-1dd285491b7b, 5, 0, 405, 28, 26.09
2026/09/08 22:28:49.170, GPU-ecc6a1f9-42fe-2932-7ea0-1dd285491b7b, 5, 0, 405, 28, 26.09
2026/09/08 22:28:49.374, GPU-ecc6a1f9-42fe-2932-7ea0-1dd285491b7b, 5, 0, 405, 28, 26.09
2026/09/08 22:28:49.579, GPU-ecc6a1f9-42fe-2932-7ea0-1dd285491b7b, 5, 0, 405, 28, 26.09
2026/09/08 22:28:49.783, GPU-ecc6a1f9-42fe-2932-7ea0-1dd285491b7b, 5, 0, 405, 28, 26.09
2026/09/08 22:28:49.986, GPU-ecc6a1f9-42fe-2932-7ea0-1dd285491b7b, 5, 0, 405, 28, 26.09
2026/09/08 22:28:50.190, GPU-ecc6a1f9-42fe-2932-7ea0-1dd285491b7b, 5, 0, 405, 28, 26.09
2026/09/08 22:28:50.393, GPU-ecc6a1f9-42fe-2932-7ea0-1dd285491b7b, 5, 0, 405, 28, 26.09
2026/09/08 22:28:50.599, GPU-ecc6a1f9-42fe-2932-7ea0-1dd285491b7b, 5, 0, 405, 28, 26.09
2026/09/08 22:28:50.802, GPU-ecc6a1f9-42fe-2932-7ea0-1dd285491b7b, 5, 0, 405, 28, 26.09
2026/09/08 22:28:51.006, GPU-ecc6a1f9-42fe-2932-7ea0-1dd285491b7b, 5, 0, 405, 28, 26.09
2026/09/08 22:28:51.209, GPU-ecc6a1f9-42fe-2932-7ea0-1dd285491b7b, 5, 0, 405, 28, 26.09
2026/09/08 22:28:51.413, GPU-ecc6a1f9-42fe-2932-7ea0-1dd285491b7b, 5, 0, 405, 28, 26.09
2026/09/08 22:28:51.618, GPU-ecc6a1f9-42fe-2932-7ea0-1dd285491b7b, 5, 0, 405, 28, 25.85
2026/09/08 22:28:51.821, GPU-ecc6a1f9-42fe-2932-7ea0-1dd285491b7b, 5, 0, 405, 28, 26.09
2026/09/08 22:28:52.025, GPU-ecc6a1f9-42fe-2932-7ea0-1dd285491b7b, 5, 0, 405, 28, 26.09
2026/09/08 22:28:52.228, GPU-ecc6a1f9-42fe-2932-7ea0-1dd285491b7b, 5, 0, 405, 28, 26.09
2026/09/08 22:28:52.432, GPU-ecc6a1f9-42fe-2932-7ea0-1dd285491b7b, 5, 0, 405, 28, 26.09
2026/09/08 22:28:52.637, GPU-ecc6a1f9-42fe-2932-7ea0-1dd285491b7b, 5, 0, 405, 28, 26.09
2026/09/08 22:28:52.841, GPU-ecc6a1f9-42fe-2932-7ea0-1dd285491b7b, 5, 0, 405, 28, 26.09
2026/09/08 22:28:53.045, GPU-ecc6a1f9-42fe-2932-7ea0-1dd285491b7b, 5, 0, 405, 28, 26.09
2026/09/08 22:28:53.248, GPU-ecc6a1f9-42fe-2932-7ea0-1dd285491b7b, 5, 0, 405, 28, 25.85
2026/09/08 22:28:53.452, GPU-ecc6a1f9-42fe-2932-7ea0-1dd285491b7b, 5, 0, 405, 28, 26.09
2026/09/08 22:28:53.657, GPU-ecc6a1f9-42fe-2932-7ea0-1dd285491b7b, 5, 0, 405, 28, 26.09
2026/09/08 22:28:53.860, GPU-ecc6a1f9-42fe-2932-7ea0-1dd285491b7b, 5, 0, 405, 28, 26.09
2026/09/08 22:28:54.064, GPU-ecc6a1f9-42fe-2932-7ea0-1dd285491b7b, 5, 0, 405, 28, 25.85
2026/09/08 22:28:54.267, GPU-ecc6a1f9-42fe-2932-7ea0-1dd285491b7b, 5, 0, 405, 28, 25.85
2026/09/08 22:28:54.471, GPU-ecc6a1f9-42fe-2932-7ea0-1dd285491b7b, 5, 0, 405, 28, 26.09
2026/09/08 22:28:54.676, GPU-ecc6a1f9-42fe-2932-7ea0-1dd285491b7b, 5, 0, 405, 28, 26.09
2026/09/08 22:28:54.880, GPU-ecc6a1f9-42fe-2932-7ea0-1dd285491b7b, 5, 0, 405, 28, 26.09
2026/09/08 22:28:55.083, GPU-ecc6a1f9-42fe-2932-7ea0-1dd285491b7b, 5, 0, 405, 28, 25.85
2026/09/08 22:28:55.287, GPU-ecc6a1f9-42fe-2932-7ea0-1dd285491b7b, 5, 0, 405, 28, 26.09
2026/09/08 22:28:55.490, GPU-ecc6a1f9-42fe-2932-7ea0-1dd285491b7b, 5, 0, 405, 28, 26.09
2026/09/08 22:28:55.696, GPU-ecc6a1f9-42fe-2932-7ea0-1dd285491b7b, 5, 0, 405, 28, 26.09
2026/09/08 22:28:55.899, GPU-ecc6a1f9-42fe-2932-7ea0-1dd285491b7b, 5, 0, 405, 28, 26.09
2026/09/08 22:28:56.103, GPU-ecc6a1f9-42fe-2932-7ea0-1dd285491b7b, 5, 0, 405, 28, 26.09
2026/09/08 22:28:56.307, GPU-ecc6a1f9-42fe-2932-7ea0-1dd285491b7b, 5, 0, 405, 28, 26.09
2026/09/08 22:28:56.510, GPU-ecc6a1f9-42fe-2932-7ea0-1dd285491b7b, 5, 0, 405, 28, 26.09
2026/09/08 22:28:56.715, GPU-ecc6a1f9-42fe-2932-7ea0-1dd285491b7b, 5, 0, 405, 28, 26.09
2026/09/08 22:28:56.919, GPU-ecc6a1f9-42fe-2932-7ea0-1dd285491b7b, 5, 0, 405, 28, 26.09
2026/09/08 22:28:57.122, GPU-ecc6a1f9-42fe-2932-7ea0-1dd285491b7b, 5, 0, 405, 28, 26.09
2026/09/08 22:28:57.326, GPU-ecc6a1f9-42fe-2932-7ea0-1dd285491b7b, 5, 0, 405, 28, 26.09
2026/09/08 22:28:57.529, GPU-ecc6a1f9-42fe-2932-7ea0-1dd285491b7b, 5, 0, 405, 28, 26.09
2026/09/08 22:28:57.734, GPU-ecc6a1f9-42fe-2932-7ea0-1dd285491b7b, 5, 0, 405, 28, 25.85
2026/09/08 22:28:57.938, GPU-ecc6a1f9-42fe-2932-7ea0-1dd285491b7b, 5, 0, 405, 28, 26.09
2026/09/08 22:28:58.141, GPU-ecc6a1f9-42fe-2932-7ea0-1dd285491b7b, 5, 0, 405, 28, 26.09
2026/09/08 22:28:58.345, GPU-ecc6a1f9-42fe-2932-7ea0-1dd285491b7b, 5, 0, 405, 28, 26.09
2026/09/08 22:28:58.548, GPU-ecc6a1f9-42fe-2932-7ea0-1dd285491b7b, 5, 0, 405, 28, 26.09
2026/09/08 22:28:58.754, GPU-ecc6a1f9-42fe-2932-7ea0-1dd285491b7b, 5, 0, 405, 28, 26.09
2026/09/08 22:28:58.958, GPU-ecc6a1f9-42fe-2932-7ea0-1dd285491b7b, 5, 0, 405, 28, 26.09
2026/09/08 22:28:59.161, GPU-ecc6a1f9-42fe-2932-7ea0-1dd285491b7b, 5, 0, 405, 28, 26.09
2026/09/08 22:28:59.365, GPU-ecc6a1f9-42fe-2932-7ea0-1dd285491b7b, 5, 0, 405, 28, 26.09
2026/09/08 22:28:59.568, GPU-ecc6a1f9-42fe-2932-7ea0-1dd285491b7b, 5, 0, 405, 28, 26.09
2026/09/08 22:28:59.773, GPU-ecc6a1f9-42fe-2932-7ea0-1dd285491b7b, 5, 0, 405, 28, 26.09
2026/09/08 22:28:59.977, GPU-ecc6a1f9-42fe-2932-7ea0-1dd285491b7b, 5, 0, 405, 28, 26.09
2026/09/08 22:29:00.180, GPU-ecc6a1f9-42fe-2932-7ea0-1dd285491b7b, 5, 0, 405, 28, 26.09
2026/09/08 22:29:00.384, GPU-ecc6a1f9-42fe-2932-7ea0-1dd285491b7b, 5, 0, 405, 28, 26.09
2026/09/08 22:29:00.588, GPU-ecc6a1f9-42fe-2932-7ea0-1dd285491b7b, 5, 0, 405, 28, 26.09
2026/09/08 22:29:00.793, GPU-ecc6a1f9-42fe-2932-7ea0-1dd285491b7b, 5, 0, 405, 28, 26.09
2026/09/08 22:29:00.996, GPU-ecc6a1f9-42fe-2932-7ea0-1dd285491b7b, 5, 0, 405, 28, 26.09
2026/09/08 22:29:01.200, GPU-ecc6a1f9-42fe-2932-7ea0-1dd285491b7b, 5, 0, 405, 28, 26.09
2026/09/08 22:29:01.403, GPU-ecc6a1f9-42fe-2932-7ea0-1dd285491b7b, 5, 0, 405, 28, 26.09
2026/09/08 22:29:01.607, GPU-ecc6a1f9-42fe-2932-7ea0-1dd285491b7b, 5, 0, 405, 28, 26.09
2026/09/08 22:29:01.812, GPU-ecc6a1f9-42fe-2932-7ea0-1dd285491b7b, 5, 0, 405, 28, 26.09
2026/09/08 22:29:02.015, GPU-ecc6a1f9-42fe-2932-7ea0-1dd285491b7b, 5, 0, 405, 28, 26.09
2026/09/08 22:29:02.219, GPU-ecc6a1f9-42fe-2932-7ea0-1dd285491b7b, 5, 0, 405, 28, 25.85
2026/09/08 22:29:02.422, GPU-ecc6a1f9-42fe-2932-7ea0-1dd285491b7b, 5, 0, 405, 28, 26.09
2026/09/08 22:29:02.626, GPU-ecc6a1f9-42fe-2932-7ea0-1dd285491b7b, 5, 0, 405, 28, 25.85
2026/09/08 22:29:02.829, GPU-ecc6a1f9-42fe-2932-7ea0-1dd285491b7b, 5, 0, 405, 28, 26.09
2026/09/08 22:29:03.034, GPU-ecc6a1f9-42fe-2932-7ea0-1dd285491b7b, 5, 0, 405, 28, 25.85
2026/09/08 22:29:03.238, GPU-ecc6a1f9-42fe-2932-7ea0-1dd285491b7b, 5, 0, 405, 28, 25.85
2026/09/08 22:29:03.441, GPU-ecc6a1f9-42fe-2932-7ea0-1dd285491b7b, 5, 0, 405, 28, 26.09
2026/09/08 22:29:03.645, GPU-ecc6a1f9-42fe-2932-7ea0-1dd285491b7b, 5, 0, 405, 28, 25.85
2026/09/08 22:29:03.848, GPU-ecc6a1f9-42fe-2932-7ea0-1dd285491b7b, 5, 0, 405, 28, 26.09
2026/09/08 22:29:04.052, GPU-ecc6a1f9-42fe-2932-7ea0-1dd285491b7b, 5, 0, 405, 28, 26.09
2026/09/08 22:29:04.259, GPU-ecc6a1f9-42fe-2932-7ea0-1dd285491b7b, 5, 0, 405, 28, 25.85
2026/09/08 22:29:04.462, GPU-ecc6a1f9-42fe-2932-7ea0-1dd285491b7b, 5, 0, 405, 28, 26.09
2026/09/08 22:29:04.666, GPU-ecc6a1f9-42fe-2932-7ea0-1dd285491b7b, 5, 0, 405, 28, 26.09
2026/09/08 22:29:04.870, GPU-ecc6a1f9-42fe-2932-7ea0-1dd285491b7b, 5, 0, 405, 28, 26.09
2026/09/08 22:29:05.073, GPU-ecc6a1f9-42fe-2932-7ea0-1dd285491b7b, 5, 0, 405, 28, 26.09
2026/09/08 22:29:05.277, GPU-ecc6a1f9-42fe-2932-7ea0-1dd285491b7b, 5, 0, 405, 28, 26.09
2026/09/08 22:29:05.481, GPU-ecc6a1f9-42fe-2932-7ea0-1dd285491b7b, 5, 0, 405, 28, 25.85
2026/09/08 22:29:05.685, GPU-ecc6a1f9-42fe-2932-7ea0-1dd285491b7b, 5, 0, 405, 28, 26.09
2026/09/08 22:29:05.889, GPU-ecc6a1f9-42fe-2932-7ea0-1dd285491b7b, 5, 0, 405, 28, 26.09
2026/09/08 22:29:06.092, GPU-ecc6a1f9-42fe-2932-7ea0-1dd285491b7b, 5, 0, 405, 28, 26.09
2026/09/08 22:29:06.296, GPU-ecc6a1f9-42fe-2932-7ea0-1dd285491b7b, 5, 0, 405, 28, 26.09
2026/09/08 22:29:06.501, GPU-ecc6a1f9-42fe-2932-7ea0-1dd285491b7b, 5, 0, 405, 28, 26.09
2026/09/08 22:29:06.704, GPU-ecc6a1f9-42fe-2932-7ea0-1dd285491b7b, 5, 0, 405, 28, 26.09
2026/09/08 22:29:06.908, GPU-ecc6a1f9-42fe-2932-7ea0-1dd285491b7b, 5, 0, 405, 28, 26.09
2026/09/08 22:29:07.111, GPU-ecc6a1f9-42fe-2932-7ea0-1dd285491b7b, 5, 0, 405, 28, 26.09
2026/09/08 22:29:07.315, GPU-ecc6a1f9-42fe-2932-7ea0-1dd285491b7b, 5, 0, 405, 28, 26.09
2026/09/08 22:29:07.520, GPU-ecc6a1f9-42fe-2932-7ea0-1dd285491b7b, 5, 0, 405, 28, 26.09
2026/09/08 22:29:07.723, GPU-ecc6a1f9-42fe-2932-7ea0-1dd285491b7b, 5, 0, 405, 28, 26.09
2026/09/08 22:29:07.927, GPU-ecc6a1f9-42fe-2932-7ea0-1dd285491b7b, 5, 0, 405, 28, 26.09
2026/09/08 22:29:08.130, GPU-ecc6a1f9-42fe-2932-7ea0-1dd285491b7b, 5, 0, 405, 28, 26.09
2026/09/08 22:29:08.334, GPU-ecc6a1f9-42fe-2932-7ea0-1dd285491b7b, 5, 0, 405, 28, 26.09
2026/09/08 22:29:08.539, GPU-ecc6a1f9-42fe-2932-7ea0-1dd285491b7b, 5, 0, 405, 28, 26.09
2026/09/08 22:29:08.743, GPU-ecc6a1f9-42fe-2932-7ea0-1dd285491b7b, 5, 0, 405, 28, 26.09
2026/09/08 22:29:08.946, GPU-ecc6a1f9-42fe-2932-7ea0-1dd285491b7b, 5, 0, 405, 28, 26.09
2026/09/08 22:29:09.150, GPU-ecc6a1f9-42fe-2932-7ea0-1dd285491b7b, 5, 0, 405, 28, 26.09
2026/09/08 22:29:09.353, GPU-ecc6a1f9-42fe-2932-7ea0-1dd285491b7b, 5, 0, 405, 28, 26.09
2026/09/08 22:29:09.559, GPU-ecc6a1f9-42fe-2932-7ea0-1dd285491b7b, 5, 0, 405, 28, 26.09
2026/09/08 22:29:09.763, GPU-ecc6a1f9-42fe-2932-7ea0-1dd285491b7b, 5, 0, 405, 28, 26.09
2026/09/08 22:29:09.966, GPU-ecc6a1f9-42fe-2932-7ea0-1dd285491b7b, 5, 0, 405, 28, 26.09
2026/09/08 22:29:10.170, GPU-ecc6a1f9-42fe-2932-7ea0-1dd285491b7b, 5, 0, 405, 28, 26.09
2026/09/08 22:29:10.373, GPU-ecc6a1f9-42fe-2932-7ea0-1dd285491b7b, 5, 0, 405, 28, 25.85
2026/09/08 22:29:10.578, GPU-ecc6a1f9-42fe-2932-7ea0-1dd285491b7b, 5, 0, 405, 28, 26.09
2026/09/08 22:29:10.782, GPU-ecc6a1f9-42fe-2932-7ea0-1dd285491b7b, 5, 0, 405, 28, 26.09
2026/09/08 22:29:10.985, GPU-ecc6a1f9-42fe-2932-7ea0-1dd285491b7b, 5, 0, 405, 28, 25.85
2026/09/08 22:29:11.189, GPU-ecc6a1f9-42fe-2932-7ea0-1dd285491b7b, 5, 0, 405, 28, 26.09
2026/09/08 22:29:11.392, GPU-ecc6a1f9-42fe-2932-7ea0-1dd285491b7b, 5, 0, 405, 28, 26.09
2026/09/08 22:29:11.597, GPU-ecc6a1f9-42fe-2932-7ea0-1dd285491b7b, 5, 0, 405, 28, 26.09
2026/09/08 22:29:11.801, GPU-ecc6a1f9-42fe-2932-7ea0-1dd285491b7b, 5, 0, 405, 28, 26.09
2026/09/08 22:29:12.004, GPU-ecc6a1f9-42fe-2932-7ea0-1dd285491b7b, 5, 0, 405, 28, 26.09
2026/09/08 22:29:12.208, GPU-ecc6a1f9-42fe-2932-7ea0-1dd285491b7b, 5, 0, 405, 28, 26.09
2026/09/08 22:29:12.412, GPU-ecc6a1f9-42fe-2932-7ea0-1dd285491b7b, 5, 0, 405, 28, 26.09
2026/09/08 22:29:12.617, GPU-ecc6a1f9-42fe-2932-7ea0-1dd285491b7b, 5, 0, 405, 28, 26.09
2026/09/08 22:29:12.820, GPU-ecc6a1f9-42fe-2932-7ea0-1dd285491b7b, 5, 0, 405, 28, 26.09
2026/09/08 22:29:13.024, GPU-ecc6a1f9-42fe-2932-7ea0-1dd285491b7b, 5, 0, 405, 28, 26.09
2026/09/08 22:29:13.227, GPU-ecc6a1f9-42fe-2932-7ea0-1dd285491b7b, 5, 0, 405, 28, 26.09
2026/09/08 22:29:13.431, GPU-ecc6a1f9-42fe-2932-7ea0-1dd285491b7b, 5, 0, 405, 28, 26.09
2026/09/08 22:29:13.636, GPU-ecc6a1f9-42fe-2932-7ea0-1dd285491b7b, 5, 0, 405, 28, 25.85
2026/09/08 22:29:13.840, GPU-ecc6a1f9-42fe-2932-7ea0-1dd285491b7b, 5, 0, 405, 28, 26.09
2026/09/08 22:29:14.043, GPU-ecc6a1f9-42fe-2932-7ea0-1dd285491b7b, 5, 0, 405, 28, 26.09
2026/09/08 22:29:14.247, GPU-ecc6a1f9-42fe-2932-7ea0-1dd285491b7b, 5, 0, 405, 28, 26.09
2026/09/08 22:29:14.450, GPU-ecc6a1f9-42fe-2932-7ea0-1dd285491b7b, 5, 0, 405, 28, 26.09
2026/09/08 22:29:14.656, GPU-ecc6a1f9-42fe-2932-7ea0-1dd285491b7b, 5, 0, 405, 28, 26.09
2026/09/08 22:29:14.859, GPU-ecc6a1f9-42fe-2932-7ea0-1dd285491b7b, 5, 0, 405, 28, 26.09
2026/09/08 22:29:15.063, GPU-ecc6a1f9-42fe-2932-7ea0-1dd285491b7b, 5, 0, 405, 28, 26.09
2026/09/08 22:29:15.266, GPU-ecc6a1f9-42fe-2932-7ea0-1dd285491b7b, 5, 0, 405, 28, 26.09
2026/09/08 22:29:15.470, GPU-ecc6a1f9-42fe-2932-7ea0-1dd285491b7b, 5, 0, 405, 28, 26.09
2026/09/08 22:29:15.675, GPU-ecc6a1f9-42fe-2932-7ea0-1dd285491b7b, 5, 0, 405, 28, 26.09
2026/09/08 22:29:15.878, GPU-ecc6a1f9-42fe-2932-7ea0-1dd285491b7b, 5, 0, 405, 28, 25.85
2026/09/08 22:29:16.082, GPU-ecc6a1f9-42fe-2932-7ea0-1dd285491b7b, 5, 0, 405, 28, 26.09
2026/09/08 22:29:16.285, GPU-ecc6a1f9-42fe-2932-7ea0-1dd285491b7b, 5, 0, 405, 28, 26.09
2026/09/08 22:29:16.489, GPU-ecc6a1f9-42fe-2932-7ea0-1dd285491b7b, 5, 0, 405, 28, 25.85
2026/09/08 22:29:16.694, GPU-ecc6a1f9-42fe-2932-7ea0-1dd285491b7b, 5, 0, 405, 28, 26.09
2026/09/08 22:29:16.898, GPU-ecc6a1f9-42fe-2932-7ea0-1dd285491b7b, 5, 0, 405, 28, 26.09
2026/09/08 22:29:17.102, GPU-ecc6a1f9-42fe-2932-7ea0-1dd285491b7b, 5, 0, 405, 28, 25.85
2026/09/08 22:29:17.305, GPU-ecc6a1f9-42fe-2932-7ea0-1dd285491b7b, 5, 0, 405, 28, 26.09
2026/09/08 22:29:17.509, GPU-ecc6a1f9-42fe-2932-7ea0-1dd285491b7b, 5, 0, 405, 28, 26.09
2026/09/08 22:29:17.714, GPU-ecc6a1f9-42fe-2932-7ea0-1dd285491b7b, 5, 0, 405, 28, 26.09
2026/09/08 22:29:17.917, GPU-ecc6a1f9-42fe-2932-7ea0-1dd285491b7b, 5, 0, 405, 28, 25.85
2026/09/08 22:29:18.121, GPU-ecc6a1f9-42fe-2932-7ea0-1dd285491b7b, 5, 0, 405, 28, 25.85
2026/09/08 22:29:18.324, GPU-ecc6a1f9-42fe-2932-7ea0-1dd285491b7b, 5, 0, 405, 28, 25.85
2026/09/08 22:29:18.528, GPU-ecc6a1f9-42fe-2932-7ea0-1dd285491b7b, 5, 0, 405, 28, 26.09
2026/09/08 22:29:18.733, GPU-ecc6a1f9-42fe-2932-7ea0-1dd285491b7b, 5, 0, 405, 28, 25.85
2026/09/08 22:29:18.937, GPU-ecc6a1f9-42fe-2932-7ea0-1dd285491b7b, 5, 0, 405, 28, 25.85
2026/09/08 22:29:19.140, GPU-ecc6a1f9-42fe-2932-7ea0-1dd285491b7b, 5, 0, 405, 28, 26.09
2026/09/08 22:29:19.344, GPU-ecc6a1f9-42fe-2932-7ea0-1dd285491b7b, 5, 0, 405, 28, 25.85
2026/09/08 22:29:19.547, GPU-ecc6a1f9-42fe-2932-7ea0-1dd285491b7b, 5, 0, 405, 28, 25.85
2026/09/08 22:29:19.753, GPU-ecc6a1f9-42fe-2932-7ea0-1dd285491b7b, 5, 0, 405, 28, 26.09
2026/09/08 22:29:19.956, GPU-ecc6a1f9-42fe-2932-7ea0-1dd285491b7b, 5, 0, 405, 28, 26.09
2026/09/08 22:29:20.160, GPU-ecc6a1f9-42fe-2932-7ea0-1dd285491b7b, 5, 0, 405, 28, 26.09
2026/09/08 22:29:20.364, GPU-ecc6a1f9-42fe-2932-7ea0-1dd285491b7b, 5, 0, 405, 28, 26.09
2026/09/08 22:29:20.567, GPU-ecc6a1f9-42fe-2932-7ea0-1dd285491b7b, 5, 0, 405, 28, 26.09
2026/09/08 22:29:20.772, GPU-ecc6a1f9-42fe-2932-7ea0-1dd285491b7b, 5, 0, 405, 28, 26.09
2026/09/08 22:29:20.976, GPU-ecc6a1f9-42fe-2932-7ea0-1dd285491b7b, 5, 0, 405, 28, 26.09
2026/09/08 22:29:21.179, GPU-ecc6a1f9-42fe-2932-7ea0-1dd285491b7b, 5, 0, 405, 28, 26.09
2026/09/08 22:29:21.383, GPU-ecc6a1f9-42fe-2932-7ea0-1dd285491b7b, 5, 0, 405, 28, 26.09
2026/09/08 22:29:21.587, GPU-ecc6a1f9-42fe-2932-7ea0-1dd285491b7b, 5, 0, 405, 28, 26.09
2026/09/08 22:29:21.792, GPU-ecc6a1f9-42fe-2932-7ea0-1dd285491b7b, 5, 0, 405, 28, 25.85
2026/09/08 22:29:21.995, GPU-ecc6a1f9-42fe-2932-7ea0-1dd285491b7b, 5, 0, 405, 28, 25.85
2026/09/08 22:29:22.199, GPU-ecc6a1f9-42fe-2932-7ea0-1dd285491b7b, 5, 0, 405, 28, 25.85
2026/09/08 22:29:22.402, GPU-ecc6a1f9-42fe-2932-7ea0-1dd285491b7b, 5, 0, 405, 28, 26.09
2026/09/08 22:29:22.606, GPU-ecc6a1f9-42fe-2932-7ea0-1dd285491b7b, 5, 0, 405, 28, 26.09
2026/09/08 22:29:22.811, GPU-ecc6a1f9-42fe-2932-7ea0-1dd285491b7b, 5, 0, 405, 28, 26.09
2026/09/08 22:29:23.014, GPU-ecc6a1f9-42fe-2932-7ea0-1dd285491b7b, 5, 0, 405, 28, 25.85
2026/09/08 22:29:23.218, GPU-ecc6a1f9-42fe-2932-7ea0-1dd285491b7b, 5, 0, 405, 28, 26.09
2026/09/08 22:29:23.421, GPU-ecc6a1f9-42fe-2932-7ea0-1dd285491b7b, 5, 0, 405, 28, 26.09
2026/09/08 22:29:23.625, GPU-ecc6a1f9-42fe-2932-7ea0-1dd285491b7b, 5, 0, 405, 28, 26.09
2026/09/08 22:29:23.830, GPU-ecc6a1f9-42fe-2932-7ea0-1dd285491b7b, 5, 0, 405, 28, 26.09
2026/09/08 22:29:24.034, GPU-ecc6a1f9-42fe-2932-7ea0-1dd285491b7b, 5, 0, 405, 28, 25.85
2026/09/08 22:29:24.237, GPU-ecc6a1f9-42fe-2932-7ea0-1dd285491b7b, 5, 0, 405, 28, 26.09
2026/09/08 22:29:24.441, GPU-ecc6a1f9-42fe-2932-7ea0-1dd285491b7b, 5, 0, 405, 28, 26.09
2026/09/08 22:29:24.644, GPU-ecc6a1f9-42fe-2932-7ea0-1dd285491b7b, 5, 0, 405, 28, 26.09
2026/09/08 22:29:24.848, GPU-ecc6a1f9-42fe-2932-7ea0-1dd285491b7b, 5, 0, 405, 28, 26.09
2026/09/08 22:29:25.053, GPU-ecc6a1f9-42fe-2932-7ea0-1dd285491b7b, 5, 0, 405, 28, 25.85
2026/09/08 22:29:25.256, GPU-ecc6a1f9-42fe-2932-7ea0-1dd285491b7b, 5, 0, 405, 28, 26.09
2026/09/08 22:29:25.460, GPU-ecc6a1f9-42fe-2932-7ea0-1dd285491b7b, 5, 0, 405, 28, 26.09
2026/09/08 22:29:25.663, GPU-ecc6a1f9-42fe-2932-7ea0-1dd285491b7b, 5, 0, 405, 28, 25.85
2026/09/08 22:29:25.867, GPU-ecc6a1f9-42fe-2932-7ea0-1dd285491b7b, 5, 0, 405, 28, 25.85
2026/09/08 22:29:26.070, GPU-ecc6a1f9-42fe-2932-7ea0-1dd285491b7b, 5, 0, 405, 28, 25.85
2026/09/08 22:29:26.276, GPU-ecc6a1f9-42fe-2932-7ea0-1dd285491b7b, 5, 0, 405, 28, 26.09
2026/09/08 22:29:26.480, GPU-ecc6a1f9-42fe-2932-7ea0-1dd285491b7b, 5, 0, 405, 28, 26.09
2026/09/08 22:29:26.683, GPU-ecc6a1f9-42fe-2932-7ea0-1dd285491b7b, 5, 0, 405, 28, 26.09
2026/09/08 22:29:26.887, GPU-ecc6a1f9-42fe-2932-7ea0-1dd285491b7b, 5, 0, 405, 28, 25.85
2026/09/08 22:29:27.090, GPU-ecc6a1f9-42fe-2932-7ea0-1dd285491b7b, 5, 0, 405, 28, 26.09
2026/09/08 22:29:27.294, GPU-ecc6a1f9-42fe-2932-7ea0-1dd285491b7b, 5, 0, 405, 28, 26.09
2026/09/08 22:29:27.499, GPU-ecc6a1f9-42fe-2932-7ea0-1dd285491b7b, 5, 0, 405, 27, 26.09
2026/09/08 22:29:27.702, GPU-ecc6a1f9-42fe-2932-7ea0-1dd285491b7b, 5, 0, 405, 28, 26.09
2026/09/08 22:29:27.906, GPU-ecc6a1f9-42fe-2932-7ea0-1dd285491b7b, 5, 0, 405, 28, 26.09
2026/09/08 22:29:28.109, GPU-ecc6a1f9-42fe-2932-7ea0-1dd285491b7b, 5, 0, 405, 28, 25.85
2026/09/08 22:29:28.313, GPU-ecc6a1f9-42fe-2932-7ea0-1dd285491b7b, 5, 0, 405, 28, 25.85
2026/09/08 22:29:28.519, GPU-ecc6a1f9-42fe-2932-7ea0-1dd285491b7b, 5, 0, 405, 28, 25.85
2026/09/08 22:29:28.723, GPU-ecc6a1f9-42fe-2932-7ea0-1dd285491b7b, 5, 0, 405, 28, 26.09
2026/09/08 22:29:28.926, GPU-ecc6a1f9-42fe-2932-7ea0-1dd285491b7b, 5, 0, 405, 28, 25.85
2026/09/08 22:29:29.130, GPU-ecc6a1f9-42fe-2932-7ea0-1dd285491b7b, 5, 0, 405, 28, 26.09
2026/09/08 22:29:29.333, GPU-ecc6a1f9-42fe-2932-7ea0-1dd285491b7b, 5, 0, 405, 28, 25.85
2026/09/08 22:29:29.538, GPU-ecc6a1f9-42fe-2932-7ea0-1dd285491b7b, 5, 0, 405, 28, 25.85
2026/09/08 22:29:29.742, GPU-ecc6a1f9-42fe-2932-7ea0-1dd285491b7b, 5, 0, 405, 28, 25.85
2026/09/08 22:29:29.945, GPU-ecc6a1f9-42fe-2932-7ea0-1dd285491b7b, 5, 0, 405, 28, 25.85
2026/09/08 22:29:30.149, GPU-ecc6a1f9-42fe-2932-7ea0-1dd285491b7b, 5, 0, 405, 28, 25.85
2026/09/08 22:29:30.352, GPU-ecc6a1f9-42fe-2932-7ea0-1dd285491b7b, 5, 0, 405, 28, 25.85
2026/09/08 22:29:30.558, GPU-ecc6a1f9-42fe-2932-7ea0-1dd285491b7b, 5, 0, 405, 28, 26.09
2026/09/08 22:29:30.761, GPU-ecc6a1f9-42fe-2932-7ea0-1dd285491b7b, 5, 0, 405, 28, 25.85
2026/09/08 22:29:30.965, GPU-ecc6a1f9-42fe-2932-7ea0-1dd285491b7b, 5, 0, 405, 28, 25.85
2026/09/08 22:29:31.168, GPU-ecc6a1f9-42fe-2932-7ea0-1dd285491b7b, 5, 0, 405, 28, 26.09
2026/09/08 22:29:31.372, GPU-ecc6a1f9-42fe-2932-7ea0-1dd285491b7b, 5, 0, 405, 28, 25.85
2026/09/08 22:29:31.577, GPU-ecc6a1f9-42fe-2932-7ea0-1dd285491b7b, 5, 0, 405, 28, 26.09
2026/09/08 22:29:31.781, GPU-ecc6a1f9-42fe-2932-7ea0-1dd285491b7b, 5, 0, 405, 28, 25.85
2026/09/08 22:29:31.985, GPU-ecc6a1f9-42fe-2932-7ea0-1dd285491b7b, 5, 0, 405, 28, 25.85
2026/09/08 22:29:32.189, GPU-ecc6a1f9-42fe-2932-7ea0-1dd285491b7b, 5, 0, 405, 28, 25.85
2026/09/08 22:29:32.392, GPU-ecc6a1f9-42fe-2932-7ea0-1dd285491b7b, 5, 0, 405, 28, 26.09
2026/09/08 22:29:32.597, GPU-ecc6a1f9-42fe-2932-7ea0-1dd285491b7b, 5, 0, 405, 28, 25.85
2026/09/08 22:29:32.800, GPU-ecc6a1f9-42fe-2932-7ea0-1dd285491b7b, 5, 0, 405, 28, 25.85
2026/09/08 22:29:33.004, GPU-ecc6a1f9-42fe-2932-7ea0-1dd285491b7b, 5, 0, 405, 28, 25.85
2026/09/08 22:29:33.207, GPU-ecc6a1f9-42fe-2932-7ea0-1dd285491b7b, 5, 0, 405, 28, 25.85
2026/09/08 22:29:33.411, GPU-ecc6a1f9-42fe-2932-7ea0-1dd285491b7b, 5, 0, 405, 28, 26.09
2026/09/08 22:29:33.616, GPU-ecc6a1f9-42fe-2932-7ea0-1dd285491b7b, 5, 0, 405, 28, 25.85
2026/09/08 22:29:33.819, GPU-ecc6a1f9-42fe-2932-7ea0-1dd285491b7b, 5, 0, 405, 28, 26.09
2026/09/08 22:29:34.023, GPU-ecc6a1f9-42fe-2932-7ea0-1dd285491b7b, 5, 0, 405, 28, 25.85
2026/09/08 22:29:34.226, GPU-ecc6a1f9-42fe-2932-7ea0-1dd285491b7b, 5, 0, 405, 28, 25.85
2026/09/08 22:29:34.430, GPU-ecc6a1f9-42fe-2932-7ea0-1dd285491b7b, 5, 0, 405, 28, 26.09
2026/09/08 22:29:34.635, GPU-ecc6a1f9-42fe-2932-7ea0-1dd285491b7b, 5, 0, 405, 28, 25.85
2026/09/08 22:29:34.839, GPU-ecc6a1f9-42fe-2932-7ea0-1dd285491b7b, 5, 0, 405, 28, 26.09
2026/09/08 22:29:35.042, GPU-ecc6a1f9-42fe-2932-7ea0-1dd285491b7b, 5, 0, 405, 28, 25.85
2026/09/08 22:29:35.246, GPU-ecc6a1f9-42fe-2932-7ea0-1dd285491b7b, 5, 0, 405, 28, 25.85
2026/09/08 22:29:35.449, GPU-ecc6a1f9-42fe-2932-7ea0-1dd285491b7b, 5, 0, 405, 28, 25.85
2026/09/08 22:29:35.655, GPU-ecc6a1f9-42fe-2932-7ea0-1dd285491b7b, 5, 0, 405, 28, 26.09
2026/09/08 22:29:35.858, GPU-ecc6a1f9-42fe-2932-7ea0-1dd285491b7b, 5, 0, 405, 28, 26.09
2026/09/08 22:29:36.062, GPU-ecc6a1f9-42fe-2932-7ea0-1dd285491b7b, 5, 0, 405, 28, 25.85
2026/09/08 22:29:36.265, GPU-ecc6a1f9-42fe-2932-7ea0-1dd285491b7b, 5, 0, 405, 27, 26.09
2026/09/08 22:29:36.469, GPU-ecc6a1f9-42fe-2932-7ea0-1dd285491b7b, 5, 0, 405, 27, 26.09
2026/09/08 22:29:36.674, GPU-ecc6a1f9-42fe-2932-7ea0-1dd285491b7b, 5, 0, 405, 27, 25.85
2026/09/08 22:29:36.877, GPU-ecc6a1f9-42fe-2932-7ea0-1dd285491b7b, 5, 0, 405, 28, 25.85
2026/09/08 22:29:37.081, GPU-ecc6a1f9-42fe-2932-7ea0-1dd285491b7b, 5, 0, 405, 28, 25.85
2026/09/08 22:29:37.285, GPU-ecc6a1f9-42fe-2932-7ea0-1dd285491b7b, 5, 0, 405, 28, 25.85
2026/09/08 22:29:37.488, GPU-ecc6a1f9-42fe-2932-7ea0-1dd285491b7b, 5, 0, 405, 28, 25.85
2026/09/08 22:29:37.693, GPU-ecc6a1f9-42fe-2932-7ea0-1dd285491b7b, 5, 0, 405, 28, 26.09
2026/09/08 22:29:37.897, GPU-ecc6a1f9-42fe-2932-7ea0-1dd285491b7b, 5, 0, 405, 27, 25.85
2026/09/08 22:29:38.100, GPU-ecc6a1f9-42fe-2932-7ea0-1dd285491b7b, 5, 0, 405, 28, 25.85
2026/09/08 22:29:38.304, GPU-ecc6a1f9-42fe-2932-7ea0-1dd285491b7b, 5, 0, 405, 28, 25.85
2026/09/08 22:29:38.508, GPU-ecc6a1f9-42fe-2932-7ea0-1dd285491b7b, 5, 0, 405, 28, 25.85
2026/09/08 22:29:38.713, GPU-ecc6a1f9-42fe-2932-7ea0-1dd285491b7b, 5, 0, 405, 28, 25.85
2026/09/08 22:29:38.916, GPU-ecc6a1f9-42fe-2932-7ea0-1dd285491b7b, 5, 0, 405, 28, 25.85
2026/09/08 22:29:39.120, GPU-ecc6a1f9-42fe-2932-7ea0-1dd285491b7b, 5, 0, 405, 28, 25.85
2026/09/08 22:29:39.323, GPU-ecc6a1f9-42fe-2932-7ea0-1dd285491b7b, 5, 0, 405, 28, 26.09
2026/09/08 22:29:39.527, GPU-ecc6a1f9-42fe-2932-7ea0-1dd285491b7b, 5, 0, 405, 27, 26.09
2026/09/08 22:29:39.732, GPU-ecc6a1f9-42fe-2932-7ea0-1dd285491b7b, 5, 0, 405, 27, 26.09
2026/09/08 22:29:39.936, GPU-ecc6a1f9-42fe-2932-7ea0-1dd285491b7b, 5, 0, 405, 27, 25.85
2026/09/08 22:29:40.139, GPU-ecc6a1f9-42fe-2932-7ea0-1dd285491b7b, 5, 0, 405, 28, 26.09
2026/09/08 22:29:40.343, GPU-ecc6a1f9-42fe-2932-7ea0-1dd285491b7b, 5, 0, 405, 28, 25.85
2026/09/08 22:29:40.546, GPU-ecc6a1f9-42fe-2932-7ea0-1dd285491b7b, 5, 0, 405, 27, 26.09
2026/09/08 22:29:40.752, GPU-ecc6a1f9-42fe-2932-7ea0-1dd285491b7b, 5, 0, 405, 28, 25.85
2026/09/08 22:29:40.955, GPU-ecc6a1f9-42fe-2932-7ea0-1dd285491b7b, 5, 0, 405, 28, 25.85
2026/09/08 22:29:41.159, GPU-ecc6a1f9-42fe-2932-7ea0-1dd285491b7b, 5, 0, 405, 28, 25.85
2026/09/08 22:29:41.362, GPU-ecc6a1f9-42fe-2932-7ea0-1dd285491b7b, 5, 0, 405, 28, 26.09
2026/09/08 22:29:41.566, GPU-ecc6a1f9-42fe-2932-7ea0-1dd285491b7b, 5, 0, 405, 28, 26.09
2026/09/08 22:29:41.771, GPU-ecc6a1f9-42fe-2932-7ea0-1dd285491b7b, 5, 0, 405, 28, 26.09
2026/09/08 22:29:41.975, GPU-ecc6a1f9-42fe-2932-7ea0-1dd285491b7b, 5, 0, 405, 28, 26.09
2026/09/08 22:29:42.178, GPU-ecc6a1f9-42fe-2932-7ea0-1dd285491b7b, 5, 0, 405, 28, 25.85
2026/09/08 22:29:42.382, GPU-ecc6a1f9-42fe-2932-7ea0-1dd285491b7b, 5, 0, 405, 28, 26.09
2026/09/08 22:29:42.585, GPU-ecc6a1f9-42fe-2932-7ea0-1dd285491b7b, 5, 0, 405, 28, 26.09
2026/09/08 22:29:42.791, GPU-ecc6a1f9-42fe-2932-7ea0-1dd285491b7b, 5, 0, 405, 28, 26.09
2026/09/08 22:29:42.994, GPU-ecc6a1f9-42fe-2932-7ea0-1dd285491b7b, 5, 0, 405, 28, 26.09
2026/09/08 22:29:43.198, GPU-ecc6a1f9-42fe-2932-7ea0-1dd285491b7b, 5, 0, 405, 28, 26.09
2026/09/08 22:29:43.401, GPU-ecc6a1f9-42fe-2932-7ea0-1dd285491b7b, 5, 0, 405, 28, 25.85
2026/09/08 22:29:43.605, GPU-ecc6a1f9-42fe-2932-7ea0-1dd285491b7b, 5, 0, 405, 28, 26.09
2026/09/08 22:29:43.810, GPU-ecc6a1f9-42fe-2932-7ea0-1dd285491b7b, 5, 0, 405, 28, 25.85
2026/09/08 22:29:44.014, GPU-ecc6a1f9-42fe-2932-7ea0-1dd285491b7b, 5, 0, 405, 28, 25.85
2026/09/08 22:29:44.217, GPU-ecc6a1f9-42fe-2932-7ea0-1dd285491b7b, 5, 0, 405, 28, 25.85
2026/09/08 22:29:44.421, GPU-ecc6a1f9-42fe-2932-7ea0-1dd285491b7b, 5, 0, 405, 28, 25.85
2026/09/08 22:29:44.624, GPU-ecc6a1f9-42fe-2932-7ea0-1dd285491b7b, 5, 0, 405, 28, 26.09
2026/09/08 22:29:44.829, GPU-ecc6a1f9-42fe-2932-7ea0-1dd285491b7b, 5, 0, 405, 28, 26.09
2026/09/08 22:29:45.033, GPU-ecc6a1f9-42fe-2932-7ea0-1dd285491b7b, 5, 0, 405, 28, 26.09
2026/09/08 22:29:45.237, GPU-ecc6a1f9-42fe-2932-7ea0-1dd285491b7b, 5, 0, 405, 28, 26.09
2026/09/08 22:29:45.440, GPU-ecc6a1f9-42fe-2932-7ea0-1dd285491b7b, 5, 0, 405, 28, 26.09
2026/09/08 22:29:45.644, GPU-ecc6a1f9-42fe-2932-7ea0-1dd285491b7b, 5, 0, 405, 28, 26.09
2026/09/08 22:29:45.849, GPU-ecc6a1f9-42fe-2932-7ea0-1dd285491b7b, 5, 0, 405, 28, 26.09
2026/09/08 22:29:46.052, GPU-ecc6a1f9-42fe-2932-7ea0-1dd285491b7b, 5, 0, 405, 28, 25.85
2026/09/08 22:29:46.256, GPU-ecc6a1f9-42fe-2932-7ea0-1dd285491b7b, 5, 0, 405, 28, 26.09
2026/09/08 22:29:46.459, GPU-ecc6a1f9-42fe-2932-7ea0-1dd285491b7b, 5, 0, 405, 28, 26.09
2026/09/08 22:29:46.663, GPU-ecc6a1f9-42fe-2932-7ea0-1dd285491b7b, 5, 0, 405, 28, 25.85
2026/09/08 22:29:46.870, GPU-ecc6a1f9-42fe-2932-7ea0-1dd285491b7b, 5, 0, 405, 28, 25.85
2026/09/08 22:29:47.073, GPU-ecc6a1f9-42fe-2932-7ea0-1dd285491b7b, 5, 0, 405, 28, 25.85
2026/09/08 22:29:47.277, GPU-ecc6a1f9-42fe-2932-7ea0-1dd285491b7b, 5, 0, 405, 27, 25.85
2026/09/08 22:29:47.480, GPU-ecc6a1f9-42fe-2932-7ea0-1dd285491b7b, 5, 0, 405, 27, 26.09
2026/09/08 22:29:47.684, GPU-ecc6a1f9-42fe-2932-7ea0-1dd285491b7b, 5, 0, 405, 28, 26.09
2026/09/08 22:29:47.887, GPU-ecc6a1f9-42fe-2932-7ea0-1dd285491b7b, 5, 0, 405, 28, 25.85
2026/09/08 22:29:48.094, GPU-ecc6a1f9-42fe-2932-7ea0-1dd285491b7b, 5, 0, 405, 28, 25.85
2026/09/08 22:29:48.297, GPU-ecc6a1f9-42fe-2932-7ea0-1dd285491b7b, 5, 0, 405, 28, 25.85
2026/09/08 22:29:48.501, GPU-ecc6a1f9-42fe-2932-7ea0-1dd285491b7b, 5, 0, 405, 28, 26.09
2026/09/08 22:29:48.704, GPU-ecc6a1f9-42fe-2932-7ea0-1dd285491b7b, 5, 0, 405, 27, 26.09
2026/09/08 22:29:48.908, GPU-ecc6a1f9-42fe-2932-7ea0-1dd285491b7b, 5, 0, 405, 28, 25.85
2026/09/08 22:29:49.111, GPU-ecc6a1f9-42fe-2932-7ea0-1dd285491b7b, 5, 0, 405, 27, 26.09
2026/09/08 22:29:49.318, GPU-ecc6a1f9-42fe-2932-7ea0-1dd285491b7b, 5, 0, 405, 28, 26.09
2026/09/08 22:29:49.521, GPU-ecc6a1f9-42fe-2932-7ea0-1dd285491b7b, 5, 0, 405, 27, 26.09
2026/09/08 22:29:49.725, GPU-ecc6a1f9-42fe-2932-7ea0-1dd285491b7b, 5, 0, 405, 28, 25.85
2026/09/08 22:29:49.928, GPU-ecc6a1f9-42fe-2932-7ea0-1dd285491b7b, 5, 0, 405, 28, 25.85
2026/09/08 22:29:50.132, GPU-ecc6a1f9-42fe-2932-7ea0-1dd285491b7b, 5, 0, 405, 27, 26.09
2026/09/08 22:29:50.339, GPU-ecc6a1f9-42fe-2932-7ea0-1dd285491b7b, 5, 0, 405, 27, 26.09
2026/09/08 22:29:50.542, GPU-ecc6a1f9-42fe-2932-7ea0-1dd285491b7b, 5, 0, 405, 27, 25.85
2026/09/08 22:29:50.746, GPU-ecc6a1f9-42fe-2932-7ea0-1dd285491b7b, 5, 0, 405, 27, 26.09
2026/09/08 22:29:50.949, GPU-ecc6a1f9-42fe-2932-7ea0-1dd285491b7b, 5, 0, 405, 27, 26.09
2026/09/08 22:29:51.153, GPU-ecc6a1f9-42fe-2932-7ea0-1dd285491b7b, 5, 0, 405, 27, 25.85
2026/09/08 22:29:51.358, GPU-ecc6a1f9-42fe-2932-7ea0-1dd285491b7b, 5, 0, 405, 28, 25.85
2026/09/08 22:29:51.561, GPU-ecc6a1f9-42fe-2932-7ea0-1dd285491b7b, 5, 0, 405, 27, 26.09
2026/09/08 22:29:51.765, GPU-ecc6a1f9-42fe-2932-7ea0-1dd285491b7b, 5, 0, 405, 28, 25.85
2026/09/08 22:29:51.968, GPU-ecc6a1f9-42fe-2932-7ea0-1dd285491b7b, 5, 0, 405, 27, 26.09
2026/09/08 22:29:52.172, GPU-ecc6a1f9-42fe-2932-7ea0-1dd285491b7b, 5, 0, 405, 27, 26.09
2026/09/08 22:29:52.377, GPU-ecc6a1f9-42fe-2932-7ea0-1dd285491b7b, 5, 0, 405, 27, 25.85
2026/09/08 22:29:52.581, GPU-ecc6a1f9-42fe-2932-7ea0-1dd285491b7b, 5, 0, 405, 27, 26.09
2026/09/08 22:29:52.784, GPU-ecc6a1f9-42fe-2932-7ea0-1dd285491b7b, 5, 0, 405, 28, 26.09
2026/09/08 22:29:52.988, GPU-ecc6a1f9-42fe-2932-7ea0-1dd285491b7b, 5, 0, 405, 27, 26.09
2026/09/08 22:29:53.191, GPU-ecc6a1f9-42fe-2932-7ea0-1dd285491b7b, 5, 0, 405, 27, 26.09
2026/09/08 22:29:53.397, GPU-ecc6a1f9-42fe-2932-7ea0-1dd285491b7b, 5, 0, 405, 28, 25.85
2026/09/08 22:29:53.600, GPU-ecc6a1f9-42fe-2932-7ea0-1dd285491b7b, 5, 0, 405, 28, 26.09
2026/09/08 22:29:53.804, GPU-ecc6a1f9-42fe-2932-7ea0-1dd285491b7b, 5, 0, 405, 27, 26.09
2026/09/08 22:29:54.007, GPU-ecc6a1f9-42fe-2932-7ea0-1dd285491b7b, 5, 0, 405, 28, 26.09
2026/09/08 22:29:54.211, GPU-ecc6a1f9-42fe-2932-7ea0-1dd285491b7b, 5, 0, 405, 28, 26.09
2026/09/08 22:29:54.416, GPU-ecc6a1f9-42fe-2932-7ea0-1dd285491b7b, 5, 0, 405, 28, 26.09
2026/09/08 22:29:54.620, GPU-ecc6a1f9-42fe-2932-7ea0-1dd285491b7b, 5, 0, 405, 27, 25.85
2026/09/08 22:29:54.823, GPU-ecc6a1f9-42fe-2932-7ea0-1dd285491b7b, 5, 0, 405, 27, 26.09
2026/09/08 22:29:55.027, GPU-ecc6a1f9-42fe-2932-7ea0-1dd285491b7b, 5, 0, 405, 27, 26.09
2026/09/08 22:29:55.230, GPU-ecc6a1f9-42fe-2932-7ea0-1dd285491b7b, 5, 0, 405, 27, 26.09
2026/09/08 22:29:55.435, GPU-ecc6a1f9-42fe-2932-7ea0-1dd285491b7b, 5, 0, 405, 28, 26.09
2026/09/08 22:29:55.639, GPU-ecc6a1f9-42fe-2932-7ea0-1dd285491b7b, 5, 0, 405, 28, 26.09
2026/09/08 22:29:55.842, GPU-ecc6a1f9-42fe-2932-7ea0-1dd285491b7b, 5, 0, 405, 28, 26.09
2026/09/08 22:29:56.046, GPU-ecc6a1f9-42fe-2932-7ea0-1dd285491b7b, 5, 0, 405, 28, 26.09
2026/09/08 22:29:56.249, GPU-ecc6a1f9-42fe-2932-7ea0-1dd285491b7b, 5, 0, 405, 27, 26.09
2026/09/08 22:29:56.455, GPU-ecc6a1f9-42fe-2932-7ea0-1dd285491b7b, 5, 0, 405, 28, 26.09
2026/09/08 22:29:56.658, GPU-ecc6a1f9-42fe-2932-7ea0-1dd285491b7b, 5, 0, 405, 27, 26.09
2026/09/08 22:29:56.862, GPU-ecc6a1f9-42fe-2932-7ea0-1dd285491b7b, 5, 0, 405, 27, 26.09
2026/09/08 22:29:57.065, GPU-ecc6a1f9-42fe-2932-7ea0-1dd285491b7b, 5, 0, 405, 28, 26.09
2026/09/08 22:29:57.269, GPU-ecc6a1f9-42fe-2932-7ea0-1dd285491b7b, 5, 0, 405, 27, 26.09
2026/09/08 22:29:57.474, GPU-ecc6a1f9-42fe-2932-7ea0-1dd285491b7b, 5, 0, 405, 27, 26.09
2026/09/08 22:29:57.678, GPU-ecc6a1f9-42fe-2932-7ea0-1dd285491b7b, 5, 0, 405, 27, 26.09
2026/09/08 22:29:57.881, GPU-ecc6a1f9-42fe-2932-7ea0-1dd285491b7b, 5, 0, 405, 28, 26.09
2026/09/08 22:29:58.085, GPU-ecc6a1f9-42fe-2932-7ea0-1dd285491b7b, 5, 0, 405, 28, 25.85
2026/09/08 22:29:58.288, GPU-ecc6a1f9-42fe-2932-7ea0-1dd285491b7b, 5, 0, 405, 27, 25.85
2026/09/08 22:29:58.494, GPU-ecc6a1f9-42fe-2932-7ea0-1dd285491b7b, 5, 0, 405, 27, 25.85
2026/09/08 22:29:58.697, GPU-ecc6a1f9-42fe-2932-7ea0-1dd285491b7b, 5, 0, 405, 27, 26.09
2026/09/08 22:29:58.901, GPU-ecc6a1f9-42fe-2932-7ea0-1dd285491b7b, 5, 0, 405, 27, 26.09
2026/09/08 22:29:59.104, GPU-ecc6a1f9-42fe-2932-7ea0-1dd285491b7b, 5, 0, 405, 27, 26.09
2026/09/08 22:29:59.308, GPU-ecc6a1f9-42fe-2932-7ea0-1dd285491b7b, 5, 0, 405, 28, 25.85
2026/09/08 22:29:59.513, GPU-ecc6a1f9-42fe-2932-7ea0-1dd285491b7b, 5, 0, 405, 27, 26.09
2026/09/08 22:29:59.717, GPU-ecc6a1f9-42fe-2932-7ea0-1dd285491b7b, 5, 0, 405, 27, 25.85
2026/09/08 22:29:59.920, GPU-ecc6a1f9-42fe-2932-7ea0-1dd285491b7b, 5, 0, 405, 27, 26.09
2026/09/08 22:30:00.124, GPU-ecc6a1f9-42fe-2932-7ea0-1dd285491b7b, 5, 0, 405, 28, 25.85
2026/09/08 22:30:00.327, GPU-ecc6a1f9-42fe-2932-7ea0-1dd285491b7b, 5, 0, 405, 27, 26.09
2026/09/08 22:30:00.532, GPU-ecc6a1f9-42fe-2932-7ea0-1dd285491b7b, 5, 0, 405, 27, 25.85
2026/09/08 22:30:00.736, GPU-ecc6a1f9-42fe-2932-7ea0-1dd285491b7b, 5, 0, 405, 27, 26.09
2026/09/08 22:30:00.939, GPU-ecc6a1f9-42fe-2932-7ea0-1dd285491b7b, 5, 0, 405, 28, 25.85
2026/09/08 22:30:01.143, GPU-ecc6a1f9-42fe-2932-7ea0-1dd285491b7b, 5, 0, 405, 27, 25.85
2026/09/08 22:30:01.346, GPU-ecc6a1f9-42fe-2932-7ea0-1dd285491b7b, 5, 0, 405, 27, 25.85
2026/09/08 22:30:01.552, GPU-ecc6a1f9-42fe-2932-7ea0-1dd285491b7b, 5, 0, 405, 27, 25.85
2026/09/08 22:30:01.755, GPU-ecc6a1f9-42fe-2932-7ea0-1dd285491b7b, 5, 0, 405, 27, 25.85
2026/09/08 22:30:01.959, GPU-ecc6a1f9-42fe-2932-7ea0-1dd285491b7b, 5, 0, 405, 27, 25.85
2026/09/08 22:30:02.162, GPU-ecc6a1f9-42fe-2932-7ea0-1dd285491b7b, 5, 0, 405, 27, 25.85
2026/09/08 22:30:02.366, GPU-ecc6a1f9-42fe-2932-7ea0-1dd285491b7b, 5, 0, 405, 28, 25.85
2026/09/08 22:30:02.571, GPU-ecc6a1f9-42fe-2932-7ea0-1dd285491b7b, 5, 0, 405, 27, 25.85
2026/09/08 22:30:02.775, GPU-ecc6a1f9-42fe-2932-7ea0-1dd285491b7b, 5, 0, 405, 27, 25.85
2026/09/08 22:30:02.978, GPU-ecc6a1f9-42fe-2932-7ea0-1dd285491b7b, 5, 0, 405, 27, 25.85
2026/09/08 22:30:03.182, GPU-ecc6a1f9-42fe-2932-7ea0-1dd285491b7b, 5, 0, 405, 27, 26.09
2026/09/08 22:30:03.385, GPU-ecc6a1f9-42fe-2932-7ea0-1dd285491b7b, 5, 0, 405, 27, 26.09
2026/09/08 22:30:03.591, GPU-ecc6a1f9-42fe-2932-7ea0-1dd285491b7b, 5, 0, 405, 27, 26.09
2026/09/08 22:30:03.794, GPU-ecc6a1f9-42fe-2932-7ea0-1dd285491b7b, 5, 0, 405, 27, 25.85
2026/09/08 22:30:03.998, GPU-ecc6a1f9-42fe-2932-7ea0-1dd285491b7b, 5, 0, 405, 27, 25.85
2026/09/08 22:30:04.201, GPU-ecc6a1f9-42fe-2932-7ea0-1dd285491b7b, 5, 0, 405, 27, 26.09
2026/09/08 22:30:04.405, GPU-ecc6a1f9-42fe-2932-7ea0-1dd285491b7b, 5, 0, 405, 27, 26.09
2026/09/08 22:30:04.610, GPU-ecc6a1f9-42fe-2932-7ea0-1dd285491b7b, 5, 0, 405, 28, 25.85
2026/09/08 22:30:04.814, GPU-ecc6a1f9-42fe-2932-7ea0-1dd285491b7b, 5, 0, 405, 27, 26.09
2026/09/08 22:30:05.017, GPU-ecc6a1f9-42fe-2932-7ea0-1dd285491b7b, 5, 0, 405, 27, 26.09
2026/09/08 22:30:05.221, GPU-ecc6a1f9-42fe-2932-7ea0-1dd285491b7b, 5, 0, 405, 27, 25.85
2026/09/08 22:30:05.424, GPU-ecc6a1f9-42fe-2932-7ea0-1dd285491b7b, 5, 0, 405, 27, 26.09
2026/09/08 22:30:05.630, GPU-ecc6a1f9-42fe-2932-7ea0-1dd285491b7b, 5, 0, 405, 27, 26.09
2026/09/08 22:30:05.833, GPU-ecc6a1f9-42fe-2932-7ea0-1dd285491b7b, 5, 0, 405, 28, 26.09
2026/09/08 22:30:06.037, GPU-ecc6a1f9-42fe-2932-7ea0-1dd285491b7b, 5, 0, 405, 27, 25.85
2026/09/08 22:30:06.240, GPU-ecc6a1f9-42fe-2932-7ea0-1dd285491b7b, 5, 0, 405, 27, 25.85
2026/09/08 22:30:06.444, GPU-ecc6a1f9-42fe-2932-7ea0-1dd285491b7b, 5, 0, 405, 28, 26.09
2026/09/08 22:30:06.649, GPU-ecc6a1f9-42fe-2932-7ea0-1dd285491b7b, 5, 0, 405, 27, 26.09
2026/09/08 22:30:06.852, GPU-ecc6a1f9-42fe-2932-7ea0-1dd285491b7b, 5, 0, 405, 27, 26.09
2026/09/08 22:30:07.056, GPU-ecc6a1f9-42fe-2932-7ea0-1dd285491b7b, 5, 0, 405, 28, 26.09
2026/09/08 22:30:07.259, GPU-ecc6a1f9-42fe-2932-7ea0-1dd285491b7b, 5, 0, 405, 27, 26.09
2026/09/08 22:30:07.463, GPU-ecc6a1f9-42fe-2932-7ea0-1dd285491b7b, 5, 0, 405, 27, 26.09
2026/09/08 22:30:07.668, GPU-ecc6a1f9-42fe-2932-7ea0-1dd285491b7b, 5, 0, 405, 27, 26.09
2026/09/08 22:30:07.872, GPU-ecc6a1f9-42fe-2932-7ea0-1dd285491b7b, 5, 0, 405, 27, 26.09
2026/09/08 22:30:08.075, GPU-ecc6a1f9-42fe-2932-7ea0-1dd285491b7b, 5, 0, 405, 27, 26.09
2026/09/08 22:30:08.279, GPU-ecc6a1f9-42fe-2932-7ea0-1dd285491b7b, 5, 0, 405, 28, 26.09
2026/09/08 22:30:08.482, GPU-ecc6a1f9-42fe-2932-7ea0-1dd285491b7b, 5, 0, 405, 27, 25.85
2026/09/08 22:30:08.688, GPU-ecc6a1f9-42fe-2932-7ea0-1dd285491b7b, 5, 0, 405, 28, 26.09
2026/09/08 22:30:08.891, GPU-ecc6a1f9-42fe-2932-7ea0-1dd285491b7b, 5, 0, 405, 27, 26.09
2026/09/08 22:30:09.095, GPU-ecc6a1f9-42fe-2932-7ea0-1dd285491b7b, 5, 0, 405, 28, 26.09
2026/09/08 22:30:09.298, GPU-ecc6a1f9-42fe-2932-7ea0-1dd285491b7b, 5, 0, 405, 27, 26.09
2026/09/08 22:30:09.502, GPU-ecc6a1f9-42fe-2932-7ea0-1dd285491b7b, 5, 0, 405, 27, 26.09
2026/09/08 22:30:09.706, GPU-ecc6a1f9-42fe-2932-7ea0-1dd285491b7b, 5, 0, 405, 27, 26.09
2026/09/08 22:30:09.912, GPU-ecc6a1f9-42fe-2932-7ea0-1dd285491b7b, 5, 0, 405, 27, 25.85
2026/09/08 22:30:10.115, GPU-ecc6a1f9-42fe-2932-7ea0-1dd285491b7b, 5, 0, 405, 27, 25.85
2026/09/08 22:30:10.319, GPU-ecc6a1f9-42fe-2932-7ea0-1dd285491b7b, 5, 0, 405, 27, 25.85
2026/09/08 22:30:10.522, GPU-ecc6a1f9-42fe-2932-7ea0-1dd285491b7b, 5, 0, 405, 27, 26.09
2026/09/08 22:30:10.726, GPU-ecc6a1f9-42fe-2932-7ea0-1dd285491b7b, 5, 0, 405, 27, 26.09
2026/09/08 22:30:10.929, GPU-ecc6a1f9-42fe-2932-7ea0-1dd285491b7b, 5, 0, 405, 27, 26.09
2026/09/08 22:30:11.135, GPU-ecc6a1f9-42fe-2932-7ea0-1dd285491b7b, 5, 0, 405, 27, 26.09
2026/09/08 22:30:11.339, GPU-ecc6a1f9-42fe-2932-7ea0-1dd285491b7b, 5, 0, 405, 27, 25.85
2026/09/08 22:30:11.542, GPU-ecc6a1f9-42fe-2932-7ea0-1dd285491b7b, 5, 0, 405, 27, 26.09
2026/09/08 22:30:11.746, GPU-ecc6a1f9-42fe-2932-7ea0-1dd285491b7b, 5, 0, 405, 27, 25.85
2026/09/08 22:30:11.949, GPU-ecc6a1f9-42fe-2932-7ea0-1dd285491b7b, 5, 0, 405, 27, 26.09
2026/09/08 22:30:12.153, GPU-ecc6a1f9-42fe-2932-7ea0-1dd285491b7b, 5, 0, 405, 27, 25.85
2026/09/08 22:30:12.357, GPU-ecc6a1f9-42fe-2932-7ea0-1dd285491b7b, 5, 0, 405, 27, 26.09
2026/09/08 22:30:12.560, GPU-ecc6a1f9-42fe-2932-7ea0-1dd285491b7b, 5, 0, 405, 27, 26.09
2026/09/08 22:30:12.764, GPU-ecc6a1f9-42fe-2932-7ea0-1dd285491b7b, 5, 0, 405, 27, 25.85
2026/09/08 22:30:12.967, GPU-ecc6a1f9-42fe-2932-7ea0-1dd285491b7b, 5, 0, 405, 27, 25.85
2026/09/08 22:30:13.171, GPU-ecc6a1f9-42fe-2932-7ea0-1dd285491b7b, 5, 0, 405, 27, 26.09
2026/09/08 22:30:13.376, GPU-ecc6a1f9-42fe-2932-7ea0-1dd285491b7b, 5, 0, 405, 27, 25.85
2026/09/08 22:30:13.579, GPU-ecc6a1f9-42fe-2932-7ea0-1dd285491b7b, 5, 0, 405, 27, 25.85
2026/09/08 22:30:13.783, GPU-ecc6a1f9-42fe-2932-7ea0-1dd285491b7b, 5, 0, 405, 27, 26.09
2026/09/08 22:30:13.986, GPU-ecc6a1f9-42fe-2932-7ea0-1dd285491b7b, 5, 0, 405, 27, 26.09
2026/09/08 22:30:14.190, GPU-ecc6a1f9-42fe-2932-7ea0-1dd285491b7b, 5, 0, 405, 28, 25.85
2026/09/08 22:30:14.395, GPU-ecc6a1f9-42fe-2932-7ea0-1dd285491b7b, 5, 0, 405, 27, 25.85
2026/09/08 22:30:14.599, GPU-ecc6a1f9-42fe-2932-7ea0-1dd285491b7b, 5, 0, 405, 27, 25.85
2026/09/08 22:30:14.802, GPU-ecc6a1f9-42fe-2932-7ea0-1dd285491b7b, 5, 0, 405, 27, 25.85
2026/09/08 22:30:15.006, GPU-ecc6a1f9-42fe-2932-7ea0-1dd285491b7b, 5, 0, 405, 27, 25.85
2026/09/08 22:30:15.209, GPU-ecc6a1f9-42fe-2932-7ea0-1dd285491b7b, 5, 0, 405, 27, 26.09
2026/09/08 22:30:15.415, GPU-ecc6a1f9-42fe-2932-7ea0-1dd285491b7b, 5, 0, 405, 27, 26.09
2026/09/08 22:30:15.618, GPU-ecc6a1f9-42fe-2932-7ea0-1dd285491b7b, 5, 0, 405, 27, 25.85
2026/09/08 22:30:15.822, GPU-ecc6a1f9-42fe-2932-7ea0-1dd285491b7b, 5, 0, 405, 27, 26.09
2026/09/08 22:30:16.025, GPU-ecc6a1f9-42fe-2932-7ea0-1dd285491b7b, 5, 0, 405, 27, 26.09
2026/09/08 22:30:16.229, GPU-ecc6a1f9-42fe-2932-7ea0-1dd285491b7b, 5, 0, 405, 27, 26.09
2026/09/08 22:30:16.434, GPU-ecc6a1f9-42fe-2932-7ea0-1dd285491b7b, 5, 0, 405, 27, 26.09
2026/09/08 22:30:16.638, GPU-ecc6a1f9-42fe-2932-7ea0-1dd285491b7b, 5, 0, 405, 28, 25.85
2026/09/08 22:30:16.841, GPU-ecc6a1f9-42fe-2932-7ea0-1dd285491b7b, 5, 0, 405, 27, 26.09
2026/09/08 22:30:17.045, GPU-ecc6a1f9-42fe-2932-7ea0-1dd285491b7b, 5, 0, 405, 27, 26.09
2026/09/08 22:30:17.248, GPU-ecc6a1f9-42fe-2932-7ea0-1dd285491b7b, 5, 0, 405, 27, 25.85
2026/09/08 22:30:17.454, GPU-ecc6a1f9-42fe-2932-7ea0-1dd285491b7b, 5, 0, 405, 27, 26.09
2026/09/08 22:30:17.657, GPU-ecc6a1f9-42fe-2932-7ea0-1dd285491b7b, 5, 0, 405, 27, 25.85
2026/09/08 22:30:17.860, GPU-ecc6a1f9-42fe-2932-7ea0-1dd285491b7b, 5, 0, 405, 27, 26.09
2026/09/08 22:30:18.064, GPU-ecc6a1f9-42fe-2932-7ea0-1dd285491b7b, 5, 0, 405, 27, 25.85
2026/09/08 22:30:18.267, GPU-ecc6a1f9-42fe-2932-7ea0-1dd285491b7b, 5, 0, 405, 28, 25.85
2026/09/08 22:30:18.473, GPU-ecc6a1f9-42fe-2932-7ea0-1dd285491b7b, 5, 0, 405, 28, 25.85
2026/09/08 22:30:18.676, GPU-ecc6a1f9-42fe-2932-7ea0-1dd285491b7b, 5, 0, 405, 27, 25.85
2026/09/08 22:30:18.880, GPU-ecc6a1f9-42fe-2932-7ea0-1dd285491b7b, 5, 0, 405, 27, 25.85
2026/09/08 22:30:19.083, GPU-ecc6a1f9-42fe-2932-7ea0-1dd285491b7b, 5, 0, 405, 28, 25.85
2026/09/08 22:30:19.287, GPU-ecc6a1f9-42fe-2932-7ea0-1dd285491b7b, 5, 0, 405, 27, 25.85
2026/09/08 22:30:19.492, GPU-ecc6a1f9-42fe-2932-7ea0-1dd285491b7b, 5, 0, 405, 28, 25.85
2026/09/08 22:30:19.696, GPU-ecc6a1f9-42fe-2932-7ea0-1dd285491b7b, 5, 0, 405, 27, 25.85
2026/09/08 22:30:19.899, GPU-ecc6a1f9-42fe-2932-7ea0-1dd285491b7b, 5, 0, 405, 27, 25.85
2026/09/08 22:30:20.103, GPU-ecc6a1f9-42fe-2932-7ea0-1dd285491b7b, 5, 0, 405, 27, 25.85
2026/09/08 22:30:20.306, GPU-ecc6a1f9-42fe-2932-7ea0-1dd285491b7b, 5, 0, 405, 27, 25.85
2026/09/08 22:30:20.512, GPU-ecc6a1f9-42fe-2932-7ea0-1dd285491b7b, 5, 0, 405, 27, 26.09
2026/09/08 22:30:20.715, GPU-ecc6a1f9-42fe-2932-7ea0-1dd285491b7b, 5, 0, 405, 27, 25.85
2026/09/08 22:30:20.919, GPU-ecc6a1f9-42fe-2932-7ea0-1dd285491b7b, 5, 0, 405, 27, 25.85
2026/09/08 22:30:21.122, GPU-ecc6a1f9-42fe-2932-7ea0-1dd285491b7b, 5, 0, 405, 27, 25.85
2026/09/08 22:30:21.326, GPU-ecc6a1f9-42fe-2932-7ea0-1dd285491b7b, 5, 0, 405, 27, 25.85
2026/09/08 22:30:21.531, GPU-ecc6a1f9-42fe-2932-7ea0-1dd285491b7b, 5, 0, 405, 28, 25.85
2026/09/08 22:30:21.735, GPU-ecc6a1f9-42fe-2932-7ea0-1dd285491b7b, 5, 0, 405, 27, 25.85
2026/09/08 22:30:21.938, GPU-ecc6a1f9-42fe-2932-7ea0-1dd285491b7b, 5, 0, 405, 27, 25.85
2026/09/08 22:30:22.142, GPU-ecc6a1f9-42fe-2932-7ea0-1dd285491b7b, 5, 0, 405, 27, 25.85
2026/09/08 22:30:22.345, GPU-ecc6a1f9-42fe-2932-7ea0-1dd285491b7b, 5, 0, 405, 27, 25.85
2026/09/08 22:30:22.551, GPU-ecc6a1f9-42fe-2932-7ea0-1dd285491b7b, 5, 0, 405, 27, 26.09
2026/09/08 22:30:22.754, GPU-ecc6a1f9-42fe-2932-7ea0-1dd285491b7b, 5, 0, 405, 27, 25.85
2026/09/08 22:30:22.958, GPU-ecc6a1f9-42fe-2932-7ea0-1dd285491b7b, 5, 0, 405, 27, 25.85
2026/09/08 22:30:23.161, GPU-ecc6a1f9-42fe-2932-7ea0-1dd285491b7b, 5, 0, 405, 27, 26.09
2026/09/08 22:30:23.365, GPU-ecc6a1f9-42fe-2932-7ea0-1dd285491b7b, 5, 0, 405, 27, 26.09
2026/09/08 22:30:23.570, GPU-ecc6a1f9-42fe-2932-7ea0-1dd285491b7b, 5, 0, 405, 27, 26.09
2026/09/08 22:30:23.774, GPU-ecc6a1f9-42fe-2932-7ea0-1dd285491b7b, 5, 0, 405, 27, 25.85
2026/09/08 22:30:23.977, GPU-ecc6a1f9-42fe-2932-7ea0-1dd285491b7b, 5, 0, 405, 27, 26.09
2026/09/08 22:30:24.181, GPU-ecc6a1f9-42fe-2932-7ea0-1dd285491b7b, 5, 0, 405, 27, 25.85
2026/09/08 22:30:24.384, GPU-ecc6a1f9-42fe-2932-7ea0-1dd285491b7b, 5, 0, 405, 27, 25.85
2026/09/08 22:30:24.590, GPU-ecc6a1f9-42fe-2932-7ea0-1dd285491b7b, 5, 0, 405, 27, 25.85
2026/09/08 22:30:24.793, GPU-ecc6a1f9-42fe-2932-7ea0-1dd285491b7b, 5, 0, 405, 27, 25.85
2026/09/08 22:30:24.997, GPU-ecc6a1f9-42fe-2932-7ea0-1dd285491b7b, 5, 0, 405, 27, 25.85
2026/09/08 22:30:25.200, GPU-ecc6a1f9-42fe-2932-7ea0-1dd285491b7b, 5, 0, 405, 27, 25.85
2026/09/08 22:30:25.404, GPU-ecc6a1f9-42fe-2932-7ea0-1dd285491b7b, 5, 0, 405, 27, 25.85
2026/09/08 22:30:25.609, GPU-ecc6a1f9-42fe-2932-7ea0-1dd285491b7b, 5, 0, 405, 27, 25.85
2026/09/08 22:30:25.812, GPU-ecc6a1f9-42fe-2932-7ea0-1dd285491b7b, 5, 0, 405, 27, 26.09
2026/09/08 22:30:26.016, GPU-ecc6a1f9-42fe-2932-7ea0-1dd285491b7b, 5, 0, 405, 27, 25.85
2026/09/08 22:30:26.220, GPU-ecc6a1f9-42fe-2932-7ea0-1dd285491b7b, 5, 0, 405, 27, 25.85
2026/09/08 22:30:26.424, GPU-ecc6a1f9-42fe-2932-7ea0-1dd285491b7b, 5, 0, 405, 27, 25.85
2026/09/08 22:30:26.629, GPU-ecc6a1f9-42fe-2932-7ea0-1dd285491b7b, 5, 0, 405, 27, 25.85
2026/09/08 22:30:26.832, GPU-ecc6a1f9-42fe-2932-7ea0-1dd285491b7b, 5, 0, 405, 27, 26.09
2026/09/08 22:30:27.036, GPU-ecc6a1f9-42fe-2932-7ea0-1dd285491b7b, 5, 0, 405, 27, 25.85
2026/09/08 22:30:27.239, GPU-ecc6a1f9-42fe-2932-7ea0-1dd285491b7b, 5, 0, 405, 27, 25.85
2026/09/08 22:30:27.443, GPU-ecc6a1f9-42fe-2932-7ea0-1dd285491b7b, 5, 0, 405, 27, 25.85
2026/09/08 22:30:27.648, GPU-ecc6a1f9-42fe-2932-7ea0-1dd285491b7b, 5, 0, 405, 27, 25.85
2026/09/08 22:30:27.851, GPU-ecc6a1f9-42fe-2932-7ea0-1dd285491b7b, 5, 0, 405, 27, 25.85
2026/09/08 22:30:28.055, GPU-ecc6a1f9-42fe-2932-7ea0-1dd285491b7b, 5, 0, 405, 27, 25.85
2026/09/08 22:30:28.258, GPU-ecc6a1f9-42fe-2932-7ea0-1dd285491b7b, 5, 0, 405, 27, 25.85
2026/09/08 22:30:28.462, GPU-ecc6a1f9-42fe-2932-7ea0-1dd285491b7b, 5, 0, 405, 27, 25.85
2026/09/08 22:30:28.667, GPU-ecc6a1f9-42fe-2932-7ea0-1dd285491b7b, 5, 0, 405, 27, 25.85
2026/09/08 22:30:28.871, GPU-ecc6a1f9-42fe-2932-7ea0-1dd285491b7b, 5, 0, 405, 27, 25.85
2026/09/08 22:30:29.074, GPU-ecc6a1f9-42fe-2932-7ea0-1dd285491b7b, 5, 0, 405, 27, 26.09
2026/09/08 22:30:29.278, GPU-ecc6a1f9-42fe-2932-7ea0-1dd285491b7b, 5, 0, 405, 27, 25.85
2026/09/08 22:30:29.481, GPU-ecc6a1f9-42fe-2932-7ea0-1dd285491b7b, 5, 0, 405, 27, 25.85
2026/09/08 22:30:29.687, GPU-ecc6a1f9-42fe-2932-7ea0-1dd285491b7b, 5, 0, 405, 27, 25.85
2026/09/08 22:30:29.890, GPU-ecc6a1f9-42fe-2932-7ea0-1dd285491b7b, 5, 0, 405, 27, 25.85
2026/09/08 22:30:30.094, GPU-ecc6a1f9-42fe-2932-7ea0-1dd285491b7b, 5, 0, 405, 27, 26.09
2026/09/08 22:30:30.297, GPU-ecc6a1f9-42fe-2932-7ea0-1dd285491b7b, 5, 0, 405, 27, 25.85
2026/09/08 22:30:30.501, GPU-ecc6a1f9-42fe-2932-7ea0-1dd285491b7b, 5, 0, 405, 27, 25.85
2026/09/08 22:30:30.706, GPU-ecc6a1f9-42fe-2932-7ea0-1dd285491b7b, 5, 0, 405, 27, 25.85
2026/09/08 22:30:30.909, GPU-ecc6a1f9-42fe-2932-7ea0-1dd285491b7b, 5, 0, 405, 27, 25.85
2026/09/08 22:30:31.113, GPU-ecc6a1f9-42fe-2932-7ea0-1dd285491b7b, 5, 0, 405, 27, 26.09
2026/09/08 22:30:31.317, GPU-ecc6a1f9-42fe-2932-7ea0-1dd285491b7b, 5, 0, 405, 27, 25.85
2026/09/08 22:30:31.520, GPU-ecc6a1f9-42fe-2932-7ea0-1dd285491b7b, 5, 0, 405, 27, 26.09
2026/09/08 22:30:31.724, GPU-ecc6a1f9-42fe-2932-7ea0-1dd285491b7b, 5, 0, 405, 27, 26.09
2026/09/08 22:30:31.929, GPU-ecc6a1f9-42fe-2932-7ea0-1dd285491b7b, 5, 0, 405, 27, 25.85
2026/09/08 22:30:32.133, GPU-ecc6a1f9-42fe-2932-7ea0-1dd285491b7b, 5, 0, 405, 28, 25.85
2026/09/08 22:30:32.336, GPU-ecc6a1f9-42fe-2932-7ea0-1dd285491b7b, 5, 0, 405, 27, 25.85
2026/09/08 22:30:32.540, GPU-ecc6a1f9-42fe-2932-7ea0-1dd285491b7b, 5, 0, 405, 27, 25.85
2026/09/08 22:30:32.743, GPU-ecc6a1f9-42fe-2932-7ea0-1dd285491b7b, 5, 0, 405, 27, 25.85
2026/09/08 22:30:32.947, GPU-ecc6a1f9-42fe-2932-7ea0-1dd285491b7b, 5, 0, 405, 27, 25.85
2026/09/08 22:30:33.153, GPU-ecc6a1f9-42fe-2932-7ea0-1dd285491b7b, 5, 0, 405, 27, 25.85
2026/09/08 22:30:33.357, GPU-ecc6a1f9-42fe-2932-7ea0-1dd285491b7b, 5, 0, 405, 27, 26.09
2026/09/08 22:30:33.561, GPU-ecc6a1f9-42fe-2932-7ea0-1dd285491b7b, 5, 0, 405, 27, 26.09
2026/09/08 22:30:33.764, GPU-ecc6a1f9-42fe-2932-7ea0-1dd285491b7b, 5, 0, 405, 27, 25.85
2026/09/08 22:30:33.968, GPU-ecc6a1f9-42fe-2932-7ea0-1dd285491b7b, 5, 0, 405, 27, 26.09
2026/09/08 22:30:34.171, GPU-ecc6a1f9-42fe-2932-7ea0-1dd285491b7b, 5, 0, 405, 27, 25.85
2026/09/08 22:30:34.375, GPU-ecc6a1f9-42fe-2932-7ea0-1dd285491b7b, 5, 0, 405, 27, 26.09
2026/09/08 22:30:34.579, GPU-ecc6a1f9-42fe-2932-7ea0-1dd285491b7b, 5, 0, 405, 27, 25.85
2026/09/08 22:30:34.782, GPU-ecc6a1f9-42fe-2932-7ea0-1dd285491b7b, 5, 0, 405, 27, 25.85
2026/09/08 22:30:34.986, GPU-ecc6a1f9-42fe-2932-7ea0-1dd285491b7b, 5, 0, 405, 27, 25.85
2026/09/08 22:30:35.190, GPU-ecc6a1f9-42fe-2932-7ea0-1dd285491b7b, 5, 0, 405, 27, 26.09
2026/09/08 22:30:35.395, GPU-ecc6a1f9-42fe-2932-7ea0-1dd285491b7b, 5, 0, 405, 27, 25.85
2026/09/08 22:30:35.598, GPU-ecc6a1f9-42fe-2932-7ea0-1dd285491b7b, 5, 0, 405, 27, 25.85
2026/09/08 22:30:35.802, GPU-ecc6a1f9-42fe-2932-7ea0-1dd285491b7b, 5, 0, 405, 27, 25.85
2026/09/08 22:30:36.005, GPU-ecc6a1f9-42fe-2932-7ea0-1dd285491b7b, 5, 0, 405, 27, 25.85
2026/09/08 22:30:36.209, GPU-ecc6a1f9-42fe-2932-7ea0-1dd285491b7b, 5, 0, 405, 27, 25.85
2026/09/08 22:30:36.414, GPU-ecc6a1f9-42fe-2932-7ea0-1dd285491b7b, 5, 0, 405, 27, 25.85
2026/09/08 22:30:36.617, GPU-ecc6a1f9-42fe-2932-7ea0-1dd285491b7b, 5, 0, 405, 27, 26.09
2026/09/08 22:30:36.821, GPU-ecc6a1f9-42fe-2932-7ea0-1dd285491b7b, 5, 0, 405, 28, 25.85
2026/09/08 22:30:37.024, GPU-ecc6a1f9-42fe-2932-7ea0-1dd285491b7b, 5, 0, 405, 27, 26.09
2026/09/08 22:30:37.228, GPU-ecc6a1f9-42fe-2932-7ea0-1dd285491b7b, 5, 0, 405, 27, 26.09
2026/09/08 22:30:37.433, GPU-ecc6a1f9-42fe-2932-7ea0-1dd285491b7b, 5, 0, 405, 27, 26.09
2026/09/08 22:30:37.637, GPU-ecc6a1f9-42fe-2932-7ea0-1dd285491b7b, 5, 0, 405, 27, 25.85
2026/09/08 22:30:37.840, GPU-ecc6a1f9-42fe-2932-7ea0-1dd285491b7b, 5, 0, 405, 27, 26.09
2026/09/08 22:30:38.044, GPU-ecc6a1f9-42fe-2932-7ea0-1dd285491b7b, 5, 0, 405, 27, 25.85
2026/09/08 22:30:38.247, GPU-ecc6a1f9-42fe-2932-7ea0-1dd285491b7b, 5, 0, 405, 27, 26.09
2026/09/08 22:30:38.453, GPU-ecc6a1f9-42fe-2932-7ea0-1dd285491b7b, 5, 0, 405, 27, 25.85
2026/09/08 22:30:38.656, GPU-ecc6a1f9-42fe-2932-7ea0-1dd285491b7b, 5, 0, 405, 27, 25.85
2026/09/08 22:30:38.860, GPU-ecc6a1f9-42fe-2932-7ea0-1dd285491b7b, 5, 0, 405, 27, 26.09
2026/09/08 22:30:39.064, GPU-ecc6a1f9-42fe-2932-7ea0-1dd285491b7b, 5, 0, 405, 27, 25.85
2026/09/08 22:30:39.267, GPU-ecc6a1f9-42fe-2932-7ea0-1dd285491b7b, 5, 0, 405, 27, 26.09
2026/09/08 22:30:39.472, GPU-ecc6a1f9-42fe-2932-7ea0-1dd285491b7b, 5, 0, 405, 27, 25.85
2026/09/08 22:30:39.676, GPU-ecc6a1f9-42fe-2932-7ea0-1dd285491b7b, 5, 0, 405, 27, 26.09
2026/09/08 22:30:39.880, GPU-ecc6a1f9-42fe-2932-7ea0-1dd285491b7b, 5, 0, 405, 27, 26.09
2026/09/08 22:30:40.083, GPU-ecc6a1f9-42fe-2932-7ea0-1dd285491b7b, 5, 0, 405, 28, 26.09
2026/09/08 22:30:40.287, GPU-ecc6a1f9-42fe-2932-7ea0-1dd285491b7b, 5, 0, 405, 27, 25.85
2026/09/08 22:30:40.492, GPU-ecc6a1f9-42fe-2932-7ea0-1dd285491b7b, 5, 0, 405, 27, 25.85
2026/09/08 22:30:40.695, GPU-ecc6a1f9-42fe-2932-7ea0-1dd285491b7b, 5, 0, 405, 27, 26.09
2026/09/08 22:30:40.899, GPU-ecc6a1f9-42fe-2932-7ea0-1dd285491b7b, 5, 0, 405, 28, 25.85
2026/09/08 22:30:41.102, GPU-ecc6a1f9-42fe-2932-7ea0-1dd285491b7b, 5, 0, 405, 28, 26.09
2026/09/08 22:30:41.306, GPU-ecc6a1f9-42fe-2932-7ea0-1dd285491b7b, 5, 0, 405, 28, 26.09
2026/09/08 22:30:41.511, GPU-ecc6a1f9-42fe-2932-7ea0-1dd285491b7b, 5, 0, 405, 27, 25.85
2026/09/08 22:30:41.714, GPU-ecc6a1f9-42fe-2932-7ea0-1dd285491b7b, 5, 0, 405, 28, 26.09
2026/09/08 22:30:41.918, GPU-ecc6a1f9-42fe-2932-7ea0-1dd285491b7b, 5, 0, 405, 28, 25.85
2026/09/08 22:30:42.122, GPU-ecc6a1f9-42fe-2932-7ea0-1dd285491b7b, 5, 0, 405, 28, 26.09
2026/09/08 22:30:42.325, GPU-ecc6a1f9-42fe-2932-7ea0-1dd285491b7b, 5, 0, 405, 27, 26.09
2026/09/08 22:30:42.530, GPU-ecc6a1f9-42fe-2932-7ea0-1dd285491b7b, 5, 0, 405, 27, 25.85
2026/09/08 22:30:42.734, GPU-ecc6a1f9-42fe-2932-7ea0-1dd285491b7b, 5, 0, 405, 27, 25.85
2026/09/08 22:30:42.938, GPU-ecc6a1f9-42fe-2932-7ea0-1dd285491b7b, 5, 0, 405, 27, 25.85
2026/09/08 22:30:43.141, GPU-ecc6a1f9-42fe-2932-7ea0-1dd285491b7b, 5, 0, 405, 27, 25.85
2026/09/08 22:30:43.345, GPU-ecc6a1f9-42fe-2932-7ea0-1dd285491b7b, 5, 0, 405, 27, 26.09
2026/09/08 22:30:43.550, GPU-ecc6a1f9-42fe-2932-7ea0-1dd285491b7b, 5, 0, 405, 27, 26.09
2026/09/08 22:30:43.753, GPU-ecc6a1f9-42fe-2932-7ea0-1dd285491b7b, 5, 0, 405, 27, 25.85
2026/09/08 22:30:43.957, GPU-ecc6a1f9-42fe-2932-7ea0-1dd285491b7b, 5, 0, 405, 27, 25.85
2026/09/08 22:30:44.160, GPU-ecc6a1f9-42fe-2932-7ea0-1dd285491b7b, 5, 0, 405, 27, 25.85
2026/09/08 22:30:44.364, GPU-ecc6a1f9-42fe-2932-7ea0-1dd285491b7b, 5, 0, 405, 27, 25.85
2026/09/08 22:30:44.569, GPU-ecc6a1f9-42fe-2932-7ea0-1dd285491b7b, 5, 0, 405, 27, 25.85
2026/09/08 22:30:44.773, GPU-ecc6a1f9-42fe-2932-7ea0-1dd285491b7b, 5, 0, 405, 27, 25.85
2026/09/08 22:30:44.977, GPU-ecc6a1f9-42fe-2932-7ea0-1dd285491b7b, 5, 0, 405, 27, 25.85
2026/09/08 22:30:45.180, GPU-ecc6a1f9-42fe-2932-7ea0-1dd285491b7b, 5, 0, 405, 27, 25.85
2026/09/08 22:30:45.384, GPU-ecc6a1f9-42fe-2932-7ea0-1dd285491b7b, 5, 0, 405, 27, 26.09
2026/09/08 22:30:45.589, GPU-ecc6a1f9-42fe-2932-7ea0-1dd285491b7b, 5, 0, 405, 27, 25.85
2026/09/08 22:30:45.792, GPU-ecc6a1f9-42fe-2932-7ea0-1dd285491b7b, 5, 0, 405, 27, 26.09
2026/09/08 22:30:45.996, GPU-ecc6a1f9-42fe-2932-7ea0-1dd285491b7b, 5, 0, 405, 27, 25.85
2026/09/08 22:30:46.199, GPU-ecc6a1f9-42fe-2932-7ea0-1dd285491b7b, 5, 0, 405, 27, 25.85
2026/09/08 22:30:46.403, GPU-ecc6a1f9-42fe-2932-7ea0-1dd285491b7b, 5, 0, 405, 27, 25.85
2026/09/08 22:30:46.608, GPU-ecc6a1f9-42fe-2932-7ea0-1dd285491b7b, 5, 0, 405, 27, 26.09
2026/09/08 22:30:46.812, GPU-ecc6a1f9-42fe-2932-7ea0-1dd285491b7b, 5, 0, 405, 28, 26.09
2026/09/08 22:30:47.015, GPU-ecc6a1f9-42fe-2932-7ea0-1dd285491b7b, 5, 0, 405, 27, 26.09
2026/09/08 22:30:47.219, GPU-ecc6a1f9-42fe-2932-7ea0-1dd285491b7b, 5, 0, 405, 27, 25.85
2026/09/08 22:30:47.422, GPU-ecc6a1f9-42fe-2932-7ea0-1dd285491b7b, 5, 0, 405, 27, 25.85
2026/09/08 22:30:47.628, GPU-ecc6a1f9-42fe-2932-7ea0-1dd285491b7b, 5, 0, 405, 27, 25.85
2026/09/08 22:30:47.831, GPU-ecc6a1f9-42fe-2932-7ea0-1dd285491b7b, 5, 0, 405, 27, 25.85
2026/09/08 22:30:48.035, GPU-ecc6a1f9-42fe-2932-7ea0-1dd285491b7b, 5, 0, 405, 27, 25.85
2026/09/08 22:30:48.239, GPU-ecc6a1f9-42fe-2932-7ea0-1dd285491b7b, 5, 0, 405, 27, 26.09
2026/09/08 22:30:48.442, GPU-ecc6a1f9-42fe-2932-7ea0-1dd285491b7b, 5, 0, 405, 27, 26.09
2026/09/08 22:30:48.647, GPU-ecc6a1f9-42fe-2932-7ea0-1dd285491b7b, 5, 0, 405, 27, 25.85
2026/09/08 22:30:48.851, GPU-ecc6a1f9-42fe-2932-7ea0-1dd285491b7b, 5, 0, 405, 27, 26.09
2026/09/08 22:30:49.054, GPU-ecc6a1f9-42fe-2932-7ea0-1dd285491b7b, 5, 0, 405, 27, 26.09
2026/09/08 22:30:49.258, GPU-ecc6a1f9-42fe-2932-7ea0-1dd285491b7b, 5, 0, 405, 27, 26.09
2026/09/08 22:30:49.461, GPU-ecc6a1f9-42fe-2932-7ea0-1dd285491b7b, 5, 0, 405, 27, 25.85
2026/09/08 22:30:49.667, GPU-ecc6a1f9-42fe-2932-7ea0-1dd285491b7b, 5, 0, 405, 27, 25.85
2026/09/08 22:30:49.870, GPU-ecc6a1f9-42fe-2932-7ea0-1dd285491b7b, 5, 0, 405, 27, 25.85
2026/09/08 22:30:50.074, GPU-ecc6a1f9-42fe-2932-7ea0-1dd285491b7b, 5, 0, 405, 27, 25.85
2026/09/08 22:30:50.277, GPU-ecc6a1f9-42fe-2932-7ea0-1dd285491b7b, 5, 0, 405, 27, 26.09
2026/09/08 22:30:50.481, GPU-ecc6a1f9-42fe-2932-7ea0-1dd285491b7b, 5, 0, 405, 27, 26.09
2026/09/08 22:30:50.686, GPU-ecc6a1f9-42fe-2932-7ea0-1dd285491b7b, 5, 0, 405, 27, 25.85
2026/09/08 22:30:50.889, GPU-ecc6a1f9-42fe-2932-7ea0-1dd285491b7b, 5, 0, 405, 27, 25.85
2026/09/08 22:30:51.093, GPU-ecc6a1f9-42fe-2932-7ea0-1dd285491b7b, 5, 0, 405, 27, 26.09
2026/09/08 22:30:51.296, GPU-ecc6a1f9-42fe-2932-7ea0-1dd285491b7b, 5, 0, 405, 27, 25.85
2026/09/08 22:30:51.499, GPU-ecc6a1f9-42fe-2932-7ea0-1dd285491b7b, 5, 0, 405, 27, 26.09
2026/09/08 22:30:51.705, GPU-ecc6a1f9-42fe-2932-7ea0-1dd285491b7b, 5, 0, 405, 27, 26.09
2026/09/08 22:30:51.909, GPU-ecc6a1f9-42fe-2932-7ea0-1dd285491b7b, 5, 0, 405, 27, 25.85
2026/09/08 22:30:52.112, GPU-ecc6a1f9-42fe-2932-7ea0-1dd285491b7b, 5, 0, 405, 27, 25.85
2026/09/08 22:30:52.315, GPU-ecc6a1f9-42fe-2932-7ea0-1dd285491b7b, 5, 0, 405, 27, 25.85
2026/09/08 22:30:52.519, GPU-ecc6a1f9-42fe-2932-7ea0-1dd285491b7b, 5, 0, 405, 27, 26.09
2026/09/08 22:30:52.724, GPU-ecc6a1f9-42fe-2932-7ea0-1dd285491b7b, 5, 0, 405, 27, 25.85
2026/09/08 22:30:52.928, GPU-ecc6a1f9-42fe-2932-7ea0-1dd285491b7b, 5, 0, 405, 27, 26.09
2026/09/08 22:30:53.131, GPU-ecc6a1f9-42fe-2932-7ea0-1dd285491b7b, 5, 0, 405, 27, 26.09
2026/09/08 22:30:53.335, GPU-ecc6a1f9-42fe-2932-7ea0-1dd285491b7b, 5, 0, 405, 27, 26.09
2026/09/08 22:30:53.538, GPU-ecc6a1f9-42fe-2932-7ea0-1dd285491b7b, 5, 0, 405, 27, 25.85
2026/09/08 22:30:53.742, GPU-ecc6a1f9-42fe-2932-7ea0-1dd285491b7b, 5, 0, 405, 27, 26.09
2026/09/08 22:30:53.947, GPU-ecc6a1f9-42fe-2932-7ea0-1dd285491b7b, 5, 0, 405, 27, 26.09
2026/09/08 22:30:54.150, GPU-ecc6a1f9-42fe-2932-7ea0-1dd285491b7b, 5, 0, 405, 27, 26.09
2026/09/08 22:30:54.354, GPU-ecc6a1f9-42fe-2932-7ea0-1dd285491b7b, 5, 0, 405, 27, 26.09
2026/09/08 22:30:54.557, GPU-ecc6a1f9-42fe-2932-7ea0-1dd285491b7b, 5, 0, 405, 27, 26.09
2026/09/08 22:30:54.761, GPU-ecc6a1f9-42fe-2932-7ea0-1dd285491b7b, 5, 0, 405, 27, 26.09
2026/09/08 22:30:54.964, GPU-ecc6a1f9-42fe-2932-7ea0-1dd285491b7b, 5, 0, 405, 27, 26.09
2026/09/08 22:30:55.170, GPU-ecc6a1f9-42fe-2932-7ea0-1dd285491b7b, 5, 0, 405, 27, 26.09
2026/09/08 22:30:55.374, GPU-ecc6a1f9-42fe-2932-7ea0-1dd285491b7b, 5, 0, 405, 27, 25.85
2026/09/08 22:30:55.577, GPU-ecc6a1f9-42fe-2932-7ea0-1dd285491b7b, 5, 0, 405, 27, 26.09
2026/09/08 22:30:55.780, GPU-ecc6a1f9-42fe-2932-7ea0-1dd285491b7b, 5, 0, 405, 27, 25.85
2026/09/08 22:30:55.985, GPU-ecc6a1f9-42fe-2932-7ea0-1dd285491b7b, 5, 0, 405, 27, 26.09
2026/09/08 22:30:56.189, GPU-ecc6a1f9-42fe-2932-7ea0-1dd285491b7b, 5, 0, 405, 27, 26.09
2026/09/08 22:30:56.393, GPU-ecc6a1f9-42fe-2932-7ea0-1dd285491b7b, 5, 0, 405, 27, 25.85
2026/09/08 22:30:56.597, GPU-ecc6a1f9-42fe-2932-7ea0-1dd285491b7b, 5, 0, 405, 27, 25.85
2026/09/08 22:30:56.800, GPU-ecc6a1f9-42fe-2932-7ea0-1dd285491b7b, 5, 0, 405, 27, 25.85
2026/09/08 22:30:57.003, GPU-ecc6a1f9-42fe-2932-7ea0-1dd285491b7b, 5, 0, 405, 27, 26.09
2026/09/08 22:30:57.207, GPU-ecc6a1f9-42fe-2932-7ea0-1dd285491b7b, 5, 0, 405, 27, 25.85
2026/09/08 22:30:57.413, GPU-ecc6a1f9-42fe-2932-7ea0-1dd285491b7b, 5, 0, 405, 27, 26.09
2026/09/08 22:30:57.616, GPU-ecc6a1f9-42fe-2932-7ea0-1dd285491b7b, 5, 0, 405, 27, 25.85
2026/09/08 22:30:57.820, GPU-ecc6a1f9-42fe-2932-7ea0-1dd285491b7b, 5, 0, 405, 27, 26.09
2026/09/08 22:30:58.023, GPU-ecc6a1f9-42fe-2932-7ea0-1dd285491b7b, 5, 0, 405, 27, 25.85
2026/09/08 22:30:58.227, GPU-ecc6a1f9-42fe-2932-7ea0-1dd285491b7b, 5, 0, 405, 27, 26.09
2026/09/08 22:30:58.432, GPU-ecc6a1f9-42fe-2932-7ea0-1dd285491b7b, 5, 0, 405, 27, 26.09
2026/09/08 22:30:58.635, GPU-ecc6a1f9-42fe-2932-7ea0-1dd285491b7b, 5, 0, 405, 27, 26.09
2026/09/08 22:30:58.839, GPU-ecc6a1f9-42fe-2932-7ea0-1dd285491b7b, 5, 0, 405, 27, 25.85
2026/09/08 22:30:59.042, GPU-ecc6a1f9-42fe-2932-7ea0-1dd285491b7b, 5, 0, 405, 27, 26.09
2026/09/08 22:30:59.246, GPU-ecc6a1f9-42fe-2932-7ea0-1dd285491b7b, 5, 0, 405, 27, 25.85
2026/09/08 22:30:59.452, GPU-ecc6a1f9-42fe-2932-7ea0-1dd285491b7b, 5, 0, 405, 27, 26.09
2026/09/08 22:30:59.655, GPU-ecc6a1f9-42fe-2932-7ea0-1dd285491b7b, 5, 0, 405, 27, 25.85
2026/09/08 22:30:59.859, GPU-ecc6a1f9-42fe-2932-7ea0-1dd285491b7b, 5, 0, 405, 27, 26.09
2026/09/08 22:31:00.062, GPU-ecc6a1f9-42fe-2932-7ea0-1dd285491b7b, 5, 0, 405, 27, 26.09
2026/09/08 22:31:00.266, GPU-ecc6a1f9-42fe-2932-7ea0-1dd285491b7b, 5, 0, 405, 27, 25.85
2026/09/08 22:31:00.471, GPU-ecc6a1f9-42fe-2932-7ea0-1dd285491b7b, 5, 0, 405, 27, 26.09
2026/09/08 22:31:00.675, GPU-ecc6a1f9-42fe-2932-7ea0-1dd285491b7b, 5, 0, 405, 27, 26.09
2026/09/08 22:31:00.878, GPU-ecc6a1f9-42fe-2932-7ea0-1dd285491b7b, 5, 0, 405, 27, 25.85
2026/09/08 22:31:01.081, GPU-ecc6a1f9-42fe-2932-7ea0-1dd285491b7b, 5, 0, 405, 27, 25.85
2026/09/08 22:31:01.285, GPU-ecc6a1f9-42fe-2932-7ea0-1dd285491b7b, 5, 0, 405, 27, 25.85
2026/09/08 22:31:01.490, GPU-ecc6a1f9-42fe-2932-7ea0-1dd285491b7b, 5, 0, 405, 27, 26.09
2026/09/08 22:31:01.694, GPU-ecc6a1f9-42fe-2932-7ea0-1dd285491b7b, 5, 0, 405, 27, 26.09
2026/09/08 22:31:01.897, GPU-ecc6a1f9-42fe-2932-7ea0-1dd285491b7b, 5, 0, 405, 27, 26.09
2026/09/08 22:31:02.101, GPU-ecc6a1f9-42fe-2932-7ea0-1dd285491b7b, 5, 0, 405, 27, 26.09
2026/09/08 22:31:02.304, GPU-ecc6a1f9-42fe-2932-7ea0-1dd285491b7b, 5, 0, 405, 27, 26.09
2026/09/08 22:31:02.510, GPU-ecc6a1f9-42fe-2932-7ea0-1dd285491b7b, 5, 0, 405, 27, 26.09
2026/09/08 22:31:02.713, GPU-ecc6a1f9-42fe-2932-7ea0-1dd285491b7b, 5, 0, 405, 27, 26.09
2026/09/08 22:31:02.917, GPU-ecc6a1f9-42fe-2932-7ea0-1dd285491b7b, 5, 0, 405, 27, 25.85
2026/09/08 22:31:03.120, GPU-ecc6a1f9-42fe-2932-7ea0-1dd285491b7b, 5, 0, 405, 27, 25.85
2026/09/08 22:31:03.323, GPU-ecc6a1f9-42fe-2932-7ea0-1dd285491b7b, 5, 0, 405, 27, 26.09
2026/09/08 22:31:03.529, GPU-ecc6a1f9-42fe-2932-7ea0-1dd285491b7b, 5, 0, 405, 27, 26.09
2026/09/08 22:31:03.733, GPU-ecc6a1f9-42fe-2932-7ea0-1dd285491b7b, 5, 0, 405, 27, 25.85
2026/09/08 22:31:03.936, GPU-ecc6a1f9-42fe-2932-7ea0-1dd285491b7b, 5, 0, 405, 27, 25.85
2026/09/08 22:31:04.140, GPU-ecc6a1f9-42fe-2932-7ea0-1dd285491b7b, 5, 0, 405, 27, 26.09
2026/09/08 22:31:04.343, GPU-ecc6a1f9-42fe-2932-7ea0-1dd285491b7b, 5, 0, 405, 27, 25.85
2026/09/08 22:31:04.549, GPU-ecc6a1f9-42fe-2932-7ea0-1dd285491b7b, 5, 0, 405, 27, 26.09
2026/09/08 22:31:04.752, GPU-ecc6a1f9-42fe-2932-7ea0-1dd285491b7b, 5, 0, 405, 27, 26.09
2026/09/08 22:31:04.956, GPU-ecc6a1f9-42fe-2932-7ea0-1dd285491b7b, 5, 0, 405, 27, 26.09
2026/09/08 22:31:05.159, GPU-ecc6a1f9-42fe-2932-7ea0-1dd285491b7b, 5, 0, 405, 27, 26.09
2026/09/08 22:31:05.363, GPU-ecc6a1f9-42fe-2932-7ea0-1dd285491b7b, 5, 0, 405, 27, 25.85
2026/09/08 22:31:05.569, GPU-ecc6a1f9-42fe-2932-7ea0-1dd285491b7b, 5, 0, 405, 27, 26.09
2026/09/08 22:31:05.772, GPU-ecc6a1f9-42fe-2932-7ea0-1dd285491b7b, 5, 0, 405, 27, 25.85
2026/09/08 22:31:05.976, GPU-ecc6a1f9-42fe-2932-7ea0-1dd285491b7b, 5, 0, 405, 27, 26.09
2026/09/08 22:31:06.179, GPU-ecc6a1f9-42fe-2932-7ea0-1dd285491b7b, 5, 0, 405, 27, 26.09
2026/09/08 22:31:06.382, GPU-ecc6a1f9-42fe-2932-7ea0-1dd285491b7b, 5, 0, 405, 27, 25.85
2026/09/08 22:31:06.588, GPU-ecc6a1f9-42fe-2932-7ea0-1dd285491b7b, 5, 0, 405, 27, 25.85
2026/09/08 22:31:06.791, GPU-ecc6a1f9-42fe-2932-7ea0-1dd285491b7b, 5, 0, 405, 27, 25.85
2026/09/08 22:31:06.995, GPU-ecc6a1f9-42fe-2932-7ea0-1dd285491b7b, 5, 0, 405, 27, 26.09
2026/09/08 22:31:07.198, GPU-ecc6a1f9-42fe-2932-7ea0-1dd285491b7b, 5, 0, 405, 27, 26.09
2026/09/08 22:31:07.402, GPU-ecc6a1f9-42fe-2932-7ea0-1dd285491b7b, 5, 0, 405, 27, 26.09
2026/09/08 22:31:07.607, GPU-ecc6a1f9-42fe-2932-7ea0-1dd285491b7b, 5, 0, 405, 27, 26.09
2026/09/08 22:31:07.811, GPU-ecc6a1f9-42fe-2932-7ea0-1dd285491b7b, 5, 0, 405, 27, 26.09
2026/09/08 22:31:08.014, GPU-ecc6a1f9-42fe-2932-7ea0-1dd285491b7b, 5, 0, 405, 27, 25.60
2026/09/08 22:31:08.218, GPU-ecc6a1f9-42fe-2932-7ea0-1dd285491b7b, 5, 0, 405, 27, 26.09
2026/09/08 22:31:08.421, GPU-ecc6a1f9-42fe-2932-7ea0-1dd285491b7b, 5, 0, 405, 27, 25.85
2026/09/08 22:31:08.626, GPU-ecc6a1f9-42fe-2932-7ea0-1dd285491b7b, 5, 0, 405, 27, 26.09
2026/09/08 22:31:08.830, GPU-ecc6a1f9-42fe-2932-7ea0-1dd285491b7b, 5, 0, 405, 27, 25.85
2026/09/08 22:31:09.034, GPU-ecc6a1f9-42fe-2932-7ea0-1dd285491b7b, 5, 0, 405, 27, 25.85
2026/09/08 22:31:09.237, GPU-ecc6a1f9-42fe-2932-7ea0-1dd285491b7b, 5, 0, 405, 27, 25.60
2026/09/08 22:31:09.440, GPU-ecc6a1f9-42fe-2932-7ea0-1dd285491b7b, 5, 0, 405, 27, 25.85
2026/09/08 22:31:09.646, GPU-ecc6a1f9-42fe-2932-7ea0-1dd285491b7b, 5, 0, 405, 27, 26.09
2026/09/08 22:31:09.849, GPU-ecc6a1f9-42fe-2932-7ea0-1dd285491b7b, 5, 0, 405, 27, 25.85
2026/09/08 22:31:10.053, GPU-ecc6a1f9-42fe-2932-7ea0-1dd285491b7b, 5, 0, 405, 27, 25.60
2026/09/08 22:31:10.257, GPU-ecc6a1f9-42fe-2932-7ea0-1dd285491b7b, 5, 0, 405, 27, 26.09
2026/09/08 22:31:10.460, GPU-ecc6a1f9-42fe-2932-7ea0-1dd285491b7b, 5, 0, 405, 27, 25.85
2026/09/08 22:31:10.665, GPU-ecc6a1f9-42fe-2932-7ea0-1dd285491b7b, 5, 0, 405, 27, 26.09
2026/09/08 22:31:10.869, GPU-ecc6a1f9-42fe-2932-7ea0-1dd285491b7b, 5, 0, 405, 27, 25.85
2026/09/08 22:31:11.072, GPU-ecc6a1f9-42fe-2932-7ea0-1dd285491b7b, 5, 0, 405, 27, 25.85
2026/09/08 22:31:11.276, GPU-ecc6a1f9-42fe-2932-7ea0-1dd285491b7b, 5, 0, 405, 27, 25.85
2026/09/08 22:31:11.479, GPU-ecc6a1f9-42fe-2932-7ea0-1dd285491b7b, 5, 0, 405, 27, 26.09
2026/09/08 22:31:11.685, GPU-ecc6a1f9-42fe-2932-7ea0-1dd285491b7b, 5, 0, 405, 27, 25.85
2026/09/08 22:31:11.889, GPU-ecc6a1f9-42fe-2932-7ea0-1dd285491b7b, 5, 0, 405, 27, 26.09
2026/09/08 22:31:12.092, GPU-ecc6a1f9-42fe-2932-7ea0-1dd285491b7b, 5, 0, 405, 27, 25.85
2026/09/08 22:31:12.296, GPU-ecc6a1f9-42fe-2932-7ea0-1dd285491b7b, 5, 0, 405, 27, 26.09
2026/09/08 22:31:12.499, GPU-ecc6a1f9-42fe-2932-7ea0-1dd285491b7b, 5, 0, 405, 27, 26.09
2026/09/08 22:31:12.704, GPU-ecc6a1f9-42fe-2932-7ea0-1dd285491b7b, 5, 0, 405, 27, 26.09
2026/09/08 22:31:12.907, GPU-ecc6a1f9-42fe-2932-7ea0-1dd285491b7b, 5, 0, 405, 27, 26.09
2026/09/08 22:31:13.111, GPU-ecc6a1f9-42fe-2932-7ea0-1dd285491b7b, 5, 0, 405, 27, 25.85
2026/09/08 22:31:13.314, GPU-ecc6a1f9-42fe-2932-7ea0-1dd285491b7b, 5, 0, 405, 27, 26.09
2026/09/08 22:31:13.518, GPU-ecc6a1f9-42fe-2932-7ea0-1dd285491b7b, 5, 0, 405, 27, 25.85
2026/09/08 22:31:13.723, GPU-ecc6a1f9-42fe-2932-7ea0-1dd285491b7b, 5, 0, 405, 27, 26.09
2026/09/08 22:31:13.927, GPU-ecc6a1f9-42fe-2932-7ea0-1dd285491b7b, 5, 0, 405, 27, 26.09
2026/09/08 22:31:14.130, GPU-ecc6a1f9-42fe-2932-7ea0-1dd285491b7b, 5, 0, 405, 27, 26.09
2026/09/08 22:31:14.334, GPU-ecc6a1f9-42fe-2932-7ea0-1dd285491b7b, 5, 0, 405, 27, 25.85
2026/09/08 22:31:14.537, GPU-ecc6a1f9-42fe-2932-7ea0-1dd285491b7b, 5, 0, 405, 27, 25.85
2026/09/08 22:31:14.743, GPU-ecc6a1f9-42fe-2932-7ea0-1dd285491b7b, 5, 0, 405, 27, 25.85
2026/09/08 22:31:14.946, GPU-ecc6a1f9-42fe-2932-7ea0-1dd285491b7b, 5, 0, 405, 27, 26.09
2026/09/08 22:31:15.149, GPU-ecc6a1f9-42fe-2932-7ea0-1dd285491b7b, 5, 0, 405, 27, 25.85
2026/09/08 22:31:15.353, GPU-ecc6a1f9-42fe-2932-7ea0-1dd285491b7b, 5, 0, 405, 27, 26.09
2026/09/08 22:31:15.556, GPU-ecc6a1f9-42fe-2932-7ea0-1dd285491b7b, 5, 0, 405, 27, 25.85
2026/09/08 22:31:15.760, GPU-ecc6a1f9-42fe-2932-7ea0-1dd285491b7b, 5, 0, 405, 27, 25.85
2026/09/08 22:31:15.965, GPU-ecc6a1f9-42fe-2932-7ea0-1dd285491b7b, 5, 0, 405, 27, 26.09
2026/09/08 22:31:16.168, GPU-ecc6a1f9-42fe-2932-7ea0-1dd285491b7b, 5, 0, 405, 27, 25.85
2026/09/08 22:31:16.372, GPU-ecc6a1f9-42fe-2932-7ea0-1dd285491b7b, 5, 0, 405, 27, 25.85
2026/09/08 22:31:16.575, GPU-ecc6a1f9-42fe-2932-7ea0-1dd285491b7b, 5, 0, 405, 27, 25.85
2026/09/08 22:31:16.779, GPU-ecc6a1f9-42fe-2932-7ea0-1dd285491b7b, 5, 0, 405, 27, 25.85
2026/09/08 22:31:16.982, GPU-ecc6a1f9-42fe-2932-7ea0-1dd285491b7b, 5, 0, 405, 27, 26.09
2026/09/08 22:31:17.188, GPU-ecc6a1f9-42fe-2932-7ea0-1dd285491b7b, 5, 0, 405, 27, 26.09
2026/09/08 22:31:17.391, GPU-ecc6a1f9-42fe-2932-7ea0-1dd285491b7b, 5, 0, 405, 27, 26.09
2026/09/08 22:31:17.595, GPU-ecc6a1f9-42fe-2932-7ea0-1dd285491b7b, 5, 0, 405, 27, 26.09
2026/09/08 22:31:17.799, GPU-ecc6a1f9-42fe-2932-7ea0-1dd285491b7b, 5, 0, 405, 27, 25.85
2026/09/08 22:31:18.002, GPU-ecc6a1f9-42fe-2932-7ea0-1dd285491b7b, 5, 0, 405, 27, 26.09
2026/09/08 22:31:18.206, GPU-ecc6a1f9-42fe-2932-7ea0-1dd285491b7b, 5, 0, 405, 27, 25.85
2026/09/08 22:31:18.412, GPU-ecc6a1f9-42fe-2932-7ea0-1dd285491b7b, 5, 0, 405, 27, 25.85
2026/09/08 22:31:18.615, GPU-ecc6a1f9-42fe-2932-7ea0-1dd285491b7b, 5, 0, 405, 27, 25.85
2026/09/08 22:31:18.819, GPU-ecc6a1f9-42fe-2932-7ea0-1dd285491b7b, 5, 0, 405, 27, 25.85
2026/09/08 22:31:19.022, GPU-ecc6a1f9-42fe-2932-7ea0-1dd285491b7b, 5, 0, 405, 27, 26.09
2026/09/08 22:31:19.226, GPU-ecc6a1f9-42fe-2932-7ea0-1dd285491b7b, 5, 0, 405, 27, 26.09
2026/09/08 22:31:19.432, GPU-ecc6a1f9-42fe-2932-7ea0-1dd285491b7b, 5, 0, 405, 27, 26.09
2026/09/08 22:31:19.635, GPU-ecc6a1f9-42fe-2932-7ea0-1dd285491b7b, 5, 0, 405, 27, 25.85
2026/09/08 22:31:19.839, GPU-ecc6a1f9-42fe-2932-7ea0-1dd285491b7b, 5, 0, 405, 27, 26.09
2026/09/08 22:31:20.042, GPU-ecc6a1f9-42fe-2932-7ea0-1dd285491b7b, 5, 0, 405, 27, 26.09
2026/09/08 22:31:20.246, GPU-ecc6a1f9-42fe-2932-7ea0-1dd285491b7b, 5, 0, 405, 27, 26.09
2026/09/08 22:31:20.451, GPU-ecc6a1f9-42fe-2932-7ea0-1dd285491b7b, 5, 0, 405, 27, 26.09
2026/09/08 22:31:20.655, GPU-ecc6a1f9-42fe-2932-7ea0-1dd285491b7b, 5, 0, 405, 27, 25.60
2026/09/08 22:31:20.858, GPU-ecc6a1f9-42fe-2932-7ea0-1dd285491b7b, 5, 0, 405, 27, 26.09
2026/09/08 22:31:21.062, GPU-ecc6a1f9-42fe-2932-7ea0-1dd285491b7b, 5, 0, 405, 27, 26.09
2026/09/08 22:31:21.265, GPU-ecc6a1f9-42fe-2932-7ea0-1dd285491b7b, 5, 0, 405, 27, 26.09
2026/09/08 22:31:21.471, GPU-ecc6a1f9-42fe-2932-7ea0-1dd285491b7b, 5, 0, 405, 27, 26.09
2026/09/08 22:31:21.675, GPU-ecc6a1f9-42fe-2932-7ea0-1dd285491b7b, 5, 0, 405, 27, 25.85
2026/09/08 22:31:21.878, GPU-ecc6a1f9-42fe-2932-7ea0-1dd285491b7b, 5, 0, 405, 27, 25.85
2026/09/08 22:31:22.082, GPU-ecc6a1f9-42fe-2932-7ea0-1dd285491b7b, 5, 0, 405, 27, 26.09
2026/09/08 22:31:22.285, GPU-ecc6a1f9-42fe-2932-7ea0-1dd285491b7b, 5, 0, 405, 27, 26.09
2026/09/08 22:31:22.490, GPU-ecc6a1f9-42fe-2932-7ea0-1dd285491b7b, 5, 0, 405, 27, 26.09
2026/09/08 22:31:22.694, GPU-ecc6a1f9-42fe-2932-7ea0-1dd285491b7b, 5, 0, 405, 27, 26.09
2026/09/08 22:31:22.897, GPU-ecc6a1f9-42fe-2932-7ea0-1dd285491b7b, 5, 0, 405, 27, 26.09
2026/09/08 22:31:23.101, GPU-ecc6a1f9-42fe-2932-7ea0-1dd285491b7b, 5, 0, 405, 27, 25.85
2026/09/08 22:31:23.304, GPU-ecc6a1f9-42fe-2932-7ea0-1dd285491b7b, 5, 0, 405, 27, 25.85
2026/09/08 22:31:23.509, GPU-ecc6a1f9-42fe-2932-7ea0-1dd285491b7b, 5, 0, 405, 27, 26.09
2026/09/08 22:31:23.713, GPU-ecc6a1f9-42fe-2932-7ea0-1dd285491b7b, 5, 0, 405, 27, 25.85
2026/09/08 22:31:23.916, GPU-ecc6a1f9-42fe-2932-7ea0-1dd285491b7b, 5, 0, 405, 27, 25.85
2026/09/08 22:31:24.120, GPU-ecc6a1f9-42fe-2932-7ea0-1dd285491b7b, 5, 0, 405, 27, 25.85
2026/09/08 22:31:24.323, GPU-ecc6a1f9-42fe-2932-7ea0-1dd285491b7b, 5, 0, 405, 27, 26.09
2026/09/08 22:31:24.529, GPU-ecc6a1f9-42fe-2932-7ea0-1dd285491b7b, 5, 0, 405, 27, 25.85
2026/09/08 22:31:24.732, GPU-ecc6a1f9-42fe-2932-7ea0-1dd285491b7b, 5, 0, 405, 27, 25.85
2026/09/08 22:31:24.936, GPU-ecc6a1f9-42fe-2932-7ea0-1dd285491b7b, 5, 0, 405, 27, 25.85
2026/09/08 22:31:25.139, GPU-ecc6a1f9-42fe-2932-7ea0-1dd285491b7b, 5, 0, 405, 27, 25.60
2026/09/08 22:31:25.343, GPU-ecc6a1f9-42fe-2932-7ea0-1dd285491b7b, 5, 0, 405, 27, 25.85
2026/09/08 22:31:25.549, GPU-ecc6a1f9-42fe-2932-7ea0-1dd285491b7b, 5, 0, 405, 27, 26.09
2026/09/08 22:31:25.752, GPU-ecc6a1f9-42fe-2932-7ea0-1dd285491b7b, 5, 0, 405, 27, 26.09
2026/09/08 22:31:25.955, GPU-ecc6a1f9-42fe-2932-7ea0-1dd285491b7b, 5, 0, 405, 27, 25.85
2026/09/08 22:31:26.159, GPU-ecc6a1f9-42fe-2932-7ea0-1dd285491b7b, 5, 0, 405, 27, 25.85
2026/09/08 22:31:26.362, GPU-ecc6a1f9-42fe-2932-7ea0-1dd285491b7b, 5, 0, 405, 27, 25.85
2026/09/08 22:31:26.568, GPU-ecc6a1f9-42fe-2932-7ea0-1dd285491b7b, 5, 0, 405, 27, 25.85
2026/09/08 22:31:26.771, GPU-ecc6a1f9-42fe-2932-7ea0-1dd285491b7b, 5, 0, 405, 27, 25.85
2026/09/08 22:31:26.975, GPU-ecc6a1f9-42fe-2932-7ea0-1dd285491b7b, 5, 0, 405, 27, 25.85
2026/09/08 22:31:27.179, GPU-ecc6a1f9-42fe-2932-7ea0-1dd285491b7b, 5, 0, 405, 27, 25.85
2026/09/08 22:31:27.382, GPU-ecc6a1f9-42fe-2932-7ea0-1dd285491b7b, 5, 0, 405, 27, 26.09
2026/09/08 22:31:27.588, GPU-ecc6a1f9-42fe-2932-7ea0-1dd285491b7b, 5, 0, 405, 27, 25.85
2026/09/08 22:31:27.791, GPU-ecc6a1f9-42fe-2932-7ea0-1dd285491b7b, 5, 0, 405, 27, 26.09
2026/09/08 22:31:27.994, GPU-ecc6a1f9-42fe-2932-7ea0-1dd285491b7b, 5, 0, 405, 27, 25.85
2026/09/08 22:31:28.198, GPU-ecc6a1f9-42fe-2932-7ea0-1dd285491b7b, 5, 0, 405, 27, 26.09
2026/09/08 22:31:28.401, GPU-ecc6a1f9-42fe-2932-7ea0-1dd285491b7b, 5, 0, 405, 27, 26.09
2026/09/08 22:31:28.607, GPU-ecc6a1f9-42fe-2932-7ea0-1dd285491b7b, 5, 0, 405, 27, 25.85
2026/09/08 22:31:28.810, GPU-ecc6a1f9-42fe-2932-7ea0-1dd285491b7b, 5, 0, 405, 27, 25.60
2026/09/08 22:31:29.014, GPU-ecc6a1f9-42fe-2932-7ea0-1dd285491b7b, 5, 0, 405, 27, 25.85
2026/09/08 22:31:29.218, GPU-ecc6a1f9-42fe-2932-7ea0-1dd285491b7b, 5, 0, 405, 27, 25.85
2026/09/08 22:31:29.421, GPU-ecc6a1f9-42fe-2932-7ea0-1dd285491b7b, 5, 0, 405, 27, 26.09
2026/09/08 22:31:29.626, GPU-ecc6a1f9-42fe-2932-7ea0-1dd285491b7b, 5, 0, 405, 27, 26.09
2026/09/08 22:31:29.830, GPU-ecc6a1f9-42fe-2932-7ea0-1dd285491b7b, 5, 0, 405, 27, 25.85
2026/09/08 22:31:30.034, GPU-ecc6a1f9-42fe-2932-7ea0-1dd285491b7b, 5, 0, 405, 27, 26.09
2026/09/08 22:31:30.237, GPU-ecc6a1f9-42fe-2932-7ea0-1dd285491b7b, 5, 0, 405, 27, 25.85
2026/09/08 22:31:30.441, GPU-ecc6a1f9-42fe-2932-7ea0-1dd285491b7b, 5, 0, 405, 27, 25.85
2026/09/08 22:31:30.646, GPU-ecc6a1f9-42fe-2932-7ea0-1dd285491b7b, 5, 0, 405, 27, 26.09
2026/09/08 22:31:30.849, GPU-ecc6a1f9-42fe-2932-7ea0-1dd285491b7b, 5, 0, 405, 27, 25.85
2026/09/08 22:31:31.053, GPU-ecc6a1f9-42fe-2932-7ea0-1dd285491b7b, 5, 0, 405, 27, 25.85
2026/09/08 22:31:31.256, GPU-ecc6a1f9-42fe-2932-7ea0-1dd285491b7b, 5, 0, 405, 27, 26.09
2026/09/08 22:31:31.460, GPU-ecc6a1f9-42fe-2932-7ea0-1dd285491b7b, 5, 0, 405, 27, 25.60
2026/09/08 22:31:31.665, GPU-ecc6a1f9-42fe-2932-7ea0-1dd285491b7b, 5, 0, 405, 27, 25.85
2026/09/08 22:31:31.868, GPU-ecc6a1f9-42fe-2932-7ea0-1dd285491b7b, 5, 0, 405, 27, 26.09
2026/09/08 22:31:32.072, GPU-ecc6a1f9-42fe-2932-7ea0-1dd285491b7b, 5, 0, 405, 27, 26.09
2026/09/08 22:31:32.276, GPU-ecc6a1f9-42fe-2932-7ea0-1dd285491b7b, 5, 0, 405, 27, 25.60
2026/09/08 22:31:32.480, GPU-ecc6a1f9-42fe-2932-7ea0-1dd285491b7b, 5, 0, 405, 27, 25.85
2026/09/08 22:31:32.685, GPU-ecc6a1f9-42fe-2932-7ea0-1dd285491b7b, 5, 0, 405, 27, 25.85
2026/09/08 22:31:32.889, GPU-ecc6a1f9-42fe-2932-7ea0-1dd285491b7b, 5, 0, 405, 27, 26.09
2026/09/08 22:31:33.092, GPU-ecc6a1f9-42fe-2932-7ea0-1dd285491b7b, 5, 0, 405, 27, 26.09
2026/09/08 22:31:33.296, GPU-ecc6a1f9-42fe-2932-7ea0-1dd285491b7b, 5, 0, 405, 27, 26.09
2026/09/08 22:31:33.499, GPU-ecc6a1f9-42fe-2932-7ea0-1dd285491b7b, 5, 0, 405, 27, 25.85
2026/09/08 22:31:33.704, GPU-ecc6a1f9-42fe-2932-7ea0-1dd285491b7b, 5, 0, 405, 27, 26.09
2026/09/08 22:31:33.908, GPU-ecc6a1f9-42fe-2932-7ea0-1dd285491b7b, 5, 0, 405, 27, 25.85
2026/09/08 22:31:34.111, GPU-ecc6a1f9-42fe-2932-7ea0-1dd285491b7b, 5, 0, 405, 27, 25.85
2026/09/08 22:31:34.315, GPU-ecc6a1f9-42fe-2932-7ea0-1dd285491b7b, 5, 0, 405, 27, 25.85
2026/09/08 22:31:34.518, GPU-ecc6a1f9-42fe-2932-7ea0-1dd285491b7b, 5, 0, 405, 27, 25.85
2026/09/08 22:31:34.723, GPU-ecc6a1f9-42fe-2932-7ea0-1dd285491b7b, 5, 0, 405, 27, 26.09
2026/09/08 22:31:34.927, GPU-ecc6a1f9-42fe-2932-7ea0-1dd285491b7b, 5, 0, 405, 27, 25.85
2026/09/08 22:31:35.130, GPU-ecc6a1f9-42fe-2932-7ea0-1dd285491b7b, 5, 0, 405, 27, 25.85
2026/09/08 22:31:35.334, GPU-ecc6a1f9-42fe-2932-7ea0-1dd285491b7b, 5, 0, 405, 27, 25.85
2026/09/08 22:31:35.537, GPU-ecc6a1f9-42fe-2932-7ea0-1dd285491b7b, 5, 0, 405, 27, 25.85
2026/09/08 22:31:35.743, GPU-ecc6a1f9-42fe-2932-7ea0-1dd285491b7b, 5, 0, 405, 27, 25.85
2026/09/08 22:31:35.946, GPU-ecc6a1f9-42fe-2932-7ea0-1dd285491b7b, 5, 0, 405, 27, 26.09
2026/09/08 22:31:36.150, GPU-ecc6a1f9-42fe-2932-7ea0-1dd285491b7b, 5, 0, 405, 27, 25.85
2026/09/08 22:31:36.353, GPU-ecc6a1f9-42fe-2932-7ea0-1dd285491b7b, 5, 0, 405, 27, 26.09
2026/09/08 22:31:36.557, GPU-ecc6a1f9-42fe-2932-7ea0-1dd285491b7b, 5, 0, 405, 27, 26.09
2026/09/08 22:31:36.762, GPU-ecc6a1f9-42fe-2932-7ea0-1dd285491b7b, 5, 0, 405, 27, 25.85
2026/09/08 22:31:36.966, GPU-ecc6a1f9-42fe-2932-7ea0-1dd285491b7b, 5, 0, 405, 27, 25.85
2026/09/08 22:31:37.169, GPU-ecc6a1f9-42fe-2932-7ea0-1dd285491b7b, 5, 0, 405, 27, 26.09
2026/09/08 22:31:37.373, GPU-ecc6a1f9-42fe-2932-7ea0-1dd285491b7b, 5, 0, 405, 27, 25.85
2026/09/08 22:31:37.576, GPU-ecc6a1f9-42fe-2932-7ea0-1dd285491b7b, 5, 0, 405, 27, 25.60
2026/09/08 22:31:37.783, GPU-ecc6a1f9-42fe-2932-7ea0-1dd285491b7b, 5, 0, 405, 27, 25.85
2026/09/08 22:31:37.987, GPU-ecc6a1f9-42fe-2932-7ea0-1dd285491b7b, 5, 0, 405, 27, 25.85
2026/09/08 22:31:38.190, GPU-ecc6a1f9-42fe-2932-7ea0-1dd285491b7b, 5, 0, 405, 27, 25.85
2026/09/08 22:31:38.394, GPU-ecc6a1f9-42fe-2932-7ea0-1dd285491b7b, 5, 0, 405, 27, 26.09
2026/09/08 22:31:38.597, GPU-ecc6a1f9-42fe-2932-7ea0-1dd285491b7b, 5, 0, 405, 27, 25.60
2026/09/08 22:31:38.801, GPU-ecc6a1f9-42fe-2932-7ea0-1dd285491b7b, 5, 0, 405, 27, 26.09
2026/09/08 22:31:39.007, GPU-ecc6a1f9-42fe-2932-7ea0-1dd285491b7b, 5, 0, 405, 27, 25.60
2026/09/08 22:31:39.210, GPU-ecc6a1f9-42fe-2932-7ea0-1dd285491b7b, 5, 0, 405, 27, 25.85
2026/09/08 22:31:39.414, GPU-ecc6a1f9-42fe-2932-7ea0-1dd285491b7b, 5, 0, 405, 27, 25.85
2026/09/08 22:31:39.617, GPU-ecc6a1f9-42fe-2932-7ea0-1dd285491b7b, 5, 0, 405, 27, 25.85
2026/09/08 22:31:39.821, GPU-ecc6a1f9-42fe-2932-7ea0-1dd285491b7b, 5, 0, 405, 27, 25.85
2026/09/08 22:31:40.024, GPU-ecc6a1f9-42fe-2932-7ea0-1dd285491b7b, 5, 0, 405, 27, 25.60
2026/09/08 22:31:40.228, GPU-ecc6a1f9-42fe-2932-7ea0-1dd285491b7b, 5, 0, 405, 27, 26.09
2026/09/08 22:31:40.432, GPU-ecc6a1f9-42fe-2932-7ea0-1dd285491b7b, 5, 0, 405, 27, 25.85
2026/09/08 22:31:40.636, GPU-ecc6a1f9-42fe-2932-7ea0-1dd285491b7b, 5, 0, 405, 27, 25.85
2026/09/08 22:31:40.839, GPU-ecc6a1f9-42fe-2932-7ea0-1dd285491b7b, 5, 0, 405, 27, 26.09
2026/09/08 22:31:41.043, GPU-ecc6a1f9-42fe-2932-7ea0-1dd285491b7b, 5, 0, 405, 27, 26.09
2026/09/08 22:31:41.246, GPU-ecc6a1f9-42fe-2932-7ea0-1dd285491b7b, 5, 0, 405, 27, 26.09
2026/09/08 22:31:41.452, GPU-ecc6a1f9-42fe-2932-7ea0-1dd285491b7b, 5, 0, 405, 27, 25.85
2026/09/08 22:31:41.656, GPU-ecc6a1f9-42fe-2932-7ea0-1dd285491b7b, 5, 0, 405, 27, 25.85
2026/09/08 22:31:41.859, GPU-ecc6a1f9-42fe-2932-7ea0-1dd285491b7b, 5, 0, 405, 27, 25.85
2026/09/08 22:31:42.063, GPU-ecc6a1f9-42fe-2932-7ea0-1dd285491b7b, 5, 0, 405, 27, 25.85
2026/09/08 22:31:42.266, GPU-ecc6a1f9-42fe-2932-7ea0-1dd285491b7b, 5, 0, 405, 27, 25.85
2026/09/08 22:31:42.472, GPU-ecc6a1f9-42fe-2932-7ea0-1dd285491b7b, 5, 0, 405, 27, 25.85
2026/09/08 22:31:42.675, GPU-ecc6a1f9-42fe-2932-7ea0-1dd285491b7b, 5, 0, 405, 27, 25.85
2026/09/08 22:31:42.879, GPU-ecc6a1f9-42fe-2932-7ea0-1dd285491b7b, 5, 0, 405, 27, 25.85
2026/09/08 22:31:43.082, GPU-ecc6a1f9-42fe-2932-7ea0-1dd285491b7b, 5, 0, 405, 27, 25.85
2026/09/08 22:31:43.286, GPU-ecc6a1f9-42fe-2932-7ea0-1dd285491b7b, 5, 0, 405, 27, 26.09
2026/09/08 22:31:43.492, GPU-ecc6a1f9-42fe-2932-7ea0-1dd285491b7b, 5, 0, 405, 27, 25.85
2026/09/08 22:31:43.695, GPU-ecc6a1f9-42fe-2932-7ea0-1dd285491b7b, 5, 0, 405, 27, 25.85
2026/09/08 22:31:43.899, GPU-ecc6a1f9-42fe-2932-7ea0-1dd285491b7b, 5, 0, 405, 27, 25.85
2026/09/08 22:31:44.102, GPU-ecc6a1f9-42fe-2932-7ea0-1dd285491b7b, 5, 0, 405, 27, 25.85
2026/09/08 22:31:44.306, GPU-ecc6a1f9-42fe-2932-7ea0-1dd285491b7b, 5, 0, 405, 27, 25.85
2026/09/08 22:31:44.511, GPU-ecc6a1f9-42fe-2932-7ea0-1dd285491b7b, 5, 0, 405, 27, 25.85
2026/09/08 22:31:44.715, GPU-ecc6a1f9-42fe-2932-7ea0-1dd285491b7b, 5, 0, 405, 27, 25.85
2026/09/08 22:31:44.918, GPU-ecc6a1f9-42fe-2932-7ea0-1dd285491b7b, 5, 0, 405, 27, 25.85
2026/09/08 22:31:45.122, GPU-ecc6a1f9-42fe-2932-7ea0-1dd285491b7b, 5, 0, 405, 27, 25.85
2026/09/08 22:31:45.325, GPU-ecc6a1f9-42fe-2932-7ea0-1dd285491b7b, 5, 0, 405, 27, 25.85
2026/09/08 22:31:45.530, GPU-ecc6a1f9-42fe-2932-7ea0-1dd285491b7b, 5, 0, 405, 27, 26.09
2026/09/08 22:31:45.734, GPU-ecc6a1f9-42fe-2932-7ea0-1dd285491b7b, 5, 0, 405, 27, 25.85
2026/09/08 22:31:45.937, GPU-ecc6a1f9-42fe-2932-7ea0-1dd285491b7b, 5, 0, 405, 27, 25.85
2026/09/08 22:31:46.141, GPU-ecc6a1f9-42fe-2932-7ea0-1dd285491b7b, 5, 0, 405, 27, 25.85
2026/09/08 22:31:46.345, GPU-ecc6a1f9-42fe-2932-7ea0-1dd285491b7b, 5, 0, 405, 27, 26.09
2026/09/08 22:31:46.550, GPU-ecc6a1f9-42fe-2932-7ea0-1dd285491b7b, 5, 0, 405, 27, 25.85
2026/09/08 22:31:46.753, GPU-ecc6a1f9-42fe-2932-7ea0-1dd285491b7b, 5, 0, 405, 27, 25.85
2026/09/08 22:31:46.957, GPU-ecc6a1f9-42fe-2932-7ea0-1dd285491b7b, 5, 0, 405, 27, 25.85
2026/09/08 22:31:47.160, GPU-ecc6a1f9-42fe-2932-7ea0-1dd285491b7b, 5, 0, 405, 27, 26.09
2026/09/08 22:31:47.364, GPU-ecc6a1f9-42fe-2932-7ea0-1dd285491b7b, 5, 0, 405, 27, 25.85
2026/09/08 22:31:47.569, GPU-ecc6a1f9-42fe-2932-7ea0-1dd285491b7b, 5, 0, 405, 27, 26.09
2026/09/08 22:31:47.773, GPU-ecc6a1f9-42fe-2932-7ea0-1dd285491b7b, 5, 0, 405, 27, 25.85
2026/09/08 22:31:47.976, GPU-ecc6a1f9-42fe-2932-7ea0-1dd285491b7b, 5, 0, 405, 27, 26.09
2026/09/08 22:31:48.180, GPU-ecc6a1f9-42fe-2932-7ea0-1dd285491b7b, 5, 0, 405, 27, 25.60
2026/09/08 22:31:48.383, GPU-ecc6a1f9-42fe-2932-7ea0-1dd285491b7b, 5, 0, 405, 27, 25.85
2026/09/08 22:31:48.589, GPU-ecc6a1f9-42fe-2932-7ea0-1dd285491b7b, 5, 0, 405, 27, 25.85
2026/09/08 22:31:48.792, GPU-ecc6a1f9-42fe-2932-7ea0-1dd285491b7b, 5, 0, 405, 27, 25.85
2026/09/08 22:31:48.996, GPU-ecc6a1f9-42fe-2932-7ea0-1dd285491b7b, 5, 0, 405, 27, 26.09
2026/09/08 22:31:49.199, GPU-ecc6a1f9-42fe-2932-7ea0-1dd285491b7b, 5, 0, 405, 27, 26.09
2026/09/08 22:31:49.403, GPU-ecc6a1f9-42fe-2932-7ea0-1dd285491b7b, 5, 0, 405, 27, 25.85
2026/09/08 22:31:49.608, GPU-ecc6a1f9-42fe-2932-7ea0-1dd285491b7b, 5, 0, 405, 27, 25.85
2026/09/08 22:31:49.812, GPU-ecc6a1f9-42fe-2932-7ea0-1dd285491b7b, 5, 0, 405, 27, 26.09
2026/09/08 22:31:50.015, GPU-ecc6a1f9-42fe-2932-7ea0-1dd285491b7b, 5, 0, 405, 27, 25.85
2026/09/08 22:31:50.219, GPU-ecc6a1f9-42fe-2932-7ea0-1dd285491b7b, 5, 0, 405, 27, 25.85
2026/09/08 22:31:50.422, GPU-ecc6a1f9-42fe-2932-7ea0-1dd285491b7b, 5, 0, 405, 27, 26.09
2026/09/08 22:31:50.627, GPU-ecc6a1f9-42fe-2932-7ea0-1dd285491b7b, 5, 0, 405, 27, 26.09
2026/09/08 22:31:50.831, GPU-ecc6a1f9-42fe-2932-7ea0-1dd285491b7b, 5, 0, 405, 27, 25.60
2026/09/08 22:31:51.034, GPU-ecc6a1f9-42fe-2932-7ea0-1dd285491b7b, 5, 0, 405, 27, 25.85
2026/09/08 22:31:51.238, GPU-ecc6a1f9-42fe-2932-7ea0-1dd285491b7b, 5, 0, 405, 27, 26.09
2026/09/08 22:31:51.441, GPU-ecc6a1f9-42fe-2932-7ea0-1dd285491b7b, 5, 0, 405, 27, 25.85
2026/09/08 22:31:51.647, GPU-ecc6a1f9-42fe-2932-7ea0-1dd285491b7b, 5, 0, 405, 27, 26.09
2026/09/08 22:31:51.850, GPU-ecc6a1f9-42fe-2932-7ea0-1dd285491b7b, 5, 0, 405, 27, 25.85
2026/09/08 22:31:52.054, GPU-ecc6a1f9-42fe-2932-7ea0-1dd285491b7b, 5, 0, 405, 27, 26.09
2026/09/08 22:31:52.257, GPU-ecc6a1f9-42fe-2932-7ea0-1dd285491b7b, 5, 0, 405, 27, 25.85
2026/09/08 22:31:52.461, GPU-ecc6a1f9-42fe-2932-7ea0-1dd285491b7b, 5, 0, 405, 27, 25.85
2026/09/08 22:31:52.666, GPU-ecc6a1f9-42fe-2932-7ea0-1dd285491b7b, 5, 0, 405, 27, 25.60
2026/09/08 22:31:52.870, GPU-ecc6a1f9-42fe-2932-7ea0-1dd285491b7b, 5, 0, 405, 27, 25.85
2026/09/08 22:31:53.073, GPU-ecc6a1f9-42fe-2932-7ea0-1dd285491b7b, 5, 0, 405, 27, 26.09
2026/09/08 22:31:53.277, GPU-ecc6a1f9-42fe-2932-7ea0-1dd285491b7b, 5, 0, 405, 27, 25.85
2026/09/08 22:31:53.480, GPU-ecc6a1f9-42fe-2932-7ea0-1dd285491b7b, 5, 0, 405, 27, 25.85
2026/09/08 22:31:53.686, GPU-ecc6a1f9-42fe-2932-7ea0-1dd285491b7b, 5, 0, 405, 27, 25.85
2026/09/08 22:31:53.889, GPU-ecc6a1f9-42fe-2932-7ea0-1dd285491b7b, 5, 0, 405, 27, 25.60
2026/09/08 22:31:54.093, GPU-ecc6a1f9-42fe-2932-7ea0-1dd285491b7b, 5, 0, 405, 27, 25.85
2026/09/08 22:31:54.297, GPU-ecc6a1f9-42fe-2932-7ea0-1dd285491b7b, 5, 0, 405, 27, 25.85
2026/09/08 22:31:54.500, GPU-ecc6a1f9-42fe-2932-7ea0-1dd285491b7b, 5, 0, 405, 27, 25.85
2026/09/08 22:31:54.705, GPU-ecc6a1f9-42fe-2932-7ea0-1dd285491b7b, 5, 0, 405, 27, 26.09
2026/09/08 22:31:54.909, GPU-ecc6a1f9-42fe-2932-7ea0-1dd285491b7b, 5, 0, 405, 27, 25.60
2026/09/08 22:31:55.112, GPU-ecc6a1f9-42fe-2932-7ea0-1dd285491b7b, 5, 0, 405, 27, 26.09
2026/09/08 22:31:55.316, GPU-ecc6a1f9-42fe-2932-7ea0-1dd285491b7b, 5, 0, 405, 27, 25.85
2026/09/08 22:31:55.519, GPU-ecc6a1f9-42fe-2932-7ea0-1dd285491b7b, 5, 0, 405, 27, 25.85
2026/09/08 22:31:55.724, GPU-ecc6a1f9-42fe-2932-7ea0-1dd285491b7b, 5, 0, 405, 27, 25.85
2026/09/08 22:31:55.928, GPU-ecc6a1f9-42fe-2932-7ea0-1dd285491b7b, 5, 0, 405, 27, 25.85
2026/09/08 22:31:56.132, GPU-ecc6a1f9-42fe-2932-7ea0-1dd285491b7b, 5, 0, 405, 27, 25.60
2026/09/08 22:31:56.335, GPU-ecc6a1f9-42fe-2932-7ea0-1dd285491b7b, 5, 0, 405, 27, 25.85
2026/09/08 22:31:56.539, GPU-ecc6a1f9-42fe-2932-7ea0-1dd285491b7b, 5, 0, 405, 27, 25.85
2026/09/08 22:31:56.744, GPU-ecc6a1f9-42fe-2932-7ea0-1dd285491b7b, 5, 0, 405, 27, 25.85
2026/09/08 22:31:56.947, GPU-ecc6a1f9-42fe-2932-7ea0-1dd285491b7b, 5, 0, 405, 27, 25.85
2026/09/08 22:31:57.151, GPU-ecc6a1f9-42fe-2932-7ea0-1dd285491b7b, 5, 0, 405, 27, 25.85
2026/09/08 22:31:57.354, GPU-ecc6a1f9-42fe-2932-7ea0-1dd285491b7b, 5, 0, 405, 27, 26.09
2026/09/08 22:31:57.558, GPU-ecc6a1f9-42fe-2932-7ea0-1dd285491b7b, 5, 0, 405, 27, 26.09
2026/09/08 22:31:57.763, GPU-ecc6a1f9-42fe-2932-7ea0-1dd285491b7b, 5, 0, 405, 27, 25.85
2026/09/08 22:31:57.967, GPU-ecc6a1f9-42fe-2932-7ea0-1dd285491b7b, 5, 0, 405, 27, 25.85
2026/09/08 22:31:58.170, GPU-ecc6a1f9-42fe-2932-7ea0-1dd285491b7b, 5, 0, 405, 27, 25.85
2026/09/08 22:31:58.374, GPU-ecc6a1f9-42fe-2932-7ea0-1dd285491b7b, 5, 0, 405, 27, 25.85
2026/09/08 22:31:58.577, GPU-ecc6a1f9-42fe-2932-7ea0-1dd285491b7b, 5, 0, 405, 27, 25.85
2026/09/08 22:31:58.782, GPU-ecc6a1f9-42fe-2932-7ea0-1dd285491b7b, 5, 0, 405, 27, 25.85
2026/09/08 22:31:58.986, GPU-ecc6a1f9-42fe-2932-7ea0-1dd285491b7b, 5, 0, 405, 27, 25.85
2026/09/08 22:31:59.189, GPU-ecc6a1f9-42fe-2932-7ea0-1dd285491b7b, 5, 0, 405, 27, 25.85
2026/09/08 22:31:59.393, GPU-ecc6a1f9-42fe-2932-7ea0-1dd285491b7b, 5, 0, 405, 27, 25.85
2026/09/08 22:31:59.597, GPU-ecc6a1f9-42fe-2932-7ea0-1dd285491b7b, 5, 0, 405, 27, 26.09
2026/09/08 22:31:59.803, GPU-ecc6a1f9-42fe-2932-7ea0-1dd285491b7b, 5, 0, 405, 27, 25.85
2026/09/08 22:32:00.006, GPU-ecc6a1f9-42fe-2932-7ea0-1dd285491b7b, 5, 0, 405, 27, 26.09
2026/09/08 22:32:00.210, GPU-ecc6a1f9-42fe-2932-7ea0-1dd285491b7b, 5, 0, 405, 27, 26.09
2026/09/08 22:32:00.413, GPU-ecc6a1f9-42fe-2932-7ea0-1dd285491b7b, 5, 0, 405, 27, 26.09
2026/09/08 22:32:00.617, GPU-ecc6a1f9-42fe-2932-7ea0-1dd285491b7b, 5, 0, 405, 27, 25.85
2026/09/08 22:32:00.821, GPU-ecc6a1f9-42fe-2932-7ea0-1dd285491b7b, 5, 0, 405, 27, 25.85
2026/09/08 22:32:01.026, GPU-ecc6a1f9-42fe-2932-7ea0-1dd285491b7b, 5, 0, 405, 27, 26.09
2026/09/08 22:32:01.229, GPU-ecc6a1f9-42fe-2932-7ea0-1dd285491b7b, 5, 0, 405, 27, 25.85
2026/09/08 22:32:01.433, GPU-ecc6a1f9-42fe-2932-7ea0-1dd285491b7b, 5, 0, 405, 27, 26.09
2026/09/08 22:32:01.636, GPU-ecc6a1f9-42fe-2932-7ea0-1dd285491b7b, 5, 0, 405, 27, 26.09
2026/09/08 22:32:01.840, GPU-ecc6a1f9-42fe-2932-7ea0-1dd285491b7b, 5, 0, 405, 27, 26.09
2026/09/08 22:32:02.043, GPU-ecc6a1f9-42fe-2932-7ea0-1dd285491b7b, 5, 0, 405, 27, 25.85
2026/09/08 22:32:02.250, GPU-ecc6a1f9-42fe-2932-7ea0-1dd285491b7b, 5, 0, 405, 27, 25.85
2026/09/08 22:32:02.454, GPU-ecc6a1f9-42fe-2932-7ea0-1dd285491b7b, 5, 0, 405, 27, 26.09
2026/09/08 22:32:02.657, GPU-ecc6a1f9-42fe-2932-7ea0-1dd285491b7b, 5, 0, 405, 27, 26.09
2026/09/08 22:32:02.861, GPU-ecc6a1f9-42fe-2932-7ea0-1dd285491b7b, 5, 0, 405, 27, 25.85
2026/09/08 22:32:03.064, GPU-ecc6a1f9-42fe-2932-7ea0-1dd285491b7b, 5, 0, 405, 27, 26.09
2026/09/08 22:32:03.271, GPU-ecc6a1f9-42fe-2932-7ea0-1dd285491b7b, 5, 0, 405, 27, 25.85
2026/09/08 22:32:03.475, GPU-ecc6a1f9-42fe-2932-7ea0-1dd285491b7b, 5, 0, 405, 27, 25.85
2026/09/08 22:32:03.678, GPU-ecc6a1f9-42fe-2932-7ea0-1dd285491b7b, 5, 0, 405, 27, 25.85
2026/09/08 22:32:03.882, GPU-ecc6a1f9-42fe-2932-7ea0-1dd285491b7b, 5, 0, 405, 27, 25.85
2026/09/08 22:32:04.085, GPU-ecc6a1f9-42fe-2932-7ea0-1dd285491b7b, 5, 0, 405, 27, 26.09
2026/09/08 22:32:04.291, GPU-ecc6a1f9-42fe-2932-7ea0-1dd285491b7b, 5, 0, 405, 27, 25.85
2026/09/08 22:32:04.494, GPU-ecc6a1f9-42fe-2932-7ea0-1dd285491b7b, 5, 0, 405, 27, 26.09
2026/09/08 22:32:04.697, GPU-ecc6a1f9-42fe-2932-7ea0-1dd285491b7b, 15, 0, 405, 27, 25.85
2026/09/08 22:32:04.960, GPU-ecc6a1f9-42fe-2932-7ea0-1dd285491b7b, 303, 1, 1189, 27, 30.95
2026/09/08 22:32:05.164, GPU-ecc6a1f9-42fe-2932-7ea0-1dd285491b7b, 305, 8, 1189, 27, 31.21
2026/09/08 22:32:05.370, GPU-ecc6a1f9-42fe-2932-7ea0-1dd285491b7b, 305, 6, 1189, 27, 31.70
2026/09/08 22:32:05.573, GPU-ecc6a1f9-42fe-2932-7ea0-1dd285491b7b, 307, 7, 1189, 27, 31.68
2026/09/08 22:32:05.777, GPU-ecc6a1f9-42fe-2932-7ea0-1dd285491b7b, 309, 8, 1189, 27, 31.68
2026/09/08 22:32:05.981, GPU-ecc6a1f9-42fe-2932-7ea0-1dd285491b7b, 309, 16, 1189, 27, 32.66
2026/09/08 22:32:06.185, GPU-ecc6a1f9-42fe-2932-7ea0-1dd285491b7b, 311, 62, 1316, 27, 37.77
2026/09/08 22:32:06.390, GPU-ecc6a1f9-42fe-2932-7ea0-1dd285491b7b, 313, 71, 1328, 27, 37.29
2026/09/08 22:32:06.593, GPU-ecc6a1f9-42fe-2932-7ea0-1dd285491b7b, 315, 89, 1328, 28, 38.51
2026/09/08 22:32:06.796, GPU-ecc6a1f9-42fe-2932-7ea0-1dd285491b7b, 319, 85, 1328, 28, 38.75
2026/09/08 22:32:07.000, GPU-ecc6a1f9-42fe-2932-7ea0-1dd285491b7b, 321, 88, 1328, 28, 38.02
2026/09/08 22:32:07.203, GPU-ecc6a1f9-42fe-2932-7ea0-1dd285491b7b, 315, 74, 1328, 27, 35.82
2026/09/08 22:32:07.407, GPU-ecc6a1f9-42fe-2932-7ea0-1dd285491b7b, 5, 26, 1328, 28, 36.07
2026/09/08 22:32:07.611, GPU-ecc6a1f9-42fe-2932-7ea0-1dd285491b7b, 5, 0, 1328, 28, 35.82
2026/09/08 22:32:07.815, GPU-ecc6a1f9-42fe-2932-7ea0-1dd285491b7b, 5, 0, 1328, 28, 35.82
2026/09/08 22:32:08.018, GPU-ecc6a1f9-42fe-2932-7ea0-1dd285491b7b, 5, 0, 1328, 28, 35.82
2026/09/08 22:32:08.222, GPU-ecc6a1f9-42fe-2932-7ea0-1dd285491b7b, 5, 0, 1328, 28, 35.58
2026/09/08 22:32:08.425, GPU-ecc6a1f9-42fe-2932-7ea0-1dd285491b7b, 5, 0, 1328, 28, 35.82
2026/09/08 22:32:08.630, GPU-ecc6a1f9-42fe-2932-7ea0-1dd285491b7b, 5, 0, 1328, 28, 35.82
2026/09/08 22:32:08.835, GPU-ecc6a1f9-42fe-2932-7ea0-1dd285491b7b, 5, 0, 1328, 28, 35.82
2026/09/08 22:32:09.038, GPU-ecc6a1f9-42fe-2932-7ea0-1dd285491b7b, 5, 0, 1328, 28, 35.82
2026/09/08 22:32:09.242, GPU-ecc6a1f9-42fe-2932-7ea0-1dd285491b7b, 5, 0, 1328, 28, 35.58
2026/09/08 22:32:09.445, GPU-ecc6a1f9-42fe-2932-7ea0-1dd285491b7b, 5, 0, 1328, 28, 35.82
2026/09/08 22:32:09.650, GPU-ecc6a1f9-42fe-2932-7ea0-1dd285491b7b, 5, 0, 1328, 28, 35.82
2026/09/08 22:32:09.854, GPU-ecc6a1f9-42fe-2932-7ea0-1dd285491b7b, 5, 0, 987, 28, 28.53
2026/09/08 22:32:10.057, GPU-ecc6a1f9-42fe-2932-7ea0-1dd285491b7b, 5, 0, 987, 28, 28.29
2026/09/08 22:32:10.261, GPU-ecc6a1f9-42fe-2932-7ea0-1dd285491b7b, 5, 0, 987, 27, 28.29
2026/09/08 22:32:10.464, GPU-ecc6a1f9-42fe-2932-7ea0-1dd285491b7b, 5, 0, 987, 27, 28.04
2026/09/08 22:32:10.670, GPU-ecc6a1f9-42fe-2932-7ea0-1dd285491b7b, 5, 0, 987, 27, 28.04
2026/09/08 22:32:10.873, GPU-ecc6a1f9-42fe-2932-7ea0-1dd285491b7b, 5, 0, 987, 27, 28.04
2026/09/08 22:32:11.077, GPU-ecc6a1f9-42fe-2932-7ea0-1dd285491b7b, 5, 0, 987, 27, 28.29
2026/09/08 22:32:11.280, GPU-ecc6a1f9-42fe-2932-7ea0-1dd285491b7b, 5, 0, 987, 27, 28.04
2026/09/08 22:32:11.484, GPU-ecc6a1f9-42fe-2932-7ea0-1dd285491b7b, 5, 0, 987, 28, 28.04
2026/09/08 22:32:11.689, GPU-ecc6a1f9-42fe-2932-7ea0-1dd285491b7b, 5, 0, 987, 27, 28.29
2026/09/08 22:32:11.893, GPU-ecc6a1f9-42fe-2932-7ea0-1dd285491b7b, 5, 0, 987, 27, 28.29
2026/09/08 22:32:12.096, GPU-ecc6a1f9-42fe-2932-7ea0-1dd285491b7b, 5, 0, 987, 27, 28.04
2026/09/08 22:32:12.300, GPU-ecc6a1f9-42fe-2932-7ea0-1dd285491b7b, 5, 0, 987, 27, 28.29
2026/09/08 22:32:12.503, GPU-ecc6a1f9-42fe-2932-7ea0-1dd285491b7b, 5, 0, 405, 27, 26.09
2026/09/08 22:32:12.709, GPU-ecc6a1f9-42fe-2932-7ea0-1dd285491b7b, 5, 0, 405, 27, 26.09
2026/09/08 22:32:12.912, GPU-ecc6a1f9-42fe-2932-7ea0-1dd285491b7b, 5, 0, 405, 27, 26.09
2026/09/08 22:32:13.116, GPU-ecc6a1f9-42fe-2932-7ea0-1dd285491b7b, 5, 0, 405, 27, 26.09
2026/09/08 22:32:13.319, GPU-ecc6a1f9-42fe-2932-7ea0-1dd285491b7b, 5, 0, 405, 27, 25.85
2026/09/08 22:32:13.523, GPU-ecc6a1f9-42fe-2932-7ea0-1dd285491b7b, 5, 0, 405, 27, 25.85
2026/09/08 22:32:13.728, GPU-ecc6a1f9-42fe-2932-7ea0-1dd285491b7b, 5, 0, 405, 27, 25.85
2026/09/08 22:32:13.932, GPU-ecc6a1f9-42fe-2932-7ea0-1dd285491b7b, 5, 0, 405, 27, 26.09
2026/09/08 22:32:14.135, GPU-ecc6a1f9-42fe-2932-7ea0-1dd285491b7b, 5, 0, 405, 27, 25.85
2026/09/08 22:32:14.339, GPU-ecc6a1f9-42fe-2932-7ea0-1dd285491b7b, 5, 0, 405, 27, 26.09
2026/09/08 22:32:14.542, GPU-ecc6a1f9-42fe-2932-7ea0-1dd285491b7b, 5, 0, 405, 27, 25.85
2026/09/08 22:32:14.748, GPU-ecc6a1f9-42fe-2932-7ea0-1dd285491b7b, 5, 0, 405, 27, 26.09
2026/09/08 22:32:14.951, GPU-ecc6a1f9-42fe-2932-7ea0-1dd285491b7b, 5, 0, 405, 27, 26.09
2026/09/08 22:32:15.155, GPU-ecc6a1f9-42fe-2932-7ea0-1dd285491b7b, 5, 0, 405, 27, 25.85
2026/09/08 22:32:15.358, GPU-ecc6a1f9-42fe-2932-7ea0-1dd285491b7b, 5, 0, 405, 27, 26.09
2026/09/08 22:32:15.562, GPU-ecc6a1f9-42fe-2932-7ea0-1dd285491b7b, 5, 0, 405, 27, 26.09
2026/09/08 22:32:15.767, GPU-ecc6a1f9-42fe-2932-7ea0-1dd285491b7b, 5, 0, 405, 27, 26.09
2026/09/08 22:32:15.971, GPU-ecc6a1f9-42fe-2932-7ea0-1dd285491b7b, 5, 0, 405, 27, 26.09
2026/09/08 22:32:16.174, GPU-ecc6a1f9-42fe-2932-7ea0-1dd285491b7b, 5, 0, 405, 27, 25.85
2026/09/08 22:32:16.378, GPU-ecc6a1f9-42fe-2932-7ea0-1dd285491b7b, 5, 0, 405, 27, 25.85
2026/09/08 22:32:16.581, GPU-ecc6a1f9-42fe-2932-7ea0-1dd285491b7b, 5, 0, 405, 27, 26.09
2026/09/08 22:32:16.786, GPU-ecc6a1f9-42fe-2932-7ea0-1dd285491b7b, 5, 0, 405, 27, 26.09
2026/09/08 22:32:16.990, GPU-ecc6a1f9-42fe-2932-7ea0-1dd285491b7b, 5, 0, 405, 27, 26.09
2026/09/08 22:32:17.194, GPU-ecc6a1f9-42fe-2932-7ea0-1dd285491b7b, 5, 0, 405, 27, 26.09
2026/09/08 22:32:17.397, GPU-ecc6a1f9-42fe-2932-7ea0-1dd285491b7b, 5, 0, 405, 27, 25.85
2026/09/08 22:32:17.601, GPU-ecc6a1f9-42fe-2932-7ea0-1dd285491b7b, 5, 0, 405, 27, 26.09
2026/09/08 22:32:17.806, GPU-ecc6a1f9-42fe-2932-7ea0-1dd285491b7b, 5, 0, 405, 27, 25.85
2026/09/08 22:32:18.009, GPU-ecc6a1f9-42fe-2932-7ea0-1dd285491b7b, 5, 0, 405, 27, 26.09
2026/09/08 22:32:18.213, GPU-ecc6a1f9-42fe-2932-7ea0-1dd285491b7b, 5, 0, 405, 27, 25.85
2026/09/08 22:32:18.416, GPU-ecc6a1f9-42fe-2932-7ea0-1dd285491b7b, 5, 0, 405, 27, 25.85
2026/09/08 22:32:18.620, GPU-ecc6a1f9-42fe-2932-7ea0-1dd285491b7b, 5, 0, 405, 27, 26.09
2026/09/08 22:32:18.825, GPU-ecc6a1f9-42fe-2932-7ea0-1dd285491b7b, 5, 0, 405, 27, 25.85
2026/09/08 22:32:19.029, GPU-ecc6a1f9-42fe-2932-7ea0-1dd285491b7b, 5, 0, 405, 27, 25.85
2026/09/08 22:32:19.232, GPU-ecc6a1f9-42fe-2932-7ea0-1dd285491b7b, 5, 0, 405, 27, 25.85
2026/09/08 22:32:19.436, GPU-ecc6a1f9-42fe-2932-7ea0-1dd285491b7b, 5, 0, 405, 27, 26.09
2026/09/08 22:32:19.639, GPU-ecc6a1f9-42fe-2932-7ea0-1dd285491b7b, 5, 0, 405, 27, 26.09
2026/09/08 22:32:19.844, GPU-ecc6a1f9-42fe-2932-7ea0-1dd285491b7b, 5, 0, 405, 27, 25.85
2026/09/08 22:32:20.048, GPU-ecc6a1f9-42fe-2932-7ea0-1dd285491b7b, 5, 0, 405, 27, 25.85
2026/09/08 22:32:20.252, GPU-ecc6a1f9-42fe-2932-7ea0-1dd285491b7b, 5, 0, 405, 27, 25.85
2026/09/08 22:32:20.455, GPU-ecc6a1f9-42fe-2932-7ea0-1dd285491b7b, 5, 0, 405, 27, 26.09
2026/09/08 22:32:20.659, GPU-ecc6a1f9-42fe-2932-7ea0-1dd285491b7b, 5, 0, 405, 27, 26.09
2026/09/08 22:32:20.864, GPU-ecc6a1f9-42fe-2932-7ea0-1dd285491b7b, 5, 0, 405, 27, 25.85
2026/09/08 22:32:21.067, GPU-ecc6a1f9-42fe-2932-7ea0-1dd285491b7b, 5, 0, 405, 27, 25.85
2026/09/08 22:32:21.271, GPU-ecc6a1f9-42fe-2932-7ea0-1dd285491b7b, 5, 0, 405, 27, 26.09
2026/09/08 22:32:21.474, GPU-ecc6a1f9-42fe-2932-7ea0-1dd285491b7b, 5, 0, 405, 27, 25.85
2026/09/08 22:32:21.678, GPU-ecc6a1f9-42fe-2932-7ea0-1dd285491b7b, 5, 0, 405, 27, 26.09
2026/09/08 22:32:21.883, GPU-ecc6a1f9-42fe-2932-7ea0-1dd285491b7b, 5, 0, 405, 27, 25.85
2026/09/08 22:32:22.087, GPU-ecc6a1f9-42fe-2932-7ea0-1dd285491b7b, 5, 0, 405, 27, 25.85
2026/09/08 22:32:22.290, GPU-ecc6a1f9-42fe-2932-7ea0-1dd285491b7b, 5, 0, 405, 27, 25.85
2026/09/08 22:32:22.494, GPU-ecc6a1f9-42fe-2932-7ea0-1dd285491b7b, 5, 0, 405, 27, 25.85
2026/09/08 22:32:22.697, GPU-ecc6a1f9-42fe-2932-7ea0-1dd285491b7b, 5, 0, 405, 27, 25.85
2026/09/08 22:32:22.903, GPU-ecc6a1f9-42fe-2932-7ea0-1dd285491b7b, 5, 0, 405, 27, 25.85
2026/09/08 22:32:23.106, GPU-ecc6a1f9-42fe-2932-7ea0-1dd285491b7b, 5, 0, 405, 27, 25.85
2026/09/08 22:32:23.310, GPU-ecc6a1f9-42fe-2932-7ea0-1dd285491b7b, 5, 0, 405, 27, 26.09
2026/09/08 22:32:23.513, GPU-ecc6a1f9-42fe-2932-7ea0-1dd285491b7b, 5, 0, 405, 27, 25.85
2026/09/08 22:32:23.717, GPU-ecc6a1f9-42fe-2932-7ea0-1dd285491b7b, 5, 0, 405, 27, 26.09
2026/09/08 22:32:23.923, GPU-ecc6a1f9-42fe-2932-7ea0-1dd285491b7b, 5, 0, 405, 27, 25.85
2026/09/08 22:32:24.126, GPU-ecc6a1f9-42fe-2932-7ea0-1dd285491b7b, 5, 0, 405, 27, 26.09
2026/09/08 22:32:24.330, GPU-ecc6a1f9-42fe-2932-7ea0-1dd285491b7b, 5, 0, 405, 27, 26.09
2026/09/08 22:32:24.533, GPU-ecc6a1f9-42fe-2932-7ea0-1dd285491b7b, 5, 0, 405, 27, 25.85
2026/09/08 22:32:24.737, GPU-ecc6a1f9-42fe-2932-7ea0-1dd285491b7b, 5, 0, 405, 27, 26.09
2026/09/08 22:32:24.943, GPU-ecc6a1f9-42fe-2932-7ea0-1dd285491b7b, 5, 0, 405, 27, 26.09
2026/09/08 22:32:25.146, GPU-ecc6a1f9-42fe-2932-7ea0-1dd285491b7b, 5, 0, 405, 27, 26.09
2026/09/08 22:32:25.350, GPU-ecc6a1f9-42fe-2932-7ea0-1dd285491b7b, 5, 0, 405, 27, 26.09
2026/09/08 22:32:25.553, GPU-ecc6a1f9-42fe-2932-7ea0-1dd285491b7b, 5, 0, 405, 27, 26.09
2026/09/08 22:32:25.757, GPU-ecc6a1f9-42fe-2932-7ea0-1dd285491b7b, 5, 0, 405, 27, 25.85
2026/09/08 22:32:25.962, GPU-ecc6a1f9-42fe-2932-7ea0-1dd285491b7b, 5, 0, 405, 27, 26.09
2026/09/08 22:32:26.166, GPU-ecc6a1f9-42fe-2932-7ea0-1dd285491b7b, 5, 0, 405, 27, 25.85
2026/09/08 22:32:26.369, GPU-ecc6a1f9-42fe-2932-7ea0-1dd285491b7b, 5, 0, 405, 27, 26.09
2026/09/08 22:32:26.573, GPU-ecc6a1f9-42fe-2932-7ea0-1dd285491b7b, 5, 0, 405, 27, 25.85
2026/09/08 22:32:26.777, GPU-ecc6a1f9-42fe-2932-7ea0-1dd285491b7b, 5, 0, 405, 27, 25.85
2026/09/08 22:32:26.983, GPU-ecc6a1f9-42fe-2932-7ea0-1dd285491b7b, 5, 0, 405, 27, 26.09
2026/09/08 22:32:27.188, GPU-ecc6a1f9-42fe-2932-7ea0-1dd285491b7b, 5, 0, 405, 27, 26.09
2026/09/08 22:32:27.392, GPU-ecc6a1f9-42fe-2932-7ea0-1dd285491b7b, 5, 0, 405, 27, 25.85
2026/09/08 22:32:27.595, GPU-ecc6a1f9-42fe-2932-7ea0-1dd285491b7b, 5, 0, 405, 27, 26.09
2026/09/08 22:32:27.799, GPU-ecc6a1f9-42fe-2932-7ea0-1dd285491b7b, 5, 0, 405, 27, 25.85
2026/09/08 22:32:28.002, GPU-ecc6a1f9-42fe-2932-7ea0-1dd285491b7b, 5, 0, 405, 27, 26.09
2026/09/08 22:32:28.207, GPU-ecc6a1f9-42fe-2932-7ea0-1dd285491b7b, 5, 0, 405, 27, 25.85
2026/09/08 22:32:28.410, GPU-ecc6a1f9-42fe-2932-7ea0-1dd285491b7b, 5, 0, 405, 27, 25.85
2026/09/08 22:32:28.614, GPU-ecc6a1f9-42fe-2932-7ea0-1dd285491b7b, 5, 0, 405, 27, 25.85
2026/09/08 22:32:28.817, GPU-ecc6a1f9-42fe-2932-7ea0-1dd285491b7b, 5, 0, 405, 27, 25.85
2026/09/08 22:32:29.021, GPU-ecc6a1f9-42fe-2932-7ea0-1dd285491b7b, 5, 0, 405, 27, 25.85
2026/09/08 22:32:29.224, GPU-ecc6a1f9-42fe-2932-7ea0-1dd285491b7b, 5, 0, 405, 27, 25.85
2026/09/08 22:32:29.430, GPU-ecc6a1f9-42fe-2932-7ea0-1dd285491b7b, 5, 0, 405, 27, 25.85
2026/09/08 22:32:29.634, GPU-ecc6a1f9-42fe-2932-7ea0-1dd285491b7b, 5, 0, 405, 27, 25.85
2026/09/08 22:32:29.837, GPU-ecc6a1f9-42fe-2932-7ea0-1dd285491b7b, 5, 0, 405, 27, 26.09
2026/09/08 22:32:30.041, GPU-ecc6a1f9-42fe-2932-7ea0-1dd285491b7b, 5, 0, 405, 27, 26.09
2026/09/08 22:32:30.244, GPU-ecc6a1f9-42fe-2932-7ea0-1dd285491b7b, 5, 0, 405, 27, 25.85
2026/09/08 22:32:30.450, GPU-ecc6a1f9-42fe-2932-7ea0-1dd285491b7b, 5, 0, 405, 27, 25.85
2026/09/08 22:32:30.654, GPU-ecc6a1f9-42fe-2932-7ea0-1dd285491b7b, 5, 0, 405, 27, 25.85
2026/09/08 22:32:30.857, GPU-ecc6a1f9-42fe-2932-7ea0-1dd285491b7b, 5, 0, 405, 27, 25.85
2026/09/08 22:32:31.061, GPU-ecc6a1f9-42fe-2932-7ea0-1dd285491b7b, 5, 0, 405, 27, 26.09
2026/09/08 22:32:31.264, GPU-ecc6a1f9-42fe-2932-7ea0-1dd285491b7b, 5, 0, 405, 27, 26.09
2026/09/08 22:32:31.470, GPU-ecc6a1f9-42fe-2932-7ea0-1dd285491b7b, 5, 0, 405, 27, 26.09
2026/09/08 22:32:31.673, GPU-ecc6a1f9-42fe-2932-7ea0-1dd285491b7b, 5, 0, 405, 27, 26.09
2026/09/08 22:32:31.877, GPU-ecc6a1f9-42fe-2932-7ea0-1dd285491b7b, 5, 0, 405, 27, 25.60
2026/09/08 22:32:32.081, GPU-ecc6a1f9-42fe-2932-7ea0-1dd285491b7b, 5, 0, 405, 27, 25.85
2026/09/08 22:32:32.284, GPU-ecc6a1f9-42fe-2932-7ea0-1dd285491b7b, 5, 0, 405, 27, 25.85
2026/09/08 22:32:32.489, GPU-ecc6a1f9-42fe-2932-7ea0-1dd285491b7b, 5, 0, 405, 27, 25.85
2026/09/08 22:32:32.693, GPU-ecc6a1f9-42fe-2932-7ea0-1dd285491b7b, 5, 0, 405, 27, 26.09
2026/09/08 22:32:32.896, GPU-ecc6a1f9-42fe-2932-7ea0-1dd285491b7b, 5, 0, 405, 27, 25.85
2026/09/08 22:32:33.100, GPU-ecc6a1f9-42fe-2932-7ea0-1dd285491b7b, 5, 0, 405, 27, 25.85
2026/09/08 22:32:33.303, GPU-ecc6a1f9-42fe-2932-7ea0-1dd285491b7b, 5, 0, 405, 27, 26.09
2026/09/08 22:32:33.509, GPU-ecc6a1f9-42fe-2932-7ea0-1dd285491b7b, 5, 0, 405, 27, 25.85
2026/09/08 22:32:33.712, GPU-ecc6a1f9-42fe-2932-7ea0-1dd285491b7b, 5, 0, 405, 27, 25.85
2026/09/08 22:32:33.915, GPU-ecc6a1f9-42fe-2932-7ea0-1dd285491b7b, 5, 0, 405, 27, 26.09
2026/09/08 22:32:34.119, GPU-ecc6a1f9-42fe-2932-7ea0-1dd285491b7b, 5, 0, 405, 27, 26.09
2026/09/08 22:32:34.322, GPU-ecc6a1f9-42fe-2932-7ea0-1dd285491b7b, 5, 0, 405, 27, 25.85
2026/09/08 22:32:34.528, GPU-ecc6a1f9-42fe-2932-7ea0-1dd285491b7b, 5, 0, 405, 27, 26.09
2026/09/08 22:32:34.731, GPU-ecc6a1f9-42fe-2932-7ea0-1dd285491b7b, 5, 0, 405, 27, 25.85
2026/09/08 22:32:34.935, GPU-ecc6a1f9-42fe-2932-7ea0-1dd285491b7b, 5, 0, 405, 27, 26.09
2026/09/08 22:32:35.138, GPU-ecc6a1f9-42fe-2932-7ea0-1dd285491b7b, 5, 0, 405, 27, 25.85
2026/09/08 22:32:35.342, GPU-ecc6a1f9-42fe-2932-7ea0-1dd285491b7b, 5, 0, 405, 27, 26.09
2026/09/08 22:32:35.547, GPU-ecc6a1f9-42fe-2932-7ea0-1dd285491b7b, 5, 0, 405, 27, 26.09
2026/09/08 22:32:35.751, GPU-ecc6a1f9-42fe-2932-7ea0-1dd285491b7b, 5, 0, 405, 27, 26.09
2026/09/08 22:32:35.954, GPU-ecc6a1f9-42fe-2932-7ea0-1dd285491b7b, 5, 0, 405, 27, 26.09
2026/09/08 22:32:36.158, GPU-ecc6a1f9-42fe-2932-7ea0-1dd285491b7b, 5, 0, 405, 27, 25.85
2026/09/08 22:32:36.361, GPU-ecc6a1f9-42fe-2932-7ea0-1dd285491b7b, 5, 0, 405, 27, 26.09
2026/09/08 22:32:36.567, GPU-ecc6a1f9-42fe-2932-7ea0-1dd285491b7b, 5, 0, 405, 27, 26.09
2026/09/08 22:32:36.770, GPU-ecc6a1f9-42fe-2932-7ea0-1dd285491b7b, 5, 0, 405, 27, 25.85
2026/09/08 22:32:36.974, GPU-ecc6a1f9-42fe-2932-7ea0-1dd285491b7b, 5, 0, 405, 27, 26.09
2026/09/08 22:32:37.177, GPU-ecc6a1f9-42fe-2932-7ea0-1dd285491b7b, 5, 0, 405, 27, 26.09
2026/09/08 22:32:37.381, GPU-ecc6a1f9-42fe-2932-7ea0-1dd285491b7b, 5, 0, 405, 27, 25.85
2026/09/08 22:32:37.586, GPU-ecc6a1f9-42fe-2932-7ea0-1dd285491b7b, 5, 0, 405, 27, 25.85
2026/09/08 22:32:37.789, GPU-ecc6a1f9-42fe-2932-7ea0-1dd285491b7b, 5, 0, 405, 27, 26.09
2026/09/08 22:32:37.993, GPU-ecc6a1f9-42fe-2932-7ea0-1dd285491b7b, 5, 0, 405, 27, 25.85
2026/09/08 22:32:38.197, GPU-ecc6a1f9-42fe-2932-7ea0-1dd285491b7b, 5, 0, 405, 27, 25.85
2026/09/08 22:32:38.400, GPU-ecc6a1f9-42fe-2932-7ea0-1dd285491b7b, 5, 0, 405, 27, 25.85
2026/09/08 22:32:38.605, GPU-ecc6a1f9-42fe-2932-7ea0-1dd285491b7b, 5, 0, 405, 27, 26.09
2026/09/08 22:32:38.809, GPU-ecc6a1f9-42fe-2932-7ea0-1dd285491b7b, 5, 0, 405, 27, 26.09
2026/09/08 22:32:39.012, GPU-ecc6a1f9-42fe-2932-7ea0-1dd285491b7b, 5, 0, 405, 27, 26.09
2026/09/08 22:32:39.216, GPU-ecc6a1f9-42fe-2932-7ea0-1dd285491b7b, 5, 0, 405, 27, 25.85
2026/09/08 22:32:39.419, GPU-ecc6a1f9-42fe-2932-7ea0-1dd285491b7b, 5, 0, 405, 27, 25.85
2026/09/08 22:32:39.625, GPU-ecc6a1f9-42fe-2932-7ea0-1dd285491b7b, 5, 0, 405, 27, 25.85
2026/09/08 22:32:39.828, GPU-ecc6a1f9-42fe-2932-7ea0-1dd285491b7b, 5, 0, 405, 27, 25.85
2026/09/08 22:32:40.032, GPU-ecc6a1f9-42fe-2932-7ea0-1dd285491b7b, 5, 0, 405, 27, 25.85
2026/09/08 22:32:40.236, GPU-ecc6a1f9-42fe-2932-7ea0-1dd285491b7b, 5, 0, 405, 27, 26.09
2026/09/08 22:32:40.439, GPU-ecc6a1f9-42fe-2932-7ea0-1dd285491b7b, 5, 0, 405, 27, 26.09
2026/09/08 22:32:40.645, GPU-ecc6a1f9-42fe-2932-7ea0-1dd285491b7b, 5, 0, 405, 27, 25.60
2026/09/08 22:32:40.848, GPU-ecc6a1f9-42fe-2932-7ea0-1dd285491b7b, 5, 0, 405, 27, 25.85
2026/09/08 22:32:41.052, GPU-ecc6a1f9-42fe-2932-7ea0-1dd285491b7b, 5, 0, 405, 27, 25.85
2026/09/08 22:32:41.255, GPU-ecc6a1f9-42fe-2932-7ea0-1dd285491b7b, 5, 0, 405, 27, 26.09
2026/09/08 22:32:41.459, GPU-ecc6a1f9-42fe-2932-7ea0-1dd285491b7b, 5, 0, 405, 27, 25.85
2026/09/08 22:32:41.664, GPU-ecc6a1f9-42fe-2932-7ea0-1dd285491b7b, 5, 0, 405, 27, 26.09
2026/09/08 22:32:41.867, GPU-ecc6a1f9-42fe-2932-7ea0-1dd285491b7b, 5, 0, 405, 27, 26.09
2026/09/08 22:32:42.071, GPU-ecc6a1f9-42fe-2932-7ea0-1dd285491b7b, 5, 0, 405, 27, 26.09
2026/09/08 22:32:42.274, GPU-ecc6a1f9-42fe-2932-7ea0-1dd285491b7b, 5, 0, 405, 27, 25.85
2026/09/08 22:32:42.478, GPU-ecc6a1f9-42fe-2932-7ea0-1dd285491b7b, 5, 0, 405, 27, 26.09
2026/09/08 22:32:42.684, GPU-ecc6a1f9-42fe-2932-7ea0-1dd285491b7b, 5, 0, 405, 27, 25.85
2026/09/08 22:32:42.887, GPU-ecc6a1f9-42fe-2932-7ea0-1dd285491b7b, 5, 0, 405, 27, 26.09
2026/09/08 22:32:43.091, GPU-ecc6a1f9-42fe-2932-7ea0-1dd285491b7b, 5, 0, 405, 27, 26.09
2026/09/08 22:32:43.294, GPU-ecc6a1f9-42fe-2932-7ea0-1dd285491b7b, 5, 0, 405, 27, 26.09
2026/09/08 22:32:43.498, GPU-ecc6a1f9-42fe-2932-7ea0-1dd285491b7b, 5, 0, 405, 27, 26.09
2026/09/08 22:32:43.703, GPU-ecc6a1f9-42fe-2932-7ea0-1dd285491b7b, 5, 0, 405, 27, 25.85
2026/09/08 22:32:43.906, GPU-ecc6a1f9-42fe-2932-7ea0-1dd285491b7b, 5, 0, 405, 27, 26.09
2026/09/08 22:32:44.110, GPU-ecc6a1f9-42fe-2932-7ea0-1dd285491b7b, 5, 0, 405, 27, 25.85
2026/09/08 22:32:44.313, GPU-ecc6a1f9-42fe-2932-7ea0-1dd285491b7b, 5, 0, 405, 27, 25.60
2026/09/08 22:32:44.517, GPU-ecc6a1f9-42fe-2932-7ea0-1dd285491b7b, 5, 0, 405, 27, 25.60
2026/09/08 22:32:44.722, GPU-ecc6a1f9-42fe-2932-7ea0-1dd285491b7b, 5, 0, 405, 27, 26.09
2026/09/08 22:32:44.926, GPU-ecc6a1f9-42fe-2932-7ea0-1dd285491b7b, 5, 0, 405, 27, 26.09
2026/09/08 22:32:45.129, GPU-ecc6a1f9-42fe-2932-7ea0-1dd285491b7b, 5, 0, 405, 27, 25.85
2026/09/08 22:32:45.333, GPU-ecc6a1f9-42fe-2932-7ea0-1dd285491b7b, 5, 0, 405, 27, 25.85
2026/09/08 22:32:45.537, GPU-ecc6a1f9-42fe-2932-7ea0-1dd285491b7b, 5, 0, 405, 27, 25.85
2026/09/08 22:32:45.742, GPU-ecc6a1f9-42fe-2932-7ea0-1dd285491b7b, 5, 0, 405, 27, 25.85
2026/09/08 22:32:45.945, GPU-ecc6a1f9-42fe-2932-7ea0-1dd285491b7b, 5, 0, 405, 27, 26.09
2026/09/08 22:32:46.149, GPU-ecc6a1f9-42fe-2932-7ea0-1dd285491b7b, 5, 0, 405, 27, 26.09
2026/09/08 22:32:46.353, GPU-ecc6a1f9-42fe-2932-7ea0-1dd285491b7b, 5, 0, 405, 27, 25.85
2026/09/08 22:32:46.556, GPU-ecc6a1f9-42fe-2932-7ea0-1dd285491b7b, 5, 0, 405, 27, 26.09
2026/09/08 22:32:46.762, GPU-ecc6a1f9-42fe-2932-7ea0-1dd285491b7b, 5, 0, 405, 27, 25.85
2026/09/08 22:32:46.965, GPU-ecc6a1f9-42fe-2932-7ea0-1dd285491b7b, 5, 0, 405, 27, 25.85
2026/09/08 22:32:47.169, GPU-ecc6a1f9-42fe-2932-7ea0-1dd285491b7b, 5, 0, 405, 27, 25.60
2026/09/08 22:32:47.372, GPU-ecc6a1f9-42fe-2932-7ea0-1dd285491b7b, 5, 0, 405, 27, 25.85
2026/09/08 22:32:47.576, GPU-ecc6a1f9-42fe-2932-7ea0-1dd285491b7b, 5, 0, 405, 27, 25.85
2026/09/08 22:32:47.782, GPU-ecc6a1f9-42fe-2932-7ea0-1dd285491b7b, 5, 0, 405, 27, 25.85
2026/09/08 22:32:47.985, GPU-ecc6a1f9-42fe-2932-7ea0-1dd285491b7b, 5, 0, 405, 27, 26.09
2026/09/08 22:32:48.189, GPU-ecc6a1f9-42fe-2932-7ea0-1dd285491b7b, 5, 0, 405, 27, 26.09
2026/09/08 22:32:48.392, GPU-ecc6a1f9-42fe-2932-7ea0-1dd285491b7b, 5, 0, 405, 27, 25.85
2026/09/08 22:32:48.596, GPU-ecc6a1f9-42fe-2932-7ea0-1dd285491b7b, 5, 0, 405, 27, 25.85
2026/09/08 22:32:48.801, GPU-ecc6a1f9-42fe-2932-7ea0-1dd285491b7b, 5, 0, 405, 27, 26.09
2026/09/08 22:32:49.005, GPU-ecc6a1f9-42fe-2932-7ea0-1dd285491b7b, 5, 0, 405, 27, 25.85
2026/09/08 22:32:49.208, GPU-ecc6a1f9-42fe-2932-7ea0-1dd285491b7b, 5, 0, 405, 27, 25.85
2026/09/08 22:32:49.412, GPU-ecc6a1f9-42fe-2932-7ea0-1dd285491b7b, 5, 0, 405, 27, 25.85
2026/09/08 22:32:49.615, GPU-ecc6a1f9-42fe-2932-7ea0-1dd285491b7b, 5, 0, 405, 27, 26.09
2026/09/08 22:32:49.819, GPU-ecc6a1f9-42fe-2932-7ea0-1dd285491b7b, 5, 0, 405, 27, 26.09
2026/09/08 22:32:50.025, GPU-ecc6a1f9-42fe-2932-7ea0-1dd285491b7b, 5, 0, 405, 27, 25.85
2026/09/08 22:32:50.228, GPU-ecc6a1f9-42fe-2932-7ea0-1dd285491b7b, 5, 0, 405, 27, 26.09
2026/09/08 22:32:50.432, GPU-ecc6a1f9-42fe-2932-7ea0-1dd285491b7b, 5, 0, 405, 27, 25.85
2026/09/08 22:32:50.635, GPU-ecc6a1f9-42fe-2932-7ea0-1dd285491b7b, 5, 0, 405, 27, 26.09
2026/09/08 22:32:50.839, GPU-ecc6a1f9-42fe-2932-7ea0-1dd285491b7b, 5, 0, 405, 27, 25.85
2026/09/08 22:32:51.042, GPU-ecc6a1f9-42fe-2932-7ea0-1dd285491b7b, 5, 0, 405, 27, 25.85
2026/09/08 22:32:51.248, GPU-ecc6a1f9-42fe-2932-7ea0-1dd285491b7b, 5, 0, 405, 27, 25.85
2026/09/08 22:32:51.452, GPU-ecc6a1f9-42fe-2932-7ea0-1dd285491b7b, 5, 0, 405, 27, 26.09
2026/09/08 22:32:51.655, GPU-ecc6a1f9-42fe-2932-7ea0-1dd285491b7b, 5, 0, 405, 27, 25.85
2026/09/08 22:32:51.859, GPU-ecc6a1f9-42fe-2932-7ea0-1dd285491b7b, 5, 0, 405, 27, 25.85
2026/09/08 22:32:52.062, GPU-ecc6a1f9-42fe-2932-7ea0-1dd285491b7b, 5, 0, 405, 27, 25.85
2026/09/08 22:32:52.269, GPU-ecc6a1f9-42fe-2932-7ea0-1dd285491b7b, 5, 0, 405, 27, 25.85
2026/09/08 22:32:52.472, GPU-ecc6a1f9-42fe-2932-7ea0-1dd285491b7b, 5, 0, 405, 27, 26.09
2026/09/08 22:32:52.676, GPU-ecc6a1f9-42fe-2932-7ea0-1dd285491b7b, 5, 0, 405, 27, 25.85
2026/09/08 22:32:52.879, GPU-ecc6a1f9-42fe-2932-7ea0-1dd285491b7b, 5, 0, 405, 27, 25.85
2026/09/08 22:32:53.083, GPU-ecc6a1f9-42fe-2932-7ea0-1dd285491b7b, 5, 0, 405, 27, 26.09
2026/09/08 22:32:53.289, GPU-ecc6a1f9-42fe-2932-7ea0-1dd285491b7b, 5, 0, 405, 27, 25.85
2026/09/08 22:32:53.492, GPU-ecc6a1f9-42fe-2932-7ea0-1dd285491b7b, 5, 0, 405, 27, 25.85
2026/09/08 22:32:53.696, GPU-ecc6a1f9-42fe-2932-7ea0-1dd285491b7b, 5, 0, 405, 27, 26.09
2026/09/08 22:32:53.899, GPU-ecc6a1f9-42fe-2932-7ea0-1dd285491b7b, 5, 0, 405, 27, 25.85
2026/09/08 22:32:54.103, GPU-ecc6a1f9-42fe-2932-7ea0-1dd285491b7b, 5, 0, 405, 27, 26.09
2026/09/08 22:32:54.308, GPU-ecc6a1f9-42fe-2932-7ea0-1dd285491b7b, 5, 0, 405, 27, 26.09
2026/09/08 22:32:54.512, GPU-ecc6a1f9-42fe-2932-7ea0-1dd285491b7b, 5, 0, 405, 27, 25.85
2026/09/08 22:32:54.715, GPU-ecc6a1f9-42fe-2932-7ea0-1dd285491b7b, 5, 0, 405, 27, 26.09
2026/09/08 22:32:54.919, GPU-ecc6a1f9-42fe-2932-7ea0-1dd285491b7b, 5, 0, 405, 27, 26.09
2026/09/08 22:32:55.122, GPU-ecc6a1f9-42fe-2932-7ea0-1dd285491b7b, 5, 0, 405, 27, 25.85
2026/09/08 22:32:55.327, GPU-ecc6a1f9-42fe-2932-7ea0-1dd285491b7b, 5, 0, 405, 27, 26.09
2026/09/08 22:32:55.531, GPU-ecc6a1f9-42fe-2932-7ea0-1dd285491b7b, 5, 0, 405, 27, 25.85
2026/09/08 22:32:55.734, GPU-ecc6a1f9-42fe-2932-7ea0-1dd285491b7b, 5, 0, 405, 27, 25.85
2026/09/08 22:32:55.938, GPU-ecc6a1f9-42fe-2932-7ea0-1dd285491b7b, 5, 0, 405, 27, 25.85
2026/09/08 22:32:56.141, GPU-ecc6a1f9-42fe-2932-7ea0-1dd285491b7b, 5, 0, 405, 27, 26.09
2026/09/08 22:32:56.347, GPU-ecc6a1f9-42fe-2932-7ea0-1dd285491b7b, 5, 0, 405, 27, 26.09
2026/09/08 22:32:56.551, GPU-ecc6a1f9-42fe-2932-7ea0-1dd285491b7b, 5, 0, 405, 27, 25.85
2026/09/08 22:32:56.754, GPU-ecc6a1f9-42fe-2932-7ea0-1dd285491b7b, 5, 0, 405, 27, 25.85
2026/09/08 22:32:56.957, GPU-ecc6a1f9-42fe-2932-7ea0-1dd285491b7b, 5, 0, 405, 27, 26.09
2026/09/08 22:32:57.161, GPU-ecc6a1f9-42fe-2932-7ea0-1dd285491b7b, 5, 0, 405, 27, 26.09
2026/09/08 22:32:57.366, GPU-ecc6a1f9-42fe-2932-7ea0-1dd285491b7b, 5, 0, 405, 27, 25.85
2026/09/08 22:32:57.570, GPU-ecc6a1f9-42fe-2932-7ea0-1dd285491b7b, 5, 0, 405, 27, 26.09
2026/09/08 22:32:57.773, GPU-ecc6a1f9-42fe-2932-7ea0-1dd285491b7b, 5, 0, 405, 27, 25.85
2026/09/08 22:32:57.977, GPU-ecc6a1f9-42fe-2932-7ea0-1dd285491b7b, 5, 0, 405, 27, 26.09
2026/09/08 22:32:58.180, GPU-ecc6a1f9-42fe-2932-7ea0-1dd285491b7b, 5, 0, 405, 27, 25.85
2026/09/08 22:32:58.386, GPU-ecc6a1f9-42fe-2932-7ea0-1dd285491b7b, 5, 0, 405, 27, 25.85
2026/09/08 22:32:58.590, GPU-ecc6a1f9-42fe-2932-7ea0-1dd285491b7b, 5, 0, 405, 27, 25.85
2026/09/08 22:32:58.793, GPU-ecc6a1f9-42fe-2932-7ea0-1dd285491b7b, 5, 0, 405, 27, 26.09
2026/09/08 22:32:58.996, GPU-ecc6a1f9-42fe-2932-7ea0-1dd285491b7b, 5, 0, 405, 27, 25.85
2026/09/08 22:32:59.200, GPU-ecc6a1f9-42fe-2932-7ea0-1dd285491b7b, 5, 0, 405, 27, 25.85
2026/09/08 22:32:59.405, GPU-ecc6a1f9-42fe-2932-7ea0-1dd285491b7b, 5, 0, 405, 27, 25.85
2026/09/08 22:32:59.609, GPU-ecc6a1f9-42fe-2932-7ea0-1dd285491b7b, 5, 0, 405, 27, 25.85
2026/09/08 22:32:59.812, GPU-ecc6a1f9-42fe-2932-7ea0-1dd285491b7b, 5, 0, 405, 27, 25.60
2026/09/08 22:33:00.016, GPU-ecc6a1f9-42fe-2932-7ea0-1dd285491b7b, 5, 0, 405, 27, 25.85
2026/09/08 22:33:00.219, GPU-ecc6a1f9-42fe-2932-7ea0-1dd285491b7b, 5, 0, 405, 27, 26.09
2026/09/08 22:33:00.425, GPU-ecc6a1f9-42fe-2932-7ea0-1dd285491b7b, 5, 0, 405, 27, 25.85
2026/09/08 22:33:00.628, GPU-ecc6a1f9-42fe-2932-7ea0-1dd285491b7b, 5, 0, 405, 27, 25.85
2026/09/08 22:33:00.831, GPU-ecc6a1f9-42fe-2932-7ea0-1dd285491b7b, 5, 0, 405, 27, 25.60
2026/09/08 22:33:01.035, GPU-ecc6a1f9-42fe-2932-7ea0-1dd285491b7b, 5, 0, 405, 27, 26.09
2026/09/08 22:33:01.238, GPU-ecc6a1f9-42fe-2932-7ea0-1dd285491b7b, 5, 0, 405, 27, 25.85
2026/09/08 22:33:01.444, GPU-ecc6a1f9-42fe-2932-7ea0-1dd285491b7b, 5, 0, 405, 27, 25.85
2026/09/08 22:33:01.647, GPU-ecc6a1f9-42fe-2932-7ea0-1dd285491b7b, 5, 0, 405, 27, 25.85
2026/09/08 22:33:01.851, GPU-ecc6a1f9-42fe-2932-7ea0-1dd285491b7b, 5, 0, 405, 27, 25.60
2026/09/08 22:33:02.055, GPU-ecc6a1f9-42fe-2932-7ea0-1dd285491b7b, 5, 0, 405, 27, 25.85
2026/09/08 22:33:02.258, GPU-ecc6a1f9-42fe-2932-7ea0-1dd285491b7b, 5, 0, 405, 27, 26.09
2026/09/08 22:33:02.464, GPU-ecc6a1f9-42fe-2932-7ea0-1dd285491b7b, 5, 0, 405, 27, 25.85
2026/09/08 22:33:02.667, GPU-ecc6a1f9-42fe-2932-7ea0-1dd285491b7b, 5, 0, 405, 27, 25.85
2026/09/08 22:33:02.871, GPU-ecc6a1f9-42fe-2932-7ea0-1dd285491b7b, 5, 0, 405, 27, 25.85
2026/09/08 22:33:03.074, GPU-ecc6a1f9-42fe-2932-7ea0-1dd285491b7b, 5, 0, 405, 27, 25.85
2026/09/08 22:33:03.278, GPU-ecc6a1f9-42fe-2932-7ea0-1dd285491b7b, 5, 0, 405, 27, 25.60
2026/09/08 22:33:03.483, GPU-ecc6a1f9-42fe-2932-7ea0-1dd285491b7b, 5, 0, 405, 27, 25.85
2026/09/08 22:33:03.687, GPU-ecc6a1f9-42fe-2932-7ea0-1dd285491b7b, 5, 0, 405, 27, 25.85
2026/09/08 22:33:03.890, GPU-ecc6a1f9-42fe-2932-7ea0-1dd285491b7b, 5, 0, 405, 27, 25.85
2026/09/08 22:33:04.094, GPU-ecc6a1f9-42fe-2932-7ea0-1dd285491b7b, 5, 0, 405, 27, 25.85
2026/09/08 22:33:04.298, GPU-ecc6a1f9-42fe-2932-7ea0-1dd285491b7b, 5, 0, 405, 27, 25.60
2026/09/08 22:33:04.502, GPU-ecc6a1f9-42fe-2932-7ea0-1dd285491b7b, 5, 0, 405, 27, 26.09
2026/09/08 22:33:04.706, GPU-ecc6a1f9-42fe-2932-7ea0-1dd285491b7b, 5, 0, 405, 27, 25.85
2026/09/08 22:33:04.909, GPU-ecc6a1f9-42fe-2932-7ea0-1dd285491b7b, 5, 0, 405, 27, 25.85
2026/09/08 22:33:05.113, GPU-ecc6a1f9-42fe-2932-7ea0-1dd285491b7b, 5, 0, 405, 27, 25.85
2026/09/08 22:33:05.316, GPU-ecc6a1f9-42fe-2932-7ea0-1dd285491b7b, 5, 0, 405, 27, 25.60
2026/09/08 22:33:05.522, GPU-ecc6a1f9-42fe-2932-7ea0-1dd285491b7b, 5, 0, 405, 27, 26.09
2026/09/08 22:33:05.725, GPU-ecc6a1f9-42fe-2932-7ea0-1dd285491b7b, 5, 0, 405, 27, 25.85
2026/09/08 22:33:05.929, GPU-ecc6a1f9-42fe-2932-7ea0-1dd285491b7b, 5, 0, 405, 27, 25.85
2026/09/08 22:33:06.132, GPU-ecc6a1f9-42fe-2932-7ea0-1dd285491b7b, 5, 0, 405, 27, 25.85
2026/09/08 22:33:06.336, GPU-ecc6a1f9-42fe-2932-7ea0-1dd285491b7b, 5, 0, 405, 27, 26.09
2026/09/08 22:33:06.541, GPU-ecc6a1f9-42fe-2932-7ea0-1dd285491b7b, 5, 0, 405, 27, 25.85
2026/09/08 22:33:06.744, GPU-ecc6a1f9-42fe-2932-7ea0-1dd285491b7b, 5, 0, 405, 27, 25.85
2026/09/08 22:33:06.948, GPU-ecc6a1f9-42fe-2932-7ea0-1dd285491b7b, 5, 0, 405, 27, 25.85
2026/09/08 22:33:07.152, GPU-ecc6a1f9-42fe-2932-7ea0-1dd285491b7b, 5, 0, 405, 27, 25.85
2026/09/08 22:33:07.355, GPU-ecc6a1f9-42fe-2932-7ea0-1dd285491b7b, 5, 0, 405, 27, 25.85
2026/09/08 22:33:07.561, GPU-ecc6a1f9-42fe-2932-7ea0-1dd285491b7b, 5, 0, 405, 27, 25.85
2026/09/08 22:33:07.764, GPU-ecc6a1f9-42fe-2932-7ea0-1dd285491b7b, 5, 0, 405, 27, 26.09
2026/09/08 22:33:07.968, GPU-ecc6a1f9-42fe-2932-7ea0-1dd285491b7b, 5, 0, 405, 27, 25.85
2026/09/08 22:33:08.171, GPU-ecc6a1f9-42fe-2932-7ea0-1dd285491b7b, 5, 0, 405, 27, 25.85
2026/09/08 22:33:08.375, GPU-ecc6a1f9-42fe-2932-7ea0-1dd285491b7b, 5, 0, 405, 27, 25.85
2026/09/08 22:33:08.580, GPU-ecc6a1f9-42fe-2932-7ea0-1dd285491b7b, 5, 0, 405, 27, 26.09
2026/09/08 22:33:08.784, GPU-ecc6a1f9-42fe-2932-7ea0-1dd285491b7b, 5, 0, 405, 27, 25.85
2026/09/08 22:33:08.987, GPU-ecc6a1f9-42fe-2932-7ea0-1dd285491b7b, 5, 0, 405, 27, 25.85
2026/09/08 22:33:09.191, GPU-ecc6a1f9-42fe-2932-7ea0-1dd285491b7b, 5, 0, 405, 27, 25.85
2026/09/08 22:33:09.394, GPU-ecc6a1f9-42fe-2932-7ea0-1dd285491b7b, 5, 0, 405, 27, 25.85
2026/09/08 22:33:09.600, GPU-ecc6a1f9-42fe-2932-7ea0-1dd285491b7b, 5, 0, 405, 27, 25.85
2026/09/08 22:33:09.804, GPU-ecc6a1f9-42fe-2932-7ea0-1dd285491b7b, 5, 0, 405, 27, 25.60
2026/09/08 22:33:10.007, GPU-ecc6a1f9-42fe-2932-7ea0-1dd285491b7b, 5, 0, 405, 27, 25.85
2026/09/08 22:33:10.211, GPU-ecc6a1f9-42fe-2932-7ea0-1dd285491b7b, 5, 0, 405, 27, 25.85
2026/09/08 22:33:10.414, GPU-ecc6a1f9-42fe-2932-7ea0-1dd285491b7b, 5, 0, 405, 27, 25.85
2026/09/08 22:33:10.620, GPU-ecc6a1f9-42fe-2932-7ea0-1dd285491b7b, 5, 0, 405, 27, 25.85
2026/09/08 22:33:10.824, GPU-ecc6a1f9-42fe-2932-7ea0-1dd285491b7b, 5, 0, 405, 27, 25.85
2026/09/08 22:33:11.027, GPU-ecc6a1f9-42fe-2932-7ea0-1dd285491b7b, 5, 0, 405, 27, 26.09
2026/09/08 22:33:11.231, GPU-ecc6a1f9-42fe-2932-7ea0-1dd285491b7b, 5, 0, 405, 27, 26.09
2026/09/08 22:33:11.434, GPU-ecc6a1f9-42fe-2932-7ea0-1dd285491b7b, 5, 0, 405, 27, 25.85
2026/09/08 22:33:11.638, GPU-ecc6a1f9-42fe-2932-7ea0-1dd285491b7b, 5, 0, 405, 27, 25.85
2026/09/08 22:33:11.842, GPU-ecc6a1f9-42fe-2932-7ea0-1dd285491b7b, 5, 0, 405, 27, 25.85
2026/09/08 22:33:12.046, GPU-ecc6a1f9-42fe-2932-7ea0-1dd285491b7b, 5, 0, 405, 27, 26.09
2026/09/08 22:33:12.249, GPU-ecc6a1f9-42fe-2932-7ea0-1dd285491b7b, 5, 0, 405, 27, 26.09
2026/09/08 22:33:12.453, GPU-ecc6a1f9-42fe-2932-7ea0-1dd285491b7b, 5, 0, 405, 27, 26.09
2026/09/08 22:33:12.656, GPU-ecc6a1f9-42fe-2932-7ea0-1dd285491b7b, 5, 0, 405, 27, 25.85
2026/09/08 22:33:12.860, GPU-ecc6a1f9-42fe-2932-7ea0-1dd285491b7b, 5, 0, 405, 27, 25.85
2026/09/08 22:33:13.066, GPU-ecc6a1f9-42fe-2932-7ea0-1dd285491b7b, 5, 0, 405, 27, 26.09
2026/09/08 22:33:13.269, GPU-ecc6a1f9-42fe-2932-7ea0-1dd285491b7b, 5, 0, 405, 27, 25.85
2026/09/08 22:33:13.473, GPU-ecc6a1f9-42fe-2932-7ea0-1dd285491b7b, 5, 0, 405, 27, 25.85
2026/09/08 22:33:13.676, GPU-ecc6a1f9-42fe-2932-7ea0-1dd285491b7b, 5, 0, 405, 27, 26.09
2026/09/08 22:33:13.880, GPU-ecc6a1f9-42fe-2932-7ea0-1dd285491b7b, 5, 0, 405, 27, 25.85
2026/09/08 22:33:14.083, GPU-ecc6a1f9-42fe-2932-7ea0-1dd285491b7b, 5, 0, 405, 27, 26.09
2026/09/08 22:33:14.287, GPU-ecc6a1f9-42fe-2932-7ea0-1dd285491b7b, 5, 0, 405, 27, 25.85
2026/09/08 22:33:14.491, GPU-ecc6a1f9-42fe-2932-7ea0-1dd285491b7b, 5, 0, 405, 27, 25.85
2026/09/08 22:33:14.694, GPU-ecc6a1f9-42fe-2932-7ea0-1dd285491b7b, 5, 0, 405, 27, 25.85
2026/09/08 22:33:14.898, GPU-ecc6a1f9-42fe-2932-7ea0-1dd285491b7b, 5, 0, 405, 27, 25.85
2026/09/08 22:33:15.101, GPU-ecc6a1f9-42fe-2932-7ea0-1dd285491b7b, 5, 0, 405, 27, 26.09
2026/09/08 22:33:15.307, GPU-ecc6a1f9-42fe-2932-7ea0-1dd285491b7b, 5, 0, 405, 27, 25.85
2026/09/08 22:33:15.511, GPU-ecc6a1f9-42fe-2932-7ea0-1dd285491b7b, 5, 0, 405, 27, 25.85
2026/09/08 22:33:15.714, GPU-ecc6a1f9-42fe-2932-7ea0-1dd285491b7b, 5, 0, 405, 27, 25.85
2026/09/08 22:33:15.918, GPU-ecc6a1f9-42fe-2932-7ea0-1dd285491b7b, 5, 0, 405, 27, 25.85
2026/09/08 22:33:16.121, GPU-ecc6a1f9-42fe-2932-7ea0-1dd285491b7b, 5, 0, 405, 27, 26.09
2026/09/08 22:33:16.327, GPU-ecc6a1f9-42fe-2932-7ea0-1dd285491b7b, 5, 0, 405, 27, 25.85
2026/09/08 22:33:16.531, GPU-ecc6a1f9-42fe-2932-7ea0-1dd285491b7b, 5, 0, 405, 27, 25.85
2026/09/08 22:33:16.734, GPU-ecc6a1f9-42fe-2932-7ea0-1dd285491b7b, 5, 0, 405, 27, 26.09
2026/09/08 22:33:16.938, GPU-ecc6a1f9-42fe-2932-7ea0-1dd285491b7b, 5, 0, 405, 27, 25.85
2026/09/08 22:33:17.141, GPU-ecc6a1f9-42fe-2932-7ea0-1dd285491b7b, 5, 0, 405, 27, 25.85
2026/09/08 22:33:17.346, GPU-ecc6a1f9-42fe-2932-7ea0-1dd285491b7b, 5, 0, 405, 27, 26.09
2026/09/08 22:33:17.550, GPU-ecc6a1f9-42fe-2932-7ea0-1dd285491b7b, 5, 0, 405, 27, 25.85
2026/09/08 22:33:17.753, GPU-ecc6a1f9-42fe-2932-7ea0-1dd285491b7b, 5, 0, 405, 27, 25.85
2026/09/08 22:33:17.957, GPU-ecc6a1f9-42fe-2932-7ea0-1dd285491b7b, 5, 0, 405, 27, 25.85
2026/09/08 22:33:18.160, GPU-ecc6a1f9-42fe-2932-7ea0-1dd285491b7b, 5, 0, 405, 27, 25.85
2026/09/08 22:33:18.366, GPU-ecc6a1f9-42fe-2932-7ea0-1dd285491b7b, 5, 0, 405, 27, 25.85
2026/09/08 22:33:18.569, GPU-ecc6a1f9-42fe-2932-7ea0-1dd285491b7b, 5, 0, 405, 27, 25.85
2026/09/08 22:33:18.773, GPU-ecc6a1f9-42fe-2932-7ea0-1dd285491b7b, 5, 0, 405, 27, 25.85
2026/09/08 22:33:18.976, GPU-ecc6a1f9-42fe-2932-7ea0-1dd285491b7b, 5, 0, 405, 27, 25.85
2026/09/08 22:33:19.180, GPU-ecc6a1f9-42fe-2932-7ea0-1dd285491b7b, 5, 0, 405, 27, 25.85
2026/09/08 22:33:19.385, GPU-ecc6a1f9-42fe-2932-7ea0-1dd285491b7b, 5, 0, 405, 27, 26.09
2026/09/08 22:33:19.588, GPU-ecc6a1f9-42fe-2932-7ea0-1dd285491b7b, 5, 0, 405, 27, 25.60
2026/09/08 22:33:19.792, GPU-ecc6a1f9-42fe-2932-7ea0-1dd285491b7b, 5, 0, 405, 27, 25.85
2026/09/08 22:33:19.995, GPU-ecc6a1f9-42fe-2932-7ea0-1dd285491b7b, 5, 0, 405, 27, 25.85
2026/09/08 22:33:20.199, GPU-ecc6a1f9-42fe-2932-7ea0-1dd285491b7b, 5, 0, 405, 27, 26.09
2026/09/08 22:33:20.404, GPU-ecc6a1f9-42fe-2932-7ea0-1dd285491b7b, 5, 0, 405, 27, 25.85
2026/09/08 22:33:20.608, GPU-ecc6a1f9-42fe-2932-7ea0-1dd285491b7b, 5, 0, 405, 27, 25.60
2026/09/08 22:33:20.811, GPU-ecc6a1f9-42fe-2932-7ea0-1dd285491b7b, 5, 0, 405, 27, 25.85
2026/09/08 22:33:21.015, GPU-ecc6a1f9-42fe-2932-7ea0-1dd285491b7b, 5, 0, 405, 27, 25.85
2026/09/08 22:33:21.218, GPU-ecc6a1f9-42fe-2932-7ea0-1dd285491b7b, 5, 0, 405, 27, 25.85
2026/09/08 22:33:21.424, GPU-ecc6a1f9-42fe-2932-7ea0-1dd285491b7b, 5, 0, 405, 27, 25.85
2026/09/08 22:33:21.627, GPU-ecc6a1f9-42fe-2932-7ea0-1dd285491b7b, 5, 0, 405, 27, 26.09
2026/09/08 22:33:21.831, GPU-ecc6a1f9-42fe-2932-7ea0-1dd285491b7b, 5, 0, 405, 27, 25.85
2026/09/08 22:33:22.034, GPU-ecc6a1f9-42fe-2932-7ea0-1dd285491b7b, 5, 0, 405, 27, 25.85
2026/09/08 22:33:22.238, GPU-ecc6a1f9-42fe-2932-7ea0-1dd285491b7b, 5, 0, 405, 27, 25.85
2026/09/08 22:33:22.443, GPU-ecc6a1f9-42fe-2932-7ea0-1dd285491b7b, 5, 0, 405, 27, 25.85
2026/09/08 22:33:22.647, GPU-ecc6a1f9-42fe-2932-7ea0-1dd285491b7b, 5, 0, 405, 27, 25.85
2026/09/08 22:33:22.850, GPU-ecc6a1f9-42fe-2932-7ea0-1dd285491b7b, 5, 0, 405, 27, 25.85
2026/09/08 22:33:23.054, GPU-ecc6a1f9-42fe-2932-7ea0-1dd285491b7b, 5, 0, 405, 27, 25.85
2026/09/08 22:33:23.257, GPU-ecc6a1f9-42fe-2932-7ea0-1dd285491b7b, 5, 0, 405, 27, 25.85
2026/09/08 22:33:23.462, GPU-ecc6a1f9-42fe-2932-7ea0-1dd285491b7b, 5, 0, 405, 27, 25.85
2026/09/08 22:33:23.666, GPU-ecc6a1f9-42fe-2932-7ea0-1dd285491b7b, 5, 0, 405, 27, 25.85
2026/09/08 22:33:23.870, GPU-ecc6a1f9-42fe-2932-7ea0-1dd285491b7b, 5, 0, 405, 27, 25.85
2026/09/08 22:33:24.073, GPU-ecc6a1f9-42fe-2932-7ea0-1dd285491b7b, 5, 0, 405, 27, 26.09
2026/09/08 22:33:24.277, GPU-ecc6a1f9-42fe-2932-7ea0-1dd285491b7b, 5, 0, 405, 27, 26.09
2026/09/08 22:33:24.482, GPU-ecc6a1f9-42fe-2932-7ea0-1dd285491b7b, 5, 0, 405, 27, 25.85
2026/09/08 22:33:24.686, GPU-ecc6a1f9-42fe-2932-7ea0-1dd285491b7b, 5, 0, 405, 27, 25.85
2026/09/08 22:33:24.889, GPU-ecc6a1f9-42fe-2932-7ea0-1dd285491b7b, 5, 0, 405, 27, 25.60
2026/09/08 22:33:25.093, GPU-ecc6a1f9-42fe-2932-7ea0-1dd285491b7b, 5, 0, 405, 27, 25.60
2026/09/08 22:33:25.296, GPU-ecc6a1f9-42fe-2932-7ea0-1dd285491b7b, 5, 0, 405, 27, 25.85
2026/09/08 22:33:25.501, GPU-ecc6a1f9-42fe-2932-7ea0-1dd285491b7b, 5, 0, 405, 27, 25.85
2026/09/08 22:33:25.705, GPU-ecc6a1f9-42fe-2932-7ea0-1dd285491b7b, 5, 0, 405, 27, 25.85
2026/09/08 22:33:25.908, GPU-ecc6a1f9-42fe-2932-7ea0-1dd285491b7b, 5, 0, 405, 27, 25.85
2026/09/08 22:33:26.112, GPU-ecc6a1f9-42fe-2932-7ea0-1dd285491b7b, 5, 0, 405, 27, 25.60
2026/09/08 22:33:26.315, GPU-ecc6a1f9-42fe-2932-7ea0-1dd285491b7b, 5, 0, 405, 27, 25.85
2026/09/08 22:33:26.521, GPU-ecc6a1f9-42fe-2932-7ea0-1dd285491b7b, 5, 0, 405, 27, 25.85
2026/09/08 22:33:26.724, GPU-ecc6a1f9-42fe-2932-7ea0-1dd285491b7b, 5, 0, 405, 27, 25.85
2026/09/08 22:33:26.928, GPU-ecc6a1f9-42fe-2932-7ea0-1dd285491b7b, 5, 0, 405, 27, 26.09
2026/09/08 22:33:27.131, GPU-ecc6a1f9-42fe-2932-7ea0-1dd285491b7b, 5, 0, 405, 27, 25.85
2026/09/08 22:33:27.335, GPU-ecc6a1f9-42fe-2932-7ea0-1dd285491b7b, 5, 0, 405, 27, 25.85
2026/09/08 22:33:27.540, GPU-ecc6a1f9-42fe-2932-7ea0-1dd285491b7b, 5, 0, 405, 27, 25.85
2026/09/08 22:33:27.744, GPU-ecc6a1f9-42fe-2932-7ea0-1dd285491b7b, 5, 0, 405, 27, 25.85
2026/09/08 22:33:27.948, GPU-ecc6a1f9-42fe-2932-7ea0-1dd285491b7b, 5, 0, 405, 27, 25.85
2026/09/08 22:33:28.151, GPU-ecc6a1f9-42fe-2932-7ea0-1dd285491b7b, 5, 0, 405, 27, 25.85
2026/09/08 22:33:28.355, GPU-ecc6a1f9-42fe-2932-7ea0-1dd285491b7b, 5, 0, 405, 27, 25.85
2026/09/08 22:33:28.560, GPU-ecc6a1f9-42fe-2932-7ea0-1dd285491b7b, 5, 0, 405, 27, 25.85
2026/09/08 22:33:28.763, GPU-ecc6a1f9-42fe-2932-7ea0-1dd285491b7b, 5, 0, 405, 27, 25.85
2026/09/08 22:33:28.967, GPU-ecc6a1f9-42fe-2932-7ea0-1dd285491b7b, 5, 0, 405, 27, 26.09
2026/09/08 22:33:29.171, GPU-ecc6a1f9-42fe-2932-7ea0-1dd285491b7b, 5, 0, 405, 27, 26.09
2026/09/08 22:33:29.374, GPU-ecc6a1f9-42fe-2932-7ea0-1dd285491b7b, 5, 0, 405, 27, 25.85
2026/09/08 22:33:29.579, GPU-ecc6a1f9-42fe-2932-7ea0-1dd285491b7b, 5, 0, 405, 27, 25.85
2026/09/08 22:33:29.783, GPU-ecc6a1f9-42fe-2932-7ea0-1dd285491b7b, 5, 0, 405, 27, 25.60
2026/09/08 22:33:29.986, GPU-ecc6a1f9-42fe-2932-7ea0-1dd285491b7b, 5, 0, 405, 27, 25.85
2026/09/08 22:33:30.190, GPU-ecc6a1f9-42fe-2932-7ea0-1dd285491b7b, 5, 0, 405, 27, 25.85
2026/09/08 22:33:30.393, GPU-ecc6a1f9-42fe-2932-7ea0-1dd285491b7b, 5, 0, 405, 27, 25.85
2026/09/08 22:33:30.599, GPU-ecc6a1f9-42fe-2932-7ea0-1dd285491b7b, 5, 0, 405, 27, 25.85
2026/09/08 22:33:30.803, GPU-ecc6a1f9-42fe-2932-7ea0-1dd285491b7b, 5, 0, 405, 27, 25.85
2026/09/08 22:33:31.006, GPU-ecc6a1f9-42fe-2932-7ea0-1dd285491b7b, 5, 0, 405, 27, 25.60
2026/09/08 22:33:31.209, GPU-ecc6a1f9-42fe-2932-7ea0-1dd285491b7b, 5, 0, 405, 27, 25.85
2026/09/08 22:33:31.413, GPU-ecc6a1f9-42fe-2932-7ea0-1dd285491b7b, 5, 0, 405, 27, 26.09
2026/09/08 22:33:31.619, GPU-ecc6a1f9-42fe-2932-7ea0-1dd285491b7b, 5, 0, 405, 27, 25.60
2026/09/08 22:33:31.822, GPU-ecc6a1f9-42fe-2932-7ea0-1dd285491b7b, 5, 0, 405, 27, 25.85
2026/09/08 22:33:32.026, GPU-ecc6a1f9-42fe-2932-7ea0-1dd285491b7b, 5, 0, 405, 27, 25.60
2026/09/08 22:33:32.229, GPU-ecc6a1f9-42fe-2932-7ea0-1dd285491b7b, 5, 0, 405, 27, 25.85
2026/09/08 22:33:32.433, GPU-ecc6a1f9-42fe-2932-7ea0-1dd285491b7b, 5, 0, 405, 27, 25.85
2026/09/08 22:33:32.639, GPU-ecc6a1f9-42fe-2932-7ea0-1dd285491b7b, 5, 0, 405, 27, 25.85
2026/09/08 22:33:32.842, GPU-ecc6a1f9-42fe-2932-7ea0-1dd285491b7b, 5, 0, 405, 27, 25.85
2026/09/08 22:33:33.046, GPU-ecc6a1f9-42fe-2932-7ea0-1dd285491b7b, 5, 0, 405, 27, 25.85
2026/09/08 22:33:33.249, GPU-ecc6a1f9-42fe-2932-7ea0-1dd285491b7b, 5, 0, 405, 27, 25.85
2026/09/08 22:33:33.453, GPU-ecc6a1f9-42fe-2932-7ea0-1dd285491b7b, 5, 0, 405, 27, 25.85
2026/09/08 22:33:33.656, GPU-ecc6a1f9-42fe-2932-7ea0-1dd285491b7b, 5, 0, 405, 27, 25.85
2026/09/08 22:33:33.860, GPU-ecc6a1f9-42fe-2932-7ea0-1dd285491b7b, 5, 0, 405, 27, 26.09
2026/09/08 22:33:34.064, GPU-ecc6a1f9-42fe-2932-7ea0-1dd285491b7b, 5, 0, 405, 27, 25.85
2026/09/08 22:33:34.267, GPU-ecc6a1f9-42fe-2932-7ea0-1dd285491b7b, 5, 0, 405, 27, 25.85
2026/09/08 22:33:34.471, GPU-ecc6a1f9-42fe-2932-7ea0-1dd285491b7b, 5, 0, 405, 27, 25.85
2026/09/08 22:33:34.674, GPU-ecc6a1f9-42fe-2932-7ea0-1dd285491b7b, 5, 0, 405, 27, 25.85
2026/09/08 22:33:34.878, GPU-ecc6a1f9-42fe-2932-7ea0-1dd285491b7b, 5, 0, 405, 27, 25.60
2026/09/08 22:33:35.084, GPU-ecc6a1f9-42fe-2932-7ea0-1dd285491b7b, 5, 0, 405, 27, 25.85
2026/09/08 22:33:35.287, GPU-ecc6a1f9-42fe-2932-7ea0-1dd285491b7b, 5, 0, 405, 27, 25.85
2026/09/08 22:33:35.491, GPU-ecc6a1f9-42fe-2932-7ea0-1dd285491b7b, 5, 0, 405, 27, 25.85
2026/09/08 22:33:35.694, GPU-ecc6a1f9-42fe-2932-7ea0-1dd285491b7b, 5, 0, 405, 27, 25.85
2026/09/08 22:33:35.898, GPU-ecc6a1f9-42fe-2932-7ea0-1dd285491b7b, 5, 0, 405, 27, 26.09
2026/09/08 22:33:36.101, GPU-ecc6a1f9-42fe-2932-7ea0-1dd285491b7b, 5, 0, 405, 27, 25.85
2026/09/08 22:33:36.306, GPU-ecc6a1f9-42fe-2932-7ea0-1dd285491b7b, 5, 0, 405, 27, 25.85
2026/09/08 22:33:36.510, GPU-ecc6a1f9-42fe-2932-7ea0-1dd285491b7b, 5, 0, 405, 27, 25.85
2026/09/08 22:33:36.713, GPU-ecc6a1f9-42fe-2932-7ea0-1dd285491b7b, 5, 0, 405, 27, 25.60
2026/09/08 22:33:36.917, GPU-ecc6a1f9-42fe-2932-7ea0-1dd285491b7b, 5, 0, 405, 27, 25.60
2026/09/08 22:33:37.120, GPU-ecc6a1f9-42fe-2932-7ea0-1dd285491b7b, 5, 0, 405, 27, 26.09
2026/09/08 22:33:37.327, GPU-ecc6a1f9-42fe-2932-7ea0-1dd285491b7b, 5, 0, 405, 27, 25.85
2026/09/08 22:33:37.530, GPU-ecc6a1f9-42fe-2932-7ea0-1dd285491b7b, 5, 0, 405, 27, 26.09
2026/09/08 22:33:37.734, GPU-ecc6a1f9-42fe-2932-7ea0-1dd285491b7b, 15, 0, 405, 27, 25.85
2026/09/08 22:33:37.960, GPU-ecc6a1f9-42fe-2932-7ea0-1dd285491b7b, 293, 0, 1189, 27, 31.92
2026/09/08 22:33:38.166, GPU-ecc6a1f9-42fe-2932-7ea0-1dd285491b7b, 293, 2, 1189, 27, 32.41
2026/09/08 22:33:38.370, GPU-ecc6a1f9-42fe-2932-7ea0-1dd285491b7b, 293, 2, 1189, 27, 33.61
2026/09/08 22:33:38.573, GPU-ecc6a1f9-42fe-2932-7ea0-1dd285491b7b, 293, 2, 1189, 27, 34.12
2026/09/08 22:33:38.777, GPU-ecc6a1f9-42fe-2932-7ea0-1dd285491b7b, 295, 2, 1189, 27, 34.36
2026/09/08 22:33:38.980, GPU-ecc6a1f9-42fe-2932-7ea0-1dd285491b7b, 295, 2, 1189, 27, 31.92
2026/09/08 22:33:39.186, GPU-ecc6a1f9-42fe-2932-7ea0-1dd285491b7b, 295, 2, 1189, 27, 31.92
2026/09/08 22:33:39.389, GPU-ecc6a1f9-42fe-2932-7ea0-1dd285491b7b, 295, 40, 1227, 28, 109.62
2026/09/08 22:33:39.592, GPU-ecc6a1f9-42fe-2932-7ea0-1dd285491b7b, 295, 93, 1328, 29, 145.24
2026/09/08 22:33:39.796, GPU-ecc6a1f9-42fe-2932-7ea0-1dd285491b7b, 295, 95, 1328, 30, 134.90
2026/09/08 22:33:39.999, GPU-ecc6a1f9-42fe-2932-7ea0-1dd285491b7b, 295, 99, 1328, 31, 137.81
2026/09/08 22:33:40.206, GPU-ecc6a1f9-42fe-2932-7ea0-1dd285491b7b, 295, 99, 1328, 31, 167.30
2026/09/08 22:33:40.410, GPU-ecc6a1f9-42fe-2932-7ea0-1dd285491b7b, 295, 99, 1328, 31, 146.35
2026/09/08 22:33:40.613, GPU-ecc6a1f9-42fe-2932-7ea0-1dd285491b7b, 5, 83, 1328, 30, 39.23
2026/09/08 22:33:40.817, GPU-ecc6a1f9-42fe-2932-7ea0-1dd285491b7b, 7, 5, 1328, 29, 38.74
2026/09/08 22:33:41.020, GPU-ecc6a1f9-42fe-2932-7ea0-1dd285491b7b, 15, 0, 1328, 29, 38.50
2026/09/08 22:33:41.251, GPU-ecc6a1f9-42fe-2932-7ea0-1dd285491b7b, 293, 0, 1328, 29, 40.43
2026/09/08 22:33:41.455, GPU-ecc6a1f9-42fe-2932-7ea0-1dd285491b7b, 293, 4, 1328, 29, 38.97
2026/09/08 22:33:41.658, GPU-ecc6a1f9-42fe-2932-7ea0-1dd285491b7b, 293, 1, 1328, 29, 40.21
2026/09/08 22:33:41.862, GPU-ecc6a1f9-42fe-2932-7ea0-1dd285491b7b, 293, 2, 1328, 29, 41.67
2026/09/08 22:33:42.065, GPU-ecc6a1f9-42fe-2932-7ea0-1dd285491b7b, 293, 2, 1328, 29, 40.21
2026/09/08 22:33:42.269, GPU-ecc6a1f9-42fe-2932-7ea0-1dd285491b7b, 293, 2, 1328, 28, 40.46
2026/09/08 22:33:42.472, GPU-ecc6a1f9-42fe-2932-7ea0-1dd285491b7b, 295, 2, 1328, 28, 41.18
2026/09/08 22:33:42.675, GPU-ecc6a1f9-42fe-2932-7ea0-1dd285491b7b, 295, 2, 1328, 28, 39.96
2026/09/08 22:33:42.879, GPU-ecc6a1f9-42fe-2932-7ea0-1dd285491b7b, 295, 1, 1328, 28, 125.86
2026/09/08 22:33:43.084, GPU-ecc6a1f9-42fe-2932-7ea0-1dd285491b7b, 295, 72, 1328, 30, 147.91
2026/09/08 22:33:43.288, GPU-ecc6a1f9-42fe-2932-7ea0-1dd285491b7b, 295, 93, 1328, 31, 163.93
2026/09/08 22:33:43.491, GPU-ecc6a1f9-42fe-2932-7ea0-1dd285491b7b, 295, 99, 1328, 32, 168.41
2026/09/08 22:33:43.695, GPU-ecc6a1f9-42fe-2932-7ea0-1dd285491b7b, 295, 99, 1328, 32, 158.37
2026/09/08 22:33:43.899, GPU-ecc6a1f9-42fe-2932-7ea0-1dd285491b7b, 295, 99, 1328, 32, 169.86
2026/09/08 22:33:44.104, GPU-ecc6a1f9-42fe-2932-7ea0-1dd285491b7b, 263, 99, 1328, 31, 40.21
2026/09/08 22:33:44.308, GPU-ecc6a1f9-42fe-2932-7ea0-1dd285491b7b, 5, 19, 1328, 30, 39.48
2026/09/08 22:33:44.511, GPU-ecc6a1f9-42fe-2932-7ea0-1dd285491b7b, 7, 0, 1328, 30, 39.23
2026/09/08 22:33:44.715, GPU-ecc6a1f9-42fe-2932-7ea0-1dd285491b7b, 7, 0, 1328, 30, 38.99
2026/09/08 22:33:44.918, GPU-ecc6a1f9-42fe-2932-7ea0-1dd285491b7b, 15, 0, 1328, 30, 38.99
2026/09/08 22:33:45.192, GPU-ecc6a1f9-42fe-2932-7ea0-1dd285491b7b, 299, 4, 1328, 30, 39.23
2026/09/08 22:33:45.397, GPU-ecc6a1f9-42fe-2932-7ea0-1dd285491b7b, 299, 1, 1328, 29, 40.46
2026/09/08 22:33:45.604, GPU-ecc6a1f9-42fe-2932-7ea0-1dd285491b7b, 299, 1, 1328, 29, 42.16
2026/09/08 22:33:45.807, GPU-ecc6a1f9-42fe-2932-7ea0-1dd285491b7b, 299, 2, 1328, 29, 39.97
2026/09/08 22:33:46.010, GPU-ecc6a1f9-42fe-2932-7ea0-1dd285491b7b, 299, 1, 1328, 29, 39.23
2026/09/08 22:33:46.214, GPU-ecc6a1f9-42fe-2932-7ea0-1dd285491b7b, 299, 1, 1328, 29, 40.21
2026/09/08 22:33:46.417, GPU-ecc6a1f9-42fe-2932-7ea0-1dd285491b7b, 301, 2, 1328, 29, 41.92
2026/09/08 22:33:46.623, GPU-ecc6a1f9-42fe-2932-7ea0-1dd285491b7b, 301, 1, 1328, 29, 40.21
2026/09/08 22:33:46.826, GPU-ecc6a1f9-42fe-2932-7ea0-1dd285491b7b, 301, 2, 1189, 29, 33.63
2026/09/08 22:33:47.030, GPU-ecc6a1f9-42fe-2932-7ea0-1dd285491b7b, 301, 1, 1189, 29, 32.90
2026/09/08 22:33:47.233, GPU-ecc6a1f9-42fe-2932-7ea0-1dd285491b7b, 301, 59, 1316, 30, 131.36
2026/09/08 22:33:47.436, GPU-ecc6a1f9-42fe-2932-7ea0-1dd285491b7b, 301, 93, 1328, 31, 157.73
2026/09/08 22:33:47.640, GPU-ecc6a1f9-42fe-2932-7ea0-1dd285491b7b, 301, 98, 1328, 32, 140.64
2026/09/08 22:33:47.845, GPU-ecc6a1f9-42fe-2932-7ea0-1dd285491b7b, 301, 99, 1328, 32, 157.01
2026/09/08 22:33:48.049, GPU-ecc6a1f9-42fe-2932-7ea0-1dd285491b7b, 301, 99, 1328, 33, 174.85
2026/09/08 22:33:48.253, GPU-ecc6a1f9-42fe-2932-7ea0-1dd285491b7b, 301, 99, 1328, 33, 179.28
2026/09/08 22:33:48.456, GPU-ecc6a1f9-42fe-2932-7ea0-1dd285491b7b, 5, 94, 1328, 32, 40.21
2026/09/08 22:33:48.660, GPU-ecc6a1f9-42fe-2932-7ea0-1dd285491b7b, 5, 6, 1328, 31, 39.24
2026/09/08 22:33:48.865, GPU-ecc6a1f9-42fe-2932-7ea0-1dd285491b7b, 5, 0, 1328, 31, 38.99
2026/09/08 22:33:49.068, GPU-ecc6a1f9-42fe-2932-7ea0-1dd285491b7b, 5, 0, 1328, 30, 38.99
2026/09/08 22:33:49.272, GPU-ecc6a1f9-42fe-2932-7ea0-1dd285491b7b, 5, 0, 1328, 30, 38.75
2026/09/08 22:33:49.475, GPU-ecc6a1f9-42fe-2932-7ea0-1dd285491b7b, 5, 0, 1328, 30, 38.74
2026/09/08 22:33:49.679, GPU-ecc6a1f9-42fe-2932-7ea0-1dd285491b7b, 5, 0, 1328, 30, 38.74
2026/09/08 22:33:49.884, GPU-ecc6a1f9-42fe-2932-7ea0-1dd285491b7b, 5, 0, 1328, 30, 38.75
2026/09/08 22:33:50.088, GPU-ecc6a1f9-42fe-2932-7ea0-1dd285491b7b, 5, 0, 1328, 30, 38.75
2026/09/08 22:33:50.291, GPU-ecc6a1f9-42fe-2932-7ea0-1dd285491b7b, 5, 0, 1328, 30, 36.07
2026/09/08 22:33:50.495, GPU-ecc6a1f9-42fe-2932-7ea0-1dd285491b7b, 5, 0, 1328, 29, 36.07
2026/09/08 22:33:50.698, GPU-ecc6a1f9-42fe-2932-7ea0-1dd285491b7b, 5, 0, 1328, 29, 36.07
2026/09/08 22:33:50.903, GPU-ecc6a1f9-42fe-2932-7ea0-1dd285491b7b, 5, 0, 1328, 29, 36.07
2026/09/08 22:33:51.107, GPU-ecc6a1f9-42fe-2932-7ea0-1dd285491b7b, 5, 0, 1328, 29, 36.07
2026/09/08 22:33:51.310, GPU-ecc6a1f9-42fe-2932-7ea0-1dd285491b7b, 5, 0, 1328, 29, 36.07
2026/09/08 22:33:51.514, GPU-ecc6a1f9-42fe-2932-7ea0-1dd285491b7b, 5, 0, 1328, 29, 36.07
2026/09/08 22:33:51.717, GPU-ecc6a1f9-42fe-2932-7ea0-1dd285491b7b, 5, 0, 1328, 29, 36.07
2026/09/08 22:33:51.923, GPU-ecc6a1f9-42fe-2932-7ea0-1dd285491b7b, 5, 0, 1328, 29, 36.07
2026/09/08 22:33:52.126, GPU-ecc6a1f9-42fe-2932-7ea0-1dd285491b7b, 5, 0, 1328, 29, 36.07
2026/09/08 22:33:52.330, GPU-ecc6a1f9-42fe-2932-7ea0-1dd285491b7b, 5, 0, 1328, 29, 36.07
2026/09/08 22:33:52.534, GPU-ecc6a1f9-42fe-2932-7ea0-1dd285491b7b, 5, 0, 1328, 29, 36.07
2026/09/08 22:33:52.737, GPU-ecc6a1f9-42fe-2932-7ea0-1dd285491b7b, 5, 0, 1328, 29, 36.07
2026/09/08 22:33:52.943, GPU-ecc6a1f9-42fe-2932-7ea0-1dd285491b7b, 5, 0, 1328, 29, 36.07
2026/09/08 22:33:53.146, GPU-ecc6a1f9-42fe-2932-7ea0-1dd285491b7b, 5, 0, 1328, 29, 36.07
2026/09/08 22:33:53.350, GPU-ecc6a1f9-42fe-2932-7ea0-1dd285491b7b, 5, 0, 1328, 29, 36.07
2026/09/08 22:33:53.554, GPU-ecc6a1f9-42fe-2932-7ea0-1dd285491b7b, 5, 0, 1328, 29, 36.07
2026/09/08 22:33:53.757, GPU-ecc6a1f9-42fe-2932-7ea0-1dd285491b7b, 5, 0, 1328, 29, 36.07
2026/09/08 22:33:53.963, GPU-ecc6a1f9-42fe-2932-7ea0-1dd285491b7b, 5, 0, 1328, 29, 36.07
2026/09/08 22:33:54.167, GPU-ecc6a1f9-42fe-2932-7ea0-1dd285491b7b, 5, 0, 1328, 29, 36.07
2026/09/08 22:33:54.370, GPU-ecc6a1f9-42fe-2932-7ea0-1dd285491b7b, 5, 0, 1328, 29, 36.07
2026/09/08 22:33:54.574, GPU-ecc6a1f9-42fe-2932-7ea0-1dd285491b7b, 5, 0, 1328, 29, 36.07
2026/09/08 22:33:54.777, GPU-ecc6a1f9-42fe-2932-7ea0-1dd285491b7b, 5, 0, 1328, 29, 36.07
2026/09/08 22:33:54.983, GPU-ecc6a1f9-42fe-2932-7ea0-1dd285491b7b, 5, 0, 1328, 29, 36.07
2026/09/08 22:33:55.186, GPU-ecc6a1f9-42fe-2932-7ea0-1dd285491b7b, 5, 0, 1328, 29, 36.07
2026/09/08 22:33:55.390, GPU-ecc6a1f9-42fe-2932-7ea0-1dd285491b7b, 5, 0, 1328, 29, 36.07
2026/09/08 22:33:55.593, GPU-ecc6a1f9-42fe-2932-7ea0-1dd285491b7b, 5, 0, 1328, 29, 36.07
2026/09/08 22:33:55.797, GPU-ecc6a1f9-42fe-2932-7ea0-1dd285491b7b, 5, 0, 1328, 29, 36.07
2026/09/08 22:33:56.003, GPU-ecc6a1f9-42fe-2932-7ea0-1dd285491b7b, 5, 0, 1328, 29, 36.07
2026/09/08 22:33:56.206, GPU-ecc6a1f9-42fe-2932-7ea0-1dd285491b7b, 5, 0, 1328, 29, 35.82
2026/09/08 22:33:56.410, GPU-ecc6a1f9-42fe-2932-7ea0-1dd285491b7b, 5, 0, 1328, 29, 36.07
2026/09/08 22:33:56.613, GPU-ecc6a1f9-42fe-2932-7ea0-1dd285491b7b, 5, 0, 1328, 29, 36.07
2026/09/08 22:33:56.817, GPU-ecc6a1f9-42fe-2932-7ea0-1dd285491b7b, 5, 0, 1328, 29, 36.07
2026/09/08 22:33:57.022, GPU-ecc6a1f9-42fe-2932-7ea0-1dd285491b7b, 5, 0, 1328, 29, 36.07
2026/09/08 22:33:57.226, GPU-ecc6a1f9-42fe-2932-7ea0-1dd285491b7b, 5, 0, 1328, 29, 36.07
2026/09/08 22:33:57.429, GPU-ecc6a1f9-42fe-2932-7ea0-1dd285491b7b, 5, 0, 1328, 29, 36.07
2026/09/08 22:33:57.633, GPU-ecc6a1f9-42fe-2932-7ea0-1dd285491b7b, 5, 0, 1328, 29, 36.07
2026/09/08 22:33:57.836, GPU-ecc6a1f9-42fe-2932-7ea0-1dd285491b7b, 5, 0, 1328, 29, 36.07
2026/09/08 22:33:58.042, GPU-ecc6a1f9-42fe-2932-7ea0-1dd285491b7b, 5, 0, 1328, 29, 36.07
2026/09/08 22:33:58.245, GPU-ecc6a1f9-42fe-2932-7ea0-1dd285491b7b, 5, 0, 1328, 29, 36.07
2026/09/08 22:33:58.449, GPU-ecc6a1f9-42fe-2932-7ea0-1dd285491b7b, 5, 0, 1328, 29, 36.07
2026/09/08 22:33:58.652, GPU-ecc6a1f9-42fe-2932-7ea0-1dd285491b7b, 5, 0, 1328, 29, 36.07
2026/09/08 22:33:58.856, GPU-ecc6a1f9-42fe-2932-7ea0-1dd285491b7b, 5, 0, 1328, 29, 36.07
2026/09/08 22:33:59.061, GPU-ecc6a1f9-42fe-2932-7ea0-1dd285491b7b, 5, 0, 1328, 29, 36.07
2026/09/08 22:33:59.265, GPU-ecc6a1f9-42fe-2932-7ea0-1dd285491b7b, 5, 0, 1328, 29, 36.07
2026/09/08 22:33:59.468, GPU-ecc6a1f9-42fe-2932-7ea0-1dd285491b7b, 5, 0, 1328, 29, 36.07
2026/09/08 22:33:59.672, GPU-ecc6a1f9-42fe-2932-7ea0-1dd285491b7b, 5, 0, 1328, 29, 36.07
2026/09/08 22:33:59.875, GPU-ecc6a1f9-42fe-2932-7ea0-1dd285491b7b, 5, 0, 1328, 29, 36.07
2026/09/08 22:34:00.082, GPU-ecc6a1f9-42fe-2932-7ea0-1dd285491b7b, 5, 0, 1328, 29, 36.07
2026/09/08 22:34:00.285, GPU-ecc6a1f9-42fe-2932-7ea0-1dd285491b7b, 5, 0, 1328, 29, 36.07
2026/09/08 22:34:00.488, GPU-ecc6a1f9-42fe-2932-7ea0-1dd285491b7b, 5, 0, 1328, 29, 36.07
2026/09/08 22:34:00.692, GPU-ecc6a1f9-42fe-2932-7ea0-1dd285491b7b, 5, 0, 1328, 29, 36.07
2026/09/08 22:34:00.895, GPU-ecc6a1f9-42fe-2932-7ea0-1dd285491b7b, 5, 0, 1328, 29, 36.07
2026/09/08 22:34:01.099, GPU-ecc6a1f9-42fe-2932-7ea0-1dd285491b7b, 5, 0, 1328, 29, 36.07
2026/09/08 22:34:01.302, GPU-ecc6a1f9-42fe-2932-7ea0-1dd285491b7b, 5, 0, 1328, 29, 36.07
2026/09/08 22:34:01.508, GPU-ecc6a1f9-42fe-2932-7ea0-1dd285491b7b, 5, 0, 1328, 29, 36.07
2026/09/08 22:34:01.712, GPU-ecc6a1f9-42fe-2932-7ea0-1dd285491b7b, 5, 0, 1328, 29, 36.07
2026/09/08 22:34:01.915, GPU-ecc6a1f9-42fe-2932-7ea0-1dd285491b7b, 5, 0, 1328, 29, 36.07
2026/09/08 22:34:02.118, GPU-ecc6a1f9-42fe-2932-7ea0-1dd285491b7b, 5, 0, 1328, 29, 36.07
2026/09/08 22:34:02.322, GPU-ecc6a1f9-42fe-2932-7ea0-1dd285491b7b, 5, 0, 1328, 29, 36.07
2026/09/08 22:34:02.525, GPU-ecc6a1f9-42fe-2932-7ea0-1dd285491b7b, 5, 0, 1328, 29, 36.07
2026/09/08 22:34:02.729, GPU-ecc6a1f9-42fe-2932-7ea0-1dd285491b7b, 5, 0, 1328, 29, 36.07
2026/09/08 22:34:02.932, GPU-ecc6a1f9-42fe-2932-7ea0-1dd285491b7b, 5, 0, 1328, 29, 36.07
2026/09/08 22:34:03.137, GPU-ecc6a1f9-42fe-2932-7ea0-1dd285491b7b, 5, 0, 1328, 29, 36.07
2026/09/08 22:34:03.340, GPU-ecc6a1f9-42fe-2932-7ea0-1dd285491b7b, 5, 0, 1328, 29, 36.07
2026/09/08 22:34:03.544, GPU-ecc6a1f9-42fe-2932-7ea0-1dd285491b7b, 5, 0, 1328, 29, 35.82
2026/09/08 22:34:03.747, GPU-ecc6a1f9-42fe-2932-7ea0-1dd285491b7b, 5, 0, 1328, 29, 36.07
2026/09/08 22:34:03.951, GPU-ecc6a1f9-42fe-2932-7ea0-1dd285491b7b, 5, 0, 1328, 29, 35.82
2026/09/08 22:34:04.154, GPU-ecc6a1f9-42fe-2932-7ea0-1dd285491b7b, 5, 0, 1328, 29, 36.07
2026/09/08 22:34:04.358, GPU-ecc6a1f9-42fe-2932-7ea0-1dd285491b7b, 5, 0, 1328, 29, 36.07
2026/09/08 22:34:04.562, GPU-ecc6a1f9-42fe-2932-7ea0-1dd285491b7b, 5, 0, 1328, 29, 35.82
2026/09/08 22:34:04.766, GPU-ecc6a1f9-42fe-2932-7ea0-1dd285491b7b, 5, 0, 1328, 29, 36.07
2026/09/08 22:34:04.969, GPU-ecc6a1f9-42fe-2932-7ea0-1dd285491b7b, 5, 0, 1328, 29, 36.07
2026/09/08 22:34:05.173, GPU-ecc6a1f9-42fe-2932-7ea0-1dd285491b7b, 5, 0, 1328, 29, 36.07
2026/09/08 22:34:05.378, GPU-ecc6a1f9-42fe-2932-7ea0-1dd285491b7b, 5, 0, 1328, 29, 35.82
2026/09/08 22:34:05.582, GPU-ecc6a1f9-42fe-2932-7ea0-1dd285491b7b, 5, 0, 1328, 29, 36.07
2026/09/08 22:34:05.785, GPU-ecc6a1f9-42fe-2932-7ea0-1dd285491b7b, 5, 0, 1328, 29, 36.07
2026/09/08 22:34:05.989, GPU-ecc6a1f9-42fe-2932-7ea0-1dd285491b7b, 5, 0, 1328, 29, 36.07
2026/09/08 22:34:06.192, GPU-ecc6a1f9-42fe-2932-7ea0-1dd285491b7b, 5, 0, 1328, 29, 36.07
2026/09/08 22:34:06.397, GPU-ecc6a1f9-42fe-2932-7ea0-1dd285491b7b, 5, 0, 1328, 29, 36.07
2026/09/08 22:34:06.601, GPU-ecc6a1f9-42fe-2932-7ea0-1dd285491b7b, 5, 0, 1328, 29, 36.07
2026/09/08 22:34:06.804, GPU-ecc6a1f9-42fe-2932-7ea0-1dd285491b7b, 5, 0, 1328, 29, 36.07
2026/09/08 22:34:07.008, GPU-ecc6a1f9-42fe-2932-7ea0-1dd285491b7b, 5, 0, 1328, 29, 36.07
2026/09/08 22:34:07.211, GPU-ecc6a1f9-42fe-2932-7ea0-1dd285491b7b, 5, 0, 1328, 29, 36.07
2026/09/08 22:34:07.417, GPU-ecc6a1f9-42fe-2932-7ea0-1dd285491b7b, 5, 0, 1328, 29, 36.07
2026/09/08 22:34:07.620, GPU-ecc6a1f9-42fe-2932-7ea0-1dd285491b7b, 5, 0, 1328, 29, 36.07
2026/09/08 22:34:07.823, GPU-ecc6a1f9-42fe-2932-7ea0-1dd285491b7b, 5, 0, 1328, 29, 36.07
2026/09/08 22:34:08.027, GPU-ecc6a1f9-42fe-2932-7ea0-1dd285491b7b, 5, 0, 1328, 29, 36.07
2026/09/08 22:34:08.231, GPU-ecc6a1f9-42fe-2932-7ea0-1dd285491b7b, 5, 0, 1328, 29, 36.07
2026/09/08 22:34:08.436, GPU-ecc6a1f9-42fe-2932-7ea0-1dd285491b7b, 5, 0, 1328, 29, 36.07
2026/09/08 22:34:08.639, GPU-ecc6a1f9-42fe-2932-7ea0-1dd285491b7b, 5, 0, 1328, 29, 36.07
2026/09/08 22:34:08.843, GPU-ecc6a1f9-42fe-2932-7ea0-1dd285491b7b, 5, 0, 1328, 29, 36.07
2026/09/08 22:34:09.099, GPU-ecc6a1f9-42fe-2932-7ea0-1dd285491b7b, 5, 0, 1328, 29, 36.07
2026/09/08 22:34:09.303, GPU-ecc6a1f9-42fe-2932-7ea0-1dd285491b7b, 5, 0, 1328, 29, 36.07
2026/09/08 22:34:09.506, GPU-ecc6a1f9-42fe-2932-7ea0-1dd285491b7b, 5, 0, 1328, 29, 36.07
2026/09/08 22:34:09.710, GPU-ecc6a1f9-42fe-2932-7ea0-1dd285491b7b, 5, 0, 1328, 29, 36.07
2026/09/08 22:34:09.915, GPU-ecc6a1f9-42fe-2932-7ea0-1dd285491b7b, 5, 0, 1328, 29, 36.07
2026/09/08 22:34:10.118, GPU-ecc6a1f9-42fe-2932-7ea0-1dd285491b7b, 5, 0, 1328, 29, 36.07
2026/09/08 22:34:10.322, GPU-ecc6a1f9-42fe-2932-7ea0-1dd285491b7b, 5, 0, 1328, 29, 36.07
2026/09/08 22:34:10.525, GPU-ecc6a1f9-42fe-2932-7ea0-1dd285491b7b, 5, 0, 1328, 29, 36.07
2026/09/08 22:34:10.728, GPU-ecc6a1f9-42fe-2932-7ea0-1dd285491b7b, 5, 0, 1328, 29, 36.07
2026/09/08 22:34:10.934, GPU-ecc6a1f9-42fe-2932-7ea0-1dd285491b7b, 5, 0, 1328, 29, 36.07
2026/09/08 22:34:11.138, GPU-ecc6a1f9-42fe-2932-7ea0-1dd285491b7b, 5, 0, 1328, 29, 36.07
2026/09/08 22:34:11.341, GPU-ecc6a1f9-42fe-2932-7ea0-1dd285491b7b, 5, 0, 1328, 29, 36.07
2026/09/08 22:34:11.544, GPU-ecc6a1f9-42fe-2932-7ea0-1dd285491b7b, 5, 0, 1328, 29, 36.07
2026/09/08 22:34:11.748, GPU-ecc6a1f9-42fe-2932-7ea0-1dd285491b7b, 5, 0, 1328, 29, 36.07
2026/09/08 22:34:11.954, GPU-ecc6a1f9-42fe-2932-7ea0-1dd285491b7b, 5, 0, 1328, 29, 36.07
2026/09/08 22:34:12.157, GPU-ecc6a1f9-42fe-2932-7ea0-1dd285491b7b, 5, 0, 1328, 29, 36.07
2026/09/08 22:34:12.360, GPU-ecc6a1f9-42fe-2932-7ea0-1dd285491b7b, 5, 0, 1328, 29, 36.07
2026/09/08 22:34:12.564, GPU-ecc6a1f9-42fe-2932-7ea0-1dd285491b7b, 5, 0, 1328, 29, 36.07
2026/09/08 22:34:12.767, GPU-ecc6a1f9-42fe-2932-7ea0-1dd285491b7b, 5, 0, 1328, 29, 36.07
2026/09/08 22:34:12.973, GPU-ecc6a1f9-42fe-2932-7ea0-1dd285491b7b, 5, 0, 1328, 29, 36.07
2026/09/08 22:34:13.177, GPU-ecc6a1f9-42fe-2932-7ea0-1dd285491b7b, 5, 0, 1328, 29, 36.07
2026/09/08 22:34:13.381, GPU-ecc6a1f9-42fe-2932-7ea0-1dd285491b7b, 5, 0, 1328, 29, 35.82
2026/09/08 22:34:13.584, GPU-ecc6a1f9-42fe-2932-7ea0-1dd285491b7b, 5, 0, 1328, 29, 36.07
2026/09/08 22:34:13.787, GPU-ecc6a1f9-42fe-2932-7ea0-1dd285491b7b, 5, 0, 1328, 29, 36.07
2026/09/08 22:34:13.993, GPU-ecc6a1f9-42fe-2932-7ea0-1dd285491b7b, 5, 0, 1328, 29, 36.07
2026/09/08 22:34:14.196, GPU-ecc6a1f9-42fe-2932-7ea0-1dd285491b7b, 5, 0, 1328, 29, 36.07
2026/09/08 22:34:14.400, GPU-ecc6a1f9-42fe-2932-7ea0-1dd285491b7b, 5, 0, 1328, 29, 36.07
2026/09/08 22:34:14.603, GPU-ecc6a1f9-42fe-2932-7ea0-1dd285491b7b, 5, 0, 1328, 29, 36.07
2026/09/08 22:34:14.807, GPU-ecc6a1f9-42fe-2932-7ea0-1dd285491b7b, 5, 0, 1328, 29, 36.07
2026/09/08 22:34:15.012, GPU-ecc6a1f9-42fe-2932-7ea0-1dd285491b7b, 5, 0, 1328, 29, 36.07
2026/09/08 22:34:15.216, GPU-ecc6a1f9-42fe-2932-7ea0-1dd285491b7b, 5, 0, 1328, 29, 36.07
2026/09/08 22:34:15.419, GPU-ecc6a1f9-42fe-2932-7ea0-1dd285491b7b, 5, 0, 1328, 29, 35.82
2026/09/08 22:34:15.623, GPU-ecc6a1f9-42fe-2932-7ea0-1dd285491b7b, 5, 0, 1328, 29, 36.07
2026/09/08 22:34:15.826, GPU-ecc6a1f9-42fe-2932-7ea0-1dd285491b7b, 5, 0, 1328, 29, 36.07
2026/09/08 22:34:16.033, GPU-ecc6a1f9-42fe-2932-7ea0-1dd285491b7b, 5, 0, 1328, 29, 35.82
2026/09/08 22:34:16.236, GPU-ecc6a1f9-42fe-2932-7ea0-1dd285491b7b, 5, 0, 1328, 29, 36.07
2026/09/08 22:34:16.440, GPU-ecc6a1f9-42fe-2932-7ea0-1dd285491b7b, 5, 0, 1328, 29, 36.07
2026/09/08 22:34:16.713, GPU-ecc6a1f9-42fe-2932-7ea0-1dd285491b7b, 5, 0, 1328, 29, 35.82
2026/09/08 22:34:16.916, GPU-ecc6a1f9-42fe-2932-7ea0-1dd285491b7b, 5, 0, 1328, 29, 35.82
2026/09/08 22:34:17.119, GPU-ecc6a1f9-42fe-2932-7ea0-1dd285491b7b, 5, 0, 1328, 29, 36.07
2026/09/08 22:34:17.323, GPU-ecc6a1f9-42fe-2932-7ea0-1dd285491b7b, 5, 0, 1328, 29, 36.07
2026/09/08 22:34:17.526, GPU-ecc6a1f9-42fe-2932-7ea0-1dd285491b7b, 5, 0, 1328, 29, 36.07
2026/09/08 22:34:17.732, GPU-ecc6a1f9-42fe-2932-7ea0-1dd285491b7b, 5, 0, 1328, 29, 36.07
2026/09/08 22:34:17.936, GPU-ecc6a1f9-42fe-2932-7ea0-1dd285491b7b, 5, 0, 1328, 29, 36.07
2026/09/08 22:34:18.139, GPU-ecc6a1f9-42fe-2932-7ea0-1dd285491b7b, 5, 0, 1328, 29, 36.07
2026/09/08 22:34:18.343, GPU-ecc6a1f9-42fe-2932-7ea0-1dd285491b7b, 5, 0, 1328, 29, 36.07
2026/09/08 22:34:18.546, GPU-ecc6a1f9-42fe-2932-7ea0-1dd285491b7b, 5, 0, 1328, 29, 35.82
2026/09/08 22:34:18.752, GPU-ecc6a1f9-42fe-2932-7ea0-1dd285491b7b, 5, 0, 1328, 29, 36.07
2026/09/08 22:34:18.955, GPU-ecc6a1f9-42fe-2932-7ea0-1dd285491b7b, 5, 0, 1328, 29, 36.07
2026/09/08 22:34:19.159, GPU-ecc6a1f9-42fe-2932-7ea0-1dd285491b7b, 5, 0, 1328, 29, 36.07
2026/09/08 22:34:19.362, GPU-ecc6a1f9-42fe-2932-7ea0-1dd285491b7b, 5, 0, 1328, 29, 36.07
2026/09/08 22:34:19.566, GPU-ecc6a1f9-42fe-2932-7ea0-1dd285491b7b, 5, 0, 1328, 29, 36.07
2026/09/08 22:34:19.771, GPU-ecc6a1f9-42fe-2932-7ea0-1dd285491b7b, 5, 0, 1328, 29, 36.07
2026/09/08 22:34:19.975, GPU-ecc6a1f9-42fe-2932-7ea0-1dd285491b7b, 5, 0, 1328, 29, 36.07
2026/09/08 22:34:20.178, GPU-ecc6a1f9-42fe-2932-7ea0-1dd285491b7b, 5, 0, 1328, 29, 36.07
2026/09/08 22:34:20.382, GPU-ecc6a1f9-42fe-2932-7ea0-1dd285491b7b, 5, 0, 1328, 29, 36.07
2026/09/08 22:34:20.586, GPU-ecc6a1f9-42fe-2932-7ea0-1dd285491b7b, 5, 0, 1328, 29, 36.07
2026/09/08 22:34:20.791, GPU-ecc6a1f9-42fe-2932-7ea0-1dd285491b7b, 5, 0, 1328, 29, 36.07
2026/09/08 22:34:20.995, GPU-ecc6a1f9-42fe-2932-7ea0-1dd285491b7b, 5, 0, 1328, 29, 36.07
2026/09/08 22:34:21.198, GPU-ecc6a1f9-42fe-2932-7ea0-1dd285491b7b, 5, 0, 1328, 29, 36.07
2026/09/08 22:34:21.401, GPU-ecc6a1f9-42fe-2932-7ea0-1dd285491b7b, 5, 0, 1328, 30, 36.07
2026/09/08 22:34:21.605, GPU-ecc6a1f9-42fe-2932-7ea0-1dd285491b7b, 5, 0, 1328, 29, 36.07
2026/09/08 22:34:21.810, GPU-ecc6a1f9-42fe-2932-7ea0-1dd285491b7b, 5, 0, 1328, 29, 36.07
2026/09/08 22:34:22.014, GPU-ecc6a1f9-42fe-2932-7ea0-1dd285491b7b, 5, 0, 1328, 29, 36.07
2026/09/08 22:34:22.217, GPU-ecc6a1f9-42fe-2932-7ea0-1dd285491b7b, 5, 0, 1328, 29, 36.07
2026/09/08 22:34:22.421, GPU-ecc6a1f9-42fe-2932-7ea0-1dd285491b7b, 5, 0, 1328, 29, 36.07
2026/09/08 22:34:22.624, GPU-ecc6a1f9-42fe-2932-7ea0-1dd285491b7b, 5, 0, 1328, 29, 36.07
2026/09/08 22:34:22.828, GPU-ecc6a1f9-42fe-2932-7ea0-1dd285491b7b, 5, 0, 1328, 30, 36.07
2026/09/08 22:34:23.031, GPU-ecc6a1f9-42fe-2932-7ea0-1dd285491b7b, 5, 0, 1328, 29, 36.07
2026/09/08 22:34:23.236, GPU-ecc6a1f9-42fe-2932-7ea0-1dd285491b7b, 5, 0, 1328, 29, 36.07
2026/09/08 22:34:23.439, GPU-ecc6a1f9-42fe-2932-7ea0-1dd285491b7b, 5, 0, 1328, 29, 36.07
2026/09/08 22:34:23.642, GPU-ecc6a1f9-42fe-2932-7ea0-1dd285491b7b, 5, 0, 1328, 29, 36.07
2026/09/08 22:34:23.846, GPU-ecc6a1f9-42fe-2932-7ea0-1dd285491b7b, 5, 0, 1328, 29, 36.07
2026/09/08 22:34:24.049, GPU-ecc6a1f9-42fe-2932-7ea0-1dd285491b7b, 5, 0, 1328, 29, 36.07
2026/09/08 22:34:24.253, GPU-ecc6a1f9-42fe-2932-7ea0-1dd285491b7b, 5, 0, 1328, 29, 36.07
2026/09/08 22:34:24.456, GPU-ecc6a1f9-42fe-2932-7ea0-1dd285491b7b, 5, 0, 1328, 30, 36.07
2026/09/08 22:34:24.662, GPU-ecc6a1f9-42fe-2932-7ea0-1dd285491b7b, 5, 0, 1328, 30, 36.07
2026/09/08 22:34:24.865, GPU-ecc6a1f9-42fe-2932-7ea0-1dd285491b7b, 5, 0, 1328, 30, 36.07
2026/09/08 22:34:25.069, GPU-ecc6a1f9-42fe-2932-7ea0-1dd285491b7b, 5, 0, 1328, 29, 36.07
2026/09/08 22:34:25.272, GPU-ecc6a1f9-42fe-2932-7ea0-1dd285491b7b, 5, 0, 1328, 29, 35.82
2026/09/08 22:34:25.476, GPU-ecc6a1f9-42fe-2932-7ea0-1dd285491b7b, 5, 0, 1328, 29, 36.07
2026/09/08 22:34:25.679, GPU-ecc6a1f9-42fe-2932-7ea0-1dd285491b7b, 5, 0, 1328, 29, 36.07
2026/09/08 22:34:25.883, GPU-ecc6a1f9-42fe-2932-7ea0-1dd285491b7b, 5, 0, 1328, 29, 36.07
2026/09/08 22:34:26.087, GPU-ecc6a1f9-42fe-2932-7ea0-1dd285491b7b, 5, 0, 1328, 29, 35.82
2026/09/08 22:34:26.291, GPU-ecc6a1f9-42fe-2932-7ea0-1dd285491b7b, 5, 0, 1328, 29, 36.07
2026/09/08 22:34:26.494, GPU-ecc6a1f9-42fe-2932-7ea0-1dd285491b7b, 5, 0, 1328, 29, 36.07
2026/09/08 22:34:26.698, GPU-ecc6a1f9-42fe-2932-7ea0-1dd285491b7b, 5, 0, 1328, 29, 35.82
2026/09/08 22:34:26.901, GPU-ecc6a1f9-42fe-2932-7ea0-1dd285491b7b, 5, 0, 1328, 29, 36.07
2026/09/08 22:34:27.107, GPU-ecc6a1f9-42fe-2932-7ea0-1dd285491b7b, 5, 0, 1328, 29, 36.07
2026/09/08 22:34:27.311, GPU-ecc6a1f9-42fe-2932-7ea0-1dd285491b7b, 5, 0, 1328, 29, 36.07
2026/09/08 22:34:27.514, GPU-ecc6a1f9-42fe-2932-7ea0-1dd285491b7b, 5, 0, 1328, 29, 36.07
2026/09/08 22:34:27.718, GPU-ecc6a1f9-42fe-2932-7ea0-1dd285491b7b, 5, 0, 1328, 29, 36.07
2026/09/08 22:34:27.921, GPU-ecc6a1f9-42fe-2932-7ea0-1dd285491b7b, 5, 0, 1328, 30, 36.07
2026/09/08 22:34:28.126, GPU-ecc6a1f9-42fe-2932-7ea0-1dd285491b7b, 5, 0, 1328, 29, 36.07
2026/09/08 22:34:28.330, GPU-ecc6a1f9-42fe-2932-7ea0-1dd285491b7b, 5, 0, 1328, 29, 36.07
2026/09/08 22:34:28.533, GPU-ecc6a1f9-42fe-2932-7ea0-1dd285491b7b, 5, 0, 1328, 29, 36.07
2026/09/08 22:34:28.737, GPU-ecc6a1f9-42fe-2932-7ea0-1dd285491b7b, 5, 0, 1328, 29, 36.07
2026/09/08 22:34:28.940, GPU-ecc6a1f9-42fe-2932-7ea0-1dd285491b7b, 5, 0, 1328, 29, 36.07
2026/09/08 22:34:29.146, GPU-ecc6a1f9-42fe-2932-7ea0-1dd285491b7b, 5, 0, 1328, 29, 36.07
2026/09/08 22:34:29.349, GPU-ecc6a1f9-42fe-2932-7ea0-1dd285491b7b, 5, 0, 1328, 29, 36.07
2026/09/08 22:34:29.553, GPU-ecc6a1f9-42fe-2932-7ea0-1dd285491b7b, 5, 0, 1328, 29, 35.82
2026/09/08 22:34:29.756, GPU-ecc6a1f9-42fe-2932-7ea0-1dd285491b7b, 5, 0, 1328, 29, 35.82
2026/09/08 22:34:29.960, GPU-ecc6a1f9-42fe-2932-7ea0-1dd285491b7b, 5, 0, 1328, 29, 36.07
2026/09/08 22:34:30.165, GPU-ecc6a1f9-42fe-2932-7ea0-1dd285491b7b, 5, 0, 1328, 29, 35.82
2026/09/08 22:34:30.369, GPU-ecc6a1f9-42fe-2932-7ea0-1dd285491b7b, 5, 0, 1328, 30, 35.82
2026/09/08 22:34:30.572, GPU-ecc6a1f9-42fe-2932-7ea0-1dd285491b7b, 5, 0, 1328, 29, 36.07
2026/09/08 22:34:30.775, GPU-ecc6a1f9-42fe-2932-7ea0-1dd285491b7b, 5, 0, 1328, 30, 36.07
2026/09/08 22:34:30.979, GPU-ecc6a1f9-42fe-2932-7ea0-1dd285491b7b, 5, 0, 1328, 29, 36.07
2026/09/08 22:34:31.186, GPU-ecc6a1f9-42fe-2932-7ea0-1dd285491b7b, 5, 0, 405, 29, 27.31
2026/09/08 22:34:31.389, GPU-ecc6a1f9-42fe-2932-7ea0-1dd285491b7b, 5, 0, 405, 29, 26.34
2026/09/08 22:34:31.593, GPU-ecc6a1f9-42fe-2932-7ea0-1dd285491b7b, 5, 0, 405, 29, 26.34
2026/09/08 22:34:31.796, GPU-ecc6a1f9-42fe-2932-7ea0-1dd285491b7b, 5, 0, 405, 29, 26.34
2026/09/08 22:34:32.000, GPU-ecc6a1f9-42fe-2932-7ea0-1dd285491b7b, 5, 0, 405, 29, 26.34
2026/09/08 22:34:32.203, GPU-ecc6a1f9-42fe-2932-7ea0-1dd285491b7b, 5, 0, 405, 29, 26.34
2026/09/08 22:34:32.407, GPU-ecc6a1f9-42fe-2932-7ea0-1dd285491b7b, 5, 0, 405, 29, 26.34
2026/09/08 22:34:32.611, GPU-ecc6a1f9-42fe-2932-7ea0-1dd285491b7b, 5, 0, 405, 29, 26.34
2026/09/08 22:34:32.814, GPU-ecc6a1f9-42fe-2932-7ea0-1dd285491b7b, 5, 0, 405, 29, 26.33
2026/09/08 22:34:33.018, GPU-ecc6a1f9-42fe-2932-7ea0-1dd285491b7b, 5, 0, 405, 29, 26.34
2026/09/08 22:34:33.221, GPU-ecc6a1f9-42fe-2932-7ea0-1dd285491b7b, 5, 0, 405, 29, 26.34
2026/09/08 22:34:33.425, GPU-ecc6a1f9-42fe-2932-7ea0-1dd285491b7b, 5, 0, 405, 29, 26.34
2026/09/08 22:34:33.631, GPU-ecc6a1f9-42fe-2932-7ea0-1dd285491b7b, 5, 0, 405, 29, 26.34
2026/09/08 22:34:33.834, GPU-ecc6a1f9-42fe-2932-7ea0-1dd285491b7b, 5, 0, 405, 29, 26.34
2026/09/08 22:34:34.038, GPU-ecc6a1f9-42fe-2932-7ea0-1dd285491b7b, 5, 0, 405, 29, 26.09
2026/09/08 22:34:34.241, GPU-ecc6a1f9-42fe-2932-7ea0-1dd285491b7b, 5, 0, 405, 29, 26.33
2026/09/08 22:34:34.445, GPU-ecc6a1f9-42fe-2932-7ea0-1dd285491b7b, 5, 0, 405, 29, 26.34
2026/09/08 22:34:34.648, GPU-ecc6a1f9-42fe-2932-7ea0-1dd285491b7b, 5, 0, 405, 29, 26.34
2026/09/08 22:34:34.852, GPU-ecc6a1f9-42fe-2932-7ea0-1dd285491b7b, 5, 0, 405, 29, 26.34
2026/09/08 22:34:35.055, GPU-ecc6a1f9-42fe-2932-7ea0-1dd285491b7b, 5, 0, 405, 29, 26.34
2026/09/08 22:34:35.259, GPU-ecc6a1f9-42fe-2932-7ea0-1dd285491b7b, 5, 0, 405, 29, 26.09
2026/09/08 22:34:35.462, GPU-ecc6a1f9-42fe-2932-7ea0-1dd285491b7b, 5, 0, 405, 29, 26.33
2026/09/08 22:34:35.666, GPU-ecc6a1f9-42fe-2932-7ea0-1dd285491b7b, 5, 0, 405, 29, 26.34
2026/09/08 22:34:35.872, GPU-ecc6a1f9-42fe-2932-7ea0-1dd285491b7b, 5, 0, 405, 29, 26.34
2026/09/08 22:34:36.075, GPU-ecc6a1f9-42fe-2932-7ea0-1dd285491b7b, 5, 0, 405, 29, 26.09
2026/09/08 22:34:36.279, GPU-ecc6a1f9-42fe-2932-7ea0-1dd285491b7b, 5, 0, 405, 29, 26.09
2026/09/08 22:34:36.482, GPU-ecc6a1f9-42fe-2932-7ea0-1dd285491b7b, 5, 0, 405, 29, 26.09
2026/09/08 22:34:36.727, GPU-ecc6a1f9-42fe-2932-7ea0-1dd285491b7b, 5, 0, 405, 29, 26.09
2026/09/08 22:34:36.931, GPU-ecc6a1f9-42fe-2932-7ea0-1dd285491b7b, 5, 0, 405, 29, 26.33
2026/09/08 22:34:37.135, GPU-ecc6a1f9-42fe-2932-7ea0-1dd285491b7b, 5, 0, 405, 29, 26.33
2026/09/08 22:34:37.338, GPU-ecc6a1f9-42fe-2932-7ea0-1dd285491b7b, 5, 0, 405, 29, 26.33
2026/09/08 22:34:37.542, GPU-ecc6a1f9-42fe-2932-7ea0-1dd285491b7b, 5, 0, 405, 29, 26.33
2026/09/08 22:34:37.745, GPU-ecc6a1f9-42fe-2932-7ea0-1dd285491b7b, 5, 0, 405, 29, 26.33
2026/09/08 22:34:37.951, GPU-ecc6a1f9-42fe-2932-7ea0-1dd285491b7b, 5, 0, 405, 29, 26.33
2026/09/08 22:34:38.155, GPU-ecc6a1f9-42fe-2932-7ea0-1dd285491b7b, 5, 0, 405, 29, 26.33
2026/09/08 22:34:38.359, GPU-ecc6a1f9-42fe-2932-7ea0-1dd285491b7b, 5, 0, 405, 29, 26.09
2026/09/08 22:34:38.563, GPU-ecc6a1f9-42fe-2932-7ea0-1dd285491b7b, 5, 0, 405, 29, 26.33
2026/09/08 22:34:38.767, GPU-ecc6a1f9-42fe-2932-7ea0-1dd285491b7b, 5, 0, 405, 29, 26.33
2026/09/08 22:34:38.971, GPU-ecc6a1f9-42fe-2932-7ea0-1dd285491b7b, 5, 0, 405, 29, 26.09
2026/09/08 22:34:39.175, GPU-ecc6a1f9-42fe-2932-7ea0-1dd285491b7b, 5, 0, 405, 29, 26.33
2026/09/08 22:34:39.379, GPU-ecc6a1f9-42fe-2932-7ea0-1dd285491b7b, 5, 0, 405, 29, 26.09
2026/09/08 22:34:39.582, GPU-ecc6a1f9-42fe-2932-7ea0-1dd285491b7b, 5, 0, 405, 29, 26.33
2026/09/08 22:34:39.786, GPU-ecc6a1f9-42fe-2932-7ea0-1dd285491b7b, 5, 0, 405, 29, 26.09
2026/09/08 22:34:39.991, GPU-ecc6a1f9-42fe-2932-7ea0-1dd285491b7b, 5, 0, 405, 29, 26.09
2026/09/08 22:34:40.195, GPU-ecc6a1f9-42fe-2932-7ea0-1dd285491b7b, 5, 0, 405, 29, 26.09
2026/09/08 22:34:40.398, GPU-ecc6a1f9-42fe-2932-7ea0-1dd285491b7b, 5, 0, 405, 29, 26.09
2026/09/08 22:34:40.602, GPU-ecc6a1f9-42fe-2932-7ea0-1dd285491b7b, 5, 0, 405, 29, 26.33
2026/09/08 22:34:40.805, GPU-ecc6a1f9-42fe-2932-7ea0-1dd285491b7b, 5, 0, 405, 29, 26.09
2026/09/08 22:34:41.011, GPU-ecc6a1f9-42fe-2932-7ea0-1dd285491b7b, 5, 0, 405, 29, 26.09
2026/09/08 22:34:41.214, GPU-ecc6a1f9-42fe-2932-7ea0-1dd285491b7b, 5, 0, 405, 29, 26.09
2026/09/08 22:34:41.418, GPU-ecc6a1f9-42fe-2932-7ea0-1dd285491b7b, 5, 0, 405, 29, 26.09
2026/09/08 22:34:41.621, GPU-ecc6a1f9-42fe-2932-7ea0-1dd285491b7b, 5, 0, 405, 29, 26.33
2026/09/08 22:34:41.824, GPU-ecc6a1f9-42fe-2932-7ea0-1dd285491b7b, 5, 0, 405, 29, 26.33
2026/09/08 22:34:42.030, GPU-ecc6a1f9-42fe-2932-7ea0-1dd285491b7b, 5, 0, 405, 29, 26.33
2026/09/08 22:34:42.234, GPU-ecc6a1f9-42fe-2932-7ea0-1dd285491b7b, 5, 0, 405, 29, 26.09
2026/09/08 22:34:42.437, GPU-ecc6a1f9-42fe-2932-7ea0-1dd285491b7b, 5, 0, 405, 29, 26.33
2026/09/08 22:34:42.640, GPU-ecc6a1f9-42fe-2932-7ea0-1dd285491b7b, 5, 0, 405, 29, 26.33
2026/09/08 22:34:42.844, GPU-ecc6a1f9-42fe-2932-7ea0-1dd285491b7b, 5, 0, 405, 29, 26.09
2026/09/08 22:34:43.049, GPU-ecc6a1f9-42fe-2932-7ea0-1dd285491b7b, 5, 0, 405, 29, 26.33
2026/09/08 22:34:43.253, GPU-ecc6a1f9-42fe-2932-7ea0-1dd285491b7b, 5, 0, 405, 29, 26.09
2026/09/08 22:34:43.456, GPU-ecc6a1f9-42fe-2932-7ea0-1dd285491b7b, 5, 0, 405, 29, 26.09
2026/09/08 22:34:43.660, GPU-ecc6a1f9-42fe-2932-7ea0-1dd285491b7b, 5, 0, 405, 29, 26.33
2026/09/08 22:34:43.863, GPU-ecc6a1f9-42fe-2932-7ea0-1dd285491b7b, 5, 0, 405, 29, 26.09
2026/09/08 22:34:44.069, GPU-ecc6a1f9-42fe-2932-7ea0-1dd285491b7b, 5, 0, 405, 29, 26.33
2026/09/08 22:34:44.272, GPU-ecc6a1f9-42fe-2932-7ea0-1dd285491b7b, 5, 0, 405, 29, 26.09
2026/09/08 22:34:44.476, GPU-ecc6a1f9-42fe-2932-7ea0-1dd285491b7b, 5, 0, 405, 29, 26.09
2026/09/08 22:34:44.680, GPU-ecc6a1f9-42fe-2932-7ea0-1dd285491b7b, 5, 0, 405, 29, 26.09
2026/09/08 22:34:44.883, GPU-ecc6a1f9-42fe-2932-7ea0-1dd285491b7b, 5, 0, 405, 29, 26.09
2026/09/08 22:34:45.088, GPU-ecc6a1f9-42fe-2932-7ea0-1dd285491b7b, 5, 0, 405, 29, 26.09
2026/09/08 22:34:45.292, GPU-ecc6a1f9-42fe-2932-7ea0-1dd285491b7b, 5, 0, 405, 29, 26.09
2026/09/08 22:34:45.495, GPU-ecc6a1f9-42fe-2932-7ea0-1dd285491b7b, 5, 0, 405, 29, 26.09
2026/09/08 22:34:45.699, GPU-ecc6a1f9-42fe-2932-7ea0-1dd285491b7b, 5, 0, 405, 29, 26.33
2026/09/08 22:34:45.902, GPU-ecc6a1f9-42fe-2932-7ea0-1dd285491b7b, 5, 0, 405, 29, 26.09
2026/09/08 22:34:46.169, GPU-ecc6a1f9-42fe-2932-7ea0-1dd285491b7b, 5, 0, 405, 29, 26.09
2026/09/08 22:34:46.373, GPU-ecc6a1f9-42fe-2932-7ea0-1dd285491b7b, 5, 0, 405, 28, 26.09
2026/09/08 22:34:46.577, GPU-ecc6a1f9-42fe-2932-7ea0-1dd285491b7b, 5, 0, 405, 29, 26.09
2026/09/08 22:34:46.780, GPU-ecc6a1f9-42fe-2932-7ea0-1dd285491b7b, 5, 0, 405, 29, 26.09
2026/09/08 22:34:46.984, GPU-ecc6a1f9-42fe-2932-7ea0-1dd285491b7b, 5, 0, 405, 29, 26.09
2026/09/08 22:34:47.188, GPU-ecc6a1f9-42fe-2932-7ea0-1dd285491b7b, 5, 0, 405, 29, 26.09
2026/09/08 22:34:47.391, GPU-ecc6a1f9-42fe-2932-7ea0-1dd285491b7b, 5, 0, 405, 29, 26.09
2026/09/08 22:34:47.595, GPU-ecc6a1f9-42fe-2932-7ea0-1dd285491b7b, 5, 0, 405, 28, 26.09
2026/09/08 22:34:47.798, GPU-ecc6a1f9-42fe-2932-7ea0-1dd285491b7b, 5, 0, 405, 29, 26.09
2026/09/08 22:34:48.002, GPU-ecc6a1f9-42fe-2932-7ea0-1dd285491b7b, 5, 0, 405, 29, 26.09
2026/09/08 22:34:48.207, GPU-ecc6a1f9-42fe-2932-7ea0-1dd285491b7b, 5, 0, 405, 29, 26.09
2026/09/08 22:34:48.410, GPU-ecc6a1f9-42fe-2932-7ea0-1dd285491b7b, 5, 0, 405, 29, 26.09
2026/09/08 22:34:48.614, GPU-ecc6a1f9-42fe-2932-7ea0-1dd285491b7b, 5, 0, 405, 28, 26.09
2026/09/08 22:34:48.817, GPU-ecc6a1f9-42fe-2932-7ea0-1dd285491b7b, 5, 0, 405, 28, 26.09
2026/09/08 22:34:49.020, GPU-ecc6a1f9-42fe-2932-7ea0-1dd285491b7b, 5, 0, 405, 29, 25.85
2026/09/08 22:34:49.226, GPU-ecc6a1f9-42fe-2932-7ea0-1dd285491b7b, 5, 0, 405, 28, 26.09
2026/09/08 22:34:49.429, GPU-ecc6a1f9-42fe-2932-7ea0-1dd285491b7b, 5, 0, 405, 28, 26.09
2026/09/08 22:34:49.633, GPU-ecc6a1f9-42fe-2932-7ea0-1dd285491b7b, 5, 0, 405, 28, 26.09
2026/09/08 22:34:49.836, GPU-ecc6a1f9-42fe-2932-7ea0-1dd285491b7b, 5, 0, 405, 29, 26.09
2026/09/08 22:34:50.040, GPU-ecc6a1f9-42fe-2932-7ea0-1dd285491b7b, 5, 0, 405, 29, 26.33
2026/09/08 22:34:50.245, GPU-ecc6a1f9-42fe-2932-7ea0-1dd285491b7b, 5, 0, 405, 29, 26.09
2026/09/08 22:34:50.449, GPU-ecc6a1f9-42fe-2932-7ea0-1dd285491b7b, 5, 0, 405, 29, 26.09
2026/09/08 22:34:50.653, GPU-ecc6a1f9-42fe-2932-7ea0-1dd285491b7b, 5, 0, 405, 29, 26.09
2026/09/08 22:34:50.856, GPU-ecc6a1f9-42fe-2932-7ea0-1dd285491b7b, 5, 0, 405, 29, 26.09
2026/09/08 22:34:51.060, GPU-ecc6a1f9-42fe-2932-7ea0-1dd285491b7b, 5, 0, 405, 28, 26.09
2026/09/08 22:34:51.265, GPU-ecc6a1f9-42fe-2932-7ea0-1dd285491b7b, 5, 0, 405, 28, 26.09
2026/09/08 22:34:51.468, GPU-ecc6a1f9-42fe-2932-7ea0-1dd285491b7b, 5, 0, 405, 28, 26.09
2026/09/08 22:34:51.672, GPU-ecc6a1f9-42fe-2932-7ea0-1dd285491b7b, 5, 0, 405, 29, 26.09
2026/09/08 22:34:51.875, GPU-ecc6a1f9-42fe-2932-7ea0-1dd285491b7b, 5, 0, 405, 29, 26.09
2026/09/08 22:34:52.079, GPU-ecc6a1f9-42fe-2932-7ea0-1dd285491b7b, 5, 0, 405, 29, 26.09
2026/09/08 22:34:52.284, GPU-ecc6a1f9-42fe-2932-7ea0-1dd285491b7b, 5, 0, 405, 29, 26.09
2026/09/08 22:34:52.488, GPU-ecc6a1f9-42fe-2932-7ea0-1dd285491b7b, 5, 0, 405, 29, 26.09
2026/09/08 22:34:52.691, GPU-ecc6a1f9-42fe-2932-7ea0-1dd285491b7b, 5, 0, 405, 29, 26.09
2026/09/08 22:34:52.895, GPU-ecc6a1f9-42fe-2932-7ea0-1dd285491b7b, 5, 0, 405, 29, 26.09
2026/09/08 22:34:53.098, GPU-ecc6a1f9-42fe-2932-7ea0-1dd285491b7b, 5, 0, 405, 28, 26.09
2026/09/08 22:34:53.304, GPU-ecc6a1f9-42fe-2932-7ea0-1dd285491b7b, 5, 0, 405, 29, 26.09
2026/09/08 22:34:53.507, GPU-ecc6a1f9-42fe-2932-7ea0-1dd285491b7b, 5, 0, 405, 29, 26.09
2026/09/08 22:34:53.710, GPU-ecc6a1f9-42fe-2932-7ea0-1dd285491b7b, 5, 0, 405, 29, 26.09
2026/09/08 22:34:53.914, GPU-ecc6a1f9-42fe-2932-7ea0-1dd285491b7b, 5, 0, 405, 29, 26.09
2026/09/08 22:34:54.117, GPU-ecc6a1f9-42fe-2932-7ea0-1dd285491b7b, 5, 0, 405, 29, 26.09
2026/09/08 22:34:54.321, GPU-ecc6a1f9-42fe-2932-7ea0-1dd285491b7b, 5, 0, 405, 29, 26.09
2026/09/08 22:34:54.526, GPU-ecc6a1f9-42fe-2932-7ea0-1dd285491b7b, 5, 0, 405, 29, 26.09
2026/09/08 22:34:54.730, GPU-ecc6a1f9-42fe-2932-7ea0-1dd285491b7b, 5, 0, 405, 29, 26.09
2026/09/08 22:34:54.933, GPU-ecc6a1f9-42fe-2932-7ea0-1dd285491b7b, 5, 0, 405, 28, 26.09
2026/09/08 22:34:55.168, GPU-ecc6a1f9-42fe-2932-7ea0-1dd285491b7b, 5, 0, 405, 28, 26.09
2026/09/08 22:34:55.371, GPU-ecc6a1f9-42fe-2932-7ea0-1dd285491b7b, 5, 0, 405, 28, 26.09
2026/09/08 22:34:55.574, GPU-ecc6a1f9-42fe-2932-7ea0-1dd285491b7b, 5, 0, 405, 28, 26.09
2026/09/08 22:34:55.778, GPU-ecc6a1f9-42fe-2932-7ea0-1dd285491b7b, 5, 0, 405, 28, 26.09
2026/09/08 22:34:55.981, GPU-ecc6a1f9-42fe-2932-7ea0-1dd285491b7b, 5, 0, 405, 28, 26.08
2026/09/08 22:34:56.185, GPU-ecc6a1f9-42fe-2932-7ea0-1dd285491b7b, 5, 0, 405, 28, 26.09
2026/09/08 22:34:56.391, GPU-ecc6a1f9-42fe-2932-7ea0-1dd285491b7b, 5, 0, 405, 28, 26.08
2026/09/08 22:34:56.594, GPU-ecc6a1f9-42fe-2932-7ea0-1dd285491b7b, 5, 0, 405, 28, 26.09
2026/09/08 22:34:56.798, GPU-ecc6a1f9-42fe-2932-7ea0-1dd285491b7b, 5, 0, 405, 28, 26.09
2026/09/08 22:34:57.001, GPU-ecc6a1f9-42fe-2932-7ea0-1dd285491b7b, 5, 0, 405, 28, 26.08
2026/09/08 22:34:57.205, GPU-ecc6a1f9-42fe-2932-7ea0-1dd285491b7b, 5, 0, 405, 28, 26.09
2026/09/08 22:34:57.411, GPU-ecc6a1f9-42fe-2932-7ea0-1dd285491b7b, 5, 0, 405, 28, 26.06
2026/09/08 22:34:57.615, GPU-ecc6a1f9-42fe-2932-7ea0-1dd285491b7b, 5, 0, 405, 28, 26.04
2026/09/08 22:34:57.818, GPU-ecc6a1f9-42fe-2932-7ea0-1dd285491b7b, 5, 0, 405, 28, 26.06
2026/09/08 22:34:58.022, GPU-ecc6a1f9-42fe-2932-7ea0-1dd285491b7b, 5, 0, 405, 28, 26.06
2026/09/08 22:34:58.225, GPU-ecc6a1f9-42fe-2932-7ea0-1dd285491b7b, 5, 0, 405, 28, 26.06
2026/09/08 22:34:58.431, GPU-ecc6a1f9-42fe-2932-7ea0-1dd285491b7b, 5, 0, 405, 28, 26.06
2026/09/08 22:34:58.634, GPU-ecc6a1f9-42fe-2932-7ea0-1dd285491b7b, 5, 0, 405, 28, 26.06
2026/09/08 22:34:58.838, GPU-ecc6a1f9-42fe-2932-7ea0-1dd285491b7b, 5, 0, 405, 28, 26.04
2026/09/08 22:34:59.041, GPU-ecc6a1f9-42fe-2932-7ea0-1dd285491b7b, 5, 0, 405, 28, 26.06
2026/09/08 22:34:59.244, GPU-ecc6a1f9-42fe-2932-7ea0-1dd285491b7b, 5, 0, 405, 28, 26.06
2026/09/08 22:34:59.450, GPU-ecc6a1f9-42fe-2932-7ea0-1dd285491b7b, 5, 0, 405, 28, 26.06
2026/09/08 22:34:59.654, GPU-ecc6a1f9-42fe-2932-7ea0-1dd285491b7b, 5, 0, 405, 28, 26.06
2026/09/08 22:34:59.857, GPU-ecc6a1f9-42fe-2932-7ea0-1dd285491b7b, 5, 0, 405, 28, 26.04
2026/09/08 22:35:00.061, GPU-ecc6a1f9-42fe-2932-7ea0-1dd285491b7b, 5, 0, 405, 28, 26.06
2026/09/08 22:35:00.264, GPU-ecc6a1f9-42fe-2932-7ea0-1dd285491b7b, 5, 0, 405, 28, 26.06
2026/09/08 22:35:00.471, GPU-ecc6a1f9-42fe-2932-7ea0-1dd285491b7b, 5, 0, 405, 28, 26.06
2026/09/08 22:35:00.674, GPU-ecc6a1f9-42fe-2932-7ea0-1dd285491b7b, 5, 0, 405, 28, 26.04
2026/09/08 22:35:00.878, GPU-ecc6a1f9-42fe-2932-7ea0-1dd285491b7b, 5, 0, 405, 28, 26.06
2026/09/08 22:35:01.081, GPU-ecc6a1f9-42fe-2932-7ea0-1dd285491b7b, 5, 0, 405, 28, 25.80
2026/09/08 22:35:01.285, GPU-ecc6a1f9-42fe-2932-7ea0-1dd285491b7b, 5, 0, 405, 28, 26.06
2026/09/08 22:35:01.491, GPU-ecc6a1f9-42fe-2932-7ea0-1dd285491b7b, 5, 0, 405, 28, 26.06
2026/09/08 22:35:01.694, GPU-ecc6a1f9-42fe-2932-7ea0-1dd285491b7b, 5, 0, 405, 28, 25.81
2026/09/08 22:35:01.898, GPU-ecc6a1f9-42fe-2932-7ea0-1dd285491b7b, 5, 0, 405, 28, 26.04
2026/09/08 22:35:02.101, GPU-ecc6a1f9-42fe-2932-7ea0-1dd285491b7b, 5, 0, 405, 28, 26.06
2026/09/08 22:35:02.305, GPU-ecc6a1f9-42fe-2932-7ea0-1dd285491b7b, 5, 0, 405, 28, 26.06
2026/09/08 22:35:02.510, GPU-ecc6a1f9-42fe-2932-7ea0-1dd285491b7b, 5, 0, 405, 28, 26.28
2026/09/08 22:35:02.714, GPU-ecc6a1f9-42fe-2932-7ea0-1dd285491b7b, 5, 0, 405, 28, 26.06
2026/09/08 22:35:02.917, GPU-ecc6a1f9-42fe-2932-7ea0-1dd285491b7b, 5, 0, 405, 28, 26.06
2026/09/08 22:35:03.121, GPU-ecc6a1f9-42fe-2932-7ea0-1dd285491b7b, 5, 0, 405, 28, 26.06
2026/09/08 22:35:03.324, GPU-ecc6a1f9-42fe-2932-7ea0-1dd285491b7b, 5, 0, 405, 28, 26.06
2026/09/08 22:35:03.530, GPU-ecc6a1f9-42fe-2932-7ea0-1dd285491b7b, 5, 0, 405, 28, 26.04
2026/09/08 22:35:03.733, GPU-ecc6a1f9-42fe-2932-7ea0-1dd285491b7b, 5, 0, 405, 28, 26.06
2026/09/08 22:35:03.937, GPU-ecc6a1f9-42fe-2932-7ea0-1dd285491b7b, 5, 0, 405, 28, 25.81
2026/09/08 22:35:04.140, GPU-ecc6a1f9-42fe-2932-7ea0-1dd285491b7b, 5, 0, 405, 28, 25.80
2026/09/08 22:35:04.343, GPU-ecc6a1f9-42fe-2932-7ea0-1dd285491b7b, 5, 0, 405, 28, 25.80
2026/09/08 22:35:04.549, GPU-ecc6a1f9-42fe-2932-7ea0-1dd285491b7b, 5, 0, 405, 28, 26.04
2026/09/08 22:35:04.753, GPU-ecc6a1f9-42fe-2932-7ea0-1dd285491b7b, 5, 0, 405, 28, 26.30
2026/09/08 22:35:04.956, GPU-ecc6a1f9-42fe-2932-7ea0-1dd285491b7b, 5, 0, 405, 28, 25.85
2026/09/08 22:35:05.160, GPU-ecc6a1f9-42fe-2932-7ea0-1dd285491b7b, 5, 0, 405, 28, 26.09
2026/09/08 22:35:05.363, GPU-ecc6a1f9-42fe-2932-7ea0-1dd285491b7b, 5, 0, 405, 28, 26.09
2026/09/08 22:35:05.569, GPU-ecc6a1f9-42fe-2932-7ea0-1dd285491b7b, 5, 0, 405, 28, 26.09
2026/09/08 22:35:05.772, GPU-ecc6a1f9-42fe-2932-7ea0-1dd285491b7b, 5, 0, 405, 28, 25.85
2026/09/08 22:35:05.976, GPU-ecc6a1f9-42fe-2932-7ea0-1dd285491b7b, 5, 0, 405, 28, 26.09
2026/09/08 22:35:06.179, GPU-ecc6a1f9-42fe-2932-7ea0-1dd285491b7b, 5, 0, 405, 28, 26.09
2026/09/08 22:35:06.383, GPU-ecc6a1f9-42fe-2932-7ea0-1dd285491b7b, 5, 0, 405, 28, 26.09
2026/09/08 22:35:06.588, GPU-ecc6a1f9-42fe-2932-7ea0-1dd285491b7b, 5, 0, 405, 28, 26.09
2026/09/08 22:35:06.792, GPU-ecc6a1f9-42fe-2932-7ea0-1dd285491b7b, 5, 0, 405, 28, 26.09
2026/09/08 22:35:06.995, GPU-ecc6a1f9-42fe-2932-7ea0-1dd285491b7b, 5, 0, 405, 28, 25.85
2026/09/08 22:35:07.199, GPU-ecc6a1f9-42fe-2932-7ea0-1dd285491b7b, 5, 0, 405, 28, 25.85
2026/09/08 22:35:07.402, GPU-ecc6a1f9-42fe-2932-7ea0-1dd285491b7b, 5, 0, 405, 28, 26.09
2026/09/08 22:35:07.607, GPU-ecc6a1f9-42fe-2932-7ea0-1dd285491b7b, 5, 0, 405, 28, 25.85
2026/09/08 22:35:07.811, GPU-ecc6a1f9-42fe-2932-7ea0-1dd285491b7b, 5, 0, 405, 28, 26.09
2026/09/08 22:35:08.014, GPU-ecc6a1f9-42fe-2932-7ea0-1dd285491b7b, 5, 0, 405, 28, 26.09
2026/09/08 22:35:08.218, GPU-ecc6a1f9-42fe-2932-7ea0-1dd285491b7b, 5, 0, 405, 28, 26.09
2026/09/08 22:35:08.422, GPU-ecc6a1f9-42fe-2932-7ea0-1dd285491b7b, 5, 0, 405, 28, 26.09
2026/09/08 22:35:08.627, GPU-ecc6a1f9-42fe-2932-7ea0-1dd285491b7b, 5, 0, 405, 28, 26.09
2026/09/08 22:35:08.830, GPU-ecc6a1f9-42fe-2932-7ea0-1dd285491b7b, 5, 0, 405, 28, 26.09
2026/09/08 22:35:09.034, GPU-ecc6a1f9-42fe-2932-7ea0-1dd285491b7b, 5, 0, 405, 28, 26.09
2026/09/08 22:35:09.237, GPU-ecc6a1f9-42fe-2932-7ea0-1dd285491b7b, 5, 0, 405, 28, 26.09
2026/09/08 22:35:09.441, GPU-ecc6a1f9-42fe-2932-7ea0-1dd285491b7b, 5, 0, 405, 28, 26.09
2026/09/08 22:35:09.646, GPU-ecc6a1f9-42fe-2932-7ea0-1dd285491b7b, 5, 0, 405, 28, 26.09
2026/09/08 22:35:09.850, GPU-ecc6a1f9-42fe-2932-7ea0-1dd285491b7b, 5, 0, 405, 28, 26.09
2026/09/08 22:35:10.053, GPU-ecc6a1f9-42fe-2932-7ea0-1dd285491b7b, 5, 0, 405, 28, 26.09
2026/09/08 22:35:10.257, GPU-ecc6a1f9-42fe-2932-7ea0-1dd285491b7b, 5, 0, 405, 28, 26.09
2026/09/08 22:35:10.460, GPU-ecc6a1f9-42fe-2932-7ea0-1dd285491b7b, 5, 0, 405, 28, 26.09
2026/09/08 22:35:10.666, GPU-ecc6a1f9-42fe-2932-7ea0-1dd285491b7b, 5, 0, 405, 28, 25.85
2026/09/08 22:35:10.869, GPU-ecc6a1f9-42fe-2932-7ea0-1dd285491b7b, 5, 0, 405, 28, 25.85
2026/09/08 22:35:11.073, GPU-ecc6a1f9-42fe-2932-7ea0-1dd285491b7b, 5, 0, 405, 28, 26.09
2026/09/08 22:35:11.276, GPU-ecc6a1f9-42fe-2932-7ea0-1dd285491b7b, 5, 0, 405, 28, 25.85
2026/09/08 22:35:11.480, GPU-ecc6a1f9-42fe-2932-7ea0-1dd285491b7b, 5, 0, 405, 28, 25.85
2026/09/08 22:35:11.685, GPU-ecc6a1f9-42fe-2932-7ea0-1dd285491b7b, 5, 0, 405, 28, 25.85
2026/09/08 22:35:11.889, GPU-ecc6a1f9-42fe-2932-7ea0-1dd285491b7b, 5, 0, 405, 28, 25.85
2026/09/08 22:35:12.093, GPU-ecc6a1f9-42fe-2932-7ea0-1dd285491b7b, 5, 0, 405, 28, 25.85
2026/09/08 22:35:12.296, GPU-ecc6a1f9-42fe-2932-7ea0-1dd285491b7b, 5, 0, 405, 28, 25.85
2026/09/08 22:35:12.500, GPU-ecc6a1f9-42fe-2932-7ea0-1dd285491b7b, 5, 0, 405, 28, 26.09
2026/09/08 22:35:12.704, GPU-ecc6a1f9-42fe-2932-7ea0-1dd285491b7b, 5, 0, 405, 28, 26.09
2026/09/08 22:35:12.908, GPU-ecc6a1f9-42fe-2932-7ea0-1dd285491b7b, 5, 0, 405, 28, 25.85
2026/09/08 22:35:13.111, GPU-ecc6a1f9-42fe-2932-7ea0-1dd285491b7b, 5, 0, 405, 28, 26.09
2026/09/08 22:35:13.315, GPU-ecc6a1f9-42fe-2932-7ea0-1dd285491b7b, 5, 0, 405, 28, 26.09
2026/09/08 22:35:13.518, GPU-ecc6a1f9-42fe-2932-7ea0-1dd285491b7b, 5, 0, 405, 28, 25.85
2026/09/08 22:35:13.724, GPU-ecc6a1f9-42fe-2932-7ea0-1dd285491b7b, 5, 0, 405, 28, 25.85
2026/09/08 22:35:13.927, GPU-ecc6a1f9-42fe-2932-7ea0-1dd285491b7b, 5, 0, 405, 28, 26.09
2026/09/08 22:35:14.130, GPU-ecc6a1f9-42fe-2932-7ea0-1dd285491b7b, 5, 0, 405, 28, 25.85
2026/09/08 22:35:14.334, GPU-ecc6a1f9-42fe-2932-7ea0-1dd285491b7b, 5, 0, 405, 28, 26.09
2026/09/08 22:35:14.537, GPU-ecc6a1f9-42fe-2932-7ea0-1dd285491b7b, 5, 0, 405, 28, 25.85
2026/09/08 22:35:14.743, GPU-ecc6a1f9-42fe-2932-7ea0-1dd285491b7b, 5, 0, 405, 28, 25.85
2026/09/08 22:35:14.946, GPU-ecc6a1f9-42fe-2932-7ea0-1dd285491b7b, 5, 0, 405, 28, 26.09
2026/09/08 22:35:15.150, GPU-ecc6a1f9-42fe-2932-7ea0-1dd285491b7b, 5, 0, 405, 28, 26.09
2026/09/08 22:35:15.353, GPU-ecc6a1f9-42fe-2932-7ea0-1dd285491b7b, 5, 0, 405, 28, 25.85
2026/09/08 22:35:15.557, GPU-ecc6a1f9-42fe-2932-7ea0-1dd285491b7b, 5, 0, 405, 28, 26.09
2026/09/08 22:35:15.762, GPU-ecc6a1f9-42fe-2932-7ea0-1dd285491b7b, 5, 0, 405, 28, 26.09
2026/09/08 22:35:15.966, GPU-ecc6a1f9-42fe-2932-7ea0-1dd285491b7b, 5, 0, 405, 28, 26.09
2026/09/08 22:35:16.169, GPU-ecc6a1f9-42fe-2932-7ea0-1dd285491b7b, 5, 0, 405, 28, 26.09
2026/09/08 22:35:16.373, GPU-ecc6a1f9-42fe-2932-7ea0-1dd285491b7b, 5, 0, 405, 28, 26.09
2026/09/08 22:35:16.576, GPU-ecc6a1f9-42fe-2932-7ea0-1dd285491b7b, 5, 0, 405, 28, 26.09
2026/09/08 22:35:16.780, GPU-ecc6a1f9-42fe-2932-7ea0-1dd285491b7b, 5, 0, 405, 28, 25.85
2026/09/08 22:35:16.986, GPU-ecc6a1f9-42fe-2932-7ea0-1dd285491b7b, 5, 0, 405, 28, 26.09
2026/09/08 22:35:17.189, GPU-ecc6a1f9-42fe-2932-7ea0-1dd285491b7b, 5, 0, 405, 28, 25.85
2026/09/08 22:35:17.393, GPU-ecc6a1f9-42fe-2932-7ea0-1dd285491b7b, 5, 0, 405, 28, 26.09
2026/09/08 22:35:17.596, GPU-ecc6a1f9-42fe-2932-7ea0-1dd285491b7b, 5, 0, 405, 28, 25.85
2026/09/08 22:35:17.799, GPU-ecc6a1f9-42fe-2932-7ea0-1dd285491b7b, 5, 0, 405, 28, 25.85
2026/09/08 22:35:18.003, GPU-ecc6a1f9-42fe-2932-7ea0-1dd285491b7b, 5, 0, 405, 28, 26.09
2026/09/08 22:35:18.209, GPU-ecc6a1f9-42fe-2932-7ea0-1dd285491b7b, 5, 0, 405, 28, 26.09
2026/09/08 22:35:18.413, GPU-ecc6a1f9-42fe-2932-7ea0-1dd285491b7b, 5, 0, 405, 28, 26.09
2026/09/08 22:35:18.616, GPU-ecc6a1f9-42fe-2932-7ea0-1dd285491b7b, 5, 0, 405, 28, 25.85
2026/09/08 22:35:18.820, GPU-ecc6a1f9-42fe-2932-7ea0-1dd285491b7b, 5, 0, 405, 28, 26.09
2026/09/08 22:35:19.023, GPU-ecc6a1f9-42fe-2932-7ea0-1dd285491b7b, 5, 0, 405, 28, 25.85
2026/09/08 22:35:19.230, GPU-ecc6a1f9-42fe-2932-7ea0-1dd285491b7b, 5, 0, 405, 28, 26.09
2026/09/08 22:35:19.433, GPU-ecc6a1f9-42fe-2932-7ea0-1dd285491b7b, 5, 0, 405, 28, 26.09
2026/09/08 22:35:19.637, GPU-ecc6a1f9-42fe-2932-7ea0-1dd285491b7b, 5, 0, 405, 28, 26.09
2026/09/08 22:35:19.840, GPU-ecc6a1f9-42fe-2932-7ea0-1dd285491b7b, 5, 0, 405, 28, 25.85
2026/09/08 22:35:20.044, GPU-ecc6a1f9-42fe-2932-7ea0-1dd285491b7b, 5, 0, 405, 28, 25.85
2026/09/08 22:35:20.250, GPU-ecc6a1f9-42fe-2932-7ea0-1dd285491b7b, 5, 0, 405, 28, 26.09
2026/09/08 22:35:20.453, GPU-ecc6a1f9-42fe-2932-7ea0-1dd285491b7b, 5, 0, 405, 28, 25.85
2026/09/08 22:35:20.657, GPU-ecc6a1f9-42fe-2932-7ea0-1dd285491b7b, 5, 0, 405, 28, 26.09
2026/09/08 22:35:20.861, GPU-ecc6a1f9-42fe-2932-7ea0-1dd285491b7b, 5, 0, 405, 28, 26.09
2026/09/08 22:35:21.064, GPU-ecc6a1f9-42fe-2932-7ea0-1dd285491b7b, 5, 0, 405, 28, 25.85
2026/09/08 22:35:21.269, GPU-ecc6a1f9-42fe-2932-7ea0-1dd285491b7b, 5, 0, 405, 28, 25.85
2026/09/08 22:35:21.473, GPU-ecc6a1f9-42fe-2932-7ea0-1dd285491b7b, 5, 0, 405, 28, 25.85
2026/09/08 22:35:21.676, GPU-ecc6a1f9-42fe-2932-7ea0-1dd285491b7b, 5, 0, 405, 28, 25.85
2026/09/08 22:35:21.880, GPU-ecc6a1f9-42fe-2932-7ea0-1dd285491b7b, 5, 0, 405, 28, 25.85
2026/09/08 22:35:22.083, GPU-ecc6a1f9-42fe-2932-7ea0-1dd285491b7b, 5, 0, 405, 28, 25.85
2026/09/08 22:35:22.289, GPU-ecc6a1f9-42fe-2932-7ea0-1dd285491b7b, 5, 0, 405, 28, 25.85
2026/09/08 22:35:22.493, GPU-ecc6a1f9-42fe-2932-7ea0-1dd285491b7b, 5, 0, 405, 28, 26.09
2026/09/08 22:35:22.696, GPU-ecc6a1f9-42fe-2932-7ea0-1dd285491b7b, 5, 0, 405, 28, 26.09
2026/09/08 22:35:22.900, GPU-ecc6a1f9-42fe-2932-7ea0-1dd285491b7b, 5, 0, 405, 28, 26.09
2026/09/08 22:35:23.103, GPU-ecc6a1f9-42fe-2932-7ea0-1dd285491b7b, 5, 0, 405, 28, 25.85
2026/09/08 22:35:23.309, GPU-ecc6a1f9-42fe-2932-7ea0-1dd285491b7b, 5, 0, 405, 28, 25.85
2026/09/08 22:35:23.513, GPU-ecc6a1f9-42fe-2932-7ea0-1dd285491b7b, 5, 0, 405, 28, 25.85
2026/09/08 22:35:23.778, GPU-ecc6a1f9-42fe-2932-7ea0-1dd285491b7b, 5, 0, 405, 28, 25.85
2026/09/08 22:35:23.981, GPU-ecc6a1f9-42fe-2932-7ea0-1dd285491b7b, 5, 0, 405, 28, 25.85
2026/09/08 22:35:24.185, GPU-ecc6a1f9-42fe-2932-7ea0-1dd285491b7b, 5, 0, 405, 28, 26.09
2026/09/08 22:35:24.389, GPU-ecc6a1f9-42fe-2932-7ea0-1dd285491b7b, 5, 0, 405, 28, 26.09
2026/09/08 22:35:24.593, GPU-ecc6a1f9-42fe-2932-7ea0-1dd285491b7b, 5, 0, 405, 28, 25.85
2026/09/08 22:35:24.796, GPU-ecc6a1f9-42fe-2932-7ea0-1dd285491b7b, 5, 0, 405, 28, 25.85
2026/09/08 22:35:25.000, GPU-ecc6a1f9-42fe-2932-7ea0-1dd285491b7b, 5, 0, 405, 28, 25.85
2026/09/08 22:35:25.203, GPU-ecc6a1f9-42fe-2932-7ea0-1dd285491b7b, 5, 0, 405, 28, 25.85
2026/09/08 22:35:25.409, GPU-ecc6a1f9-42fe-2932-7ea0-1dd285491b7b, 5, 0, 405, 28, 25.85
2026/09/08 22:35:25.613, GPU-ecc6a1f9-42fe-2932-7ea0-1dd285491b7b, 5, 0, 405, 28, 25.85
2026/09/08 22:35:25.816, GPU-ecc6a1f9-42fe-2932-7ea0-1dd285491b7b, 5, 0, 405, 28, 25.85
2026/09/08 22:35:26.020, GPU-ecc6a1f9-42fe-2932-7ea0-1dd285491b7b, 5, 0, 405, 28, 25.85
2026/09/08 22:35:26.223, GPU-ecc6a1f9-42fe-2932-7ea0-1dd285491b7b, 5, 0, 405, 28, 26.09
2026/09/08 22:35:26.428, GPU-ecc6a1f9-42fe-2932-7ea0-1dd285491b7b, 5, 0, 405, 28, 25.85
2026/09/08 22:35:26.632, GPU-ecc6a1f9-42fe-2932-7ea0-1dd285491b7b, 5, 0, 405, 28, 25.85
2026/09/08 22:35:26.835, GPU-ecc6a1f9-42fe-2932-7ea0-1dd285491b7b, 5, 0, 405, 28, 25.85
2026/09/08 22:35:27.039, GPU-ecc6a1f9-42fe-2932-7ea0-1dd285491b7b, 5, 0, 405, 28, 25.85
2026/09/08 22:35:27.242, GPU-ecc6a1f9-42fe-2932-7ea0-1dd285491b7b, 5, 0, 405, 28, 25.85
2026/09/08 22:35:27.448, GPU-ecc6a1f9-42fe-2932-7ea0-1dd285491b7b, 5, 0, 405, 28, 26.09
2026/09/08 22:35:27.651, GPU-ecc6a1f9-42fe-2932-7ea0-1dd285491b7b, 5, 0, 405, 28, 25.85
2026/09/08 22:35:27.854, GPU-ecc6a1f9-42fe-2932-7ea0-1dd285491b7b, 5, 0, 405, 28, 25.85
2026/09/08 22:35:28.058, GPU-ecc6a1f9-42fe-2932-7ea0-1dd285491b7b, 5, 0, 405, 28, 25.85
2026/09/08 22:35:28.261, GPU-ecc6a1f9-42fe-2932-7ea0-1dd285491b7b, 5, 0, 405, 28, 25.85
2026/09/08 22:35:28.467, GPU-ecc6a1f9-42fe-2932-7ea0-1dd285491b7b, 5, 0, 405, 28, 25.85
2026/09/08 22:35:28.670, GPU-ecc6a1f9-42fe-2932-7ea0-1dd285491b7b, 5, 0, 405, 28, 25.85
2026/09/08 22:35:28.873, GPU-ecc6a1f9-42fe-2932-7ea0-1dd285491b7b, 5, 0, 405, 28, 25.85
2026/09/08 22:35:29.077, GPU-ecc6a1f9-42fe-2932-7ea0-1dd285491b7b, 5, 0, 405, 28, 25.85
2026/09/08 22:35:29.280, GPU-ecc6a1f9-42fe-2932-7ea0-1dd285491b7b, 5, 0, 405, 28, 25.85
2026/09/08 22:35:29.486, GPU-ecc6a1f9-42fe-2932-7ea0-1dd285491b7b, 5, 0, 405, 28, 25.85
2026/09/08 22:35:29.690, GPU-ecc6a1f9-42fe-2932-7ea0-1dd285491b7b, 5, 0, 405, 28, 25.85
2026/09/08 22:35:29.893, GPU-ecc6a1f9-42fe-2932-7ea0-1dd285491b7b, 5, 0, 405, 28, 25.85
2026/09/08 22:35:30.097, GPU-ecc6a1f9-42fe-2932-7ea0-1dd285491b7b, 5, 0, 405, 28, 25.85
2026/09/08 22:35:30.300, GPU-ecc6a1f9-42fe-2932-7ea0-1dd285491b7b, 5, 0, 405, 28, 25.85
2026/09/08 22:35:30.505, GPU-ecc6a1f9-42fe-2932-7ea0-1dd285491b7b, 5, 0, 405, 28, 26.09
2026/09/08 22:35:30.709, GPU-ecc6a1f9-42fe-2932-7ea0-1dd285491b7b, 5, 0, 405, 28, 25.85
2026/09/08 22:35:30.912, GPU-ecc6a1f9-42fe-2932-7ea0-1dd285491b7b, 5, 0, 405, 28, 25.85
2026/09/08 22:35:31.116, GPU-ecc6a1f9-42fe-2932-7ea0-1dd285491b7b, 5, 0, 405, 28, 25.85
2026/09/08 22:35:31.319, GPU-ecc6a1f9-42fe-2932-7ea0-1dd285491b7b, 5, 0, 405, 28, 25.85
2026/09/08 22:35:31.525, GPU-ecc6a1f9-42fe-2932-7ea0-1dd285491b7b, 5, 0, 405, 28, 26.09
2026/09/08 22:35:31.728, GPU-ecc6a1f9-42fe-2932-7ea0-1dd285491b7b, 5, 0, 405, 28, 25.85
2026/09/08 22:35:31.932, GPU-ecc6a1f9-42fe-2932-7ea0-1dd285491b7b, 5, 0, 405, 28, 25.85
2026/09/08 22:35:32.135, GPU-ecc6a1f9-42fe-2932-7ea0-1dd285491b7b, 5, 0, 405, 28, 25.85
2026/09/08 22:35:32.338, GPU-ecc6a1f9-42fe-2932-7ea0-1dd285491b7b, 5, 0, 405, 28, 26.09
2026/09/08 22:35:32.544, GPU-ecc6a1f9-42fe-2932-7ea0-1dd285491b7b, 5, 0, 405, 28, 25.85
2026/09/08 22:35:32.747, GPU-ecc6a1f9-42fe-2932-7ea0-1dd285491b7b, 5, 0, 405, 28, 26.09
2026/09/08 22:35:32.951, GPU-ecc6a1f9-42fe-2932-7ea0-1dd285491b7b, 5, 0, 405, 28, 26.09
2026/09/08 22:35:33.154, GPU-ecc6a1f9-42fe-2932-7ea0-1dd285491b7b, 5, 0, 405, 28, 25.85
2026/09/08 22:35:33.358, GPU-ecc6a1f9-42fe-2932-7ea0-1dd285491b7b, 5, 0, 405, 28, 25.85
2026/09/08 22:35:33.563, GPU-ecc6a1f9-42fe-2932-7ea0-1dd285491b7b, 5, 0, 405, 28, 25.85
2026/09/08 22:35:33.767, GPU-ecc6a1f9-42fe-2932-7ea0-1dd285491b7b, 5, 0, 405, 28, 25.85
2026/09/08 22:35:33.970, GPU-ecc6a1f9-42fe-2932-7ea0-1dd285491b7b, 5, 0, 405, 28, 25.85
2026/09/08 22:35:34.174, GPU-ecc6a1f9-42fe-2932-7ea0-1dd285491b7b, 5, 0, 405, 28, 25.85
2026/09/08 22:35:34.378, GPU-ecc6a1f9-42fe-2932-7ea0-1dd285491b7b, 5, 0, 405, 28, 26.09
2026/09/08 22:35:34.583, GPU-ecc6a1f9-42fe-2932-7ea0-1dd285491b7b, 5, 0, 405, 28, 25.85
2026/09/08 22:35:34.823, GPU-ecc6a1f9-42fe-2932-7ea0-1dd285491b7b, 5, 0, 405, 28, 25.85
2026/09/08 22:35:35.026, GPU-ecc6a1f9-42fe-2932-7ea0-1dd285491b7b, 5, 0, 405, 28, 26.09
2026/09/08 22:35:35.230, GPU-ecc6a1f9-42fe-2932-7ea0-1dd285491b7b, 5, 0, 405, 28, 25.85
2026/09/08 22:35:35.434, GPU-ecc6a1f9-42fe-2932-7ea0-1dd285491b7b, 5, 0, 405, 28, 25.85
2026/09/08 22:35:35.637, GPU-ecc6a1f9-42fe-2932-7ea0-1dd285491b7b, 5, 0, 405, 28, 25.85
2026/09/08 22:35:35.842, GPU-ecc6a1f9-42fe-2932-7ea0-1dd285491b7b, 5, 0, 405, 28, 25.85
2026/09/08 22:35:36.045, GPU-ecc6a1f9-42fe-2932-7ea0-1dd285491b7b, 5, 0, 405, 28, 25.85
2026/09/08 22:35:36.249, GPU-ecc6a1f9-42fe-2932-7ea0-1dd285491b7b, 5, 0, 405, 28, 25.85
2026/09/08 22:35:36.453, GPU-ecc6a1f9-42fe-2932-7ea0-1dd285491b7b, 5, 0, 405, 28, 25.85
2026/09/08 22:35:36.656, GPU-ecc6a1f9-42fe-2932-7ea0-1dd285491b7b, 5, 0, 405, 28, 25.85
2026/09/08 22:35:36.861, GPU-ecc6a1f9-42fe-2932-7ea0-1dd285491b7b, 5, 0, 405, 28, 25.85
2026/09/08 22:35:37.065, GPU-ecc6a1f9-42fe-2932-7ea0-1dd285491b7b, 5, 0, 405, 28, 25.82
2026/09/08 22:35:37.268, GPU-ecc6a1f9-42fe-2932-7ea0-1dd285491b7b, 5, 0, 405, 28, 25.81
2026/09/08 22:35:37.472, GPU-ecc6a1f9-42fe-2932-7ea0-1dd285491b7b, 5, 0, 405, 28, 25.81
2026/09/08 22:35:37.675, GPU-ecc6a1f9-42fe-2932-7ea0-1dd285491b7b, 5, 0, 405, 28, 25.81
2026/09/08 22:35:37.881, GPU-ecc6a1f9-42fe-2932-7ea0-1dd285491b7b, 5, 0, 405, 28, 25.81
2026/09/08 22:35:38.084, GPU-ecc6a1f9-42fe-2932-7ea0-1dd285491b7b, 5, 0, 405, 28, 25.81
2026/09/08 22:35:38.288, GPU-ecc6a1f9-42fe-2932-7ea0-1dd285491b7b, 5, 0, 405, 28, 25.81
2026/09/08 22:35:38.491, GPU-ecc6a1f9-42fe-2932-7ea0-1dd285491b7b, 5, 0, 405, 28, 25.81
2026/09/08 22:35:38.695, GPU-ecc6a1f9-42fe-2932-7ea0-1dd285491b7b, 5, 0, 405, 28, 25.81
2026/09/08 22:35:38.918, GPU-ecc6a1f9-42fe-2932-7ea0-1dd285491b7b, 5, 0, 405, 28, 26.06
2026/09/08 22:35:39.124, GPU-ecc6a1f9-42fe-2932-7ea0-1dd285491b7b, 5, 0, 405, 28, 25.81
2026/09/08 22:35:39.327, GPU-ecc6a1f9-42fe-2932-7ea0-1dd285491b7b, 5, 0, 405, 28, 25.81
2026/09/08 22:35:39.531, GPU-ecc6a1f9-42fe-2932-7ea0-1dd285491b7b, 5, 0, 405, 28, 25.81
2026/09/08 22:35:39.734, GPU-ecc6a1f9-42fe-2932-7ea0-1dd285491b7b, 5, 0, 405, 28, 26.04
2026/09/08 22:35:39.938, GPU-ecc6a1f9-42fe-2932-7ea0-1dd285491b7b, 5, 0, 405, 28, 25.81
2026/09/08 22:35:40.141, GPU-ecc6a1f9-42fe-2932-7ea0-1dd285491b7b, 5, 0, 405, 28, 25.81
2026/09/08 22:35:40.347, GPU-ecc6a1f9-42fe-2932-7ea0-1dd285491b7b, 5, 0, 405, 28, 26.06
2026/09/08 22:35:40.550, GPU-ecc6a1f9-42fe-2932-7ea0-1dd285491b7b, 5, 0, 405, 28, 25.81
2026/09/08 22:35:40.754, GPU-ecc6a1f9-42fe-2932-7ea0-1dd285491b7b, 5, 0, 405, 28, 25.81
2026/09/08 22:35:40.957, GPU-ecc6a1f9-42fe-2932-7ea0-1dd285491b7b, 5, 0, 405, 28, 26.06
2026/09/08 22:35:41.161, GPU-ecc6a1f9-42fe-2932-7ea0-1dd285491b7b, 5, 0, 405, 28, 25.80
2026/09/08 22:35:41.364, GPU-ecc6a1f9-42fe-2932-7ea0-1dd285491b7b, 5, 0, 405, 28, 26.06
2026/09/08 22:35:41.568, GPU-ecc6a1f9-42fe-2932-7ea0-1dd285491b7b, 5, 0, 405, 28, 26.06
2026/09/08 22:35:41.772, GPU-ecc6a1f9-42fe-2932-7ea0-1dd285491b7b, 5, 0, 405, 28, 26.04
2026/09/08 22:35:41.975, GPU-ecc6a1f9-42fe-2932-7ea0-1dd285491b7b, 5, 0, 405, 28, 25.81
2026/09/08 22:35:42.179, GPU-ecc6a1f9-42fe-2932-7ea0-1dd285491b7b, 5, 0, 405, 28, 25.81
2026/09/08 22:35:42.382, GPU-ecc6a1f9-42fe-2932-7ea0-1dd285491b7b, 5, 0, 405, 28, 26.06
2026/09/08 22:35:42.588, GPU-ecc6a1f9-42fe-2932-7ea0-1dd285491b7b, 5, 0, 405, 28, 26.06
2026/09/08 22:35:42.791, GPU-ecc6a1f9-42fe-2932-7ea0-1dd285491b7b, 5, 0, 405, 28, 26.06
2026/09/08 22:35:42.995, GPU-ecc6a1f9-42fe-2932-7ea0-1dd285491b7b, 5, 0, 405, 28, 25.81
2026/09/08 22:35:43.198, GPU-ecc6a1f9-42fe-2932-7ea0-1dd285491b7b, 5, 0, 405, 28, 26.04
2026/09/08 22:35:43.402, GPU-ecc6a1f9-42fe-2932-7ea0-1dd285491b7b, 5, 0, 405, 28, 25.81
2026/09/08 22:35:43.607, GPU-ecc6a1f9-42fe-2932-7ea0-1dd285491b7b, 5, 0, 405, 28, 25.81
2026/09/08 22:35:43.811, GPU-ecc6a1f9-42fe-2932-7ea0-1dd285491b7b, 5, 0, 405, 28, 26.04
2026/09/08 22:35:44.014, GPU-ecc6a1f9-42fe-2932-7ea0-1dd285491b7b, 5, 0, 405, 28, 26.06
2026/09/08 22:35:44.218, GPU-ecc6a1f9-42fe-2932-7ea0-1dd285491b7b, 5, 0, 405, 28, 26.06
2026/09/08 22:35:44.421, GPU-ecc6a1f9-42fe-2932-7ea0-1dd285491b7b, 5, 0, 405, 28, 26.04
2026/09/08 22:35:44.628, GPU-ecc6a1f9-42fe-2932-7ea0-1dd285491b7b, 5, 0, 405, 28, 26.09
2026/09/08 22:35:44.848, GPU-ecc6a1f9-42fe-2932-7ea0-1dd285491b7b, 5, 0, 405, 28, 25.85
2026/09/08 22:35:45.051, GPU-ecc6a1f9-42fe-2932-7ea0-1dd285491b7b, 5, 0, 405, 28, 26.09
2026/09/08 22:35:45.255, GPU-ecc6a1f9-42fe-2932-7ea0-1dd285491b7b, 5, 0, 405, 28, 26.09
2026/09/08 22:35:45.458, GPU-ecc6a1f9-42fe-2932-7ea0-1dd285491b7b, 5, 0, 405, 28, 26.09
2026/09/08 22:35:45.662, GPU-ecc6a1f9-42fe-2932-7ea0-1dd285491b7b, 5, 0, 405, 28, 26.09
2026/09/08 22:35:45.868, GPU-ecc6a1f9-42fe-2932-7ea0-1dd285491b7b, 5, 0, 405, 28, 26.09
2026/09/08 22:35:46.071, GPU-ecc6a1f9-42fe-2932-7ea0-1dd285491b7b, 5, 0, 405, 28, 25.85
2026/09/08 22:35:46.275, GPU-ecc6a1f9-42fe-2932-7ea0-1dd285491b7b, 5, 0, 405, 28, 25.85
2026/09/08 22:35:46.478, GPU-ecc6a1f9-42fe-2932-7ea0-1dd285491b7b, 5, 0, 405, 28, 25.85
2026/09/08 22:35:46.682, GPU-ecc6a1f9-42fe-2932-7ea0-1dd285491b7b, 5, 0, 405, 28, 26.09
2026/09/08 22:35:46.887, GPU-ecc6a1f9-42fe-2932-7ea0-1dd285491b7b, 5, 0, 405, 28, 26.09
2026/09/08 22:35:47.091, GPU-ecc6a1f9-42fe-2932-7ea0-1dd285491b7b, 5, 0, 405, 28, 26.09
2026/09/08 22:35:47.294, GPU-ecc6a1f9-42fe-2932-7ea0-1dd285491b7b, 5, 0, 405, 28, 25.85
2026/09/08 22:35:47.498, GPU-ecc6a1f9-42fe-2932-7ea0-1dd285491b7b, 5, 0, 405, 28, 26.09
2026/09/08 22:35:47.701, GPU-ecc6a1f9-42fe-2932-7ea0-1dd285491b7b, 5, 0, 405, 28, 26.09
2026/09/08 22:35:47.907, GPU-ecc6a1f9-42fe-2932-7ea0-1dd285491b7b, 5, 0, 405, 28, 25.85
2026/09/08 22:35:48.110, GPU-ecc6a1f9-42fe-2932-7ea0-1dd285491b7b, 5, 0, 405, 28, 25.85
2026/09/08 22:35:48.314, GPU-ecc6a1f9-42fe-2932-7ea0-1dd285491b7b, 5, 0, 405, 28, 26.09
2026/09/08 22:35:48.517, GPU-ecc6a1f9-42fe-2932-7ea0-1dd285491b7b, 5, 0, 405, 28, 26.09
2026/09/08 22:35:48.721, GPU-ecc6a1f9-42fe-2932-7ea0-1dd285491b7b, 5, 0, 405, 28, 25.85
2026/09/08 22:35:48.926, GPU-ecc6a1f9-42fe-2932-7ea0-1dd285491b7b, 5, 0, 405, 28, 25.85
2026/09/08 22:35:49.129, GPU-ecc6a1f9-42fe-2932-7ea0-1dd285491b7b, 5, 0, 405, 28, 26.09
2026/09/08 22:35:49.333, GPU-ecc6a1f9-42fe-2932-7ea0-1dd285491b7b, 5, 0, 405, 28, 25.85
2026/09/08 22:35:49.536, GPU-ecc6a1f9-42fe-2932-7ea0-1dd285491b7b, 5, 0, 405, 28, 26.09
2026/09/08 22:35:49.740, GPU-ecc6a1f9-42fe-2932-7ea0-1dd285491b7b, 5, 0, 405, 28, 25.85
2026/09/08 22:35:49.945, GPU-ecc6a1f9-42fe-2932-7ea0-1dd285491b7b, 5, 0, 405, 28, 26.09
2026/09/08 22:35:50.149, GPU-ecc6a1f9-42fe-2932-7ea0-1dd285491b7b, 5, 0, 405, 28, 26.09
2026/09/08 22:35:50.352, GPU-ecc6a1f9-42fe-2932-7ea0-1dd285491b7b, 5, 0, 405, 28, 26.09
2026/09/08 22:35:50.556, GPU-ecc6a1f9-42fe-2932-7ea0-1dd285491b7b, 5, 0, 405, 28, 26.09
2026/09/08 22:35:50.759, GPU-ecc6a1f9-42fe-2932-7ea0-1dd285491b7b, 5, 0, 405, 28, 25.85
2026/09/08 22:35:50.965, GPU-ecc6a1f9-42fe-2932-7ea0-1dd285491b7b, 5, 0, 405, 28, 26.09
2026/09/08 22:35:51.168, GPU-ecc6a1f9-42fe-2932-7ea0-1dd285491b7b, 5, 0, 405, 28, 25.85
2026/09/08 22:35:51.371, GPU-ecc6a1f9-42fe-2932-7ea0-1dd285491b7b, 5, 0, 405, 28, 26.09
2026/09/08 22:35:51.575, GPU-ecc6a1f9-42fe-2932-7ea0-1dd285491b7b, 5, 0, 405, 28, 26.09
2026/09/08 22:35:51.778, GPU-ecc6a1f9-42fe-2932-7ea0-1dd285491b7b, 5, 0, 405, 27, 25.85
2026/09/08 22:35:51.984, GPU-ecc6a1f9-42fe-2932-7ea0-1dd285491b7b, 5, 0, 405, 28, 26.09
2026/09/08 22:35:52.189, GPU-ecc6a1f9-42fe-2932-7ea0-1dd285491b7b, 5, 0, 405, 28, 26.09
2026/09/08 22:35:52.392, GPU-ecc6a1f9-42fe-2932-7ea0-1dd285491b7b, 5, 0, 405, 28, 26.09
2026/09/08 22:35:52.596, GPU-ecc6a1f9-42fe-2932-7ea0-1dd285491b7b, 5, 0, 405, 28, 26.09
2026/09/08 22:35:52.799, GPU-ecc6a1f9-42fe-2932-7ea0-1dd285491b7b, 5, 0, 405, 28, 26.09
2026/09/08 22:35:53.004, GPU-ecc6a1f9-42fe-2932-7ea0-1dd285491b7b, 5, 0, 405, 28, 25.85
2026/09/08 22:35:53.207, GPU-ecc6a1f9-42fe-2932-7ea0-1dd285491b7b, 5, 0, 405, 28, 25.85
2026/09/08 22:35:53.411, GPU-ecc6a1f9-42fe-2932-7ea0-1dd285491b7b, 5, 0, 405, 28, 25.85
2026/09/08 22:35:53.614, GPU-ecc6a1f9-42fe-2932-7ea0-1dd285491b7b, 5, 0, 405, 28, 25.85
2026/09/08 22:35:53.817, GPU-ecc6a1f9-42fe-2932-7ea0-1dd285491b7b, 5, 0, 405, 28, 25.85
2026/09/08 22:35:54.023, GPU-ecc6a1f9-42fe-2932-7ea0-1dd285491b7b, 5, 0, 405, 28, 26.09
2026/09/08 22:35:54.226, GPU-ecc6a1f9-42fe-2932-7ea0-1dd285491b7b, 5, 0, 405, 28, 25.85
2026/09/08 22:35:54.430, GPU-ecc6a1f9-42fe-2932-7ea0-1dd285491b7b, 5, 0, 405, 28, 26.09
2026/09/08 22:35:54.634, GPU-ecc6a1f9-42fe-2932-7ea0-1dd285491b7b, 5, 0, 405, 28, 26.09
2026/09/08 22:35:54.837, GPU-ecc6a1f9-42fe-2932-7ea0-1dd285491b7b, 5, 0, 405, 28, 25.85
2026/09/08 22:35:55.042, GPU-ecc6a1f9-42fe-2932-7ea0-1dd285491b7b, 5, 0, 405, 28, 25.85
2026/09/08 22:35:55.246, GPU-ecc6a1f9-42fe-2932-7ea0-1dd285491b7b, 5, 0, 405, 28, 26.09
2026/09/08 22:35:55.449, GPU-ecc6a1f9-42fe-2932-7ea0-1dd285491b7b, 5, 0, 405, 28, 25.85
2026/09/08 22:35:55.653, GPU-ecc6a1f9-42fe-2932-7ea0-1dd285491b7b, 5, 0, 405, 28, 25.85
2026/09/08 22:35:55.856, GPU-ecc6a1f9-42fe-2932-7ea0-1dd285491b7b, 5, 0, 405, 28, 26.09
2026/09/08 22:35:56.061, GPU-ecc6a1f9-42fe-2932-7ea0-1dd285491b7b, 5, 0, 405, 28, 25.85
2026/09/08 22:35:56.265, GPU-ecc6a1f9-42fe-2932-7ea0-1dd285491b7b, 5, 0, 405, 28, 26.09
2026/09/08 22:35:56.469, GPU-ecc6a1f9-42fe-2932-7ea0-1dd285491b7b, 5, 0, 405, 28, 26.09
2026/09/08 22:35:56.672, GPU-ecc6a1f9-42fe-2932-7ea0-1dd285491b7b, 5, 0, 405, 28, 26.09
2026/09/08 22:35:56.876, GPU-ecc6a1f9-42fe-2932-7ea0-1dd285491b7b, 5, 0, 405, 28, 26.09
2026/09/08 22:35:57.081, GPU-ecc6a1f9-42fe-2932-7ea0-1dd285491b7b, 5, 0, 405, 28, 26.09
2026/09/08 22:35:57.284, GPU-ecc6a1f9-42fe-2932-7ea0-1dd285491b7b, 5, 0, 405, 28, 26.09
2026/09/08 22:35:57.488, GPU-ecc6a1f9-42fe-2932-7ea0-1dd285491b7b, 5, 0, 405, 28, 26.09
2026/09/08 22:35:57.691, GPU-ecc6a1f9-42fe-2932-7ea0-1dd285491b7b, 5, 0, 405, 28, 26.09
2026/09/08 22:35:57.895, GPU-ecc6a1f9-42fe-2932-7ea0-1dd285491b7b, 5, 0, 405, 28, 26.09
2026/09/08 22:35:58.100, GPU-ecc6a1f9-42fe-2932-7ea0-1dd285491b7b, 5, 0, 405, 28, 26.09
2026/09/08 22:35:58.304, GPU-ecc6a1f9-42fe-2932-7ea0-1dd285491b7b, 5, 0, 405, 28, 26.09
2026/09/08 22:35:58.507, GPU-ecc6a1f9-42fe-2932-7ea0-1dd285491b7b, 5, 0, 405, 28, 26.09
2026/09/08 22:35:58.711, GPU-ecc6a1f9-42fe-2932-7ea0-1dd285491b7b, 5, 0, 405, 28, 26.09
2026/09/08 22:35:58.914, GPU-ecc6a1f9-42fe-2932-7ea0-1dd285491b7b, 5, 0, 405, 28, 26.09
2026/09/08 22:35:59.120, GPU-ecc6a1f9-42fe-2932-7ea0-1dd285491b7b, 5, 0, 405, 27, 26.09
2026/09/08 22:35:59.323, GPU-ecc6a1f9-42fe-2932-7ea0-1dd285491b7b, 5, 0, 405, 28, 26.09
2026/09/08 22:35:59.527, GPU-ecc6a1f9-42fe-2932-7ea0-1dd285491b7b, 5, 0, 405, 28, 25.85
2026/09/08 22:35:59.730, GPU-ecc6a1f9-42fe-2932-7ea0-1dd285491b7b, 5, 0, 405, 28, 26.09
2026/09/08 22:35:59.934, GPU-ecc6a1f9-42fe-2932-7ea0-1dd285491b7b, 5, 0, 405, 28, 26.09
2026/09/08 22:36:00.139, GPU-ecc6a1f9-42fe-2932-7ea0-1dd285491b7b, 5, 0, 405, 27, 25.85
2026/09/08 22:36:00.343, GPU-ecc6a1f9-42fe-2932-7ea0-1dd285491b7b, 5, 0, 405, 27, 25.85
2026/09/08 22:36:00.546, GPU-ecc6a1f9-42fe-2932-7ea0-1dd285491b7b, 5, 0, 405, 28, 25.85
2026/09/08 22:36:00.750, GPU-ecc6a1f9-42fe-2932-7ea0-1dd285491b7b, 5, 0, 405, 27, 26.09
2026/09/08 22:36:00.953, GPU-ecc6a1f9-42fe-2932-7ea0-1dd285491b7b, 5, 0, 405, 27, 25.85
2026/09/08 22:36:01.157, GPU-ecc6a1f9-42fe-2932-7ea0-1dd285491b7b, 5, 0, 405, 28, 26.09
2026/09/08 22:36:01.363, GPU-ecc6a1f9-42fe-2932-7ea0-1dd285491b7b, 5, 0, 405, 28, 26.09
2026/09/08 22:36:01.566, GPU-ecc6a1f9-42fe-2932-7ea0-1dd285491b7b, 5, 0, 405, 28, 26.09
2026/09/08 22:36:01.770, GPU-ecc6a1f9-42fe-2932-7ea0-1dd285491b7b, 5, 0, 405, 28, 25.85
2026/09/08 22:36:01.973, GPU-ecc6a1f9-42fe-2932-7ea0-1dd285491b7b, 5, 0, 405, 27, 25.85
2026/09/08 22:36:02.177, GPU-ecc6a1f9-42fe-2932-7ea0-1dd285491b7b, 5, 0, 405, 28, 25.85
2026/09/08 22:36:02.380, GPU-ecc6a1f9-42fe-2932-7ea0-1dd285491b7b, 5, 0, 405, 27, 25.85
2026/09/08 22:36:02.586, GPU-ecc6a1f9-42fe-2932-7ea0-1dd285491b7b, 5, 0, 405, 28, 26.09
2026/09/08 22:36:02.789, GPU-ecc6a1f9-42fe-2932-7ea0-1dd285491b7b, 5, 0, 405, 28, 26.09
2026/09/08 22:36:02.993, GPU-ecc6a1f9-42fe-2932-7ea0-1dd285491b7b, 5, 0, 405, 28, 26.09
2026/09/08 22:36:03.196, GPU-ecc6a1f9-42fe-2932-7ea0-1dd285491b7b, 5, 0, 405, 27, 26.09
2026/09/08 22:36:03.400, GPU-ecc6a1f9-42fe-2932-7ea0-1dd285491b7b, 5, 0, 405, 27, 26.09
2026/09/08 22:36:03.603, GPU-ecc6a1f9-42fe-2932-7ea0-1dd285491b7b, 5, 0, 405, 28, 26.09
2026/09/08 22:36:03.807, GPU-ecc6a1f9-42fe-2932-7ea0-1dd285491b7b, 5, 0, 405, 28, 26.09
2026/09/08 22:36:04.010, GPU-ecc6a1f9-42fe-2932-7ea0-1dd285491b7b, 5, 0, 405, 28, 25.85
2026/09/08 22:36:04.214, GPU-ecc6a1f9-42fe-2932-7ea0-1dd285491b7b, 5, 0, 405, 27, 26.09
2026/09/08 22:36:04.417, GPU-ecc6a1f9-42fe-2932-7ea0-1dd285491b7b, 5, 0, 405, 28, 25.85
2026/09/08 22:36:04.621, GPU-ecc6a1f9-42fe-2932-7ea0-1dd285491b7b, 5, 0, 405, 27, 25.85
2026/09/08 22:36:04.826, GPU-ecc6a1f9-42fe-2932-7ea0-1dd285491b7b, 5, 0, 405, 27, 26.09
2026/09/08 22:36:05.030, GPU-ecc6a1f9-42fe-2932-7ea0-1dd285491b7b, 5, 0, 405, 28, 26.09
2026/09/08 22:36:05.233, GPU-ecc6a1f9-42fe-2932-7ea0-1dd285491b7b, 5, 0, 405, 28, 26.09
2026/09/08 22:36:05.437, GPU-ecc6a1f9-42fe-2932-7ea0-1dd285491b7b, 5, 0, 405, 27, 26.09
2026/09/08 22:36:05.640, GPU-ecc6a1f9-42fe-2932-7ea0-1dd285491b7b, 5, 0, 405, 28, 25.85
2026/09/08 22:36:05.846, GPU-ecc6a1f9-42fe-2932-7ea0-1dd285491b7b, 5, 0, 405, 28, 25.85
2026/09/08 22:36:06.050, GPU-ecc6a1f9-42fe-2932-7ea0-1dd285491b7b, 5, 0, 405, 28, 26.09
2026/09/08 22:36:06.253, GPU-ecc6a1f9-42fe-2932-7ea0-1dd285491b7b, 5, 0, 405, 28, 26.09
2026/09/08 22:36:06.457, GPU-ecc6a1f9-42fe-2932-7ea0-1dd285491b7b, 5, 0, 405, 28, 25.85
2026/09/08 22:36:06.660, GPU-ecc6a1f9-42fe-2932-7ea0-1dd285491b7b, 5, 0, 405, 28, 26.09
2026/09/08 22:36:06.866, GPU-ecc6a1f9-42fe-2932-7ea0-1dd285491b7b, 5, 0, 405, 28, 26.09
2026/09/08 22:36:07.070, GPU-ecc6a1f9-42fe-2932-7ea0-1dd285491b7b, 5, 0, 405, 28, 25.85
2026/09/08 22:36:07.273, GPU-ecc6a1f9-42fe-2932-7ea0-1dd285491b7b, 5, 0, 405, 28, 26.09
2026/09/08 22:36:07.477, GPU-ecc6a1f9-42fe-2932-7ea0-1dd285491b7b, 5, 0, 405, 28, 25.85
2026/09/08 22:36:07.680, GPU-ecc6a1f9-42fe-2932-7ea0-1dd285491b7b, 5, 0, 405, 28, 26.09
2026/09/08 22:36:07.886, GPU-ecc6a1f9-42fe-2932-7ea0-1dd285491b7b, 5, 0, 405, 28, 26.09
2026/09/08 22:36:08.090, GPU-ecc6a1f9-42fe-2932-7ea0-1dd285491b7b, 5, 0, 405, 28, 26.09
2026/09/08 22:36:08.293, GPU-ecc6a1f9-42fe-2932-7ea0-1dd285491b7b, 5, 0, 405, 28, 25.85
2026/09/08 22:36:08.497, GPU-ecc6a1f9-42fe-2932-7ea0-1dd285491b7b, 5, 0, 405, 28, 25.85
2026/09/08 22:36:08.700, GPU-ecc6a1f9-42fe-2932-7ea0-1dd285491b7b, 5, 0, 405, 28, 26.09
2026/09/08 22:36:08.906, GPU-ecc6a1f9-42fe-2932-7ea0-1dd285491b7b, 5, 0, 405, 28, 26.09
2026/09/08 22:36:09.109, GPU-ecc6a1f9-42fe-2932-7ea0-1dd285491b7b, 5, 0, 405, 28, 26.09
2026/09/08 22:36:09.313, GPU-ecc6a1f9-42fe-2932-7ea0-1dd285491b7b, 5, 0, 405, 28, 26.09
2026/09/08 22:36:09.516, GPU-ecc6a1f9-42fe-2932-7ea0-1dd285491b7b, 5, 0, 405, 27, 25.85
2026/09/08 22:36:09.720, GPU-ecc6a1f9-42fe-2932-7ea0-1dd285491b7b, 5, 0, 405, 27, 26.09
2026/09/08 22:36:09.925, GPU-ecc6a1f9-42fe-2932-7ea0-1dd285491b7b, 5, 0, 405, 28, 26.09
2026/09/08 22:36:10.129, GPU-ecc6a1f9-42fe-2932-7ea0-1dd285491b7b, 5, 0, 405, 28, 25.85
2026/09/08 22:36:10.332, GPU-ecc6a1f9-42fe-2932-7ea0-1dd285491b7b, 5, 0, 405, 28, 26.09
2026/09/08 22:36:10.536, GPU-ecc6a1f9-42fe-2932-7ea0-1dd285491b7b, 5, 0, 405, 28, 26.09
2026/09/08 22:36:10.739, GPU-ecc6a1f9-42fe-2932-7ea0-1dd285491b7b, 5, 0, 405, 28, 26.09
2026/09/08 22:36:10.945, GPU-ecc6a1f9-42fe-2932-7ea0-1dd285491b7b, 5, 0, 405, 28, 26.09
2026/09/08 22:36:11.148, GPU-ecc6a1f9-42fe-2932-7ea0-1dd285491b7b, 5, 0, 405, 28, 26.09
2026/09/08 22:36:11.352, GPU-ecc6a1f9-42fe-2932-7ea0-1dd285491b7b, 5, 0, 405, 28, 26.09
2026/09/08 22:36:11.555, GPU-ecc6a1f9-42fe-2932-7ea0-1dd285491b7b, 5, 0, 405, 28, 26.09
2026/09/08 22:36:11.759, GPU-ecc6a1f9-42fe-2932-7ea0-1dd285491b7b, 5, 0, 405, 28, 25.85
2026/09/08 22:36:11.964, GPU-ecc6a1f9-42fe-2932-7ea0-1dd285491b7b, 5, 0, 405, 28, 26.09
2026/09/08 22:36:12.168, GPU-ecc6a1f9-42fe-2932-7ea0-1dd285491b7b, 5, 0, 405, 28, 26.09
2026/09/08 22:36:12.371, GPU-ecc6a1f9-42fe-2932-7ea0-1dd285491b7b, 5, 0, 405, 28, 26.09
2026/09/08 22:36:12.575, GPU-ecc6a1f9-42fe-2932-7ea0-1dd285491b7b, 5, 0, 405, 28, 26.09
2026/09/08 22:36:12.778, GPU-ecc6a1f9-42fe-2932-7ea0-1dd285491b7b, 5, 0, 405, 28, 25.85
2026/09/08 22:36:12.983, GPU-ecc6a1f9-42fe-2932-7ea0-1dd285491b7b, 5, 0, 405, 28, 25.85
2026/09/08 22:36:13.187, GPU-ecc6a1f9-42fe-2932-7ea0-1dd285491b7b, 5, 0, 405, 27, 26.09
2026/09/08 22:36:13.390, GPU-ecc6a1f9-42fe-2932-7ea0-1dd285491b7b, 5, 0, 405, 28, 26.09
2026/09/08 22:36:13.594, GPU-ecc6a1f9-42fe-2932-7ea0-1dd285491b7b, 5, 0, 405, 28, 26.09
2026/09/08 22:36:13.797, GPU-ecc6a1f9-42fe-2932-7ea0-1dd285491b7b, 5, 0, 405, 27, 26.09
2026/09/08 22:36:14.002, GPU-ecc6a1f9-42fe-2932-7ea0-1dd285491b7b, 5, 0, 405, 27, 26.09
2026/09/08 22:36:14.206, GPU-ecc6a1f9-42fe-2932-7ea0-1dd285491b7b, 5, 0, 405, 28, 25.85
2026/09/08 22:36:14.410, GPU-ecc6a1f9-42fe-2932-7ea0-1dd285491b7b, 5, 0, 405, 27, 25.85
2026/09/08 22:36:14.613, GPU-ecc6a1f9-42fe-2932-7ea0-1dd285491b7b, 5, 0, 405, 27, 26.09
2026/09/08 22:36:14.817, GPU-ecc6a1f9-42fe-2932-7ea0-1dd285491b7b, 5, 0, 405, 27, 25.85
2026/09/08 22:36:15.022, GPU-ecc6a1f9-42fe-2932-7ea0-1dd285491b7b, 5, 0, 405, 27, 25.85
2026/09/08 22:36:15.226, GPU-ecc6a1f9-42fe-2932-7ea0-1dd285491b7b, 5, 0, 405, 27, 26.09
2026/09/08 22:36:15.429, GPU-ecc6a1f9-42fe-2932-7ea0-1dd285491b7b, 5, 0, 405, 27, 25.85
2026/09/08 22:36:15.633, GPU-ecc6a1f9-42fe-2932-7ea0-1dd285491b7b, 5, 0, 405, 27, 25.85
2026/09/08 22:36:15.836, GPU-ecc6a1f9-42fe-2932-7ea0-1dd285491b7b, 5, 0, 405, 27, 26.09
2026/09/08 22:36:16.041, GPU-ecc6a1f9-42fe-2932-7ea0-1dd285491b7b, 5, 0, 405, 27, 25.85
2026/09/08 22:36:16.245, GPU-ecc6a1f9-42fe-2932-7ea0-1dd285491b7b, 5, 0, 405, 27, 26.09
2026/09/08 22:36:16.448, GPU-ecc6a1f9-42fe-2932-7ea0-1dd285491b7b, 5, 0, 405, 27, 25.85
2026/09/08 22:36:16.652, GPU-ecc6a1f9-42fe-2932-7ea0-1dd285491b7b, 5, 0, 405, 27, 25.85
2026/09/08 22:36:16.856, GPU-ecc6a1f9-42fe-2932-7ea0-1dd285491b7b, 5, 0, 405, 28, 25.85
2026/09/08 22:36:17.061, GPU-ecc6a1f9-42fe-2932-7ea0-1dd285491b7b, 5, 0, 405, 28, 26.09
2026/09/08 22:36:17.264, GPU-ecc6a1f9-42fe-2932-7ea0-1dd285491b7b, 5, 0, 405, 27, 25.85
2026/09/08 22:36:17.468, GPU-ecc6a1f9-42fe-2932-7ea0-1dd285491b7b, 5, 0, 405, 28, 25.85
2026/09/08 22:36:17.671, GPU-ecc6a1f9-42fe-2932-7ea0-1dd285491b7b, 5, 0, 405, 28, 26.09
2026/09/08 22:36:17.875, GPU-ecc6a1f9-42fe-2932-7ea0-1dd285491b7b, 5, 0, 405, 27, 26.09
2026/09/08 22:36:18.080, GPU-ecc6a1f9-42fe-2932-7ea0-1dd285491b7b, 5, 0, 405, 28, 25.85
2026/09/08 22:36:18.284, GPU-ecc6a1f9-42fe-2932-7ea0-1dd285491b7b, 5, 0, 405, 28, 26.09
2026/09/08 22:36:18.487, GPU-ecc6a1f9-42fe-2932-7ea0-1dd285491b7b, 5, 0, 405, 27, 26.09
2026/09/08 22:36:18.691, GPU-ecc6a1f9-42fe-2932-7ea0-1dd285491b7b, 5, 0, 405, 28, 26.09
2026/09/08 22:36:18.894, GPU-ecc6a1f9-42fe-2932-7ea0-1dd285491b7b, 5, 0, 405, 28, 26.09
2026/09/08 22:36:19.100, GPU-ecc6a1f9-42fe-2932-7ea0-1dd285491b7b, 5, 0, 405, 27, 25.85
2026/09/08 22:36:19.303, GPU-ecc6a1f9-42fe-2932-7ea0-1dd285491b7b, 5, 0, 405, 27, 26.09
2026/09/08 22:36:19.507, GPU-ecc6a1f9-42fe-2932-7ea0-1dd285491b7b, 5, 0, 405, 28, 25.85
2026/09/08 22:36:19.710, GPU-ecc6a1f9-42fe-2932-7ea0-1dd285491b7b, 5, 0, 405, 28, 25.85
2026/09/08 22:36:19.914, GPU-ecc6a1f9-42fe-2932-7ea0-1dd285491b7b, 5, 0, 405, 28, 25.85
2026/09/08 22:36:20.119, GPU-ecc6a1f9-42fe-2932-7ea0-1dd285491b7b, 5, 0, 405, 27, 26.09
2026/09/08 22:36:20.322, GPU-ecc6a1f9-42fe-2932-7ea0-1dd285491b7b, 5, 0, 405, 27, 25.85
2026/09/08 22:36:20.526, GPU-ecc6a1f9-42fe-2932-7ea0-1dd285491b7b, 5, 0, 405, 28, 25.85
2026/09/08 22:36:20.729, GPU-ecc6a1f9-42fe-2932-7ea0-1dd285491b7b, 5, 0, 405, 27, 25.85
2026/09/08 22:36:20.933, GPU-ecc6a1f9-42fe-2932-7ea0-1dd285491b7b, 5, 0, 405, 27, 25.85
2026/09/08 22:36:21.138, GPU-ecc6a1f9-42fe-2932-7ea0-1dd285491b7b, 5, 0, 405, 27, 25.85
2026/09/08 22:36:21.342, GPU-ecc6a1f9-42fe-2932-7ea0-1dd285491b7b, 5, 0, 405, 27, 25.85
2026/09/08 22:36:21.545, GPU-ecc6a1f9-42fe-2932-7ea0-1dd285491b7b, 5, 0, 405, 27, 25.85
2026/09/08 22:36:21.749, GPU-ecc6a1f9-42fe-2932-7ea0-1dd285491b7b, 5, 0, 405, 28, 25.85
2026/09/08 22:36:21.953, GPU-ecc6a1f9-42fe-2932-7ea0-1dd285491b7b, 5, 0, 405, 27, 25.85
2026/09/08 22:36:22.158, GPU-ecc6a1f9-42fe-2932-7ea0-1dd285491b7b, 5, 0, 405, 27, 25.85
2026/09/08 22:36:22.361, GPU-ecc6a1f9-42fe-2932-7ea0-1dd285491b7b, 5, 0, 405, 27, 26.09
2026/09/08 22:36:22.565, GPU-ecc6a1f9-42fe-2932-7ea0-1dd285491b7b, 5, 0, 405, 27, 25.85
2026/09/08 22:36:22.768, GPU-ecc6a1f9-42fe-2932-7ea0-1dd285491b7b, 5, 0, 405, 28, 25.85
2026/09/08 22:36:22.972, GPU-ecc6a1f9-42fe-2932-7ea0-1dd285491b7b, 5, 0, 405, 28, 25.85
2026/09/08 22:36:23.175, GPU-ecc6a1f9-42fe-2932-7ea0-1dd285491b7b, 5, 0, 405, 28, 25.85
2026/09/08 22:36:23.380, GPU-ecc6a1f9-42fe-2932-7ea0-1dd285491b7b, 5, 0, 405, 27, 26.09
2026/09/08 22:36:23.584, GPU-ecc6a1f9-42fe-2932-7ea0-1dd285491b7b, 5, 0, 405, 27, 26.09
2026/09/08 22:36:23.787, GPU-ecc6a1f9-42fe-2932-7ea0-1dd285491b7b, 5, 0, 405, 28, 25.85
2026/09/08 22:36:23.991, GPU-ecc6a1f9-42fe-2932-7ea0-1dd285491b7b, 5, 0, 405, 27, 25.85
2026/09/08 22:36:24.194, GPU-ecc6a1f9-42fe-2932-7ea0-1dd285491b7b, 5, 0, 405, 28, 26.09
2026/09/08 22:36:24.398, GPU-ecc6a1f9-42fe-2932-7ea0-1dd285491b7b, 5, 0, 405, 27, 26.09
2026/09/08 22:36:24.604, GPU-ecc6a1f9-42fe-2932-7ea0-1dd285491b7b, 5, 0, 405, 28, 26.09
2026/09/08 22:36:24.808, GPU-ecc6a1f9-42fe-2932-7ea0-1dd285491b7b, 5, 0, 405, 27, 26.09
2026/09/08 22:36:25.011, GPU-ecc6a1f9-42fe-2932-7ea0-1dd285491b7b, 5, 0, 405, 28, 26.09
2026/09/08 22:36:25.215, GPU-ecc6a1f9-42fe-2932-7ea0-1dd285491b7b, 5, 0, 405, 27, 26.09
2026/09/08 22:36:25.418, GPU-ecc6a1f9-42fe-2932-7ea0-1dd285491b7b, 5, 0, 405, 27, 26.09
2026/09/08 22:36:25.622, GPU-ecc6a1f9-42fe-2932-7ea0-1dd285491b7b, 5, 0, 405, 27, 25.85
2026/09/08 22:36:25.826, GPU-ecc6a1f9-42fe-2932-7ea0-1dd285491b7b, 5, 0, 405, 28, 25.85
2026/09/08 22:36:26.029, GPU-ecc6a1f9-42fe-2932-7ea0-1dd285491b7b, 5, 0, 405, 27, 25.85
2026/09/08 22:36:26.233, GPU-ecc6a1f9-42fe-2932-7ea0-1dd285491b7b, 5, 0, 405, 27, 26.09
2026/09/08 22:36:26.436, GPU-ecc6a1f9-42fe-2932-7ea0-1dd285491b7b, 5, 0, 405, 27, 26.09
2026/09/08 22:36:26.640, GPU-ecc6a1f9-42fe-2932-7ea0-1dd285491b7b, 5, 0, 405, 28, 26.09
2026/09/08 22:36:26.845, GPU-ecc6a1f9-42fe-2932-7ea0-1dd285491b7b, 5, 0, 405, 27, 26.09
2026/09/08 22:36:27.049, GPU-ecc6a1f9-42fe-2932-7ea0-1dd285491b7b, 5, 0, 405, 27, 26.09
2026/09/08 22:36:27.252, GPU-ecc6a1f9-42fe-2932-7ea0-1dd285491b7b, 5, 0, 405, 28, 26.09
2026/09/08 22:36:27.456, GPU-ecc6a1f9-42fe-2932-7ea0-1dd285491b7b, 5, 0, 405, 27, 25.85
2026/09/08 22:36:27.659, GPU-ecc6a1f9-42fe-2932-7ea0-1dd285491b7b, 5, 0, 405, 27, 25.85
2026/09/08 22:36:27.865, GPU-ecc6a1f9-42fe-2932-7ea0-1dd285491b7b, 5, 0, 405, 28, 26.09
2026/09/08 22:36:28.068, GPU-ecc6a1f9-42fe-2932-7ea0-1dd285491b7b, 5, 0, 405, 27, 26.09
2026/09/08 22:36:28.272, GPU-ecc6a1f9-42fe-2932-7ea0-1dd285491b7b, 5, 0, 405, 27, 25.85
2026/09/08 22:36:28.475, GPU-ecc6a1f9-42fe-2932-7ea0-1dd285491b7b, 5, 0, 405, 27, 26.09
2026/09/08 22:36:28.679, GPU-ecc6a1f9-42fe-2932-7ea0-1dd285491b7b, 5, 0, 405, 27, 25.85
2026/09/08 22:36:28.884, GPU-ecc6a1f9-42fe-2932-7ea0-1dd285491b7b, 5, 0, 405, 28, 26.09
2026/09/08 22:36:29.088, GPU-ecc6a1f9-42fe-2932-7ea0-1dd285491b7b, 5, 0, 405, 27, 26.09
2026/09/08 22:36:29.291, GPU-ecc6a1f9-42fe-2932-7ea0-1dd285491b7b, 5, 0, 405, 28, 25.85
2026/09/08 22:36:29.495, GPU-ecc6a1f9-42fe-2932-7ea0-1dd285491b7b, 5, 0, 405, 28, 26.09
2026/09/08 22:36:29.698, GPU-ecc6a1f9-42fe-2932-7ea0-1dd285491b7b, 5, 0, 405, 27, 25.85
2026/09/08 22:36:29.905, GPU-ecc6a1f9-42fe-2932-7ea0-1dd285491b7b, 5, 0, 405, 27, 26.09
2026/09/08 22:36:30.108, GPU-ecc6a1f9-42fe-2932-7ea0-1dd285491b7b, 5, 0, 405, 28, 25.85
2026/09/08 22:36:30.312, GPU-ecc6a1f9-42fe-2932-7ea0-1dd285491b7b, 5, 0, 405, 28, 25.85
2026/09/08 22:36:30.515, GPU-ecc6a1f9-42fe-2932-7ea0-1dd285491b7b, 5, 0, 405, 28, 25.85
2026/09/08 22:36:30.719, GPU-ecc6a1f9-42fe-2932-7ea0-1dd285491b7b, 5, 0, 405, 27, 26.09
2026/09/08 22:36:30.924, GPU-ecc6a1f9-42fe-2932-7ea0-1dd285491b7b, 5, 0, 405, 27, 25.85
2026/09/08 22:36:31.127, GPU-ecc6a1f9-42fe-2932-7ea0-1dd285491b7b, 5, 0, 405, 27, 25.85
2026/09/08 22:36:31.331, GPU-ecc6a1f9-42fe-2932-7ea0-1dd285491b7b, 5, 0, 405, 27, 25.85
2026/09/08 22:36:31.534, GPU-ecc6a1f9-42fe-2932-7ea0-1dd285491b7b, 5, 0, 405, 27, 25.85
2026/09/08 22:36:31.738, GPU-ecc6a1f9-42fe-2932-7ea0-1dd285491b7b, 5, 0, 405, 28, 25.85
2026/09/08 22:36:31.943, GPU-ecc6a1f9-42fe-2932-7ea0-1dd285491b7b, 5, 0, 405, 28, 26.09
2026/09/08 22:36:32.147, GPU-ecc6a1f9-42fe-2932-7ea0-1dd285491b7b, 5, 0, 405, 28, 25.85
2026/09/08 22:36:32.350, GPU-ecc6a1f9-42fe-2932-7ea0-1dd285491b7b, 5, 0, 405, 28, 26.09
2026/09/08 22:36:32.554, GPU-ecc6a1f9-42fe-2932-7ea0-1dd285491b7b, 5, 0, 405, 27, 26.09
2026/09/08 22:36:32.757, GPU-ecc6a1f9-42fe-2932-7ea0-1dd285491b7b, 5, 0, 405, 27, 25.85
2026/09/08 22:36:32.963, GPU-ecc6a1f9-42fe-2932-7ea0-1dd285491b7b, 5, 0, 405, 27, 25.85
2026/09/08 22:36:33.167, GPU-ecc6a1f9-42fe-2932-7ea0-1dd285491b7b, 5, 0, 405, 27, 26.09
2026/09/08 22:36:33.370, GPU-ecc6a1f9-42fe-2932-7ea0-1dd285491b7b, 5, 0, 405, 28, 26.09
2026/09/08 22:36:33.574, GPU-ecc6a1f9-42fe-2932-7ea0-1dd285491b7b, 5, 0, 405, 27, 25.85
2026/09/08 22:36:33.777, GPU-ecc6a1f9-42fe-2932-7ea0-1dd285491b7b, 5, 0, 405, 27, 26.09
2026/09/08 22:36:33.983, GPU-ecc6a1f9-42fe-2932-7ea0-1dd285491b7b, 5, 0, 405, 27, 26.09
2026/09/08 22:36:34.186, GPU-ecc6a1f9-42fe-2932-7ea0-1dd285491b7b, 5, 0, 405, 27, 26.09
2026/09/08 22:36:34.390, GPU-ecc6a1f9-42fe-2932-7ea0-1dd285491b7b, 5, 0, 405, 28, 26.09
2026/09/08 22:36:34.593, GPU-ecc6a1f9-42fe-2932-7ea0-1dd285491b7b, 5, 0, 405, 27, 25.85
2026/09/08 22:36:34.797, GPU-ecc6a1f9-42fe-2932-7ea0-1dd285491b7b, 5, 0, 405, 27, 26.09
2026/09/08 22:36:35.002, GPU-ecc6a1f9-42fe-2932-7ea0-1dd285491b7b, 5, 0, 405, 27, 26.09
2026/09/08 22:36:35.205, GPU-ecc6a1f9-42fe-2932-7ea0-1dd285491b7b, 5, 0, 405, 27, 25.85
2026/09/08 22:36:35.409, GPU-ecc6a1f9-42fe-2932-7ea0-1dd285491b7b, 5, 0, 405, 27, 26.09
2026/09/08 22:36:35.612, GPU-ecc6a1f9-42fe-2932-7ea0-1dd285491b7b, 5, 0, 405, 27, 26.09
2026/09/08 22:36:35.816, GPU-ecc6a1f9-42fe-2932-7ea0-1dd285491b7b, 5, 0, 405, 27, 25.85
2026/09/08 22:36:36.021, GPU-ecc6a1f9-42fe-2932-7ea0-1dd285491b7b, 5, 0, 405, 27, 25.85
2026/09/08 22:36:36.224, GPU-ecc6a1f9-42fe-2932-7ea0-1dd285491b7b, 5, 0, 405, 27, 25.85
2026/09/08 22:36:36.428, GPU-ecc6a1f9-42fe-2932-7ea0-1dd285491b7b, 5, 0, 405, 27, 25.85
2026/09/08 22:36:36.631, GPU-ecc6a1f9-42fe-2932-7ea0-1dd285491b7b, 5, 0, 405, 27, 25.85
2026/09/08 22:36:36.835, GPU-ecc6a1f9-42fe-2932-7ea0-1dd285491b7b, 5, 0, 405, 27, 25.85
2026/09/08 22:36:37.041, GPU-ecc6a1f9-42fe-2932-7ea0-1dd285491b7b, 5, 0, 405, 27, 25.85
2026/09/08 22:36:37.244, GPU-ecc6a1f9-42fe-2932-7ea0-1dd285491b7b, 5, 0, 405, 27, 25.85
2026/09/08 22:36:37.448, GPU-ecc6a1f9-42fe-2932-7ea0-1dd285491b7b, 5, 0, 405, 27, 26.09
2026/09/08 22:36:37.651, GPU-ecc6a1f9-42fe-2932-7ea0-1dd285491b7b, 5, 0, 405, 27, 25.85
2026/09/08 22:36:37.855, GPU-ecc6a1f9-42fe-2932-7ea0-1dd285491b7b, 5, 0, 405, 27, 25.85
2026/09/08 22:36:38.060, GPU-ecc6a1f9-42fe-2932-7ea0-1dd285491b7b, 5, 0, 405, 27, 25.85
2026/09/08 22:36:38.263, GPU-ecc6a1f9-42fe-2932-7ea0-1dd285491b7b, 5, 0, 405, 27, 25.85
2026/09/08 22:36:38.467, GPU-ecc6a1f9-42fe-2932-7ea0-1dd285491b7b, 5, 0, 405, 27, 25.85
2026/09/08 22:36:38.671, GPU-ecc6a1f9-42fe-2932-7ea0-1dd285491b7b, 5, 0, 405, 27, 25.85
2026/09/08 22:36:38.874, GPU-ecc6a1f9-42fe-2932-7ea0-1dd285491b7b, 5, 0, 405, 27, 25.85
2026/09/08 22:36:39.080, GPU-ecc6a1f9-42fe-2932-7ea0-1dd285491b7b, 5, 0, 405, 27, 25.85
2026/09/08 22:36:39.283, GPU-ecc6a1f9-42fe-2932-7ea0-1dd285491b7b, 5, 0, 405, 27, 25.85
2026/09/08 22:36:39.487, GPU-ecc6a1f9-42fe-2932-7ea0-1dd285491b7b, 5, 0, 405, 27, 25.85
2026/09/08 22:36:39.690, GPU-ecc6a1f9-42fe-2932-7ea0-1dd285491b7b, 5, 0, 405, 27, 25.85
2026/09/08 22:36:39.893, GPU-ecc6a1f9-42fe-2932-7ea0-1dd285491b7b, 5, 0, 405, 27, 25.85
2026/09/08 22:36:40.099, GPU-ecc6a1f9-42fe-2932-7ea0-1dd285491b7b, 5, 0, 405, 27, 25.85
2026/09/08 22:36:40.302, GPU-ecc6a1f9-42fe-2932-7ea0-1dd285491b7b, 5, 0, 405, 27, 25.85
2026/09/08 22:36:40.506, GPU-ecc6a1f9-42fe-2932-7ea0-1dd285491b7b, 5, 0, 405, 27, 25.85
2026/09/08 22:36:40.709, GPU-ecc6a1f9-42fe-2932-7ea0-1dd285491b7b, 5, 0, 405, 27, 26.09
2026/09/08 22:36:40.913, GPU-ecc6a1f9-42fe-2932-7ea0-1dd285491b7b, 5, 0, 405, 27, 25.85
2026/09/08 22:36:41.118, GPU-ecc6a1f9-42fe-2932-7ea0-1dd285491b7b, 5, 0, 405, 27, 26.09
2026/09/08 22:36:41.322, GPU-ecc6a1f9-42fe-2932-7ea0-1dd285491b7b, 5, 0, 405, 27, 25.85
2026/09/08 22:36:41.525, GPU-ecc6a1f9-42fe-2932-7ea0-1dd285491b7b, 5, 0, 405, 27, 26.09
2026/09/08 22:36:41.729, GPU-ecc6a1f9-42fe-2932-7ea0-1dd285491b7b, 5, 0, 405, 27, 25.85
2026/09/08 22:36:41.932, GPU-ecc6a1f9-42fe-2932-7ea0-1dd285491b7b, 5, 0, 405, 27, 26.09
2026/09/08 22:36:42.138, GPU-ecc6a1f9-42fe-2932-7ea0-1dd285491b7b, 5, 0, 405, 27, 26.09
2026/09/08 22:36:42.341, GPU-ecc6a1f9-42fe-2932-7ea0-1dd285491b7b, 5, 0, 405, 27, 25.85
2026/09/08 22:36:42.545, GPU-ecc6a1f9-42fe-2932-7ea0-1dd285491b7b, 5, 0, 405, 27, 26.09
2026/09/08 22:36:42.748, GPU-ecc6a1f9-42fe-2932-7ea0-1dd285491b7b, 5, 0, 405, 27, 25.85
2026/09/08 22:36:42.952, GPU-ecc6a1f9-42fe-2932-7ea0-1dd285491b7b, 5, 0, 405, 27, 26.09
2026/09/08 22:36:43.157, GPU-ecc6a1f9-42fe-2932-7ea0-1dd285491b7b, 5, 0, 405, 27, 25.85
2026/09/08 22:36:43.360, GPU-ecc6a1f9-42fe-2932-7ea0-1dd285491b7b, 5, 0, 405, 27, 25.85
2026/09/08 22:36:43.564, GPU-ecc6a1f9-42fe-2932-7ea0-1dd285491b7b, 5, 0, 405, 27, 25.85
2026/09/08 22:36:43.767, GPU-ecc6a1f9-42fe-2932-7ea0-1dd285491b7b, 5, 0, 405, 27, 25.85
2026/09/08 22:36:43.971, GPU-ecc6a1f9-42fe-2932-7ea0-1dd285491b7b, 5, 0, 405, 27, 25.85
2026/09/08 22:36:44.177, GPU-ecc6a1f9-42fe-2932-7ea0-1dd285491b7b, 5, 0, 405, 27, 25.85
2026/09/08 22:36:44.380, GPU-ecc6a1f9-42fe-2932-7ea0-1dd285491b7b, 5, 0, 405, 27, 25.85
2026/09/08 22:36:44.584, GPU-ecc6a1f9-42fe-2932-7ea0-1dd285491b7b, 5, 0, 405, 27, 25.85
2026/09/08 22:36:44.787, GPU-ecc6a1f9-42fe-2932-7ea0-1dd285491b7b, 5, 0, 405, 27, 25.85
2026/09/08 22:36:44.991, GPU-ecc6a1f9-42fe-2932-7ea0-1dd285491b7b, 5, 0, 405, 27, 25.85
2026/09/08 22:36:45.194, GPU-ecc6a1f9-42fe-2932-7ea0-1dd285491b7b, 5, 0, 405, 27, 25.85
2026/09/08 22:36:45.399, GPU-ecc6a1f9-42fe-2932-7ea0-1dd285491b7b, 5, 0, 405, 27, 25.85
2026/09/08 22:36:45.602, GPU-ecc6a1f9-42fe-2932-7ea0-1dd285491b7b, 5, 0, 405, 27, 25.85
2026/09/08 22:36:45.805, GPU-ecc6a1f9-42fe-2932-7ea0-1dd285491b7b, 5, 0, 405, 27, 25.85
2026/09/08 22:36:46.009, GPU-ecc6a1f9-42fe-2932-7ea0-1dd285491b7b, 5, 0, 405, 27, 26.09
2026/09/08 22:36:46.212, GPU-ecc6a1f9-42fe-2932-7ea0-1dd285491b7b, 5, 0, 405, 27, 25.85
2026/09/08 22:36:46.416, GPU-ecc6a1f9-42fe-2932-7ea0-1dd285491b7b, 5, 0, 405, 27, 25.85
2026/09/08 22:36:46.621, GPU-ecc6a1f9-42fe-2932-7ea0-1dd285491b7b, 5, 0, 405, 27, 25.85
2026/09/08 22:36:46.825, GPU-ecc6a1f9-42fe-2932-7ea0-1dd285491b7b, 5, 0, 405, 27, 25.85
2026/09/08 22:36:47.028, GPU-ecc6a1f9-42fe-2932-7ea0-1dd285491b7b, 5, 0, 405, 27, 25.85
2026/09/08 22:36:47.232, GPU-ecc6a1f9-42fe-2932-7ea0-1dd285491b7b, 5, 0, 405, 27, 25.85
2026/09/08 22:36:47.435, GPU-ecc6a1f9-42fe-2932-7ea0-1dd285491b7b, 5, 0, 405, 27, 25.85
2026/09/08 22:36:47.639, GPU-ecc6a1f9-42fe-2932-7ea0-1dd285491b7b, 5, 0, 405, 27, 25.85
2026/09/08 22:36:47.843, GPU-ecc6a1f9-42fe-2932-7ea0-1dd285491b7b, 5, 0, 405, 27, 25.85
2026/09/08 22:36:48.047, GPU-ecc6a1f9-42fe-2932-7ea0-1dd285491b7b, 5, 0, 405, 27, 26.09
2026/09/08 22:36:48.250, GPU-ecc6a1f9-42fe-2932-7ea0-1dd285491b7b, 5, 0, 405, 27, 25.85
2026/09/08 22:36:48.454, GPU-ecc6a1f9-42fe-2932-7ea0-1dd285491b7b, 5, 0, 405, 27, 25.85
2026/09/08 22:36:48.657, GPU-ecc6a1f9-42fe-2932-7ea0-1dd285491b7b, 5, 0, 405, 27, 25.85
2026/09/08 22:36:48.863, GPU-ecc6a1f9-42fe-2932-7ea0-1dd285491b7b, 5, 0, 405, 27, 25.85
2026/09/08 22:36:49.066, GPU-ecc6a1f9-42fe-2932-7ea0-1dd285491b7b, 5, 0, 405, 27, 25.85
2026/09/08 22:36:49.270, GPU-ecc6a1f9-42fe-2932-7ea0-1dd285491b7b, 5, 0, 405, 27, 25.85
2026/09/08 22:36:49.473, GPU-ecc6a1f9-42fe-2932-7ea0-1dd285491b7b, 5, 0, 405, 27, 26.09
2026/09/08 22:36:49.677, GPU-ecc6a1f9-42fe-2932-7ea0-1dd285491b7b, 5, 0, 405, 27, 26.09
2026/09/08 22:36:49.883, GPU-ecc6a1f9-42fe-2932-7ea0-1dd285491b7b, 5, 0, 405, 27, 25.85
2026/09/08 22:36:50.086, GPU-ecc6a1f9-42fe-2932-7ea0-1dd285491b7b, 5, 0, 405, 27, 25.85
2026/09/08 22:36:50.290, GPU-ecc6a1f9-42fe-2932-7ea0-1dd285491b7b, 5, 0, 405, 27, 25.85
2026/09/08 22:36:50.493, GPU-ecc6a1f9-42fe-2932-7ea0-1dd285491b7b, 5, 0, 405, 27, 25.85
2026/09/08 22:36:50.697, GPU-ecc6a1f9-42fe-2932-7ea0-1dd285491b7b, 5, 0, 405, 27, 25.85
2026/09/08 22:36:50.902, GPU-ecc6a1f9-42fe-2932-7ea0-1dd285491b7b, 5, 0, 405, 27, 25.85
2026/09/08 22:36:51.106, GPU-ecc6a1f9-42fe-2932-7ea0-1dd285491b7b, 5, 0, 405, 27, 25.85
2026/09/08 22:36:51.310, GPU-ecc6a1f9-42fe-2932-7ea0-1dd285491b7b, 5, 0, 405, 27, 25.85
2026/09/08 22:36:51.513, GPU-ecc6a1f9-42fe-2932-7ea0-1dd285491b7b, 5, 0, 405, 27, 25.85
2026/09/08 22:36:51.717, GPU-ecc6a1f9-42fe-2932-7ea0-1dd285491b7b, 5, 0, 405, 27, 25.85
2026/09/08 22:36:51.923, GPU-ecc6a1f9-42fe-2932-7ea0-1dd285491b7b, 5, 0, 405, 27, 25.85
2026/09/08 22:36:52.126, GPU-ecc6a1f9-42fe-2932-7ea0-1dd285491b7b, 5, 0, 405, 27, 25.85
2026/09/08 22:36:52.330, GPU-ecc6a1f9-42fe-2932-7ea0-1dd285491b7b, 5, 0, 405, 27, 25.85
2026/09/08 22:36:52.533, GPU-ecc6a1f9-42fe-2932-7ea0-1dd285491b7b, 5, 0, 405, 27, 25.85
2026/09/08 22:36:52.737, GPU-ecc6a1f9-42fe-2932-7ea0-1dd285491b7b, 5, 0, 405, 27, 25.85
2026/09/08 22:36:52.942, GPU-ecc6a1f9-42fe-2932-7ea0-1dd285491b7b, 5, 0, 405, 27, 25.85
2026/09/08 22:36:53.146, GPU-ecc6a1f9-42fe-2932-7ea0-1dd285491b7b, 5, 0, 405, 27, 25.85
2026/09/08 22:36:53.349, GPU-ecc6a1f9-42fe-2932-7ea0-1dd285491b7b, 5, 0, 405, 27, 25.85
2026/09/08 22:36:53.553, GPU-ecc6a1f9-42fe-2932-7ea0-1dd285491b7b, 5, 0, 405, 27, 25.85
2026/09/08 22:36:53.756, GPU-ecc6a1f9-42fe-2932-7ea0-1dd285491b7b, 5, 0, 405, 27, 25.85
2026/09/08 22:36:53.962, GPU-ecc6a1f9-42fe-2932-7ea0-1dd285491b7b, 5, 0, 405, 27, 25.85
2026/09/08 22:36:54.165, GPU-ecc6a1f9-42fe-2932-7ea0-1dd285491b7b, 5, 0, 405, 27, 25.85
2026/09/08 22:36:54.369, GPU-ecc6a1f9-42fe-2932-7ea0-1dd285491b7b, 5, 0, 405, 27, 25.85
2026/09/08 22:36:54.572, GPU-ecc6a1f9-42fe-2932-7ea0-1dd285491b7b, 5, 0, 405, 27, 25.85
2026/09/08 22:36:54.776, GPU-ecc6a1f9-42fe-2932-7ea0-1dd285491b7b, 5, 0, 405, 27, 25.85
2026/09/08 22:36:54.981, GPU-ecc6a1f9-42fe-2932-7ea0-1dd285491b7b, 5, 0, 405, 27, 25.85
2026/09/08 22:36:55.186, GPU-ecc6a1f9-42fe-2932-7ea0-1dd285491b7b, 5, 0, 405, 27, 25.85
2026/09/08 22:36:55.389, GPU-ecc6a1f9-42fe-2932-7ea0-1dd285491b7b, 5, 0, 405, 27, 25.85
2026/09/08 22:36:55.593, GPU-ecc6a1f9-42fe-2932-7ea0-1dd285491b7b, 5, 0, 405, 27, 25.85
2026/09/08 22:36:55.796, GPU-ecc6a1f9-42fe-2932-7ea0-1dd285491b7b, 5, 0, 405, 27, 25.85
2026/09/08 22:36:56.001, GPU-ecc6a1f9-42fe-2932-7ea0-1dd285491b7b, 5, 0, 405, 27, 25.85
2026/09/08 22:36:56.204, GPU-ecc6a1f9-42fe-2932-7ea0-1dd285491b7b, 5, 0, 405, 27, 25.85
2026/09/08 22:36:56.408, GPU-ecc6a1f9-42fe-2932-7ea0-1dd285491b7b, 5, 0, 405, 27, 25.85
2026/09/08 22:36:56.611, GPU-ecc6a1f9-42fe-2932-7ea0-1dd285491b7b, 5, 0, 405, 27, 25.85
2026/09/08 22:36:56.815, GPU-ecc6a1f9-42fe-2932-7ea0-1dd285491b7b, 5, 0, 405, 27, 25.85
2026/09/08 22:36:57.020, GPU-ecc6a1f9-42fe-2932-7ea0-1dd285491b7b, 5, 0, 405, 27, 25.85
2026/09/08 22:36:57.223, GPU-ecc6a1f9-42fe-2932-7ea0-1dd285491b7b, 5, 0, 405, 27, 25.85
2026/09/08 22:36:57.427, GPU-ecc6a1f9-42fe-2932-7ea0-1dd285491b7b, 5, 0, 405, 27, 25.85
2026/09/08 22:36:57.630, GPU-ecc6a1f9-42fe-2932-7ea0-1dd285491b7b, 5, 0, 405, 28, 25.85
2026/09/08 22:36:57.834, GPU-ecc6a1f9-42fe-2932-7ea0-1dd285491b7b, 5, 0, 405, 27, 25.85
2026/09/08 22:36:58.039, GPU-ecc6a1f9-42fe-2932-7ea0-1dd285491b7b, 5, 0, 405, 27, 25.85
2026/09/08 22:36:58.243, GPU-ecc6a1f9-42fe-2932-7ea0-1dd285491b7b, 5, 0, 405, 27, 25.85
2026/09/08 22:36:58.446, GPU-ecc6a1f9-42fe-2932-7ea0-1dd285491b7b, 5, 0, 405, 27, 25.85
2026/09/08 22:36:58.650, GPU-ecc6a1f9-42fe-2932-7ea0-1dd285491b7b, 5, 0, 405, 27, 25.85
2026/09/08 22:36:58.853, GPU-ecc6a1f9-42fe-2932-7ea0-1dd285491b7b, 5, 0, 405, 27, 25.85
2026/09/08 22:36:59.059, GPU-ecc6a1f9-42fe-2932-7ea0-1dd285491b7b, 5, 0, 405, 27, 25.85
2026/09/08 22:36:59.262, GPU-ecc6a1f9-42fe-2932-7ea0-1dd285491b7b, 5, 0, 405, 27, 25.85
2026/09/08 22:36:59.466, GPU-ecc6a1f9-42fe-2932-7ea0-1dd285491b7b, 5, 0, 405, 27, 25.85
2026/09/08 22:36:59.669, GPU-ecc6a1f9-42fe-2932-7ea0-1dd285491b7b, 5, 0, 405, 27, 25.85
2026/09/08 22:36:59.873, GPU-ecc6a1f9-42fe-2932-7ea0-1dd285491b7b, 5, 0, 405, 27, 25.85
2026/09/08 22:37:00.078, GPU-ecc6a1f9-42fe-2932-7ea0-1dd285491b7b, 5, 0, 405, 27, 25.85
2026/09/08 22:37:00.281, GPU-ecc6a1f9-42fe-2932-7ea0-1dd285491b7b, 5, 0, 405, 27, 25.85
2026/09/08 22:37:00.485, GPU-ecc6a1f9-42fe-2932-7ea0-1dd285491b7b, 5, 0, 405, 27, 25.85
2026/09/08 22:37:00.689, GPU-ecc6a1f9-42fe-2932-7ea0-1dd285491b7b, 5, 0, 405, 27, 25.85
2026/09/08 22:37:00.892, GPU-ecc6a1f9-42fe-2932-7ea0-1dd285491b7b, 5, 0, 405, 27, 25.85
2026/09/08 22:37:01.097, GPU-ecc6a1f9-42fe-2932-7ea0-1dd285491b7b, 5, 0, 405, 27, 25.85
2026/09/08 22:37:01.301, GPU-ecc6a1f9-42fe-2932-7ea0-1dd285491b7b, 5, 0, 405, 27, 25.85
2026/09/08 22:37:01.504, GPU-ecc6a1f9-42fe-2932-7ea0-1dd285491b7b, 5, 0, 405, 27, 25.85
2026/09/08 22:37:01.708, GPU-ecc6a1f9-42fe-2932-7ea0-1dd285491b7b, 5, 0, 405, 27, 25.85
2026/09/08 22:37:01.911, GPU-ecc6a1f9-42fe-2932-7ea0-1dd285491b7b, 5, 0, 405, 27, 25.85
2026/09/08 22:37:02.117, GPU-ecc6a1f9-42fe-2932-7ea0-1dd285491b7b, 5, 0, 405, 27, 25.85
2026/09/08 22:37:02.320, GPU-ecc6a1f9-42fe-2932-7ea0-1dd285491b7b, 5, 0, 405, 27, 25.85
2026/09/08 22:37:02.524, GPU-ecc6a1f9-42fe-2932-7ea0-1dd285491b7b, 5, 0, 405, 27, 25.85
2026/09/08 22:37:02.727, GPU-ecc6a1f9-42fe-2932-7ea0-1dd285491b7b, 5, 0, 405, 27, 25.85
2026/09/08 22:37:02.931, GPU-ecc6a1f9-42fe-2932-7ea0-1dd285491b7b, 5, 0, 405, 27, 25.85
2026/09/08 22:37:03.136, GPU-ecc6a1f9-42fe-2932-7ea0-1dd285491b7b, 5, 0, 405, 27, 25.85
2026/09/08 22:37:03.340, GPU-ecc6a1f9-42fe-2932-7ea0-1dd285491b7b, 5, 0, 405, 27, 25.85
2026/09/08 22:37:03.543, GPU-ecc6a1f9-42fe-2932-7ea0-1dd285491b7b, 5, 0, 405, 27, 25.85
2026/09/08 22:37:03.747, GPU-ecc6a1f9-42fe-2932-7ea0-1dd285491b7b, 5, 0, 405, 27, 25.85
2026/09/08 22:37:03.950, GPU-ecc6a1f9-42fe-2932-7ea0-1dd285491b7b, 5, 0, 405, 27, 25.85
2026/09/08 22:37:04.155, GPU-ecc6a1f9-42fe-2932-7ea0-1dd285491b7b, 5, 0, 405, 27, 25.85
2026/09/08 22:37:04.359, GPU-ecc6a1f9-42fe-2932-7ea0-1dd285491b7b, 5, 0, 405, 27, 25.85
2026/09/08 22:37:04.562, GPU-ecc6a1f9-42fe-2932-7ea0-1dd285491b7b, 5, 0, 405, 27, 25.85
2026/09/08 22:37:04.766, GPU-ecc6a1f9-42fe-2932-7ea0-1dd285491b7b, 5, 0, 405, 27, 25.85
2026/09/08 22:37:04.969, GPU-ecc6a1f9-42fe-2932-7ea0-1dd285491b7b, 5, 0, 405, 27, 25.85
2026/09/08 22:37:05.175, GPU-ecc6a1f9-42fe-2932-7ea0-1dd285491b7b, 5, 0, 405, 27, 25.85
2026/09/08 22:37:05.378, GPU-ecc6a1f9-42fe-2932-7ea0-1dd285491b7b, 5, 0, 405, 27, 25.85
2026/09/08 22:37:05.582, GPU-ecc6a1f9-42fe-2932-7ea0-1dd285491b7b, 5, 0, 405, 27, 25.85
2026/09/08 22:37:05.785, GPU-ecc6a1f9-42fe-2932-7ea0-1dd285491b7b, 5, 0, 405, 27, 25.85
2026/09/08 22:37:05.989, GPU-ecc6a1f9-42fe-2932-7ea0-1dd285491b7b, 5, 0, 405, 27, 25.85
2026/09/08 22:37:06.194, GPU-ecc6a1f9-42fe-2932-7ea0-1dd285491b7b, 5, 0, 405, 27, 25.85
2026/09/08 22:37:06.398, GPU-ecc6a1f9-42fe-2932-7ea0-1dd285491b7b, 5, 0, 405, 27, 25.85
2026/09/08 22:37:06.601, GPU-ecc6a1f9-42fe-2932-7ea0-1dd285491b7b, 5, 0, 405, 27, 26.09
2026/09/08 22:37:06.805, GPU-ecc6a1f9-42fe-2932-7ea0-1dd285491b7b, 5, 0, 405, 27, 25.85
2026/09/08 22:37:07.009, GPU-ecc6a1f9-42fe-2932-7ea0-1dd285491b7b, 5, 0, 405, 27, 25.85
2026/09/08 22:37:07.215, GPU-ecc6a1f9-42fe-2932-7ea0-1dd285491b7b, 5, 0, 405, 27, 26.09
2026/09/08 22:37:07.418, GPU-ecc6a1f9-42fe-2932-7ea0-1dd285491b7b, 5, 0, 405, 27, 25.85
2026/09/08 22:37:07.622, GPU-ecc6a1f9-42fe-2932-7ea0-1dd285491b7b, 5, 0, 405, 27, 25.85
2026/09/08 22:37:07.825, GPU-ecc6a1f9-42fe-2932-7ea0-1dd285491b7b, 5, 0, 405, 27, 25.85
2026/09/08 22:37:08.029, GPU-ecc6a1f9-42fe-2932-7ea0-1dd285491b7b, 5, 0, 405, 27, 25.85
2026/09/08 22:37:08.232, GPU-ecc6a1f9-42fe-2932-7ea0-1dd285491b7b, 5, 0, 405, 27, 25.85
2026/09/08 22:37:08.438, GPU-ecc6a1f9-42fe-2932-7ea0-1dd285491b7b, 5, 0, 405, 27, 25.85
2026/09/08 22:37:08.641, GPU-ecc6a1f9-42fe-2932-7ea0-1dd285491b7b, 5, 0, 405, 27, 25.85
2026/09/08 22:37:08.845, GPU-ecc6a1f9-42fe-2932-7ea0-1dd285491b7b, 5, 0, 405, 27, 25.85
2026/09/08 22:37:09.048, GPU-ecc6a1f9-42fe-2932-7ea0-1dd285491b7b, 5, 0, 405, 27, 25.85
2026/09/08 22:37:09.252, GPU-ecc6a1f9-42fe-2932-7ea0-1dd285491b7b, 5, 0, 405, 27, 25.85
2026/09/08 22:37:09.455, GPU-ecc6a1f9-42fe-2932-7ea0-1dd285491b7b, 5, 0, 405, 27, 25.85
2026/09/08 22:37:09.661, GPU-ecc6a1f9-42fe-2932-7ea0-1dd285491b7b, 5, 0, 405, 27, 25.85
2026/09/08 22:37:09.864, GPU-ecc6a1f9-42fe-2932-7ea0-1dd285491b7b, 5, 0, 405, 27, 25.85
2026/09/08 22:37:10.068, GPU-ecc6a1f9-42fe-2932-7ea0-1dd285491b7b, 5, 0, 405, 27, 25.85
2026/09/08 22:37:10.272, GPU-ecc6a1f9-42fe-2932-7ea0-1dd285491b7b, 5, 0, 405, 27, 25.85
2026/09/08 22:37:10.475, GPU-ecc6a1f9-42fe-2932-7ea0-1dd285491b7b, 5, 0, 405, 27, 25.85
2026/09/08 22:37:10.681, GPU-ecc6a1f9-42fe-2932-7ea0-1dd285491b7b, 5, 0, 405, 27, 25.85
2026/09/08 22:37:10.885, GPU-ecc6a1f9-42fe-2932-7ea0-1dd285491b7b, 5, 0, 405, 27, 25.85
2026/09/08 22:37:11.088, GPU-ecc6a1f9-42fe-2932-7ea0-1dd285491b7b, 5, 0, 405, 27, 25.85
2026/09/08 22:37:11.292, GPU-ecc6a1f9-42fe-2932-7ea0-1dd285491b7b, 5, 0, 405, 27, 25.85
2026/09/08 22:37:11.496, GPU-ecc6a1f9-42fe-2932-7ea0-1dd285491b7b, 5, 0, 405, 27, 25.85
2026/09/08 22:37:11.701, GPU-ecc6a1f9-42fe-2932-7ea0-1dd285491b7b, 5, 0, 405, 27, 25.85
2026/09/08 22:37:11.905, GPU-ecc6a1f9-42fe-2932-7ea0-1dd285491b7b, 5, 0, 405, 27, 25.85
2026/09/08 22:37:12.108, GPU-ecc6a1f9-42fe-2932-7ea0-1dd285491b7b, 5, 0, 405, 27, 25.85
2026/09/08 22:37:12.312, GPU-ecc6a1f9-42fe-2932-7ea0-1dd285491b7b, 5, 0, 405, 27, 25.85
2026/09/08 22:37:12.516, GPU-ecc6a1f9-42fe-2932-7ea0-1dd285491b7b, 5, 0, 405, 27, 25.85
2026/09/08 22:37:12.721, GPU-ecc6a1f9-42fe-2932-7ea0-1dd285491b7b, 5, 0, 405, 27, 25.85
2026/09/08 22:37:12.924, GPU-ecc6a1f9-42fe-2932-7ea0-1dd285491b7b, 5, 0, 405, 27, 25.85
2026/09/08 22:37:13.128, GPU-ecc6a1f9-42fe-2932-7ea0-1dd285491b7b, 5, 0, 405, 27, 25.85
2026/09/08 22:37:13.332, GPU-ecc6a1f9-42fe-2932-7ea0-1dd285491b7b, 5, 0, 405, 27, 25.85
2026/09/08 22:37:13.535, GPU-ecc6a1f9-42fe-2932-7ea0-1dd285491b7b, 5, 0, 405, 27, 25.85
2026/09/08 22:37:13.741, GPU-ecc6a1f9-42fe-2932-7ea0-1dd285491b7b, 5, 0, 405, 27, 25.85
2026/09/08 22:37:13.945, GPU-ecc6a1f9-42fe-2932-7ea0-1dd285491b7b, 5, 0, 405, 27, 25.85
2026/09/08 22:37:14.148, GPU-ecc6a1f9-42fe-2932-7ea0-1dd285491b7b, 5, 0, 405, 27, 25.85
2026/09/08 22:37:14.352, GPU-ecc6a1f9-42fe-2932-7ea0-1dd285491b7b, 5, 0, 405, 27, 25.85
2026/09/08 22:37:14.555, GPU-ecc6a1f9-42fe-2932-7ea0-1dd285491b7b, 5, 0, 405, 27, 26.09
2026/09/08 22:37:14.761, GPU-ecc6a1f9-42fe-2932-7ea0-1dd285491b7b, 5, 0, 405, 27, 26.09
2026/09/08 22:37:14.964, GPU-ecc6a1f9-42fe-2932-7ea0-1dd285491b7b, 5, 0, 405, 27, 25.85
2026/09/08 22:37:15.168, GPU-ecc6a1f9-42fe-2932-7ea0-1dd285491b7b, 5, 0, 405, 27, 25.85
2026/09/08 22:37:15.371, GPU-ecc6a1f9-42fe-2932-7ea0-1dd285491b7b, 5, 0, 405, 27, 25.85
2026/09/08 22:37:15.575, GPU-ecc6a1f9-42fe-2932-7ea0-1dd285491b7b, 5, 0, 405, 27, 25.85
2026/09/08 22:37:15.780, GPU-ecc6a1f9-42fe-2932-7ea0-1dd285491b7b, 5, 0, 405, 27, 25.85
2026/09/08 22:37:15.984, GPU-ecc6a1f9-42fe-2932-7ea0-1dd285491b7b, 5, 0, 405, 27, 25.85
2026/09/08 22:37:16.188, GPU-ecc6a1f9-42fe-2932-7ea0-1dd285491b7b, 5, 0, 405, 27, 25.85
2026/09/08 22:37:16.392, GPU-ecc6a1f9-42fe-2932-7ea0-1dd285491b7b, 5, 0, 405, 27, 25.85
2026/09/08 22:37:16.595, GPU-ecc6a1f9-42fe-2932-7ea0-1dd285491b7b, 5, 0, 405, 27, 25.85
2026/09/08 22:37:16.800, GPU-ecc6a1f9-42fe-2932-7ea0-1dd285491b7b, 5, 0, 405, 27, 25.85
2026/09/08 22:37:17.004, GPU-ecc6a1f9-42fe-2932-7ea0-1dd285491b7b, 5, 0, 405, 27, 25.85
2026/09/08 22:37:17.207, GPU-ecc6a1f9-42fe-2932-7ea0-1dd285491b7b, 5, 0, 405, 27, 25.60
2026/09/08 22:37:17.411, GPU-ecc6a1f9-42fe-2932-7ea0-1dd285491b7b, 5, 0, 405, 27, 26.09
2026/09/08 22:37:17.614, GPU-ecc6a1f9-42fe-2932-7ea0-1dd285491b7b, 5, 0, 405, 27, 25.85
2026/09/08 22:37:17.819, GPU-ecc6a1f9-42fe-2932-7ea0-1dd285491b7b, 5, 0, 405, 27, 25.85
2026/09/08 22:37:18.023, GPU-ecc6a1f9-42fe-2932-7ea0-1dd285491b7b, 5, 0, 405, 27, 26.09
2026/09/08 22:37:18.227, GPU-ecc6a1f9-42fe-2932-7ea0-1dd285491b7b, 5, 0, 405, 27, 26.09
2026/09/08 22:37:18.430, GPU-ecc6a1f9-42fe-2932-7ea0-1dd285491b7b, 5, 0, 405, 27, 25.60
2026/09/08 22:37:18.634, GPU-ecc6a1f9-42fe-2932-7ea0-1dd285491b7b, 5, 0, 405, 27, 25.85
2026/09/08 22:37:18.839, GPU-ecc6a1f9-42fe-2932-7ea0-1dd285491b7b, 5, 0, 405, 27, 25.85
2026/09/08 22:37:19.042, GPU-ecc6a1f9-42fe-2932-7ea0-1dd285491b7b, 5, 0, 405, 27, 25.85
2026/09/08 22:37:19.246, GPU-ecc6a1f9-42fe-2932-7ea0-1dd285491b7b, 5, 0, 405, 27, 25.85
2026/09/08 22:37:19.449, GPU-ecc6a1f9-42fe-2932-7ea0-1dd285491b7b, 5, 0, 405, 27, 25.85
2026/09/08 22:37:19.653, GPU-ecc6a1f9-42fe-2932-7ea0-1dd285491b7b, 5, 0, 405, 27, 25.85
2026/09/08 22:37:19.858, GPU-ecc6a1f9-42fe-2932-7ea0-1dd285491b7b, 5, 0, 405, 27, 25.85
2026/09/08 22:37:20.061, GPU-ecc6a1f9-42fe-2932-7ea0-1dd285491b7b, 5, 0, 405, 27, 25.85
2026/09/08 22:37:20.265, GPU-ecc6a1f9-42fe-2932-7ea0-1dd285491b7b, 5, 0, 405, 27, 25.85
2026/09/08 22:37:20.468, GPU-ecc6a1f9-42fe-2932-7ea0-1dd285491b7b, 5, 0, 405, 27, 25.85
2026/09/08 22:37:20.672, GPU-ecc6a1f9-42fe-2932-7ea0-1dd285491b7b, 5, 0, 405, 27, 26.09
2026/09/08 22:37:20.877, GPU-ecc6a1f9-42fe-2932-7ea0-1dd285491b7b, 5, 0, 405, 27, 25.85
2026/09/08 22:37:21.081, GPU-ecc6a1f9-42fe-2932-7ea0-1dd285491b7b, 5, 0, 405, 27, 25.85
2026/09/08 22:37:21.284, GPU-ecc6a1f9-42fe-2932-7ea0-1dd285491b7b, 5, 0, 405, 27, 25.60
2026/09/08 22:37:21.488, GPU-ecc6a1f9-42fe-2932-7ea0-1dd285491b7b, 5, 0, 405, 27, 25.60
2026/09/08 22:37:21.691, GPU-ecc6a1f9-42fe-2932-7ea0-1dd285491b7b, 5, 0, 405, 27, 25.85
2026/09/08 22:37:21.897, GPU-ecc6a1f9-42fe-2932-7ea0-1dd285491b7b, 5, 0, 405, 27, 25.85
2026/09/08 22:37:22.100, GPU-ecc6a1f9-42fe-2932-7ea0-1dd285491b7b, 5, 0, 405, 27, 25.85
2026/09/08 22:37:22.304, GPU-ecc6a1f9-42fe-2932-7ea0-1dd285491b7b, 5, 0, 405, 27, 25.85
2026/09/08 22:37:22.507, GPU-ecc6a1f9-42fe-2932-7ea0-1dd285491b7b, 5, 0, 405, 27, 25.85
2026/09/08 22:37:22.711, GPU-ecc6a1f9-42fe-2932-7ea0-1dd285491b7b, 5, 0, 405, 27, 25.85
2026/09/08 22:37:22.916, GPU-ecc6a1f9-42fe-2932-7ea0-1dd285491b7b, 5, 0, 405, 27, 25.85
2026/09/08 22:37:23.120, GPU-ecc6a1f9-42fe-2932-7ea0-1dd285491b7b, 5, 0, 405, 27, 25.85
2026/09/08 22:37:23.323, GPU-ecc6a1f9-42fe-2932-7ea0-1dd285491b7b, 5, 0, 405, 27, 25.85
2026/09/08 22:37:23.527, GPU-ecc6a1f9-42fe-2932-7ea0-1dd285491b7b, 5, 0, 405, 27, 25.85
2026/09/08 22:37:23.730, GPU-ecc6a1f9-42fe-2932-7ea0-1dd285491b7b, 5, 0, 405, 27, 25.85
2026/09/08 22:37:23.935, GPU-ecc6a1f9-42fe-2932-7ea0-1dd285491b7b, 5, 0, 405, 27, 25.85
2026/09/08 22:37:24.139, GPU-ecc6a1f9-42fe-2932-7ea0-1dd285491b7b, 5, 0, 405, 27, 25.85
2026/09/08 22:37:24.342, GPU-ecc6a1f9-42fe-2932-7ea0-1dd285491b7b, 5, 0, 405, 27, 25.85
2026/09/08 22:37:24.546, GPU-ecc6a1f9-42fe-2932-7ea0-1dd285491b7b, 5, 0, 405, 27, 25.85
2026/09/08 22:37:24.749, GPU-ecc6a1f9-42fe-2932-7ea0-1dd285491b7b, 5, 0, 405, 27, 25.85
2026/09/08 22:37:24.955, GPU-ecc6a1f9-42fe-2932-7ea0-1dd285491b7b, 5, 0, 405, 27, 25.85
2026/09/08 22:37:25.158, GPU-ecc6a1f9-42fe-2932-7ea0-1dd285491b7b, 5, 0, 405, 27, 25.85
2026/09/08 22:37:25.362, GPU-ecc6a1f9-42fe-2932-7ea0-1dd285491b7b, 5, 0, 405, 27, 25.85
2026/09/08 22:37:25.565, GPU-ecc6a1f9-42fe-2932-7ea0-1dd285491b7b, 5, 0, 405, 27, 25.85
2026/09/08 22:37:25.769, GPU-ecc6a1f9-42fe-2932-7ea0-1dd285491b7b, 5, 0, 405, 27, 25.85
2026/09/08 22:37:25.974, GPU-ecc6a1f9-42fe-2932-7ea0-1dd285491b7b, 5, 0, 405, 27, 25.85
2026/09/08 22:37:26.178, GPU-ecc6a1f9-42fe-2932-7ea0-1dd285491b7b, 5, 0, 405, 27, 25.85
2026/09/08 22:37:26.381, GPU-ecc6a1f9-42fe-2932-7ea0-1dd285491b7b, 5, 0, 405, 27, 25.85
2026/09/08 22:37:26.585, GPU-ecc6a1f9-42fe-2932-7ea0-1dd285491b7b, 5, 0, 405, 27, 25.85
2026/09/08 22:37:26.788, GPU-ecc6a1f9-42fe-2932-7ea0-1dd285491b7b, 5, 0, 405, 27, 26.09
2026/09/08 22:37:26.994, GPU-ecc6a1f9-42fe-2932-7ea0-1dd285491b7b, 5, 0, 405, 27, 25.85
2026/09/08 22:37:27.197, GPU-ecc6a1f9-42fe-2932-7ea0-1dd285491b7b, 5, 0, 405, 27, 25.85
2026/09/08 22:37:27.401, GPU-ecc6a1f9-42fe-2932-7ea0-1dd285491b7b, 5, 0, 405, 27, 25.85
2026/09/08 22:37:27.604, GPU-ecc6a1f9-42fe-2932-7ea0-1dd285491b7b, 5, 0, 405, 27, 25.85
2026/09/08 22:37:27.808, GPU-ecc6a1f9-42fe-2932-7ea0-1dd285491b7b, 5, 0, 405, 27, 26.09
2026/09/08 22:37:28.014, GPU-ecc6a1f9-42fe-2932-7ea0-1dd285491b7b, 5, 0, 405, 27, 26.09
2026/09/08 22:37:28.217, GPU-ecc6a1f9-42fe-2932-7ea0-1dd285491b7b, 5, 0, 405, 27, 25.60
2026/09/08 22:37:28.421, GPU-ecc6a1f9-42fe-2932-7ea0-1dd285491b7b, 5, 0, 405, 27, 25.85
2026/09/08 22:37:28.624, GPU-ecc6a1f9-42fe-2932-7ea0-1dd285491b7b, 5, 0, 405, 27, 25.85
2026/09/08 22:37:28.828, GPU-ecc6a1f9-42fe-2932-7ea0-1dd285491b7b, 5, 0, 405, 27, 25.85
2026/09/08 22:37:29.033, GPU-ecc6a1f9-42fe-2932-7ea0-1dd285491b7b, 5, 0, 405, 27, 25.60
2026/09/08 22:37:29.236, GPU-ecc6a1f9-42fe-2932-7ea0-1dd285491b7b, 5, 0, 405, 27, 26.09
2026/09/08 22:37:29.440, GPU-ecc6a1f9-42fe-2932-7ea0-1dd285491b7b, 5, 0, 405, 27, 25.85
2026/09/08 22:37:29.643, GPU-ecc6a1f9-42fe-2932-7ea0-1dd285491b7b, 5, 0, 405, 27, 25.85
2026/09/08 22:37:29.847, GPU-ecc6a1f9-42fe-2932-7ea0-1dd285491b7b, 5, 0, 405, 27, 25.85
2026/09/08 22:37:30.050, GPU-ecc6a1f9-42fe-2932-7ea0-1dd285491b7b, 5, 0, 405, 27, 25.85
2026/09/08 22:37:30.256, GPU-ecc6a1f9-42fe-2932-7ea0-1dd285491b7b, 5, 0, 405, 27, 25.85
2026/09/08 22:37:30.459, GPU-ecc6a1f9-42fe-2932-7ea0-1dd285491b7b, 5, 0, 405, 27, 25.85
2026/09/08 22:37:30.663, GPU-ecc6a1f9-42fe-2932-7ea0-1dd285491b7b, 5, 0, 405, 27, 25.85
2026/09/08 22:37:30.866, GPU-ecc6a1f9-42fe-2932-7ea0-1dd285491b7b, 5, 0, 405, 27, 25.85
2026/09/08 22:37:31.070, GPU-ecc6a1f9-42fe-2932-7ea0-1dd285491b7b, 15, 0, 405, 27, 25.85
2026/09/08 22:37:31.292, GPU-ecc6a1f9-42fe-2932-7ea0-1dd285491b7b, 303, 0, 1189, 27, 31.19
2026/09/08 22:37:31.499, GPU-ecc6a1f9-42fe-2932-7ea0-1dd285491b7b, 305, 4, 1189, 27, 31.44
2026/09/08 22:37:31.702, GPU-ecc6a1f9-42fe-2932-7ea0-1dd285491b7b, 305, 5, 1189, 27, 31.44
2026/09/08 22:37:31.906, GPU-ecc6a1f9-42fe-2932-7ea0-1dd285491b7b, 307, 6, 1189, 27, 31.44
2026/09/08 22:37:32.109, GPU-ecc6a1f9-42fe-2932-7ea0-1dd285491b7b, 307, 6, 1189, 27, 31.68
2026/09/08 22:37:32.312, GPU-ecc6a1f9-42fe-2932-7ea0-1dd285491b7b, 309, 7, 1189, 28, 31.44
2026/09/08 22:37:32.518, GPU-ecc6a1f9-42fe-2932-7ea0-1dd285491b7b, 311, 8, 1189, 27, 31.68
2026/09/08 22:37:32.721, GPU-ecc6a1f9-42fe-2932-7ea0-1dd285491b7b, 311, 16, 1189, 28, 33.63
2026/09/08 22:37:32.925, GPU-ecc6a1f9-42fe-2932-7ea0-1dd285491b7b, 311, 69, 1316, 28, 37.29
2026/09/08 22:37:33.129, GPU-ecc6a1f9-42fe-2932-7ea0-1dd285491b7b, 315, 76, 1328, 28, 39.72
2026/09/08 22:37:33.332, GPU-ecc6a1f9-42fe-2932-7ea0-1dd285491b7b, 317, 86, 1328, 28, 39.48
2026/09/08 22:37:33.537, GPU-ecc6a1f9-42fe-2932-7ea0-1dd285491b7b, 319, 92, 1328, 28, 39.48
2026/09/08 22:37:33.741, GPU-ecc6a1f9-42fe-2932-7ea0-1dd285491b7b, 321, 86, 1328, 28, 40.45
2026/09/08 22:37:33.944, GPU-ecc6a1f9-42fe-2932-7ea0-1dd285491b7b, 323, 88, 1328, 28, 39.48
2026/09/08 22:37:34.148, GPU-ecc6a1f9-42fe-2932-7ea0-1dd285491b7b, 325, 90, 1328, 28, 39.22
2026/09/08 22:37:34.351, GPU-ecc6a1f9-42fe-2932-7ea0-1dd285491b7b, 321, 12, 1328, 28, 35.58
2026/09/08 22:37:34.557, GPU-ecc6a1f9-42fe-2932-7ea0-1dd285491b7b, 309, 17, 1328, 28, 35.82
2026/09/08 22:37:34.761, GPU-ecc6a1f9-42fe-2932-7ea0-1dd285491b7b, 5, 18, 1328, 28, 35.58
2026/09/08 22:37:34.964, GPU-ecc6a1f9-42fe-2932-7ea0-1dd285491b7b, 5, 0, 1328, 28, 35.58
2026/09/08 22:37:35.168, GPU-ecc6a1f9-42fe-2932-7ea0-1dd285491b7b, 5, 0, 1328, 28, 35.58
2026/09/08 22:37:35.371, GPU-ecc6a1f9-42fe-2932-7ea0-1dd285491b7b, 5, 0, 1328, 28, 35.58
2026/09/08 22:37:35.577, GPU-ecc6a1f9-42fe-2932-7ea0-1dd285491b7b, 5, 0, 1328, 28, 35.58
2026/09/08 22:37:35.780, GPU-ecc6a1f9-42fe-2932-7ea0-1dd285491b7b, 5, 0, 1328, 28, 35.58
2026/09/08 22:37:35.984, GPU-ecc6a1f9-42fe-2932-7ea0-1dd285491b7b, 5, 0, 1328, 28, 35.58
2026/09/08 22:37:36.188, GPU-ecc6a1f9-42fe-2932-7ea0-1dd285491b7b, 5, 0, 1328, 28, 35.58
2026/09/08 22:37:36.392, GPU-ecc6a1f9-42fe-2932-7ea0-1dd285491b7b, 5, 0, 1328, 28, 35.58
2026/09/08 22:37:36.597, GPU-ecc6a1f9-42fe-2932-7ea0-1dd285491b7b, 5, 0, 1328, 28, 35.58
2026/09/08 22:37:36.800, GPU-ecc6a1f9-42fe-2932-7ea0-1dd285491b7b, 5, 0, 1328, 28, 35.58
2026/09/08 22:37:37.004, GPU-ecc6a1f9-42fe-2932-7ea0-1dd285491b7b, 5, 0, 772, 28, 27.56
2026/09/08 22:37:37.207, GPU-ecc6a1f9-42fe-2932-7ea0-1dd285491b7b, 5, 0, 772, 28, 27.56
2026/09/08 22:37:37.411, GPU-ecc6a1f9-42fe-2932-7ea0-1dd285491b7b, 5, 0, 772, 28, 27.31
2026/09/08 22:37:37.614, GPU-ecc6a1f9-42fe-2932-7ea0-1dd285491b7b, 5, 0, 772, 27, 27.31
2026/09/08 22:37:37.820, GPU-ecc6a1f9-42fe-2932-7ea0-1dd285491b7b, 5, 0, 772, 27, 27.31
2026/09/08 22:37:38.024, GPU-ecc6a1f9-42fe-2932-7ea0-1dd285491b7b, 5, 0, 772, 27, 27.31
2026/09/08 22:37:38.227, GPU-ecc6a1f9-42fe-2932-7ea0-1dd285491b7b, 5, 0, 772, 27, 27.31
2026/09/08 22:37:38.431, GPU-ecc6a1f9-42fe-2932-7ea0-1dd285491b7b, 5, 0, 772, 28, 27.31
2026/09/08 22:37:38.634, GPU-ecc6a1f9-42fe-2932-7ea0-1dd285491b7b, 5, 0, 772, 27, 27.31
2026/09/08 22:37:38.838, GPU-ecc6a1f9-42fe-2932-7ea0-1dd285491b7b, 5, 0, 772, 27, 27.31
2026/09/08 22:37:39.041, GPU-ecc6a1f9-42fe-2932-7ea0-1dd285491b7b, 5, 0, 772, 27, 27.31
2026/09/08 22:37:39.247, GPU-ecc6a1f9-42fe-2932-7ea0-1dd285491b7b, 5, 0, 772, 28, 27.31
2026/09/08 22:37:39.450, GPU-ecc6a1f9-42fe-2932-7ea0-1dd285491b7b, 5, 0, 772, 27, 27.31
2026/09/08 22:37:39.654, GPU-ecc6a1f9-42fe-2932-7ea0-1dd285491b7b, 5, 0, 405, 27, 26.09
2026/09/08 22:37:39.857, GPU-ecc6a1f9-42fe-2932-7ea0-1dd285491b7b, 5, 0, 405, 28, 26.09
2026/09/08 22:37:40.061, GPU-ecc6a1f9-42fe-2932-7ea0-1dd285491b7b, 5, 0, 405, 27, 26.09
2026/09/08 22:37:40.267, GPU-ecc6a1f9-42fe-2932-7ea0-1dd285491b7b, 5, 0, 405, 27, 25.85
2026/09/08 22:37:40.470, GPU-ecc6a1f9-42fe-2932-7ea0-1dd285491b7b, 5, 0, 405, 28, 26.09
2026/09/08 22:37:40.674, GPU-ecc6a1f9-42fe-2932-7ea0-1dd285491b7b, 5, 0, 405, 27, 26.09
2026/09/08 22:37:40.877, GPU-ecc6a1f9-42fe-2932-7ea0-1dd285491b7b, 5, 0, 405, 27, 26.09
2026/09/08 22:37:41.081, GPU-ecc6a1f9-42fe-2932-7ea0-1dd285491b7b, 5, 0, 405, 27, 26.09
2026/09/08 22:37:41.286, GPU-ecc6a1f9-42fe-2932-7ea0-1dd285491b7b, 5, 0, 405, 27, 25.85
2026/09/08 22:37:41.489, GPU-ecc6a1f9-42fe-2932-7ea0-1dd285491b7b, 5, 0, 405, 27, 26.09
2026/09/08 22:37:41.693, GPU-ecc6a1f9-42fe-2932-7ea0-1dd285491b7b, 5, 0, 405, 27, 26.09
2026/09/08 22:37:41.897, GPU-ecc6a1f9-42fe-2932-7ea0-1dd285491b7b, 5, 0, 405, 27, 25.85
2026/09/08 22:37:42.100, GPU-ecc6a1f9-42fe-2932-7ea0-1dd285491b7b, 5, 0, 405, 27, 26.09
2026/09/08 22:37:42.305, GPU-ecc6a1f9-42fe-2932-7ea0-1dd285491b7b, 5, 0, 405, 27, 26.09
2026/09/08 22:37:42.509, GPU-ecc6a1f9-42fe-2932-7ea0-1dd285491b7b, 5, 0, 405, 27, 25.85
2026/09/08 22:37:42.712, GPU-ecc6a1f9-42fe-2932-7ea0-1dd285491b7b, 5, 0, 405, 27, 25.85
2026/09/08 22:37:42.916, GPU-ecc6a1f9-42fe-2932-7ea0-1dd285491b7b, 5, 0, 405, 27, 26.09
2026/09/08 22:37:43.119, GPU-ecc6a1f9-42fe-2932-7ea0-1dd285491b7b, 5, 0, 405, 27, 26.09
2026/09/08 22:37:43.325, GPU-ecc6a1f9-42fe-2932-7ea0-1dd285491b7b, 5, 0, 405, 27, 26.09
2026/09/08 22:37:43.528, GPU-ecc6a1f9-42fe-2932-7ea0-1dd285491b7b, 5, 0, 405, 27, 25.85
2026/09/08 22:37:43.732, GPU-ecc6a1f9-42fe-2932-7ea0-1dd285491b7b, 5, 0, 405, 27, 26.09
2026/09/08 22:37:43.935, GPU-ecc6a1f9-42fe-2932-7ea0-1dd285491b7b, 5, 0, 405, 27, 25.85
2026/09/08 22:37:44.139, GPU-ecc6a1f9-42fe-2932-7ea0-1dd285491b7b, 5, 0, 405, 28, 26.09
2026/09/08 22:37:44.344, GPU-ecc6a1f9-42fe-2932-7ea0-1dd285491b7b, 5, 0, 405, 28, 26.09
2026/09/08 22:37:44.548, GPU-ecc6a1f9-42fe-2932-7ea0-1dd285491b7b, 5, 0, 405, 27, 26.09
2026/09/08 22:37:44.751, GPU-ecc6a1f9-42fe-2932-7ea0-1dd285491b7b, 5, 0, 405, 27, 26.09
2026/09/08 22:37:44.955, GPU-ecc6a1f9-42fe-2932-7ea0-1dd285491b7b, 5, 0, 405, 27, 26.09
2026/09/08 22:37:45.158, GPU-ecc6a1f9-42fe-2932-7ea0-1dd285491b7b, 5, 0, 405, 28, 26.09
2026/09/08 22:37:45.364, GPU-ecc6a1f9-42fe-2932-7ea0-1dd285491b7b, 5, 0, 405, 27, 26.09
2026/09/08 22:37:45.567, GPU-ecc6a1f9-42fe-2932-7ea0-1dd285491b7b, 5, 0, 405, 27, 25.85
2026/09/08 22:37:45.771, GPU-ecc6a1f9-42fe-2932-7ea0-1dd285491b7b, 5, 0, 405, 27, 25.85
2026/09/08 22:37:45.974, GPU-ecc6a1f9-42fe-2932-7ea0-1dd285491b7b, 5, 0, 405, 27, 26.09
2026/09/08 22:37:46.178, GPU-ecc6a1f9-42fe-2932-7ea0-1dd285491b7b, 5, 0, 405, 27, 26.09
2026/09/08 22:37:46.381, GPU-ecc6a1f9-42fe-2932-7ea0-1dd285491b7b, 5, 0, 405, 27, 26.09
2026/09/08 22:37:46.585, GPU-ecc6a1f9-42fe-2932-7ea0-1dd285491b7b, 5, 0, 405, 27, 25.85
2026/09/08 22:37:46.789, GPU-ecc6a1f9-42fe-2932-7ea0-1dd285491b7b, 5, 0, 405, 27, 26.09
2026/09/08 22:37:46.992, GPU-ecc6a1f9-42fe-2932-7ea0-1dd285491b7b, 5, 0, 405, 27, 26.09
2026/09/08 22:37:47.196, GPU-ecc6a1f9-42fe-2932-7ea0-1dd285491b7b, 5, 0, 405, 27, 25.85
2026/09/08 22:37:47.399, GPU-ecc6a1f9-42fe-2932-7ea0-1dd285491b7b, 5, 0, 405, 27, 26.09
2026/09/08 22:37:47.603, GPU-ecc6a1f9-42fe-2932-7ea0-1dd285491b7b, 5, 0, 405, 27, 26.09
2026/09/08 22:37:47.808, GPU-ecc6a1f9-42fe-2932-7ea0-1dd285491b7b, 5, 0, 405, 27, 26.09
2026/09/08 22:37:48.011, GPU-ecc6a1f9-42fe-2932-7ea0-1dd285491b7b, 5, 0, 405, 27, 26.09
2026/09/08 22:37:48.215, GPU-ecc6a1f9-42fe-2932-7ea0-1dd285491b7b, 5, 0, 405, 27, 26.09
2026/09/08 22:37:48.418, GPU-ecc6a1f9-42fe-2932-7ea0-1dd285491b7b, 5, 0, 405, 27, 26.09
2026/09/08 22:37:48.622, GPU-ecc6a1f9-42fe-2932-7ea0-1dd285491b7b, 5, 0, 405, 27, 26.09
2026/09/08 22:37:48.825, GPU-ecc6a1f9-42fe-2932-7ea0-1dd285491b7b, 5, 0, 405, 27, 26.09
2026/09/08 22:37:49.031, GPU-ecc6a1f9-42fe-2932-7ea0-1dd285491b7b, 5, 0, 405, 27, 25.85
2026/09/08 22:37:49.235, GPU-ecc6a1f9-42fe-2932-7ea0-1dd285491b7b, 5, 0, 405, 27, 25.85
2026/09/08 22:37:49.438, GPU-ecc6a1f9-42fe-2932-7ea0-1dd285491b7b, 5, 0, 405, 27, 26.09
2026/09/08 22:37:49.642, GPU-ecc6a1f9-42fe-2932-7ea0-1dd285491b7b, 5, 0, 405, 27, 26.09
2026/09/08 22:37:49.845, GPU-ecc6a1f9-42fe-2932-7ea0-1dd285491b7b, 5, 0, 405, 27, 26.09
2026/09/08 22:37:50.051, GPU-ecc6a1f9-42fe-2932-7ea0-1dd285491b7b, 5, 0, 405, 27, 26.09
2026/09/08 22:37:50.255, GPU-ecc6a1f9-42fe-2932-7ea0-1dd285491b7b, 5, 0, 405, 27, 25.85
2026/09/08 22:37:50.458, GPU-ecc6a1f9-42fe-2932-7ea0-1dd285491b7b, 5, 0, 405, 27, 26.09
2026/09/08 22:37:50.662, GPU-ecc6a1f9-42fe-2932-7ea0-1dd285491b7b, 5, 0, 405, 27, 25.85
2026/09/08 22:37:50.865, GPU-ecc6a1f9-42fe-2932-7ea0-1dd285491b7b, 5, 0, 405, 27, 26.09
2026/09/08 22:37:51.071, GPU-ecc6a1f9-42fe-2932-7ea0-1dd285491b7b, 5, 0, 405, 27, 25.85
2026/09/08 22:37:51.274, GPU-ecc6a1f9-42fe-2932-7ea0-1dd285491b7b, 5, 0, 405, 27, 25.85
2026/09/08 22:37:51.478, GPU-ecc6a1f9-42fe-2932-7ea0-1dd285491b7b, 5, 0, 405, 27, 25.85
2026/09/08 22:37:51.681, GPU-ecc6a1f9-42fe-2932-7ea0-1dd285491b7b, 5, 0, 405, 27, 25.85
2026/09/08 22:37:51.885, GPU-ecc6a1f9-42fe-2932-7ea0-1dd285491b7b, 5, 0, 405, 27, 26.09
2026/09/08 22:37:52.090, GPU-ecc6a1f9-42fe-2932-7ea0-1dd285491b7b, 5, 0, 405, 27, 26.09
2026/09/08 22:37:52.293, GPU-ecc6a1f9-42fe-2932-7ea0-1dd285491b7b, 5, 0, 405, 27, 26.09
2026/09/08 22:37:52.497, GPU-ecc6a1f9-42fe-2932-7ea0-1dd285491b7b, 5, 0, 405, 27, 25.85
2026/09/08 22:37:52.700, GPU-ecc6a1f9-42fe-2932-7ea0-1dd285491b7b, 5, 0, 405, 27, 25.85
2026/09/08 22:37:52.904, GPU-ecc6a1f9-42fe-2932-7ea0-1dd285491b7b, 5, 0, 405, 27, 25.85
2026/09/08 22:37:53.110, GPU-ecc6a1f9-42fe-2932-7ea0-1dd285491b7b, 5, 0, 405, 27, 26.09
2026/09/08 22:37:53.313, GPU-ecc6a1f9-42fe-2932-7ea0-1dd285491b7b, 5, 0, 405, 27, 26.09
2026/09/08 22:37:53.517, GPU-ecc6a1f9-42fe-2932-7ea0-1dd285491b7b, 5, 0, 405, 27, 25.85
2026/09/08 22:37:53.720, GPU-ecc6a1f9-42fe-2932-7ea0-1dd285491b7b, 5, 0, 405, 27, 25.85
2026/09/08 22:37:53.923, GPU-ecc6a1f9-42fe-2932-7ea0-1dd285491b7b, 5, 0, 405, 27, 25.85
2026/09/08 22:37:54.129, GPU-ecc6a1f9-42fe-2932-7ea0-1dd285491b7b, 5, 0, 405, 27, 26.09
2026/09/08 22:37:54.332, GPU-ecc6a1f9-42fe-2932-7ea0-1dd285491b7b, 5, 0, 405, 27, 26.09
2026/09/08 22:37:54.536, GPU-ecc6a1f9-42fe-2932-7ea0-1dd285491b7b, 5, 0, 405, 27, 25.85
2026/09/08 22:37:54.739, GPU-ecc6a1f9-42fe-2932-7ea0-1dd285491b7b, 5, 0, 405, 27, 25.85
2026/09/08 22:37:54.943, GPU-ecc6a1f9-42fe-2932-7ea0-1dd285491b7b, 5, 0, 405, 27, 26.09
2026/09/08 22:37:55.148, GPU-ecc6a1f9-42fe-2932-7ea0-1dd285491b7b, 5, 0, 405, 27, 25.85
2026/09/08 22:37:55.352, GPU-ecc6a1f9-42fe-2932-7ea0-1dd285491b7b, 5, 0, 405, 27, 25.85
2026/09/08 22:37:55.555, GPU-ecc6a1f9-42fe-2932-7ea0-1dd285491b7b, 5, 0, 405, 27, 26.09
2026/09/08 22:37:55.759, GPU-ecc6a1f9-42fe-2932-7ea0-1dd285491b7b, 5, 0, 405, 27, 26.09
2026/09/08 22:37:55.962, GPU-ecc6a1f9-42fe-2932-7ea0-1dd285491b7b, 5, 0, 405, 27, 25.85
2026/09/08 22:37:56.168, GPU-ecc6a1f9-42fe-2932-7ea0-1dd285491b7b, 5, 0, 405, 27, 26.09
2026/09/08 22:37:56.371, GPU-ecc6a1f9-42fe-2932-7ea0-1dd285491b7b, 5, 0, 405, 27, 26.09
2026/09/08 22:37:56.575, GPU-ecc6a1f9-42fe-2932-7ea0-1dd285491b7b, 5, 0, 405, 27, 25.85
2026/09/08 22:37:56.778, GPU-ecc6a1f9-42fe-2932-7ea0-1dd285491b7b, 5, 0, 405, 27, 26.09
2026/09/08 22:37:56.982, GPU-ecc6a1f9-42fe-2932-7ea0-1dd285491b7b, 5, 0, 405, 27, 25.85
2026/09/08 22:37:57.188, GPU-ecc6a1f9-42fe-2932-7ea0-1dd285491b7b, 5, 0, 405, 27, 26.09
2026/09/08 22:37:57.392, GPU-ecc6a1f9-42fe-2932-7ea0-1dd285491b7b, 5, 0, 405, 27, 25.85
2026/09/08 22:37:57.595, GPU-ecc6a1f9-42fe-2932-7ea0-1dd285491b7b, 5, 0, 405, 27, 26.09
2026/09/08 22:37:57.799, GPU-ecc6a1f9-42fe-2932-7ea0-1dd285491b7b, 5, 0, 405, 27, 26.09
2026/09/08 22:37:58.002, GPU-ecc6a1f9-42fe-2932-7ea0-1dd285491b7b, 5, 0, 405, 27, 25.85
2026/09/08 22:37:58.208, GPU-ecc6a1f9-42fe-2932-7ea0-1dd285491b7b, 5, 0, 405, 27, 25.85
2026/09/08 22:37:58.411, GPU-ecc6a1f9-42fe-2932-7ea0-1dd285491b7b, 5, 0, 405, 27, 25.85
2026/09/08 22:37:58.615, GPU-ecc6a1f9-42fe-2932-7ea0-1dd285491b7b, 5, 0, 405, 27, 26.09
2026/09/08 22:37:58.818, GPU-ecc6a1f9-42fe-2932-7ea0-1dd285491b7b, 5, 0, 405, 27, 25.85
2026/09/08 22:37:59.022, GPU-ecc6a1f9-42fe-2932-7ea0-1dd285491b7b, 5, 0, 405, 27, 25.85
2026/09/08 22:37:59.227, GPU-ecc6a1f9-42fe-2932-7ea0-1dd285491b7b, 5, 0, 405, 27, 26.09
2026/09/08 22:37:59.431, GPU-ecc6a1f9-42fe-2932-7ea0-1dd285491b7b, 5, 0, 405, 27, 25.85
2026/09/08 22:37:59.634, GPU-ecc6a1f9-42fe-2932-7ea0-1dd285491b7b, 5, 0, 405, 27, 25.85
2026/09/08 22:37:59.838, GPU-ecc6a1f9-42fe-2932-7ea0-1dd285491b7b, 5, 0, 405, 27, 25.85
2026/09/08 22:38:00.041, GPU-ecc6a1f9-42fe-2932-7ea0-1dd285491b7b, 5, 0, 405, 27, 25.85
2026/09/08 22:38:00.247, GPU-ecc6a1f9-42fe-2932-7ea0-1dd285491b7b, 5, 0, 405, 27, 25.85
2026/09/08 22:38:00.450, GPU-ecc6a1f9-42fe-2932-7ea0-1dd285491b7b, 5, 0, 405, 27, 25.85
2026/09/08 22:38:00.654, GPU-ecc6a1f9-42fe-2932-7ea0-1dd285491b7b, 5, 0, 405, 27, 25.85
2026/09/08 22:38:00.857, GPU-ecc6a1f9-42fe-2932-7ea0-1dd285491b7b, 5, 0, 405, 27, 25.85
2026/09/08 22:38:01.061, GPU-ecc6a1f9-42fe-2932-7ea0-1dd285491b7b, 5, 0, 405, 27, 26.09
2026/09/08 22:38:01.266, GPU-ecc6a1f9-42fe-2932-7ea0-1dd285491b7b, 5, 0, 405, 27, 26.09
2026/09/08 22:38:01.470, GPU-ecc6a1f9-42fe-2932-7ea0-1dd285491b7b, 5, 0, 405, 27, 25.60
2026/09/08 22:38:01.673, GPU-ecc6a1f9-42fe-2932-7ea0-1dd285491b7b, 5, 0, 405, 27, 26.09
2026/09/08 22:38:01.877, GPU-ecc6a1f9-42fe-2932-7ea0-1dd285491b7b, 5, 0, 405, 27, 25.85
2026/09/08 22:38:02.080, GPU-ecc6a1f9-42fe-2932-7ea0-1dd285491b7b, 5, 0, 405, 27, 25.85
2026/09/08 22:38:02.286, GPU-ecc6a1f9-42fe-2932-7ea0-1dd285491b7b, 5, 0, 405, 27, 26.09
2026/09/08 22:38:02.489, GPU-ecc6a1f9-42fe-2932-7ea0-1dd285491b7b, 5, 0, 405, 27, 25.85
2026/09/08 22:38:02.693, GPU-ecc6a1f9-42fe-2932-7ea0-1dd285491b7b, 5, 0, 405, 27, 25.85
2026/09/08 22:38:02.896, GPU-ecc6a1f9-42fe-2932-7ea0-1dd285491b7b, 5, 0, 405, 27, 26.09
2026/09/08 22:38:03.100, GPU-ecc6a1f9-42fe-2932-7ea0-1dd285491b7b, 5, 0, 405, 27, 26.09
2026/09/08 22:38:03.305, GPU-ecc6a1f9-42fe-2932-7ea0-1dd285491b7b, 5, 0, 405, 27, 25.85
2026/09/08 22:38:03.509, GPU-ecc6a1f9-42fe-2932-7ea0-1dd285491b7b, 5, 0, 405, 27, 25.85
2026/09/08 22:38:03.712, GPU-ecc6a1f9-42fe-2932-7ea0-1dd285491b7b, 5, 0, 405, 27, 26.09
2026/09/08 22:38:03.916, GPU-ecc6a1f9-42fe-2932-7ea0-1dd285491b7b, 5, 0, 405, 27, 26.09
2026/09/08 22:38:04.119, GPU-ecc6a1f9-42fe-2932-7ea0-1dd285491b7b, 5, 0, 405, 27, 26.09
2026/09/08 22:38:04.324, GPU-ecc6a1f9-42fe-2932-7ea0-1dd285491b7b, 5, 0, 405, 27, 26.09
2026/09/08 22:38:04.528, GPU-ecc6a1f9-42fe-2932-7ea0-1dd285491b7b, 5, 0, 405, 27, 25.85
2026/09/08 22:38:04.731, GPU-ecc6a1f9-42fe-2932-7ea0-1dd285491b7b, 5, 0, 405, 27, 26.09
2026/09/08 22:38:04.935, GPU-ecc6a1f9-42fe-2932-7ea0-1dd285491b7b, 5, 0, 405, 27, 25.85
2026/09/08 22:38:05.138, GPU-ecc6a1f9-42fe-2932-7ea0-1dd285491b7b, 5, 0, 405, 27, 25.85
2026/09/08 22:38:05.344, GPU-ecc6a1f9-42fe-2932-7ea0-1dd285491b7b, 5, 0, 405, 27, 25.85
2026/09/08 22:38:05.547, GPU-ecc6a1f9-42fe-2932-7ea0-1dd285491b7b, 5, 0, 405, 27, 26.09
2026/09/08 22:38:05.751, GPU-ecc6a1f9-42fe-2932-7ea0-1dd285491b7b, 5, 0, 405, 27, 26.09
2026/09/08 22:38:05.954, GPU-ecc6a1f9-42fe-2932-7ea0-1dd285491b7b, 5, 0, 405, 27, 26.09
2026/09/08 22:38:06.158, GPU-ecc6a1f9-42fe-2932-7ea0-1dd285491b7b, 5, 0, 405, 27, 25.85
2026/09/08 22:38:06.363, GPU-ecc6a1f9-42fe-2932-7ea0-1dd285491b7b, 5, 0, 405, 27, 25.85
2026/09/08 22:38:06.567, GPU-ecc6a1f9-42fe-2932-7ea0-1dd285491b7b, 5, 0, 405, 27, 25.85
2026/09/08 22:38:06.770, GPU-ecc6a1f9-42fe-2932-7ea0-1dd285491b7b, 5, 0, 405, 27, 25.85
2026/09/08 22:38:06.974, GPU-ecc6a1f9-42fe-2932-7ea0-1dd285491b7b, 5, 0, 405, 27, 25.85
2026/09/08 22:38:07.177, GPU-ecc6a1f9-42fe-2932-7ea0-1dd285491b7b, 5, 0, 405, 27, 25.85
2026/09/08 22:38:07.383, GPU-ecc6a1f9-42fe-2932-7ea0-1dd285491b7b, 5, 0, 405, 27, 25.85
2026/09/08 22:38:07.586, GPU-ecc6a1f9-42fe-2932-7ea0-1dd285491b7b, 5, 0, 405, 27, 25.85
2026/09/08 22:38:07.790, GPU-ecc6a1f9-42fe-2932-7ea0-1dd285491b7b, 5, 0, 405, 27, 25.85
2026/09/08 22:38:07.993, GPU-ecc6a1f9-42fe-2932-7ea0-1dd285491b7b, 5, 0, 405, 27, 25.60
2026/09/08 22:38:08.197, GPU-ecc6a1f9-42fe-2932-7ea0-1dd285491b7b, 5, 0, 405, 27, 25.85
2026/09/08 22:38:08.403, GPU-ecc6a1f9-42fe-2932-7ea0-1dd285491b7b, 5, 0, 405, 27, 26.09
2026/09/08 22:38:08.607, GPU-ecc6a1f9-42fe-2932-7ea0-1dd285491b7b, 5, 0, 405, 27, 26.09
2026/09/08 22:38:08.810, GPU-ecc6a1f9-42fe-2932-7ea0-1dd285491b7b, 5, 0, 405, 27, 26.09
2026/09/08 22:38:09.014, GPU-ecc6a1f9-42fe-2932-7ea0-1dd285491b7b, 5, 0, 405, 27, 26.09
2026/09/08 22:38:09.217, GPU-ecc6a1f9-42fe-2932-7ea0-1dd285491b7b, 5, 0, 405, 27, 25.85
2026/09/08 22:38:09.421, GPU-ecc6a1f9-42fe-2932-7ea0-1dd285491b7b, 5, 0, 405, 27, 26.09
2026/09/08 22:38:09.626, GPU-ecc6a1f9-42fe-2932-7ea0-1dd285491b7b, 5, 0, 405, 27, 25.85
2026/09/08 22:38:09.830, GPU-ecc6a1f9-42fe-2932-7ea0-1dd285491b7b, 5, 0, 405, 27, 25.85
2026/09/08 22:38:10.033, GPU-ecc6a1f9-42fe-2932-7ea0-1dd285491b7b, 5, 0, 405, 27, 26.09
2026/09/08 22:38:10.237, GPU-ecc6a1f9-42fe-2932-7ea0-1dd285491b7b, 5, 0, 405, 27, 25.85
2026/09/08 22:38:10.440, GPU-ecc6a1f9-42fe-2932-7ea0-1dd285491b7b, 5, 0, 405, 27, 26.09
2026/09/08 22:38:10.644, GPU-ecc6a1f9-42fe-2932-7ea0-1dd285491b7b, 5, 0, 405, 27, 25.85
2026/09/08 22:38:10.849, GPU-ecc6a1f9-42fe-2932-7ea0-1dd285491b7b, 5, 0, 405, 27, 25.85
2026/09/08 22:38:11.053, GPU-ecc6a1f9-42fe-2932-7ea0-1dd285491b7b, 5, 0, 405, 27, 25.85
2026/09/08 22:38:11.256, GPU-ecc6a1f9-42fe-2932-7ea0-1dd285491b7b, 5, 0, 405, 27, 25.85
2026/09/08 22:38:11.460, GPU-ecc6a1f9-42fe-2932-7ea0-1dd285491b7b, 5, 0, 405, 27, 25.85
2026/09/08 22:38:11.663, GPU-ecc6a1f9-42fe-2932-7ea0-1dd285491b7b, 5, 0, 405, 27, 26.09
2026/09/08 22:38:11.870, GPU-ecc6a1f9-42fe-2932-7ea0-1dd285491b7b, 5, 0, 405, 27, 26.09
2026/09/08 22:38:12.074, GPU-ecc6a1f9-42fe-2932-7ea0-1dd285491b7b, 5, 0, 405, 27, 25.85
2026/09/08 22:38:12.277, GPU-ecc6a1f9-42fe-2932-7ea0-1dd285491b7b, 5, 0, 405, 27, 25.85
2026/09/08 22:38:12.481, GPU-ecc6a1f9-42fe-2932-7ea0-1dd285491b7b, 5, 0, 405, 27, 25.85
2026/09/08 22:38:12.685, GPU-ecc6a1f9-42fe-2932-7ea0-1dd285491b7b, 5, 0, 405, 27, 25.85
2026/09/08 22:38:12.890, GPU-ecc6a1f9-42fe-2932-7ea0-1dd285491b7b, 5, 0, 405, 27, 25.85
2026/09/08 22:38:13.093, GPU-ecc6a1f9-42fe-2932-7ea0-1dd285491b7b, 5, 0, 405, 27, 25.85
2026/09/08 22:38:13.296, GPU-ecc6a1f9-42fe-2932-7ea0-1dd285491b7b, 5, 0, 405, 27, 25.85
2026/09/08 22:38:13.500, GPU-ecc6a1f9-42fe-2932-7ea0-1dd285491b7b, 5, 0, 405, 27, 25.85
2026/09/08 22:38:13.703, GPU-ecc6a1f9-42fe-2932-7ea0-1dd285491b7b, 5, 0, 405, 27, 25.85
2026/09/08 22:38:13.909, GPU-ecc6a1f9-42fe-2932-7ea0-1dd285491b7b, 5, 0, 405, 27, 25.85
2026/09/08 22:38:14.112, GPU-ecc6a1f9-42fe-2932-7ea0-1dd285491b7b, 7, 0, 405, 27, 25.85
2026/09/08 22:38:14.316, GPU-ecc6a1f9-42fe-2932-7ea0-1dd285491b7b, 15, 0, 405, 27, 25.85
2026/09/08 22:38:14.549, GPU-ecc6a1f9-42fe-2932-7ea0-1dd285491b7b, 293, 1, 1189, 27, 31.44
2026/09/08 22:38:14.754, GPU-ecc6a1f9-42fe-2932-7ea0-1dd285491b7b, 293, 4, 1189, 27, 31.44
2026/09/08 22:38:14.957, GPU-ecc6a1f9-42fe-2932-7ea0-1dd285491b7b, 293, 1, 1189, 27, 32.41
2026/09/08 22:38:15.161, GPU-ecc6a1f9-42fe-2932-7ea0-1dd285491b7b, 293, 2, 1189, 27, 33.39
2026/09/08 22:38:15.364, GPU-ecc6a1f9-42fe-2932-7ea0-1dd285491b7b, 293, 2, 1189, 28, 31.92
2026/09/08 22:38:15.571, GPU-ecc6a1f9-42fe-2932-7ea0-1dd285491b7b, 293, 2, 1189, 28, 33.63
2026/09/08 22:38:15.774, GPU-ecc6a1f9-42fe-2932-7ea0-1dd285491b7b, 295, 2, 1189, 27, 32.66
2026/09/08 22:38:15.978, GPU-ecc6a1f9-42fe-2932-7ea0-1dd285491b7b, 295, 2, 1189, 28, 33.39
2026/09/08 22:38:16.181, GPU-ecc6a1f9-42fe-2932-7ea0-1dd285491b7b, 295, 2, 1189, 28, 33.14
2026/09/08 22:38:16.385, GPU-ecc6a1f9-42fe-2932-7ea0-1dd285491b7b, 295, 2, 1189, 28, 33.14
2026/09/08 22:38:16.590, GPU-ecc6a1f9-42fe-2932-7ea0-1dd285491b7b, 295, 3, 1189, 28, 107.01
2026/09/08 22:38:16.793, GPU-ecc6a1f9-42fe-2932-7ea0-1dd285491b7b, 295, 92, 1316, 29, 130.80
2026/09/08 22:38:16.997, GPU-ecc6a1f9-42fe-2932-7ea0-1dd285491b7b, 295, 99, 1328, 30, 147.10
2026/09/08 22:38:17.200, GPU-ecc6a1f9-42fe-2932-7ea0-1dd285491b7b, 295, 99, 1328, 31, 150.73
2026/09/08 22:38:17.404, GPU-ecc6a1f9-42fe-2932-7ea0-1dd285491b7b, 295, 99, 1328, 31, 135.16
2026/09/08 22:38:17.611, GPU-ecc6a1f9-42fe-2932-7ea0-1dd285491b7b, 295, 99, 1328, 31, 150.96
2026/09/08 22:38:17.815, GPU-ecc6a1f9-42fe-2932-7ea0-1dd285491b7b, 295, 99, 1328, 32, 142.09
2026/09/08 22:38:18.018, GPU-ecc6a1f9-42fe-2932-7ea0-1dd285491b7b, 5, 37, 1328, 30, 39.48
2026/09/08 22:38:18.221, GPU-ecc6a1f9-42fe-2932-7ea0-1dd285491b7b, 5, 0, 1328, 30, 38.99
2026/09/08 22:38:18.425, GPU-ecc6a1f9-42fe-2932-7ea0-1dd285491b7b, 15, 0, 1328, 29, 38.74
2026/09/08 22:38:18.651, GPU-ecc6a1f9-42fe-2932-7ea0-1dd285491b7b, 293, 4, 1328, 29, 40.19
2026/09/08 22:38:18.854, GPU-ecc6a1f9-42fe-2932-7ea0-1dd285491b7b, 293, 1, 1328, 29, 39.24
2026/09/08 22:38:19.057, GPU-ecc6a1f9-42fe-2932-7ea0-1dd285491b7b, 293, 1, 1328, 29, 40.67
2026/09/08 22:38:19.261, GPU-ecc6a1f9-42fe-2932-7ea0-1dd285491b7b, 293, 2, 1328, 29, 41.18
2026/09/08 22:38:19.464, GPU-ecc6a1f9-42fe-2932-7ea0-1dd285491b7b, 293, 2, 1328, 29, 40.67
2026/09/08 22:38:19.670, GPU-ecc6a1f9-42fe-2932-7ea0-1dd285491b7b, 295, 2, 1328, 29, 41.43
2026/09/08 22:38:19.874, GPU-ecc6a1f9-42fe-2932-7ea0-1dd285491b7b, 295, 2, 1328, 29, 40.43
2026/09/08 22:38:20.077, GPU-ecc6a1f9-42fe-2932-7ea0-1dd285491b7b, 295, 2, 1328, 29, 41.43
2026/09/08 22:38:20.281, GPU-ecc6a1f9-42fe-2932-7ea0-1dd285491b7b, 295, 2, 1328, 29, 39.95
2026/09/08 22:38:20.485, GPU-ecc6a1f9-42fe-2932-7ea0-1dd285491b7b, 295, 93, 1328, 30, 131.03
2026/09/08 22:38:20.690, GPU-ecc6a1f9-42fe-2932-7ea0-1dd285491b7b, 295, 94, 1328, 31, 174.69
2026/09/08 22:38:20.894, GPU-ecc6a1f9-42fe-2932-7ea0-1dd285491b7b, 295, 99, 1328, 32, 163.68
2026/09/08 22:38:21.097, GPU-ecc6a1f9-42fe-2932-7ea0-1dd285491b7b, 295, 99, 1328, 32, 149.49
2026/09/08 22:38:21.301, GPU-ecc6a1f9-42fe-2932-7ea0-1dd285491b7b, 295, 99, 1328, 32, 164.88
2026/09/08 22:38:21.504, GPU-ecc6a1f9-42fe-2932-7ea0-1dd285491b7b, 295, 99, 1328, 33, 170.34
2026/09/08 22:38:21.710, GPU-ecc6a1f9-42fe-2932-7ea0-1dd285491b7b, 5, 89, 1328, 31, 40.46
2026/09/08 22:38:21.927, GPU-ecc6a1f9-42fe-2932-7ea0-1dd285491b7b, 5, 5, 1328, 31, 39.24
2026/09/08 22:38:22.130, GPU-ecc6a1f9-42fe-2932-7ea0-1dd285491b7b, 7, 0, 1328, 30, 38.75
2026/09/08 22:38:22.334, GPU-ecc6a1f9-42fe-2932-7ea0-1dd285491b7b, 15, 0, 1328, 30, 38.75
2026/09/08 22:38:22.610, GPU-ecc6a1f9-42fe-2932-7ea0-1dd285491b7b, 299, 3, 1328, 30, 39.72
2026/09/08 22:38:22.814, GPU-ecc6a1f9-42fe-2932-7ea0-1dd285491b7b, 299, 1, 1328, 30, 39.48
2026/09/08 22:38:23.017, GPU-ecc6a1f9-42fe-2932-7ea0-1dd285491b7b, 299, 2, 1328, 30, 40.21
2026/09/08 22:38:23.221, GPU-ecc6a1f9-42fe-2932-7ea0-1dd285491b7b, 299, 2, 1328, 29, 39.96
2026/09/08 22:38:23.425, GPU-ecc6a1f9-42fe-2932-7ea0-1dd285491b7b, 299, 2, 1328, 29, 41.18
2026/09/08 22:38:23.630, GPU-ecc6a1f9-42fe-2932-7ea0-1dd285491b7b, 301, 2, 1328, 29, 41.67
2026/09/08 22:38:23.833, GPU-ecc6a1f9-42fe-2932-7ea0-1dd285491b7b, 301, 2, 1328, 29, 40.43
2026/09/08 22:38:24.036, GPU-ecc6a1f9-42fe-2932-7ea0-1dd285491b7b, 301, 1, 1328, 29, 40.21
2026/09/08 22:38:24.240, GPU-ecc6a1f9-42fe-2932-7ea0-1dd285491b7b, 301, 2, 1328, 29, 39.70
2026/09/08 22:38:24.443, GPU-ecc6a1f9-42fe-2932-7ea0-1dd285491b7b, 301, 1, 1189, 30, 108.46
2026/09/08 22:38:24.649, GPU-ecc6a1f9-42fe-2932-7ea0-1dd285491b7b, 301, 83, 1316, 31, 148.87
2026/09/08 22:38:24.853, GPU-ecc6a1f9-42fe-2932-7ea0-1dd285491b7b, 301, 99, 1328, 32, 149.51
2026/09/08 22:38:25.056, GPU-ecc6a1f9-42fe-2932-7ea0-1dd285491b7b, 301, 99, 1328, 32, 153.13
2026/09/08 22:38:25.259, GPU-ecc6a1f9-42fe-2932-7ea0-1dd285491b7b, 301, 99, 1328, 33, 166.57
2026/09/08 22:38:25.463, GPU-ecc6a1f9-42fe-2932-7ea0-1dd285491b7b, 301, 99, 1328, 33, 177.09
2026/09/08 22:38:25.669, GPU-ecc6a1f9-42fe-2932-7ea0-1dd285491b7b, 301, 99, 1328, 33, 177.35
2026/09/08 22:38:25.873, GPU-ecc6a1f9-42fe-2932-7ea0-1dd285491b7b, 5, 81, 1328, 32, 41.91
2026/09/08 22:38:26.076, GPU-ecc6a1f9-42fe-2932-7ea0-1dd285491b7b, 5, 5, 1328, 31, 39.73
2026/09/08 22:38:26.280, GPU-ecc6a1f9-42fe-2932-7ea0-1dd285491b7b, 5, 0, 1328, 31, 39.48
2026/09/08 22:38:26.483, GPU-ecc6a1f9-42fe-2932-7ea0-1dd285491b7b, 5, 0, 1328, 31, 38.99
2026/09/08 22:38:26.688, GPU-ecc6a1f9-42fe-2932-7ea0-1dd285491b7b, 5, 0, 1328, 30, 38.99
2026/09/08 22:38:26.892, GPU-ecc6a1f9-42fe-2932-7ea0-1dd285491b7b, 5, 0, 1328, 30, 38.75
2026/09/08 22:38:27.095, GPU-ecc6a1f9-42fe-2932-7ea0-1dd285491b7b, 5, 0, 1328, 30, 38.75
2026/09/08 22:38:27.299, GPU-ecc6a1f9-42fe-2932-7ea0-1dd285491b7b, 5, 0, 1328, 30, 36.07
2026/09/08 22:38:27.502, GPU-ecc6a1f9-42fe-2932-7ea0-1dd285491b7b, 5, 0, 1328, 30, 36.07
2026/09/08 22:38:27.706, GPU-ecc6a1f9-42fe-2932-7ea0-1dd285491b7b, 5, 0, 1328, 30, 36.07
2026/09/08 22:38:27.909, GPU-ecc6a1f9-42fe-2932-7ea0-1dd285491b7b, 5, 0, 1328, 30, 36.07
2026/09/08 22:38:28.113, GPU-ecc6a1f9-42fe-2932-7ea0-1dd285491b7b, 5, 0, 1328, 30, 36.07
2026/09/08 22:38:28.316, GPU-ecc6a1f9-42fe-2932-7ea0-1dd285491b7b, 5, 0, 1328, 30, 36.07
2026/09/08 22:38:28.520, GPU-ecc6a1f9-42fe-2932-7ea0-1dd285491b7b, 5, 0, 1328, 30, 36.07
2026/09/08 22:38:28.723, GPU-ecc6a1f9-42fe-2932-7ea0-1dd285491b7b, 5, 0, 1328, 30, 36.07
2026/09/08 22:38:28.929, GPU-ecc6a1f9-42fe-2932-7ea0-1dd285491b7b, 5, 0, 1328, 30, 36.07
2026/09/08 22:38:29.132, GPU-ecc6a1f9-42fe-2932-7ea0-1dd285491b7b, 5, 0, 1328, 30, 36.07
2026/09/08 22:38:29.336, GPU-ecc6a1f9-42fe-2932-7ea0-1dd285491b7b, 5, 0, 1328, 30, 36.07
2026/09/08 22:38:29.539, GPU-ecc6a1f9-42fe-2932-7ea0-1dd285491b7b, 5, 0, 1328, 30, 36.07
2026/09/08 22:38:29.743, GPU-ecc6a1f9-42fe-2932-7ea0-1dd285491b7b, 5, 0, 1328, 30, 36.07
2026/09/08 22:38:29.948, GPU-ecc6a1f9-42fe-2932-7ea0-1dd285491b7b, 5, 0, 1328, 30, 36.07
2026/09/08 22:38:30.151, GPU-ecc6a1f9-42fe-2932-7ea0-1dd285491b7b, 5, 0, 1328, 30, 36.07
2026/09/08 22:38:30.355, GPU-ecc6a1f9-42fe-2932-7ea0-1dd285491b7b, 5, 0, 1328, 30, 36.07
2026/09/08 22:38:30.558, GPU-ecc6a1f9-42fe-2932-7ea0-1dd285491b7b, 5, 0, 1328, 30, 36.07
2026/09/08 22:38:30.762, GPU-ecc6a1f9-42fe-2932-7ea0-1dd285491b7b, 5, 0, 1328, 30, 36.07
2026/09/08 22:38:30.967, GPU-ecc6a1f9-42fe-2932-7ea0-1dd285491b7b, 5, 0, 1328, 29, 36.07
2026/09/08 22:38:31.171, GPU-ecc6a1f9-42fe-2932-7ea0-1dd285491b7b, 5, 0, 1328, 29, 36.07
2026/09/08 22:38:31.374, GPU-ecc6a1f9-42fe-2932-7ea0-1dd285491b7b, 5, 0, 1328, 30, 36.07
2026/09/08 22:38:31.578, GPU-ecc6a1f9-42fe-2932-7ea0-1dd285491b7b, 5, 0, 1328, 30, 36.07
2026/09/08 22:38:31.781, GPU-ecc6a1f9-42fe-2932-7ea0-1dd285491b7b, 5, 0, 1328, 30, 36.07
2026/09/08 22:38:31.986, GPU-ecc6a1f9-42fe-2932-7ea0-1dd285491b7b, 5, 0, 1328, 30, 36.07
2026/09/08 22:38:32.191, GPU-ecc6a1f9-42fe-2932-7ea0-1dd285491b7b, 5, 0, 1328, 30, 36.07
2026/09/08 22:38:32.394, GPU-ecc6a1f9-42fe-2932-7ea0-1dd285491b7b, 5, 0, 1328, 30, 36.07
2026/09/08 22:38:32.597, GPU-ecc6a1f9-42fe-2932-7ea0-1dd285491b7b, 5, 0, 1328, 30, 36.07
2026/09/08 22:38:32.801, GPU-ecc6a1f9-42fe-2932-7ea0-1dd285491b7b, 5, 0, 1328, 30, 36.07
2026/09/08 22:38:33.006, GPU-ecc6a1f9-42fe-2932-7ea0-1dd285491b7b, 5, 0, 1328, 30, 36.07
2026/09/08 22:38:33.210, GPU-ecc6a1f9-42fe-2932-7ea0-1dd285491b7b, 5, 0, 1328, 30, 36.07
2026/09/08 22:38:33.414, GPU-ecc6a1f9-42fe-2932-7ea0-1dd285491b7b, 5, 0, 1328, 30, 36.07
2026/09/08 22:38:33.617, GPU-ecc6a1f9-42fe-2932-7ea0-1dd285491b7b, 5, 0, 1328, 30, 36.07
2026/09/08 22:38:33.820, GPU-ecc6a1f9-42fe-2932-7ea0-1dd285491b7b, 5, 0, 1328, 29, 36.07
2026/09/08 22:38:34.026, GPU-ecc6a1f9-42fe-2932-7ea0-1dd285491b7b, 5, 0, 1328, 30, 36.07
2026/09/08 22:38:34.229, GPU-ecc6a1f9-42fe-2932-7ea0-1dd285491b7b, 5, 0, 1328, 30, 36.07
2026/09/08 22:38:34.433, GPU-ecc6a1f9-42fe-2932-7ea0-1dd285491b7b, 5, 0, 1328, 30, 36.07
2026/09/08 22:38:34.636, GPU-ecc6a1f9-42fe-2932-7ea0-1dd285491b7b, 5, 0, 1328, 29, 36.07
2026/09/08 22:38:34.840, GPU-ecc6a1f9-42fe-2932-7ea0-1dd285491b7b, 5, 0, 1328, 30, 36.07
2026/09/08 22:38:35.045, GPU-ecc6a1f9-42fe-2932-7ea0-1dd285491b7b, 5, 0, 1328, 29, 36.07
2026/09/08 22:38:35.248, GPU-ecc6a1f9-42fe-2932-7ea0-1dd285491b7b, 5, 0, 1328, 30, 36.07
2026/09/08 22:38:35.452, GPU-ecc6a1f9-42fe-2932-7ea0-1dd285491b7b, 5, 0, 1328, 30, 36.07
2026/09/08 22:38:35.655, GPU-ecc6a1f9-42fe-2932-7ea0-1dd285491b7b, 5, 0, 1328, 30, 36.07
2026/09/08 22:38:35.859, GPU-ecc6a1f9-42fe-2932-7ea0-1dd285491b7b, 5, 0, 1328, 30, 36.07
2026/09/08 22:38:36.064, GPU-ecc6a1f9-42fe-2932-7ea0-1dd285491b7b, 5, 0, 1328, 30, 36.07
2026/09/08 22:38:36.268, GPU-ecc6a1f9-42fe-2932-7ea0-1dd285491b7b, 5, 0, 1328, 30, 36.07
2026/09/08 22:38:36.471, GPU-ecc6a1f9-42fe-2932-7ea0-1dd285491b7b, 5, 0, 1328, 30, 36.07
2026/09/08 22:38:36.675, GPU-ecc6a1f9-42fe-2932-7ea0-1dd285491b7b, 5, 0, 1328, 30, 35.82
2026/09/08 22:38:36.878, GPU-ecc6a1f9-42fe-2932-7ea0-1dd285491b7b, 5, 0, 1328, 30, 36.07
2026/09/08 22:38:37.083, GPU-ecc6a1f9-42fe-2932-7ea0-1dd285491b7b, 5, 0, 1328, 30, 36.07
2026/09/08 22:38:37.287, GPU-ecc6a1f9-42fe-2932-7ea0-1dd285491b7b, 5, 0, 1328, 29, 36.07
2026/09/08 22:38:37.490, GPU-ecc6a1f9-42fe-2932-7ea0-1dd285491b7b, 5, 0, 1328, 29, 36.07
2026/09/08 22:38:37.694, GPU-ecc6a1f9-42fe-2932-7ea0-1dd285491b7b, 5, 0, 1328, 29, 36.07
2026/09/08 22:38:37.898, GPU-ecc6a1f9-42fe-2932-7ea0-1dd285491b7b, 5, 0, 1328, 29, 36.07
2026/09/08 22:38:38.103, GPU-ecc6a1f9-42fe-2932-7ea0-1dd285491b7b, 5, 0, 1328, 30, 36.07
2026/09/08 22:38:38.306, GPU-ecc6a1f9-42fe-2932-7ea0-1dd285491b7b, 5, 0, 1328, 30, 36.07
2026/09/08 22:38:38.510, GPU-ecc6a1f9-42fe-2932-7ea0-1dd285491b7b, 5, 0, 1328, 30, 36.07
2026/09/08 22:38:38.713, GPU-ecc6a1f9-42fe-2932-7ea0-1dd285491b7b, 5, 0, 1328, 30, 36.07
2026/09/08 22:38:38.917, GPU-ecc6a1f9-42fe-2932-7ea0-1dd285491b7b, 5, 0, 1328, 30, 36.07
2026/09/08 22:38:39.122, GPU-ecc6a1f9-42fe-2932-7ea0-1dd285491b7b, 5, 0, 1328, 30, 36.07
2026/09/08 22:38:39.326, GPU-ecc6a1f9-42fe-2932-7ea0-1dd285491b7b, 5, 0, 1328, 30, 36.07
2026/09/08 22:38:39.529, GPU-ecc6a1f9-42fe-2932-7ea0-1dd285491b7b, 5, 0, 1328, 30, 36.07
2026/09/08 22:38:39.733, GPU-ecc6a1f9-42fe-2932-7ea0-1dd285491b7b, 5, 0, 1328, 30, 36.07
2026/09/08 22:38:39.936, GPU-ecc6a1f9-42fe-2932-7ea0-1dd285491b7b, 5, 0, 1328, 30, 36.07
2026/09/08 22:38:40.142, GPU-ecc6a1f9-42fe-2932-7ea0-1dd285491b7b, 5, 0, 1328, 30, 36.07
2026/09/08 22:38:40.345, GPU-ecc6a1f9-42fe-2932-7ea0-1dd285491b7b, 5, 0, 1328, 30, 36.07
2026/09/08 22:38:40.549, GPU-ecc6a1f9-42fe-2932-7ea0-1dd285491b7b, 5, 0, 1328, 30, 36.07
2026/09/08 22:38:40.752, GPU-ecc6a1f9-42fe-2932-7ea0-1dd285491b7b, 5, 0, 1328, 30, 36.07
2026/09/08 22:38:40.956, GPU-ecc6a1f9-42fe-2932-7ea0-1dd285491b7b, 5, 0, 1328, 29, 36.07
2026/09/08 22:38:41.161, GPU-ecc6a1f9-42fe-2932-7ea0-1dd285491b7b, 5, 0, 1328, 29, 36.07
2026/09/08 22:38:41.365, GPU-ecc6a1f9-42fe-2932-7ea0-1dd285491b7b, 5, 0, 1328, 29, 36.07
2026/09/08 22:38:41.568, GPU-ecc6a1f9-42fe-2932-7ea0-1dd285491b7b, 5, 0, 1328, 29, 36.07
2026/09/08 22:38:41.772, GPU-ecc6a1f9-42fe-2932-7ea0-1dd285491b7b, 5, 0, 1328, 30, 36.07
2026/09/08 22:38:41.975, GPU-ecc6a1f9-42fe-2932-7ea0-1dd285491b7b, 5, 0, 1328, 30, 36.07
2026/09/08 22:38:42.181, GPU-ecc6a1f9-42fe-2932-7ea0-1dd285491b7b, 5, 0, 1328, 30, 36.07
2026/09/08 22:38:42.384, GPU-ecc6a1f9-42fe-2932-7ea0-1dd285491b7b, 5, 0, 1328, 30, 36.07
2026/09/08 22:38:42.588, GPU-ecc6a1f9-42fe-2932-7ea0-1dd285491b7b, 5, 0, 1328, 29, 36.07
2026/09/08 22:38:42.791, GPU-ecc6a1f9-42fe-2932-7ea0-1dd285491b7b, 5, 0, 1328, 29, 36.07
2026/09/08 22:38:42.995, GPU-ecc6a1f9-42fe-2932-7ea0-1dd285491b7b, 5, 0, 1328, 30, 36.07
2026/09/08 22:38:43.201, GPU-ecc6a1f9-42fe-2932-7ea0-1dd285491b7b, 5, 0, 1328, 30, 36.07
2026/09/08 22:38:43.405, GPU-ecc6a1f9-42fe-2932-7ea0-1dd285491b7b, 5, 0, 1328, 30, 36.07
2026/09/08 22:38:43.608, GPU-ecc6a1f9-42fe-2932-7ea0-1dd285491b7b, 5, 0, 1328, 30, 36.07
2026/09/08 22:38:43.812, GPU-ecc6a1f9-42fe-2932-7ea0-1dd285491b7b, 5, 0, 1328, 30, 36.07
2026/09/08 22:38:44.015, GPU-ecc6a1f9-42fe-2932-7ea0-1dd285491b7b, 5, 0, 1328, 30, 36.07
2026/09/08 22:38:44.222, GPU-ecc6a1f9-42fe-2932-7ea0-1dd285491b7b, 5, 0, 1328, 30, 36.07
2026/09/08 22:38:44.425, GPU-ecc6a1f9-42fe-2932-7ea0-1dd285491b7b, 5, 0, 1328, 30, 36.07
2026/09/08 22:38:44.629, GPU-ecc6a1f9-42fe-2932-7ea0-1dd285491b7b, 5, 0, 1328, 30, 36.07
2026/09/08 22:38:44.832, GPU-ecc6a1f9-42fe-2932-7ea0-1dd285491b7b, 5, 0, 1328, 30, 36.07
2026/09/08 22:38:45.036, GPU-ecc6a1f9-42fe-2932-7ea0-1dd285491b7b, 5, 0, 1328, 30, 36.07
2026/09/08 22:38:45.239, GPU-ecc6a1f9-42fe-2932-7ea0-1dd285491b7b, 5, 0, 1328, 30, 36.07
2026/09/08 22:38:45.443, GPU-ecc6a1f9-42fe-2932-7ea0-1dd285491b7b, 5, 0, 1328, 30, 36.07
2026/09/08 22:38:45.648, GPU-ecc6a1f9-42fe-2932-7ea0-1dd285491b7b, 5, 0, 1328, 29, 36.07
2026/09/08 22:38:45.851, GPU-ecc6a1f9-42fe-2932-7ea0-1dd285491b7b, 5, 0, 1328, 30, 36.07
2026/09/08 22:38:46.055, GPU-ecc6a1f9-42fe-2932-7ea0-1dd285491b7b, 5, 0, 1328, 30, 36.07
2026/09/08 22:38:46.258, GPU-ecc6a1f9-42fe-2932-7ea0-1dd285491b7b, 5, 0, 1328, 30, 36.07
2026/09/08 22:38:46.462, GPU-ecc6a1f9-42fe-2932-7ea0-1dd285491b7b, 5, 0, 1328, 30, 36.07
2026/09/08 22:38:46.665, GPU-ecc6a1f9-42fe-2932-7ea0-1dd285491b7b, 5, 0, 1328, 29, 36.07
2026/09/08 22:38:46.869, GPU-ecc6a1f9-42fe-2932-7ea0-1dd285491b7b, 5, 0, 1328, 30, 36.07
2026/09/08 22:38:47.076, GPU-ecc6a1f9-42fe-2932-7ea0-1dd285491b7b, 5, 0, 1328, 29, 36.07
2026/09/08 22:38:47.279, GPU-ecc6a1f9-42fe-2932-7ea0-1dd285491b7b, 5, 0, 1328, 30, 36.07
2026/09/08 22:38:47.482, GPU-ecc6a1f9-42fe-2932-7ea0-1dd285491b7b, 5, 0, 1328, 30, 36.07
2026/09/08 22:38:47.686, GPU-ecc6a1f9-42fe-2932-7ea0-1dd285491b7b, 5, 0, 1328, 30, 36.07
2026/09/08 22:38:47.889, GPU-ecc6a1f9-42fe-2932-7ea0-1dd285491b7b, 5, 0, 1328, 30, 36.07
2026/09/08 22:38:48.093, GPU-ecc6a1f9-42fe-2932-7ea0-1dd285491b7b, 5, 0, 1328, 30, 36.07
2026/09/08 22:38:48.298, GPU-ecc6a1f9-42fe-2932-7ea0-1dd285491b7b, 5, 0, 1328, 30, 36.07
2026/09/08 22:38:48.502, GPU-ecc6a1f9-42fe-2932-7ea0-1dd285491b7b, 5, 0, 1328, 30, 36.07
2026/09/08 22:38:48.705, GPU-ecc6a1f9-42fe-2932-7ea0-1dd285491b7b, 5, 0, 1328, 30, 36.07
2026/09/08 22:38:48.909, GPU-ecc6a1f9-42fe-2932-7ea0-1dd285491b7b, 5, 0, 1328, 30, 36.07
2026/09/08 22:38:49.112, GPU-ecc6a1f9-42fe-2932-7ea0-1dd285491b7b, 5, 0, 1328, 30, 36.07
2026/09/08 22:38:49.318, GPU-ecc6a1f9-42fe-2932-7ea0-1dd285491b7b, 5, 0, 1328, 29, 36.07
2026/09/08 22:38:49.521, GPU-ecc6a1f9-42fe-2932-7ea0-1dd285491b7b, 5, 0, 1328, 30, 36.07
2026/09/08 22:38:49.725, GPU-ecc6a1f9-42fe-2932-7ea0-1dd285491b7b, 5, 0, 1328, 30, 36.07
2026/09/08 22:38:49.928, GPU-ecc6a1f9-42fe-2932-7ea0-1dd285491b7b, 5, 0, 1328, 29, 36.07
2026/09/08 22:38:50.132, GPU-ecc6a1f9-42fe-2932-7ea0-1dd285491b7b, 5, 0, 1328, 30, 36.07
2026/09/08 22:38:50.337, GPU-ecc6a1f9-42fe-2932-7ea0-1dd285491b7b, 5, 0, 1328, 30, 36.07
2026/09/08 22:38:50.540, GPU-ecc6a1f9-42fe-2932-7ea0-1dd285491b7b, 5, 0, 1328, 30, 36.07
2026/09/08 22:38:50.744, GPU-ecc6a1f9-42fe-2932-7ea0-1dd285491b7b, 5, 0, 1328, 30, 36.07
2026/09/08 22:38:50.947, GPU-ecc6a1f9-42fe-2932-7ea0-1dd285491b7b, 5, 0, 1328, 30, 36.07
2026/09/08 22:38:51.151, GPU-ecc6a1f9-42fe-2932-7ea0-1dd285491b7b, 5, 0, 1328, 30, 36.07
2026/09/08 22:38:51.356, GPU-ecc6a1f9-42fe-2932-7ea0-1dd285491b7b, 5, 0, 1328, 30, 36.07
2026/09/08 22:38:51.560, GPU-ecc6a1f9-42fe-2932-7ea0-1dd285491b7b, 5, 0, 1328, 30, 36.07
2026/09/08 22:38:51.763, GPU-ecc6a1f9-42fe-2932-7ea0-1dd285491b7b, 5, 0, 1328, 30, 36.07
2026/09/08 22:38:51.967, GPU-ecc6a1f9-42fe-2932-7ea0-1dd285491b7b, 5, 0, 1328, 29, 36.07
2026/09/08 22:38:52.170, GPU-ecc6a1f9-42fe-2932-7ea0-1dd285491b7b, 5, 0, 1328, 30, 36.07
2026/09/08 22:38:52.376, GPU-ecc6a1f9-42fe-2932-7ea0-1dd285491b7b, 5, 0, 1328, 30, 36.07
2026/09/08 22:38:52.579, GPU-ecc6a1f9-42fe-2932-7ea0-1dd285491b7b, 5, 0, 1328, 30, 36.07
2026/09/08 22:38:52.783, GPU-ecc6a1f9-42fe-2932-7ea0-1dd285491b7b, 5, 0, 1328, 29, 36.07
2026/09/08 22:38:52.986, GPU-ecc6a1f9-42fe-2932-7ea0-1dd285491b7b, 5, 0, 1328, 29, 36.07
2026/09/08 22:38:53.189, GPU-ecc6a1f9-42fe-2932-7ea0-1dd285491b7b, 5, 0, 1328, 29, 36.07
2026/09/08 22:38:53.395, GPU-ecc6a1f9-42fe-2932-7ea0-1dd285491b7b, 5, 0, 1328, 29, 36.07
2026/09/08 22:38:53.598, GPU-ecc6a1f9-42fe-2932-7ea0-1dd285491b7b, 5, 0, 1328, 29, 36.07
2026/09/08 22:38:53.802, GPU-ecc6a1f9-42fe-2932-7ea0-1dd285491b7b, 5, 0, 1328, 29, 36.07
2026/09/08 22:38:54.006, GPU-ecc6a1f9-42fe-2932-7ea0-1dd285491b7b, 5, 0, 1328, 30, 36.07
2026/09/08 22:38:54.209, GPU-ecc6a1f9-42fe-2932-7ea0-1dd285491b7b, 5, 0, 1328, 29, 36.07
2026/09/08 22:38:54.414, GPU-ecc6a1f9-42fe-2932-7ea0-1dd285491b7b, 5, 0, 1328, 29, 36.07
2026/09/08 22:38:54.618, GPU-ecc6a1f9-42fe-2932-7ea0-1dd285491b7b, 5, 0, 1328, 29, 36.07
2026/09/08 22:38:54.822, GPU-ecc6a1f9-42fe-2932-7ea0-1dd285491b7b, 5, 0, 1328, 30, 36.07
2026/09/08 22:38:55.025, GPU-ecc6a1f9-42fe-2932-7ea0-1dd285491b7b, 5, 0, 1328, 29, 36.07
2026/09/08 22:38:55.229, GPU-ecc6a1f9-42fe-2932-7ea0-1dd285491b7b, 5, 0, 1328, 29, 36.07
2026/09/08 22:38:55.434, GPU-ecc6a1f9-42fe-2932-7ea0-1dd285491b7b, 5, 0, 1328, 30, 36.07
2026/09/08 22:38:55.637, GPU-ecc6a1f9-42fe-2932-7ea0-1dd285491b7b, 5, 0, 1328, 30, 36.07
2026/09/08 22:38:55.841, GPU-ecc6a1f9-42fe-2932-7ea0-1dd285491b7b, 5, 0, 1328, 30, 36.07
2026/09/08 22:38:56.045, GPU-ecc6a1f9-42fe-2932-7ea0-1dd285491b7b, 5, 0, 1328, 30, 36.07
2026/09/08 22:38:56.248, GPU-ecc6a1f9-42fe-2932-7ea0-1dd285491b7b, 5, 0, 1328, 30, 36.07
2026/09/08 22:38:56.453, GPU-ecc6a1f9-42fe-2932-7ea0-1dd285491b7b, 5, 0, 1328, 30, 36.07
2026/09/08 22:38:56.657, GPU-ecc6a1f9-42fe-2932-7ea0-1dd285491b7b, 5, 0, 1328, 30, 36.07
2026/09/08 22:38:56.860, GPU-ecc6a1f9-42fe-2932-7ea0-1dd285491b7b, 5, 0, 1328, 30, 36.07
2026/09/08 22:38:57.064, GPU-ecc6a1f9-42fe-2932-7ea0-1dd285491b7b, 5, 0, 1328, 30, 36.07
2026/09/08 22:38:57.267, GPU-ecc6a1f9-42fe-2932-7ea0-1dd285491b7b, 5, 0, 1328, 30, 36.07
2026/09/08 22:38:57.473, GPU-ecc6a1f9-42fe-2932-7ea0-1dd285491b7b, 5, 0, 1328, 30, 36.07
2026/09/08 22:38:57.676, GPU-ecc6a1f9-42fe-2932-7ea0-1dd285491b7b, 5, 0, 1328, 30, 36.07
2026/09/08 22:38:57.880, GPU-ecc6a1f9-42fe-2932-7ea0-1dd285491b7b, 5, 0, 1328, 30, 36.07
2026/09/08 22:38:58.083, GPU-ecc6a1f9-42fe-2932-7ea0-1dd285491b7b, 5, 0, 1328, 30, 36.07
2026/09/08 22:38:58.286, GPU-ecc6a1f9-42fe-2932-7ea0-1dd285491b7b, 5, 0, 1328, 30, 36.07
2026/09/08 22:38:58.492, GPU-ecc6a1f9-42fe-2932-7ea0-1dd285491b7b, 5, 0, 1328, 30, 36.07
2026/09/08 22:38:58.695, GPU-ecc6a1f9-42fe-2932-7ea0-1dd285491b7b, 5, 0, 1328, 30, 36.07
2026/09/08 22:38:58.899, GPU-ecc6a1f9-42fe-2932-7ea0-1dd285491b7b, 5, 0, 1328, 30, 36.07
2026/09/08 22:38:59.102, GPU-ecc6a1f9-42fe-2932-7ea0-1dd285491b7b, 5, 0, 1328, 30, 36.07
2026/09/08 22:38:59.306, GPU-ecc6a1f9-42fe-2932-7ea0-1dd285491b7b, 5, 0, 1328, 30, 36.07
2026/09/08 22:38:59.511, GPU-ecc6a1f9-42fe-2932-7ea0-1dd285491b7b, 5, 0, 1328, 30, 36.07
2026/09/08 22:38:59.715, GPU-ecc6a1f9-42fe-2932-7ea0-1dd285491b7b, 5, 0, 1328, 30, 36.07
2026/09/08 22:38:59.918, GPU-ecc6a1f9-42fe-2932-7ea0-1dd285491b7b, 5, 0, 1328, 29, 36.07
2026/09/08 22:39:00.122, GPU-ecc6a1f9-42fe-2932-7ea0-1dd285491b7b, 5, 0, 1328, 29, 36.07
2026/09/08 22:39:00.326, GPU-ecc6a1f9-42fe-2932-7ea0-1dd285491b7b, 5, 0, 1328, 29, 36.07
2026/09/08 22:39:00.531, GPU-ecc6a1f9-42fe-2932-7ea0-1dd285491b7b, 5, 0, 1328, 30, 36.07
2026/09/08 22:39:00.734, GPU-ecc6a1f9-42fe-2932-7ea0-1dd285491b7b, 5, 0, 1328, 29, 36.07
2026/09/08 22:39:00.938, GPU-ecc6a1f9-42fe-2932-7ea0-1dd285491b7b, 5, 0, 1328, 30, 36.07
2026/09/08 22:39:01.141, GPU-ecc6a1f9-42fe-2932-7ea0-1dd285491b7b, 5, 0, 1328, 30, 36.07
2026/09/08 22:39:01.345, GPU-ecc6a1f9-42fe-2932-7ea0-1dd285491b7b, 5, 0, 1328, 30, 36.07
2026/09/08 22:39:01.550, GPU-ecc6a1f9-42fe-2932-7ea0-1dd285491b7b, 5, 0, 1328, 30, 36.07
2026/09/08 22:39:01.754, GPU-ecc6a1f9-42fe-2932-7ea0-1dd285491b7b, 5, 0, 1328, 30, 36.07
2026/09/08 22:39:01.957, GPU-ecc6a1f9-42fe-2932-7ea0-1dd285491b7b, 5, 0, 1328, 30, 36.07
2026/09/08 22:39:02.161, GPU-ecc6a1f9-42fe-2932-7ea0-1dd285491b7b, 5, 0, 1328, 30, 36.07
2026/09/08 22:39:02.364, GPU-ecc6a1f9-42fe-2932-7ea0-1dd285491b7b, 5, 0, 1328, 30, 36.07
2026/09/08 22:39:02.570, GPU-ecc6a1f9-42fe-2932-7ea0-1dd285491b7b, 5, 0, 1328, 30, 36.07
2026/09/08 22:39:02.773, GPU-ecc6a1f9-42fe-2932-7ea0-1dd285491b7b, 5, 0, 1328, 30, 36.07
2026/09/08 22:39:02.976, GPU-ecc6a1f9-42fe-2932-7ea0-1dd285491b7b, 5, 0, 1328, 30, 36.07
2026/09/08 22:39:03.180, GPU-ecc6a1f9-42fe-2932-7ea0-1dd285491b7b, 5, 0, 1328, 30, 36.07
2026/09/08 22:39:03.383, GPU-ecc6a1f9-42fe-2932-7ea0-1dd285491b7b, 5, 0, 1328, 30, 36.07
2026/09/08 22:39:03.589, GPU-ecc6a1f9-42fe-2932-7ea0-1dd285491b7b, 5, 0, 1328, 30, 36.07
2026/09/08 22:39:03.793, GPU-ecc6a1f9-42fe-2932-7ea0-1dd285491b7b, 5, 0, 1328, 30, 36.07
2026/09/08 22:39:03.996, GPU-ecc6a1f9-42fe-2932-7ea0-1dd285491b7b, 5, 0, 1328, 30, 36.07
2026/09/08 22:39:04.199, GPU-ecc6a1f9-42fe-2932-7ea0-1dd285491b7b, 5, 0, 1328, 30, 36.07
2026/09/08 22:39:04.403, GPU-ecc6a1f9-42fe-2932-7ea0-1dd285491b7b, 5, 0, 1328, 30, 36.07
2026/09/08 22:39:04.609, GPU-ecc6a1f9-42fe-2932-7ea0-1dd285491b7b, 5, 0, 1328, 30, 36.07
2026/09/08 22:39:04.813, GPU-ecc6a1f9-42fe-2932-7ea0-1dd285491b7b, 5, 0, 1328, 30, 36.07
2026/09/08 22:39:05.016, GPU-ecc6a1f9-42fe-2932-7ea0-1dd285491b7b, 5, 0, 1328, 30, 36.07
2026/09/08 22:39:05.219, GPU-ecc6a1f9-42fe-2932-7ea0-1dd285491b7b, 5, 0, 1328, 29, 36.07
2026/09/08 22:39:05.424, GPU-ecc6a1f9-42fe-2932-7ea0-1dd285491b7b, 5, 0, 1328, 30, 36.07
2026/09/08 22:39:05.630, GPU-ecc6a1f9-42fe-2932-7ea0-1dd285491b7b, 5, 0, 1328, 30, 36.07
2026/09/08 22:39:05.833, GPU-ecc6a1f9-42fe-2932-7ea0-1dd285491b7b, 5, 0, 1328, 30, 36.07
2026/09/08 22:39:06.037, GPU-ecc6a1f9-42fe-2932-7ea0-1dd285491b7b, 5, 0, 1328, 29, 36.07
2026/09/08 22:39:06.240, GPU-ecc6a1f9-42fe-2932-7ea0-1dd285491b7b, 5, 0, 1328, 30, 36.07
2026/09/08 22:39:06.443, GPU-ecc6a1f9-42fe-2932-7ea0-1dd285491b7b, 5, 0, 1328, 30, 36.07
2026/09/08 22:39:06.647, GPU-ecc6a1f9-42fe-2932-7ea0-1dd285491b7b, 5, 0, 1328, 30, 36.07
2026/09/08 22:39:06.852, GPU-ecc6a1f9-42fe-2932-7ea0-1dd285491b7b, 5, 0, 1328, 29, 36.07
2026/09/08 22:39:07.056, GPU-ecc6a1f9-42fe-2932-7ea0-1dd285491b7b, 5, 0, 1328, 30, 36.07
2026/09/08 22:39:07.259, GPU-ecc6a1f9-42fe-2932-7ea0-1dd285491b7b, 5, 0, 1328, 30, 36.07
2026/09/08 22:39:07.463, GPU-ecc6a1f9-42fe-2932-7ea0-1dd285491b7b, 5, 0, 1328, 30, 36.07
2026/09/08 22:39:07.666, GPU-ecc6a1f9-42fe-2932-7ea0-1dd285491b7b, 5, 0, 1328, 30, 36.07
2026/09/08 22:39:07.870, GPU-ecc6a1f9-42fe-2932-7ea0-1dd285491b7b, 5, 0, 1328, 30, 36.07
2026/09/08 22:39:08.073, GPU-ecc6a1f9-42fe-2932-7ea0-1dd285491b7b, 5, 0, 1328, 30, 36.07
2026/09/08 22:39:08.278, GPU-ecc6a1f9-42fe-2932-7ea0-1dd285491b7b, 5, 0, 1328, 30, 36.07
2026/09/08 22:39:08.481, GPU-ecc6a1f9-42fe-2932-7ea0-1dd285491b7b, 5, 0, 1328, 30, 36.07
2026/09/08 22:39:08.686, GPU-ecc6a1f9-42fe-2932-7ea0-1dd285491b7b, 5, 0, 1328, 30, 36.07
2026/09/08 22:39:08.889, GPU-ecc6a1f9-42fe-2932-7ea0-1dd285491b7b, 5, 0, 1328, 30, 36.07
2026/09/08 22:39:09.093, GPU-ecc6a1f9-42fe-2932-7ea0-1dd285491b7b, 5, 0, 1328, 29, 36.07
2026/09/08 22:39:09.296, GPU-ecc6a1f9-42fe-2932-7ea0-1dd285491b7b, 5, 0, 1328, 30, 36.07
2026/09/08 22:39:09.499, GPU-ecc6a1f9-42fe-2932-7ea0-1dd285491b7b, 5, 0, 1328, 30, 36.07
2026/09/08 22:39:09.705, GPU-ecc6a1f9-42fe-2932-7ea0-1dd285491b7b, 5, 0, 1328, 30, 36.07
2026/09/08 22:39:09.908, GPU-ecc6a1f9-42fe-2932-7ea0-1dd285491b7b, 5, 0, 1328, 30, 36.07
2026/09/08 22:39:10.111, GPU-ecc6a1f9-42fe-2932-7ea0-1dd285491b7b, 5, 0, 1328, 30, 36.07
2026/09/08 22:39:10.315, GPU-ecc6a1f9-42fe-2932-7ea0-1dd285491b7b, 5, 0, 1328, 30, 36.07
2026/09/08 22:39:10.518, GPU-ecc6a1f9-42fe-2932-7ea0-1dd285491b7b, 5, 0, 1328, 30, 36.07
2026/09/08 22:39:10.722, GPU-ecc6a1f9-42fe-2932-7ea0-1dd285491b7b, 5, 0, 1328, 30, 36.07
2026/09/08 22:39:10.926, GPU-ecc6a1f9-42fe-2932-7ea0-1dd285491b7b, 5, 0, 1328, 30, 36.07
2026/09/08 22:39:11.129, GPU-ecc6a1f9-42fe-2932-7ea0-1dd285491b7b, 5, 0, 1328, 30, 36.07
2026/09/08 22:39:11.332, GPU-ecc6a1f9-42fe-2932-7ea0-1dd285491b7b, 5, 0, 405, 30, 28.77
2026/09/08 22:39:11.536, GPU-ecc6a1f9-42fe-2932-7ea0-1dd285491b7b, 5, 0, 405, 29, 26.34
2026/09/08 22:39:11.740, GPU-ecc6a1f9-42fe-2932-7ea0-1dd285491b7b, 5, 0, 405, 29, 26.34
2026/09/08 22:39:11.945, GPU-ecc6a1f9-42fe-2932-7ea0-1dd285491b7b, 5, 0, 405, 29, 26.34
2026/09/08 22:39:12.148, GPU-ecc6a1f9-42fe-2932-7ea0-1dd285491b7b, 5, 0, 405, 29, 26.34
2026/09/08 22:39:12.352, GPU-ecc6a1f9-42fe-2932-7ea0-1dd285491b7b, 5, 0, 405, 29, 26.34
2026/09/08 22:39:12.555, GPU-ecc6a1f9-42fe-2932-7ea0-1dd285491b7b, 5, 0, 405, 29, 26.34
2026/09/08 22:39:12.759, GPU-ecc6a1f9-42fe-2932-7ea0-1dd285491b7b, 5, 0, 405, 29, 26.34
2026/09/08 22:39:12.964, GPU-ecc6a1f9-42fe-2932-7ea0-1dd285491b7b, 5, 0, 405, 29, 26.34
2026/09/08 22:39:13.168, GPU-ecc6a1f9-42fe-2932-7ea0-1dd285491b7b, 5, 0, 405, 29, 26.34
2026/09/08 22:39:13.371, GPU-ecc6a1f9-42fe-2932-7ea0-1dd285491b7b, 5, 0, 405, 29, 26.34
2026/09/08 22:39:13.575, GPU-ecc6a1f9-42fe-2932-7ea0-1dd285491b7b, 5, 0, 405, 29, 26.34
2026/09/08 22:39:13.778, GPU-ecc6a1f9-42fe-2932-7ea0-1dd285491b7b, 5, 0, 405, 29, 26.34
2026/09/08 22:39:13.982, GPU-ecc6a1f9-42fe-2932-7ea0-1dd285491b7b, 5, 0, 405, 29, 26.34
2026/09/08 22:39:14.187, GPU-ecc6a1f9-42fe-2932-7ea0-1dd285491b7b, 5, 0, 405, 29, 26.34
2026/09/08 22:39:14.390, GPU-ecc6a1f9-42fe-2932-7ea0-1dd285491b7b, 5, 0, 405, 29, 26.34
2026/09/08 22:39:14.594, GPU-ecc6a1f9-42fe-2932-7ea0-1dd285491b7b, 5, 0, 405, 29, 26.34
2026/09/08 22:39:14.797, GPU-ecc6a1f9-42fe-2932-7ea0-1dd285491b7b, 5, 0, 405, 29, 26.34
2026/09/08 22:39:15.001, GPU-ecc6a1f9-42fe-2932-7ea0-1dd285491b7b, 5, 0, 405, 29, 26.34
2026/09/08 22:39:15.204, GPU-ecc6a1f9-42fe-2932-7ea0-1dd285491b7b, 5, 0, 405, 29, 26.34
2026/09/08 22:39:15.410, GPU-ecc6a1f9-42fe-2932-7ea0-1dd285491b7b, 5, 0, 405, 29, 26.34
2026/09/08 22:39:15.614, GPU-ecc6a1f9-42fe-2932-7ea0-1dd285491b7b, 5, 0, 405, 29, 26.34
2026/09/08 22:39:15.817, GPU-ecc6a1f9-42fe-2932-7ea0-1dd285491b7b, 5, 0, 405, 29, 26.34
2026/09/08 22:39:16.021, GPU-ecc6a1f9-42fe-2932-7ea0-1dd285491b7b, 5, 0, 405, 29, 26.09
2026/09/08 22:39:16.224, GPU-ecc6a1f9-42fe-2932-7ea0-1dd285491b7b, 5, 0, 405, 29, 26.34
2026/09/08 22:39:16.428, GPU-ecc6a1f9-42fe-2932-7ea0-1dd285491b7b, 5, 0, 405, 29, 26.33
2026/09/08 22:39:16.633, GPU-ecc6a1f9-42fe-2932-7ea0-1dd285491b7b, 5, 0, 405, 29, 26.33
2026/09/08 22:39:16.836, GPU-ecc6a1f9-42fe-2932-7ea0-1dd285491b7b, 5, 0, 405, 29, 26.34
2026/09/08 22:39:17.040, GPU-ecc6a1f9-42fe-2932-7ea0-1dd285491b7b, 5, 0, 405, 29, 26.34
2026/09/08 22:39:17.243, GPU-ecc6a1f9-42fe-2932-7ea0-1dd285491b7b, 5, 0, 405, 29, 26.34
2026/09/08 22:39:17.447, GPU-ecc6a1f9-42fe-2932-7ea0-1dd285491b7b, 5, 0, 405, 29, 26.33
2026/09/08 22:39:17.653, GPU-ecc6a1f9-42fe-2932-7ea0-1dd285491b7b, 5, 0, 405, 29, 26.09
2026/09/08 22:39:17.856, GPU-ecc6a1f9-42fe-2932-7ea0-1dd285491b7b, 5, 0, 405, 29, 26.33
2026/09/08 22:39:18.060, GPU-ecc6a1f9-42fe-2932-7ea0-1dd285491b7b, 5, 0, 405, 29, 26.34
2026/09/08 22:39:18.263, GPU-ecc6a1f9-42fe-2932-7ea0-1dd285491b7b, 5, 0, 405, 29, 26.34
2026/09/08 22:39:18.467, GPU-ecc6a1f9-42fe-2932-7ea0-1dd285491b7b, 5, 0, 405, 29, 26.34
2026/09/08 22:39:18.672, GPU-ecc6a1f9-42fe-2932-7ea0-1dd285491b7b, 5, 0, 405, 29, 26.34
2026/09/08 22:39:18.875, GPU-ecc6a1f9-42fe-2932-7ea0-1dd285491b7b, 5, 0, 405, 29, 26.34
2026/09/08 22:39:19.079, GPU-ecc6a1f9-42fe-2932-7ea0-1dd285491b7b, 5, 0, 405, 29, 26.34
2026/09/08 22:39:19.283, GPU-ecc6a1f9-42fe-2932-7ea0-1dd285491b7b, 5, 0, 405, 29, 26.34
2026/09/08 22:39:19.486, GPU-ecc6a1f9-42fe-2932-7ea0-1dd285491b7b, 5, 0, 405, 29, 26.34
2026/09/08 22:39:19.691, GPU-ecc6a1f9-42fe-2932-7ea0-1dd285491b7b, 5, 0, 405, 29, 26.09
2026/09/08 22:39:19.895, GPU-ecc6a1f9-42fe-2932-7ea0-1dd285491b7b, 5, 0, 405, 29, 26.09
2026/09/08 22:39:20.098, GPU-ecc6a1f9-42fe-2932-7ea0-1dd285491b7b, 5, 0, 405, 29, 26.34
2026/09/08 22:39:20.302, GPU-ecc6a1f9-42fe-2932-7ea0-1dd285491b7b, 5, 0, 405, 29, 26.09
2026/09/08 22:39:20.505, GPU-ecc6a1f9-42fe-2932-7ea0-1dd285491b7b, 5, 0, 405, 29, 26.09
2026/09/08 22:39:20.710, GPU-ecc6a1f9-42fe-2932-7ea0-1dd285491b7b, 5, 0, 405, 29, 26.09
2026/09/08 22:39:20.914, GPU-ecc6a1f9-42fe-2932-7ea0-1dd285491b7b, 5, 0, 405, 29, 26.34
2026/09/08 22:39:21.118, GPU-ecc6a1f9-42fe-2932-7ea0-1dd285491b7b, 5, 0, 405, 29, 26.34
2026/09/08 22:39:21.321, GPU-ecc6a1f9-42fe-2932-7ea0-1dd285491b7b, 5, 0, 405, 29, 26.34
2026/09/08 22:39:21.525, GPU-ecc6a1f9-42fe-2932-7ea0-1dd285491b7b, 5, 0, 405, 29, 26.34
2026/09/08 22:39:21.730, GPU-ecc6a1f9-42fe-2932-7ea0-1dd285491b7b, 5, 0, 405, 29, 26.09
2026/09/08 22:39:21.934, GPU-ecc6a1f9-42fe-2932-7ea0-1dd285491b7b, 5, 0, 405, 29, 26.34
2026/09/08 22:39:22.137, GPU-ecc6a1f9-42fe-2932-7ea0-1dd285491b7b, 5, 0, 405, 29, 26.34
2026/09/08 22:39:22.341, GPU-ecc6a1f9-42fe-2932-7ea0-1dd285491b7b, 5, 0, 405, 29, 26.09
2026/09/08 22:39:22.544, GPU-ecc6a1f9-42fe-2932-7ea0-1dd285491b7b, 5, 0, 405, 29, 26.34
2026/09/08 22:39:22.750, GPU-ecc6a1f9-42fe-2932-7ea0-1dd285491b7b, 5, 0, 405, 29, 26.34
2026/09/08 22:39:22.953, GPU-ecc6a1f9-42fe-2932-7ea0-1dd285491b7b, 5, 0, 405, 29, 26.34
2026/09/08 22:39:23.157, GPU-ecc6a1f9-42fe-2932-7ea0-1dd285491b7b, 5, 0, 405, 29, 26.09
2026/09/08 22:39:23.360, GPU-ecc6a1f9-42fe-2932-7ea0-1dd285491b7b, 5, 0, 405, 29, 26.34
2026/09/08 22:39:23.564, GPU-ecc6a1f9-42fe-2932-7ea0-1dd285491b7b, 5, 0, 405, 29, 26.09
2026/09/08 22:39:23.769, GPU-ecc6a1f9-42fe-2932-7ea0-1dd285491b7b, 5, 0, 405, 29, 26.09
2026/09/08 22:39:23.973, GPU-ecc6a1f9-42fe-2932-7ea0-1dd285491b7b, 5, 0, 405, 29, 26.09
2026/09/08 22:39:24.176, GPU-ecc6a1f9-42fe-2932-7ea0-1dd285491b7b, 5, 0, 405, 29, 26.34
2026/09/08 22:39:24.380, GPU-ecc6a1f9-42fe-2932-7ea0-1dd285491b7b, 5, 0, 405, 29, 26.09
2026/09/08 22:39:24.583, GPU-ecc6a1f9-42fe-2932-7ea0-1dd285491b7b, 5, 0, 405, 29, 26.34
2026/09/08 22:39:24.788, GPU-ecc6a1f9-42fe-2932-7ea0-1dd285491b7b, 5, 0, 405, 29, 26.34
2026/09/08 22:39:24.992, GPU-ecc6a1f9-42fe-2932-7ea0-1dd285491b7b, 5, 0, 405, 29, 26.34
2026/09/08 22:39:25.195, GPU-ecc6a1f9-42fe-2932-7ea0-1dd285491b7b, 5, 0, 405, 29, 26.34
2026/09/08 22:39:25.399, GPU-ecc6a1f9-42fe-2932-7ea0-1dd285491b7b, 5, 0, 405, 29, 26.09
2026/09/08 22:39:25.602, GPU-ecc6a1f9-42fe-2932-7ea0-1dd285491b7b, 5, 0, 405, 29, 26.09
2026/09/08 22:39:25.808, GPU-ecc6a1f9-42fe-2932-7ea0-1dd285491b7b, 5, 0, 405, 29, 26.09
2026/09/08 22:39:26.012, GPU-ecc6a1f9-42fe-2932-7ea0-1dd285491b7b, 5, 0, 405, 29, 26.09
2026/09/08 22:39:26.215, GPU-ecc6a1f9-42fe-2932-7ea0-1dd285491b7b, 5, 0, 405, 29, 26.09
2026/09/08 22:39:26.418, GPU-ecc6a1f9-42fe-2932-7ea0-1dd285491b7b, 5, 0, 405, 29, 26.09
2026/09/08 22:39:26.622, GPU-ecc6a1f9-42fe-2932-7ea0-1dd285491b7b, 5, 0, 405, 29, 26.09
2026/09/08 22:39:26.828, GPU-ecc6a1f9-42fe-2932-7ea0-1dd285491b7b, 5, 0, 405, 29, 26.09
2026/09/08 22:39:27.031, GPU-ecc6a1f9-42fe-2932-7ea0-1dd285491b7b, 5, 0, 405, 29, 26.09
2026/09/08 22:39:27.235, GPU-ecc6a1f9-42fe-2932-7ea0-1dd285491b7b, 5, 0, 405, 29, 26.09
2026/09/08 22:39:27.439, GPU-ecc6a1f9-42fe-2932-7ea0-1dd285491b7b, 5, 0, 405, 29, 26.09
2026/09/08 22:39:27.642, GPU-ecc6a1f9-42fe-2932-7ea0-1dd285491b7b, 5, 0, 405, 29, 26.09
2026/09/08 22:39:27.848, GPU-ecc6a1f9-42fe-2932-7ea0-1dd285491b7b, 5, 0, 405, 29, 26.09
2026/09/08 22:39:28.052, GPU-ecc6a1f9-42fe-2932-7ea0-1dd285491b7b, 5, 0, 405, 29, 26.09
2026/09/08 22:39:28.255, GPU-ecc6a1f9-42fe-2932-7ea0-1dd285491b7b, 5, 0, 405, 29, 26.09
2026/09/08 22:39:28.458, GPU-ecc6a1f9-42fe-2932-7ea0-1dd285491b7b, 5, 0, 405, 29, 26.09
2026/09/08 22:39:28.662, GPU-ecc6a1f9-42fe-2932-7ea0-1dd285491b7b, 5, 0, 405, 29, 26.09
2026/09/08 22:39:28.868, GPU-ecc6a1f9-42fe-2932-7ea0-1dd285491b7b, 5, 0, 405, 29, 26.09
2026/09/08 22:39:29.071, GPU-ecc6a1f9-42fe-2932-7ea0-1dd285491b7b, 5, 0, 405, 29, 26.09
2026/09/08 22:39:29.274, GPU-ecc6a1f9-42fe-2932-7ea0-1dd285491b7b, 5, 0, 405, 29, 26.09
2026/09/08 22:39:29.478, GPU-ecc6a1f9-42fe-2932-7ea0-1dd285491b7b, 5, 0, 405, 29, 26.09
2026/09/08 22:39:29.681, GPU-ecc6a1f9-42fe-2932-7ea0-1dd285491b7b, 5, 0, 405, 29, 26.09
2026/09/08 22:39:29.887, GPU-ecc6a1f9-42fe-2932-7ea0-1dd285491b7b, 5, 0, 405, 29, 26.09
2026/09/08 22:39:30.091, GPU-ecc6a1f9-42fe-2932-7ea0-1dd285491b7b, 5, 0, 405, 29, 26.09
2026/09/08 22:39:30.294, GPU-ecc6a1f9-42fe-2932-7ea0-1dd285491b7b, 5, 0, 405, 29, 26.09
2026/09/08 22:39:30.498, GPU-ecc6a1f9-42fe-2932-7ea0-1dd285491b7b, 5, 0, 405, 29, 26.09
2026/09/08 22:39:30.701, GPU-ecc6a1f9-42fe-2932-7ea0-1dd285491b7b, 5, 0, 405, 29, 26.09
2026/09/08 22:39:30.907, GPU-ecc6a1f9-42fe-2932-7ea0-1dd285491b7b, 5, 0, 405, 29, 26.09
2026/09/08 22:39:31.110, GPU-ecc6a1f9-42fe-2932-7ea0-1dd285491b7b, 5, 0, 405, 29, 26.09
2026/09/08 22:39:31.314, GPU-ecc6a1f9-42fe-2932-7ea0-1dd285491b7b, 5, 0, 405, 29, 26.09
2026/09/08 22:39:31.517, GPU-ecc6a1f9-42fe-2932-7ea0-1dd285491b7b, 5, 0, 405, 29, 26.09
2026/09/08 22:39:31.720, GPU-ecc6a1f9-42fe-2932-7ea0-1dd285491b7b, 5, 0, 405, 29, 26.09
2026/09/08 22:39:31.926, GPU-ecc6a1f9-42fe-2932-7ea0-1dd285491b7b, 5, 0, 405, 29, 26.09
2026/09/08 22:39:32.129, GPU-ecc6a1f9-42fe-2932-7ea0-1dd285491b7b, 5, 0, 405, 29, 26.09
2026/09/08 22:39:32.333, GPU-ecc6a1f9-42fe-2932-7ea0-1dd285491b7b, 5, 0, 405, 29, 26.09
2026/09/08 22:39:32.536, GPU-ecc6a1f9-42fe-2932-7ea0-1dd285491b7b, 5, 0, 405, 29, 26.09
2026/09/08 22:39:32.740, GPU-ecc6a1f9-42fe-2932-7ea0-1dd285491b7b, 5, 0, 405, 29, 26.09
2026/09/08 22:39:32.946, GPU-ecc6a1f9-42fe-2932-7ea0-1dd285491b7b, 5, 0, 405, 29, 26.09
2026/09/08 22:39:33.149, GPU-ecc6a1f9-42fe-2932-7ea0-1dd285491b7b, 5, 0, 405, 29, 26.09
2026/09/08 22:39:33.352, GPU-ecc6a1f9-42fe-2932-7ea0-1dd285491b7b, 5, 0, 405, 29, 26.09
2026/09/08 22:39:33.556, GPU-ecc6a1f9-42fe-2932-7ea0-1dd285491b7b, 5, 0, 405, 29, 26.09
2026/09/08 22:39:33.759, GPU-ecc6a1f9-42fe-2932-7ea0-1dd285491b7b, 5, 0, 405, 29, 26.34
2026/09/08 22:39:33.965, GPU-ecc6a1f9-42fe-2932-7ea0-1dd285491b7b, 5, 0, 405, 29, 26.09
2026/09/08 22:39:34.168, GPU-ecc6a1f9-42fe-2932-7ea0-1dd285491b7b, 5, 0, 405, 29, 26.09
2026/09/08 22:39:34.372, GPU-ecc6a1f9-42fe-2932-7ea0-1dd285491b7b, 5, 0, 405, 29, 26.09
2026/09/08 22:39:34.575, GPU-ecc6a1f9-42fe-2932-7ea0-1dd285491b7b, 5, 0, 405, 29, 26.09
2026/09/08 22:39:34.779, GPU-ecc6a1f9-42fe-2932-7ea0-1dd285491b7b, 5, 0, 405, 28, 26.09
2026/09/08 22:39:34.985, GPU-ecc6a1f9-42fe-2932-7ea0-1dd285491b7b, 5, 0, 405, 29, 26.09
2026/09/08 22:39:35.189, GPU-ecc6a1f9-42fe-2932-7ea0-1dd285491b7b, 5, 0, 405, 29, 26.09
2026/09/08 22:39:35.392, GPU-ecc6a1f9-42fe-2932-7ea0-1dd285491b7b, 5, 0, 405, 29, 26.09
2026/09/08 22:39:35.596, GPU-ecc6a1f9-42fe-2932-7ea0-1dd285491b7b, 5, 0, 405, 29, 26.09
2026/09/08 22:39:35.800, GPU-ecc6a1f9-42fe-2932-7ea0-1dd285491b7b, 5, 0, 405, 28, 26.09
2026/09/08 22:39:36.006, GPU-ecc6a1f9-42fe-2932-7ea0-1dd285491b7b, 5, 0, 405, 29, 26.09
2026/09/08 22:39:36.209, GPU-ecc6a1f9-42fe-2932-7ea0-1dd285491b7b, 5, 0, 405, 29, 26.09
2026/09/08 22:39:36.413, GPU-ecc6a1f9-42fe-2932-7ea0-1dd285491b7b, 5, 0, 405, 29, 26.09
2026/09/08 22:39:36.616, GPU-ecc6a1f9-42fe-2932-7ea0-1dd285491b7b, 5, 0, 405, 29, 26.09
2026/09/08 22:39:36.820, GPU-ecc6a1f9-42fe-2932-7ea0-1dd285491b7b, 5, 0, 405, 29, 26.09
2026/09/08 22:39:37.023, GPU-ecc6a1f9-42fe-2932-7ea0-1dd285491b7b, 5, 0, 405, 28, 26.09
2026/09/08 22:39:37.229, GPU-ecc6a1f9-42fe-2932-7ea0-1dd285491b7b, 5, 0, 405, 29, 26.09
2026/09/08 22:39:37.432, GPU-ecc6a1f9-42fe-2932-7ea0-1dd285491b7b, 5, 0, 405, 29, 26.09
2026/09/08 22:39:37.636, GPU-ecc6a1f9-42fe-2932-7ea0-1dd285491b7b, 5, 0, 405, 29, 26.09
2026/09/08 22:39:37.839, GPU-ecc6a1f9-42fe-2932-7ea0-1dd285491b7b, 5, 0, 405, 28, 26.09
2026/09/08 22:39:38.043, GPU-ecc6a1f9-42fe-2932-7ea0-1dd285491b7b, 5, 0, 405, 29, 26.09
2026/09/08 22:39:38.246, GPU-ecc6a1f9-42fe-2932-7ea0-1dd285491b7b, 5, 0, 405, 28, 26.09
2026/09/08 22:39:38.451, GPU-ecc6a1f9-42fe-2932-7ea0-1dd285491b7b, 5, 0, 405, 28, 26.09
2026/09/08 22:39:38.655, GPU-ecc6a1f9-42fe-2932-7ea0-1dd285491b7b, 5, 0, 405, 28, 26.09
2026/09/08 22:39:38.858, GPU-ecc6a1f9-42fe-2932-7ea0-1dd285491b7b, 5, 0, 405, 28, 26.09
2026/09/08 22:39:39.062, GPU-ecc6a1f9-42fe-2932-7ea0-1dd285491b7b, 5, 0, 405, 29, 26.09
2026/09/08 22:39:39.265, GPU-ecc6a1f9-42fe-2932-7ea0-1dd285491b7b, 5, 0, 405, 28, 26.09
2026/09/08 22:39:39.472, GPU-ecc6a1f9-42fe-2932-7ea0-1dd285491b7b, 5, 0, 405, 28, 26.09
2026/09/08 22:39:39.675, GPU-ecc6a1f9-42fe-2932-7ea0-1dd285491b7b, 5, 0, 405, 28, 26.09
2026/09/08 22:39:39.879, GPU-ecc6a1f9-42fe-2932-7ea0-1dd285491b7b, 5, 0, 405, 28, 26.09
2026/09/08 22:39:40.082, GPU-ecc6a1f9-42fe-2932-7ea0-1dd285491b7b, 5, 0, 405, 29, 26.09
2026/09/08 22:39:40.286, GPU-ecc6a1f9-42fe-2932-7ea0-1dd285491b7b, 5, 0, 405, 28, 26.09
2026/09/08 22:39:40.491, GPU-ecc6a1f9-42fe-2932-7ea0-1dd285491b7b, 5, 0, 405, 28, 26.09
2026/09/08 22:39:40.695, GPU-ecc6a1f9-42fe-2932-7ea0-1dd285491b7b, 5, 0, 405, 28, 26.09
2026/09/08 22:39:40.898, GPU-ecc6a1f9-42fe-2932-7ea0-1dd285491b7b, 5, 0, 405, 28, 26.09
2026/09/08 22:39:41.102, GPU-ecc6a1f9-42fe-2932-7ea0-1dd285491b7b, 5, 0, 405, 28, 26.09
2026/09/08 22:39:41.305, GPU-ecc6a1f9-42fe-2932-7ea0-1dd285491b7b, 5, 0, 405, 28, 26.09
2026/09/08 22:39:41.511, GPU-ecc6a1f9-42fe-2932-7ea0-1dd285491b7b, 5, 0, 405, 28, 26.09
2026/09/08 22:39:41.714, GPU-ecc6a1f9-42fe-2932-7ea0-1dd285491b7b, 5, 0, 405, 28, 26.09
2026/09/08 22:39:41.918, GPU-ecc6a1f9-42fe-2932-7ea0-1dd285491b7b, 5, 0, 405, 28, 26.09
2026/09/08 22:39:42.121, GPU-ecc6a1f9-42fe-2932-7ea0-1dd285491b7b, 5, 0, 405, 28, 26.09
2026/09/08 22:39:42.325, GPU-ecc6a1f9-42fe-2932-7ea0-1dd285491b7b, 5, 0, 405, 28, 26.09
2026/09/08 22:39:42.530, GPU-ecc6a1f9-42fe-2932-7ea0-1dd285491b7b, 5, 0, 405, 28, 26.09
2026/09/08 22:39:42.733, GPU-ecc6a1f9-42fe-2932-7ea0-1dd285491b7b, 5, 0, 405, 28, 26.09
2026/09/08 22:39:42.937, GPU-ecc6a1f9-42fe-2932-7ea0-1dd285491b7b, 5, 0, 405, 28, 26.09
2026/09/08 22:39:43.140, GPU-ecc6a1f9-42fe-2932-7ea0-1dd285491b7b, 5, 0, 405, 28, 26.09
2026/09/08 22:39:43.344, GPU-ecc6a1f9-42fe-2932-7ea0-1dd285491b7b, 5, 0, 405, 28, 26.09
2026/09/08 22:39:43.549, GPU-ecc6a1f9-42fe-2932-7ea0-1dd285491b7b, 5, 0, 405, 29, 26.09
2026/09/08 22:39:43.753, GPU-ecc6a1f9-42fe-2932-7ea0-1dd285491b7b, 5, 0, 405, 29, 26.09
2026/09/08 22:39:43.957, GPU-ecc6a1f9-42fe-2932-7ea0-1dd285491b7b, 5, 0, 405, 28, 26.09
2026/09/08 22:39:44.160, GPU-ecc6a1f9-42fe-2932-7ea0-1dd285491b7b, 5, 0, 405, 28, 26.09
2026/09/08 22:39:44.364, GPU-ecc6a1f9-42fe-2932-7ea0-1dd285491b7b, 5, 0, 405, 28, 26.09
2026/09/08 22:39:44.569, GPU-ecc6a1f9-42fe-2932-7ea0-1dd285491b7b, 5, 0, 405, 28, 26.09
2026/09/08 22:39:44.773, GPU-ecc6a1f9-42fe-2932-7ea0-1dd285491b7b, 5, 0, 405, 28, 26.09
2026/09/08 22:39:44.976, GPU-ecc6a1f9-42fe-2932-7ea0-1dd285491b7b, 5, 0, 405, 28, 26.09
2026/09/08 22:39:45.179, GPU-ecc6a1f9-42fe-2932-7ea0-1dd285491b7b, 5, 0, 405, 28, 26.09
2026/09/08 22:39:45.383, GPU-ecc6a1f9-42fe-2932-7ea0-1dd285491b7b, 5, 0, 405, 28, 26.09
2026/09/08 22:39:45.588, GPU-ecc6a1f9-42fe-2932-7ea0-1dd285491b7b, 5, 0, 405, 28, 26.09
2026/09/08 22:39:45.792, GPU-ecc6a1f9-42fe-2932-7ea0-1dd285491b7b, 5, 0, 405, 28, 26.09
2026/09/08 22:39:45.995, GPU-ecc6a1f9-42fe-2932-7ea0-1dd285491b7b, 5, 0, 405, 28, 26.09
2026/09/08 22:39:46.199, GPU-ecc6a1f9-42fe-2932-7ea0-1dd285491b7b, 5, 0, 405, 29, 26.09
2026/09/08 22:39:46.402, GPU-ecc6a1f9-42fe-2932-7ea0-1dd285491b7b, 5, 0, 405, 28, 26.09
2026/09/08 22:39:46.608, GPU-ecc6a1f9-42fe-2932-7ea0-1dd285491b7b, 5, 0, 405, 28, 26.09
2026/09/08 22:39:46.811, GPU-ecc6a1f9-42fe-2932-7ea0-1dd285491b7b, 5, 0, 405, 28, 26.09
2026/09/08 22:39:47.015, GPU-ecc6a1f9-42fe-2932-7ea0-1dd285491b7b, 5, 0, 405, 28, 26.09
2026/09/08 22:39:47.218, GPU-ecc6a1f9-42fe-2932-7ea0-1dd285491b7b, 5, 0, 405, 28, 26.09
2026/09/08 22:39:47.422, GPU-ecc6a1f9-42fe-2932-7ea0-1dd285491b7b, 5, 0, 405, 29, 26.09
2026/09/08 22:39:47.627, GPU-ecc6a1f9-42fe-2932-7ea0-1dd285491b7b, 5, 0, 405, 28, 26.09
2026/09/08 22:39:47.831, GPU-ecc6a1f9-42fe-2932-7ea0-1dd285491b7b, 5, 0, 405, 28, 26.09
2026/09/08 22:39:48.034, GPU-ecc6a1f9-42fe-2932-7ea0-1dd285491b7b, 5, 0, 405, 28, 26.09
2026/09/08 22:39:48.238, GPU-ecc6a1f9-42fe-2932-7ea0-1dd285491b7b, 5, 0, 405, 28, 26.09
2026/09/08 22:39:48.441, GPU-ecc6a1f9-42fe-2932-7ea0-1dd285491b7b, 5, 0, 405, 28, 26.09
2026/09/08 22:39:48.647, GPU-ecc6a1f9-42fe-2932-7ea0-1dd285491b7b, 5, 0, 405, 28, 26.09
2026/09/08 22:39:48.850, GPU-ecc6a1f9-42fe-2932-7ea0-1dd285491b7b, 5, 0, 405, 28, 26.09
2026/09/08 22:39:49.054, GPU-ecc6a1f9-42fe-2932-7ea0-1dd285491b7b, 5, 0, 405, 28, 26.09
2026/09/08 22:39:49.257, GPU-ecc6a1f9-42fe-2932-7ea0-1dd285491b7b, 5, 0, 405, 28, 26.09
2026/09/08 22:39:49.461, GPU-ecc6a1f9-42fe-2932-7ea0-1dd285491b7b, 5, 0, 405, 28, 26.09
2026/09/08 22:39:49.667, GPU-ecc6a1f9-42fe-2932-7ea0-1dd285491b7b, 5, 0, 405, 28, 26.09
2026/09/08 22:39:49.870, GPU-ecc6a1f9-42fe-2932-7ea0-1dd285491b7b, 5, 0, 405, 28, 26.09
2026/09/08 22:39:50.074, GPU-ecc6a1f9-42fe-2932-7ea0-1dd285491b7b, 5, 0, 405, 28, 26.09
2026/09/08 22:39:50.277, GPU-ecc6a1f9-42fe-2932-7ea0-1dd285491b7b, 5, 0, 405, 28, 26.09
2026/09/08 22:39:50.481, GPU-ecc6a1f9-42fe-2932-7ea0-1dd285491b7b, 5, 0, 405, 28, 26.09
2026/09/08 22:39:50.687, GPU-ecc6a1f9-42fe-2932-7ea0-1dd285491b7b, 5, 0, 405, 28, 26.09
2026/09/08 22:39:50.890, GPU-ecc6a1f9-42fe-2932-7ea0-1dd285491b7b, 5, 0, 405, 28, 26.09
2026/09/08 22:39:51.094, GPU-ecc6a1f9-42fe-2932-7ea0-1dd285491b7b, 5, 0, 405, 28, 26.09
2026/09/08 22:39:51.297, GPU-ecc6a1f9-42fe-2932-7ea0-1dd285491b7b, 5, 0, 405, 28, 26.09
2026/09/08 22:39:51.501, GPU-ecc6a1f9-42fe-2932-7ea0-1dd285491b7b, 5, 0, 405, 28, 26.09
2026/09/08 22:39:51.706, GPU-ecc6a1f9-42fe-2932-7ea0-1dd285491b7b, 5, 0, 405, 28, 26.09
2026/09/08 22:39:51.910, GPU-ecc6a1f9-42fe-2932-7ea0-1dd285491b7b, 5, 0, 405, 28, 26.09
2026/09/08 22:39:52.113, GPU-ecc6a1f9-42fe-2932-7ea0-1dd285491b7b, 5, 0, 405, 28, 26.09
2026/09/08 22:39:52.317, GPU-ecc6a1f9-42fe-2932-7ea0-1dd285491b7b, 5, 0, 405, 28, 26.09
2026/09/08 22:39:52.520, GPU-ecc6a1f9-42fe-2932-7ea0-1dd285491b7b, 5, 0, 405, 28, 26.09
2026/09/08 22:39:52.726, GPU-ecc6a1f9-42fe-2932-7ea0-1dd285491b7b, 5, 0, 405, 28, 26.09
2026/09/08 22:39:52.929, GPU-ecc6a1f9-42fe-2932-7ea0-1dd285491b7b, 5, 0, 405, 28, 26.09
2026/09/08 22:39:53.133, GPU-ecc6a1f9-42fe-2932-7ea0-1dd285491b7b, 5, 0, 405, 28, 26.09
2026/09/08 22:39:53.336, GPU-ecc6a1f9-42fe-2932-7ea0-1dd285491b7b, 5, 0, 405, 28, 26.09
2026/09/08 22:39:53.540, GPU-ecc6a1f9-42fe-2932-7ea0-1dd285491b7b, 5, 0, 405, 28, 26.09
2026/09/08 22:39:53.745, GPU-ecc6a1f9-42fe-2932-7ea0-1dd285491b7b, 5, 0, 405, 28, 26.09
2026/09/08 22:39:53.948, GPU-ecc6a1f9-42fe-2932-7ea0-1dd285491b7b, 5, 0, 405, 28, 26.09
2026/09/08 22:39:54.152, GPU-ecc6a1f9-42fe-2932-7ea0-1dd285491b7b, 5, 0, 405, 28, 26.09
2026/09/08 22:39:54.356, GPU-ecc6a1f9-42fe-2932-7ea0-1dd285491b7b, 5, 0, 405, 28, 26.09
2026/09/08 22:39:54.559, GPU-ecc6a1f9-42fe-2932-7ea0-1dd285491b7b, 5, 0, 405, 28, 26.09
2026/09/08 22:39:54.764, GPU-ecc6a1f9-42fe-2932-7ea0-1dd285491b7b, 5, 0, 405, 28, 26.09
2026/09/08 22:39:54.968, GPU-ecc6a1f9-42fe-2932-7ea0-1dd285491b7b, 5, 0, 405, 28, 26.09
2026/09/08 22:39:55.171, GPU-ecc6a1f9-42fe-2932-7ea0-1dd285491b7b, 5, 0, 405, 28, 26.09
2026/09/08 22:39:55.375, GPU-ecc6a1f9-42fe-2932-7ea0-1dd285491b7b, 5, 0, 405, 28, 26.09
2026/09/08 22:39:55.578, GPU-ecc6a1f9-42fe-2932-7ea0-1dd285491b7b, 5, 0, 405, 28, 26.09
2026/09/08 22:39:55.784, GPU-ecc6a1f9-42fe-2932-7ea0-1dd285491b7b, 5, 0, 405, 28, 26.09
2026/09/08 22:39:55.987, GPU-ecc6a1f9-42fe-2932-7ea0-1dd285491b7b, 5, 0, 405, 28, 26.09
2026/09/08 22:39:56.191, GPU-ecc6a1f9-42fe-2932-7ea0-1dd285491b7b, 5, 0, 405, 28, 26.09
2026/09/08 22:39:56.394, GPU-ecc6a1f9-42fe-2932-7ea0-1dd285491b7b, 5, 0, 405, 28, 26.09
2026/09/08 22:39:56.598, GPU-ecc6a1f9-42fe-2932-7ea0-1dd285491b7b, 5, 0, 405, 28, 26.09
2026/09/08 22:39:56.803, GPU-ecc6a1f9-42fe-2932-7ea0-1dd285491b7b, 5, 0, 405, 28, 26.09
2026/09/08 22:39:57.007, GPU-ecc6a1f9-42fe-2932-7ea0-1dd285491b7b, 5, 0, 405, 28, 26.09
2026/09/08 22:39:57.210, GPU-ecc6a1f9-42fe-2932-7ea0-1dd285491b7b, 5, 0, 405, 28, 26.09
2026/09/08 22:39:57.414, GPU-ecc6a1f9-42fe-2932-7ea0-1dd285491b7b, 5, 0, 405, 28, 26.09
2026/09/08 22:39:57.617, GPU-ecc6a1f9-42fe-2932-7ea0-1dd285491b7b, 5, 0, 405, 28, 26.09
2026/09/08 22:39:57.823, GPU-ecc6a1f9-42fe-2932-7ea0-1dd285491b7b, 5, 0, 405, 28, 26.09
2026/09/08 22:39:58.026, GPU-ecc6a1f9-42fe-2932-7ea0-1dd285491b7b, 5, 0, 405, 28, 26.09
2026/09/08 22:39:58.230, GPU-ecc6a1f9-42fe-2932-7ea0-1dd285491b7b, 5, 0, 405, 28, 26.09
2026/09/08 22:39:58.433, GPU-ecc6a1f9-42fe-2932-7ea0-1dd285491b7b, 5, 0, 405, 28, 26.09
2026/09/08 22:39:58.637, GPU-ecc6a1f9-42fe-2932-7ea0-1dd285491b7b, 5, 0, 405, 28, 26.09
2026/09/08 22:39:58.840, GPU-ecc6a1f9-42fe-2932-7ea0-1dd285491b7b, 5, 0, 405, 28, 26.09
2026/09/08 22:39:59.046, GPU-ecc6a1f9-42fe-2932-7ea0-1dd285491b7b, 5, 0, 405, 28, 26.09
2026/09/08 22:39:59.250, GPU-ecc6a1f9-42fe-2932-7ea0-1dd285491b7b, 5, 0, 405, 28, 26.09
2026/09/08 22:39:59.453, GPU-ecc6a1f9-42fe-2932-7ea0-1dd285491b7b, 5, 0, 405, 28, 26.09
2026/09/08 22:39:59.657, GPU-ecc6a1f9-42fe-2932-7ea0-1dd285491b7b, 5, 0, 405, 28, 26.09
2026/09/08 22:39:59.860, GPU-ecc6a1f9-42fe-2932-7ea0-1dd285491b7b, 5, 0, 405, 28, 26.09
2026/09/08 22:40:00.064, GPU-ecc6a1f9-42fe-2932-7ea0-1dd285491b7b, 5, 0, 405, 28, 26.09
2026/09/08 22:40:00.270, GPU-ecc6a1f9-42fe-2932-7ea0-1dd285491b7b, 5, 0, 405, 28, 26.09
2026/09/08 22:40:00.473, GPU-ecc6a1f9-42fe-2932-7ea0-1dd285491b7b, 5, 0, 405, 28, 26.09
2026/09/08 22:40:00.677, GPU-ecc6a1f9-42fe-2932-7ea0-1dd285491b7b, 5, 0, 405, 28, 26.09
2026/09/08 22:40:00.880, GPU-ecc6a1f9-42fe-2932-7ea0-1dd285491b7b, 5, 0, 405, 28, 25.85
2026/09/08 22:40:01.084, GPU-ecc6a1f9-42fe-2932-7ea0-1dd285491b7b, 5, 0, 405, 28, 26.09
2026/09/08 22:40:01.290, GPU-ecc6a1f9-42fe-2932-7ea0-1dd285491b7b, 5, 0, 405, 28, 26.09
2026/09/08 22:40:01.494, GPU-ecc6a1f9-42fe-2932-7ea0-1dd285491b7b, 5, 0, 405, 28, 26.09
2026/09/08 22:40:01.697, GPU-ecc6a1f9-42fe-2932-7ea0-1dd285491b7b, 5, 0, 405, 28, 26.09
2026/09/08 22:40:01.901, GPU-ecc6a1f9-42fe-2932-7ea0-1dd285491b7b, 5, 0, 405, 28, 26.09
2026/09/08 22:40:02.104, GPU-ecc6a1f9-42fe-2932-7ea0-1dd285491b7b, 5, 0, 405, 28, 26.09
2026/09/08 22:40:02.310, GPU-ecc6a1f9-42fe-2932-7ea0-1dd285491b7b, 5, 0, 405, 28, 26.09
2026/09/08 22:40:02.514, GPU-ecc6a1f9-42fe-2932-7ea0-1dd285491b7b, 5, 0, 405, 28, 26.09
2026/09/08 22:40:02.717, GPU-ecc6a1f9-42fe-2932-7ea0-1dd285491b7b, 5, 0, 405, 28, 25.85
2026/09/08 22:40:02.921, GPU-ecc6a1f9-42fe-2932-7ea0-1dd285491b7b, 5, 0, 405, 28, 26.09
2026/09/08 22:40:03.124, GPU-ecc6a1f9-42fe-2932-7ea0-1dd285491b7b, 5, 0, 405, 28, 26.09
2026/09/08 22:40:03.330, GPU-ecc6a1f9-42fe-2932-7ea0-1dd285491b7b, 5, 0, 405, 28, 26.09
2026/09/08 22:40:03.533, GPU-ecc6a1f9-42fe-2932-7ea0-1dd285491b7b, 5, 0, 405, 28, 26.09
2026/09/08 22:40:03.737, GPU-ecc6a1f9-42fe-2932-7ea0-1dd285491b7b, 5, 0, 405, 28, 26.09
2026/09/08 22:40:03.940, GPU-ecc6a1f9-42fe-2932-7ea0-1dd285491b7b, 5, 0, 405, 28, 26.09
2026/09/08 22:40:04.144, GPU-ecc6a1f9-42fe-2932-7ea0-1dd285491b7b, 5, 0, 405, 28, 25.85
2026/09/08 22:40:04.349, GPU-ecc6a1f9-42fe-2932-7ea0-1dd285491b7b, 5, 0, 405, 28, 25.85
2026/09/08 22:40:04.553, GPU-ecc6a1f9-42fe-2932-7ea0-1dd285491b7b, 5, 0, 405, 28, 26.09
2026/09/08 22:40:04.756, GPU-ecc6a1f9-42fe-2932-7ea0-1dd285491b7b, 5, 0, 405, 28, 26.09
2026/09/08 22:40:04.960, GPU-ecc6a1f9-42fe-2932-7ea0-1dd285491b7b, 5, 0, 405, 28, 26.09
2026/09/08 22:40:05.164, GPU-ecc6a1f9-42fe-2932-7ea0-1dd285491b7b, 5, 0, 405, 28, 26.09
2026/09/08 22:40:05.369, GPU-ecc6a1f9-42fe-2932-7ea0-1dd285491b7b, 5, 0, 405, 28, 26.09
2026/09/08 22:40:05.572, GPU-ecc6a1f9-42fe-2932-7ea0-1dd285491b7b, 5, 0, 405, 28, 26.09
2026/09/08 22:40:05.776, GPU-ecc6a1f9-42fe-2932-7ea0-1dd285491b7b, 5, 0, 405, 28, 25.85
2026/09/08 22:40:05.979, GPU-ecc6a1f9-42fe-2932-7ea0-1dd285491b7b, 5, 0, 405, 28, 26.09
2026/09/08 22:40:06.183, GPU-ecc6a1f9-42fe-2932-7ea0-1dd285491b7b, 5, 0, 405, 28, 26.09
2026/09/08 22:40:06.388, GPU-ecc6a1f9-42fe-2932-7ea0-1dd285491b7b, 5, 0, 405, 28, 26.09
2026/09/08 22:40:06.592, GPU-ecc6a1f9-42fe-2932-7ea0-1dd285491b7b, 5, 0, 405, 28, 26.09
2026/09/08 22:40:06.867, GPU-ecc6a1f9-42fe-2932-7ea0-1dd285491b7b, 5, 0, 405, 28, 26.09
2026/09/08 22:40:07.071, GPU-ecc6a1f9-42fe-2932-7ea0-1dd285491b7b, 5, 0, 405, 28, 25.85
2026/09/08 22:40:07.316, GPU-ecc6a1f9-42fe-2932-7ea0-1dd285491b7b, 5, 0, 405, 28, 26.09
2026/09/08 22:40:07.519, GPU-ecc6a1f9-42fe-2932-7ea0-1dd285491b7b, 5, 0, 405, 28, 26.09
2026/09/08 22:40:07.723, GPU-ecc6a1f9-42fe-2932-7ea0-1dd285491b7b, 5, 0, 405, 28, 26.09
2026/09/08 22:40:07.927, GPU-ecc6a1f9-42fe-2932-7ea0-1dd285491b7b, 5, 0, 405, 28, 26.09
2026/09/08 22:40:08.131, GPU-ecc6a1f9-42fe-2932-7ea0-1dd285491b7b, 5, 0, 405, 28, 26.09
2026/09/08 22:40:08.334, GPU-ecc6a1f9-42fe-2932-7ea0-1dd285491b7b, 5, 0, 405, 28, 26.09
2026/09/08 22:40:08.538, GPU-ecc6a1f9-42fe-2932-7ea0-1dd285491b7b, 5, 0, 405, 28, 26.09
2026/09/08 22:40:08.741, GPU-ecc6a1f9-42fe-2932-7ea0-1dd285491b7b, 5, 0, 405, 28, 26.09
2026/09/08 22:40:08.946, GPU-ecc6a1f9-42fe-2932-7ea0-1dd285491b7b, 5, 0, 405, 28, 26.09
2026/09/08 22:40:09.150, GPU-ecc6a1f9-42fe-2932-7ea0-1dd285491b7b, 5, 0, 405, 28, 26.09
2026/09/08 22:40:09.353, GPU-ecc6a1f9-42fe-2932-7ea0-1dd285491b7b, 5, 0, 405, 28, 26.09
2026/09/08 22:40:09.557, GPU-ecc6a1f9-42fe-2932-7ea0-1dd285491b7b, 5, 0, 405, 28, 25.85
2026/09/08 22:40:09.760, GPU-ecc6a1f9-42fe-2932-7ea0-1dd285491b7b, 5, 0, 405, 28, 26.09
2026/09/08 22:40:09.966, GPU-ecc6a1f9-42fe-2932-7ea0-1dd285491b7b, 5, 0, 405, 28, 26.09
2026/09/08 22:40:10.169, GPU-ecc6a1f9-42fe-2932-7ea0-1dd285491b7b, 5, 0, 405, 28, 26.09
2026/09/08 22:40:10.373, GPU-ecc6a1f9-42fe-2932-7ea0-1dd285491b7b, 5, 0, 405, 28, 26.09
2026/09/08 22:40:10.576, GPU-ecc6a1f9-42fe-2932-7ea0-1dd285491b7b, 5, 0, 405, 28, 26.09
2026/09/08 22:40:10.780, GPU-ecc6a1f9-42fe-2932-7ea0-1dd285491b7b, 5, 0, 405, 28, 26.09
2026/09/08 22:40:10.986, GPU-ecc6a1f9-42fe-2932-7ea0-1dd285491b7b, 5, 0, 405, 28, 26.09
2026/09/08 22:40:11.189, GPU-ecc6a1f9-42fe-2932-7ea0-1dd285491b7b, 5, 0, 405, 28, 26.09
2026/09/08 22:40:11.393, GPU-ecc6a1f9-42fe-2932-7ea0-1dd285491b7b, 5, 0, 405, 28, 25.85
2026/09/08 22:40:11.596, GPU-ecc6a1f9-42fe-2932-7ea0-1dd285491b7b, 5, 0, 405, 28, 25.85
2026/09/08 22:40:11.800, GPU-ecc6a1f9-42fe-2932-7ea0-1dd285491b7b, 5, 0, 405, 28, 26.09
2026/09/08 22:40:12.006, GPU-ecc6a1f9-42fe-2932-7ea0-1dd285491b7b, 5, 0, 405, 28, 26.09
2026/09/08 22:40:12.209, GPU-ecc6a1f9-42fe-2932-7ea0-1dd285491b7b, 5, 0, 405, 28, 25.85
2026/09/08 22:40:12.413, GPU-ecc6a1f9-42fe-2932-7ea0-1dd285491b7b, 5, 0, 405, 28, 26.09
2026/09/08 22:40:12.616, GPU-ecc6a1f9-42fe-2932-7ea0-1dd285491b7b, 5, 0, 405, 28, 26.09
2026/09/08 22:40:12.820, GPU-ecc6a1f9-42fe-2932-7ea0-1dd285491b7b, 5, 0, 405, 28, 26.09
2026/09/08 22:40:13.025, GPU-ecc6a1f9-42fe-2932-7ea0-1dd285491b7b, 5, 0, 405, 28, 26.09
2026/09/08 22:40:13.229, GPU-ecc6a1f9-42fe-2932-7ea0-1dd285491b7b, 5, 0, 405, 28, 26.09
2026/09/08 22:40:13.432, GPU-ecc6a1f9-42fe-2932-7ea0-1dd285491b7b, 5, 0, 405, 28, 26.09
2026/09/08 22:40:13.636, GPU-ecc6a1f9-42fe-2932-7ea0-1dd285491b7b, 5, 0, 405, 28, 26.09
2026/09/08 22:40:13.839, GPU-ecc6a1f9-42fe-2932-7ea0-1dd285491b7b, 5, 0, 405, 28, 25.85
2026/09/08 22:40:14.045, GPU-ecc6a1f9-42fe-2932-7ea0-1dd285491b7b, 5, 0, 405, 28, 26.09
2026/09/08 22:40:14.248, GPU-ecc6a1f9-42fe-2932-7ea0-1dd285491b7b, 5, 0, 405, 28, 26.09
2026/09/08 22:40:14.452, GPU-ecc6a1f9-42fe-2932-7ea0-1dd285491b7b, 5, 0, 405, 28, 26.09
2026/09/08 22:40:14.655, GPU-ecc6a1f9-42fe-2932-7ea0-1dd285491b7b, 5, 0, 405, 28, 26.09
2026/09/08 22:40:14.859, GPU-ecc6a1f9-42fe-2932-7ea0-1dd285491b7b, 5, 0, 405, 28, 26.09
2026/09/08 22:40:15.064, GPU-ecc6a1f9-42fe-2932-7ea0-1dd285491b7b, 5, 0, 405, 28, 26.09
2026/09/08 22:40:15.268, GPU-ecc6a1f9-42fe-2932-7ea0-1dd285491b7b, 5, 0, 405, 28, 26.09
2026/09/08 22:40:15.471, GPU-ecc6a1f9-42fe-2932-7ea0-1dd285491b7b, 5, 0, 405, 28, 26.09
2026/09/08 22:40:15.675, GPU-ecc6a1f9-42fe-2932-7ea0-1dd285491b7b, 5, 0, 405, 28, 26.09
2026/09/08 22:40:15.879, GPU-ecc6a1f9-42fe-2932-7ea0-1dd285491b7b, 5, 0, 405, 28, 26.09
2026/09/08 22:40:16.084, GPU-ecc6a1f9-42fe-2932-7ea0-1dd285491b7b, 5, 0, 405, 28, 26.09
2026/09/08 22:40:16.287, GPU-ecc6a1f9-42fe-2932-7ea0-1dd285491b7b, 5, 0, 405, 28, 26.09
2026/09/08 22:40:16.491, GPU-ecc6a1f9-42fe-2932-7ea0-1dd285491b7b, 5, 0, 405, 28, 26.09
2026/09/08 22:40:16.694, GPU-ecc6a1f9-42fe-2932-7ea0-1dd285491b7b, 5, 0, 405, 28, 26.09
2026/09/08 22:40:16.898, GPU-ecc6a1f9-42fe-2932-7ea0-1dd285491b7b, 5, 0, 405, 28, 26.09
2026/09/08 22:40:17.103, GPU-ecc6a1f9-42fe-2932-7ea0-1dd285491b7b, 5, 0, 405, 28, 26.09
2026/09/08 22:40:17.307, GPU-ecc6a1f9-42fe-2932-7ea0-1dd285491b7b, 5, 0, 405, 28, 26.09
2026/09/08 22:40:17.510, GPU-ecc6a1f9-42fe-2932-7ea0-1dd285491b7b, 5, 0, 405, 28, 26.09
2026/09/08 22:40:17.714, GPU-ecc6a1f9-42fe-2932-7ea0-1dd285491b7b, 5, 0, 405, 28, 26.09
2026/09/08 22:40:17.917, GPU-ecc6a1f9-42fe-2932-7ea0-1dd285491b7b, 5, 0, 405, 28, 26.09
2026/09/08 22:40:18.122, GPU-ecc6a1f9-42fe-2932-7ea0-1dd285491b7b, 5, 0, 405, 28, 26.09
2026/09/08 22:40:18.326, GPU-ecc6a1f9-42fe-2932-7ea0-1dd285491b7b, 5, 0, 405, 28, 26.09
2026/09/08 22:40:18.529, GPU-ecc6a1f9-42fe-2932-7ea0-1dd285491b7b, 5, 0, 405, 28, 26.09
2026/09/08 22:40:18.733, GPU-ecc6a1f9-42fe-2932-7ea0-1dd285491b7b, 5, 0, 405, 28, 26.09
2026/09/08 22:40:18.936, GPU-ecc6a1f9-42fe-2932-7ea0-1dd285491b7b, 5, 0, 405, 28, 26.09
2026/09/08 22:40:19.142, GPU-ecc6a1f9-42fe-2932-7ea0-1dd285491b7b, 5, 0, 405, 28, 26.09
2026/09/08 22:40:19.345, GPU-ecc6a1f9-42fe-2932-7ea0-1dd285491b7b, 5, 0, 405, 28, 26.09
2026/09/08 22:40:19.549, GPU-ecc6a1f9-42fe-2932-7ea0-1dd285491b7b, 5, 0, 405, 28, 26.09
2026/09/08 22:40:19.752, GPU-ecc6a1f9-42fe-2932-7ea0-1dd285491b7b, 5, 0, 405, 28, 26.09
2026/09/08 22:40:19.956, GPU-ecc6a1f9-42fe-2932-7ea0-1dd285491b7b, 5, 0, 405, 28, 26.09
2026/09/08 22:40:20.162, GPU-ecc6a1f9-42fe-2932-7ea0-1dd285491b7b, 5, 0, 405, 28, 26.09
2026/09/08 22:40:20.366, GPU-ecc6a1f9-42fe-2932-7ea0-1dd285491b7b, 5, 0, 405, 28, 26.09
2026/09/08 22:40:20.569, GPU-ecc6a1f9-42fe-2932-7ea0-1dd285491b7b, 5, 0, 405, 28, 26.09
2026/09/08 22:40:20.773, GPU-ecc6a1f9-42fe-2932-7ea0-1dd285491b7b, 5, 0, 405, 28, 26.09
2026/09/08 22:40:20.976, GPU-ecc6a1f9-42fe-2932-7ea0-1dd285491b7b, 5, 0, 405, 28, 26.09
2026/09/08 22:40:21.180, GPU-ecc6a1f9-42fe-2932-7ea0-1dd285491b7b, 5, 0, 405, 28, 26.09
2026/09/08 22:40:21.386, GPU-ecc6a1f9-42fe-2932-7ea0-1dd285491b7b, 5, 0, 405, 28, 26.09
2026/09/08 22:40:21.589, GPU-ecc6a1f9-42fe-2932-7ea0-1dd285491b7b, 5, 0, 405, 28, 26.09
2026/09/08 22:40:21.793, GPU-ecc6a1f9-42fe-2932-7ea0-1dd285491b7b, 5, 0, 405, 28, 26.09
2026/09/08 22:40:21.996, GPU-ecc6a1f9-42fe-2932-7ea0-1dd285491b7b, 5, 0, 405, 28, 26.09
2026/09/08 22:40:22.200, GPU-ecc6a1f9-42fe-2932-7ea0-1dd285491b7b, 5, 0, 405, 28, 26.09
2026/09/08 22:40:22.403, GPU-ecc6a1f9-42fe-2932-7ea0-1dd285491b7b, 5, 0, 405, 28, 26.09
2026/09/08 22:40:22.609, GPU-ecc6a1f9-42fe-2932-7ea0-1dd285491b7b, 5, 0, 405, 28, 26.09
2026/09/08 22:40:22.812, GPU-ecc6a1f9-42fe-2932-7ea0-1dd285491b7b, 5, 0, 405, 28, 26.09
2026/09/08 22:40:23.016, GPU-ecc6a1f9-42fe-2932-7ea0-1dd285491b7b, 5, 0, 405, 28, 26.09
2026/09/08 22:40:23.219, GPU-ecc6a1f9-42fe-2932-7ea0-1dd285491b7b, 5, 0, 405, 28, 26.09
2026/09/08 22:40:23.423, GPU-ecc6a1f9-42fe-2932-7ea0-1dd285491b7b, 5, 0, 405, 28, 26.09
2026/09/08 22:40:23.629, GPU-ecc6a1f9-42fe-2932-7ea0-1dd285491b7b, 5, 0, 405, 28, 26.09
2026/09/08 22:40:23.833, GPU-ecc6a1f9-42fe-2932-7ea0-1dd285491b7b, 5, 0, 405, 28, 25.85
2026/09/08 22:40:24.036, GPU-ecc6a1f9-42fe-2932-7ea0-1dd285491b7b, 5, 0, 405, 28, 26.09
2026/09/08 22:40:24.240, GPU-ecc6a1f9-42fe-2932-7ea0-1dd285491b7b, 5, 0, 405, 28, 26.09
2026/09/08 22:40:24.443, GPU-ecc6a1f9-42fe-2932-7ea0-1dd285491b7b, 5, 0, 405, 28, 26.09
2026/09/08 22:40:24.649, GPU-ecc6a1f9-42fe-2932-7ea0-1dd285491b7b, 5, 0, 405, 28, 26.09
2026/09/08 22:40:24.852, GPU-ecc6a1f9-42fe-2932-7ea0-1dd285491b7b, 5, 0, 405, 28, 26.09
2026/09/08 22:40:25.056, GPU-ecc6a1f9-42fe-2932-7ea0-1dd285491b7b, 5, 0, 405, 28, 26.09
2026/09/08 22:40:25.259, GPU-ecc6a1f9-42fe-2932-7ea0-1dd285491b7b, 5, 0, 405, 28, 26.09
2026/09/08 22:40:25.463, GPU-ecc6a1f9-42fe-2932-7ea0-1dd285491b7b, 5, 0, 405, 28, 26.09
2026/09/08 22:40:25.668, GPU-ecc6a1f9-42fe-2932-7ea0-1dd285491b7b, 5, 0, 405, 28, 25.85
2026/09/08 22:40:25.872, GPU-ecc6a1f9-42fe-2932-7ea0-1dd285491b7b, 5, 0, 405, 28, 26.09
2026/09/08 22:40:26.075, GPU-ecc6a1f9-42fe-2932-7ea0-1dd285491b7b, 5, 0, 405, 28, 25.85
2026/09/08 22:40:26.279, GPU-ecc6a1f9-42fe-2932-7ea0-1dd285491b7b, 5, 0, 405, 28, 26.09
2026/09/08 22:40:26.483, GPU-ecc6a1f9-42fe-2932-7ea0-1dd285491b7b, 5, 0, 405, 28, 26.09
2026/09/08 22:40:26.688, GPU-ecc6a1f9-42fe-2932-7ea0-1dd285491b7b, 5, 0, 405, 28, 26.09
2026/09/08 22:40:26.891, GPU-ecc6a1f9-42fe-2932-7ea0-1dd285491b7b, 5, 0, 405, 28, 26.09
2026/09/08 22:40:27.095, GPU-ecc6a1f9-42fe-2932-7ea0-1dd285491b7b, 5, 0, 405, 28, 26.09
2026/09/08 22:40:27.298, GPU-ecc6a1f9-42fe-2932-7ea0-1dd285491b7b, 5, 0, 405, 28, 26.09
2026/09/08 22:40:27.502, GPU-ecc6a1f9-42fe-2932-7ea0-1dd285491b7b, 5, 0, 405, 28, 26.09
2026/09/08 22:40:27.707, GPU-ecc6a1f9-42fe-2932-7ea0-1dd285491b7b, 5, 0, 405, 28, 26.09
2026/09/08 22:40:27.911, GPU-ecc6a1f9-42fe-2932-7ea0-1dd285491b7b, 5, 0, 405, 28, 26.09
2026/09/08 22:40:28.114, GPU-ecc6a1f9-42fe-2932-7ea0-1dd285491b7b, 5, 0, 405, 28, 26.09
2026/09/08 22:40:28.318, GPU-ecc6a1f9-42fe-2932-7ea0-1dd285491b7b, 5, 0, 405, 28, 26.09
2026/09/08 22:40:28.521, GPU-ecc6a1f9-42fe-2932-7ea0-1dd285491b7b, 5, 0, 405, 28, 26.09
2026/09/08 22:40:28.727, GPU-ecc6a1f9-42fe-2932-7ea0-1dd285491b7b, 5, 0, 405, 28, 26.09
2026/09/08 22:40:28.930, GPU-ecc6a1f9-42fe-2932-7ea0-1dd285491b7b, 5, 0, 405, 28, 26.09
2026/09/08 22:40:29.134, GPU-ecc6a1f9-42fe-2932-7ea0-1dd285491b7b, 5, 0, 405, 28, 26.09
2026/09/08 22:40:29.337, GPU-ecc6a1f9-42fe-2932-7ea0-1dd285491b7b, 5, 0, 405, 28, 26.09
2026/09/08 22:40:29.541, GPU-ecc6a1f9-42fe-2932-7ea0-1dd285491b7b, 5, 0, 405, 28, 26.09
2026/09/08 22:40:29.746, GPU-ecc6a1f9-42fe-2932-7ea0-1dd285491b7b, 5, 0, 405, 28, 26.09
2026/09/08 22:40:29.950, GPU-ecc6a1f9-42fe-2932-7ea0-1dd285491b7b, 5, 0, 405, 28, 26.09
2026/09/08 22:40:30.153, GPU-ecc6a1f9-42fe-2932-7ea0-1dd285491b7b, 5, 0, 405, 28, 26.09
2026/09/08 22:40:30.357, GPU-ecc6a1f9-42fe-2932-7ea0-1dd285491b7b, 5, 0, 405, 28, 26.09
2026/09/08 22:40:30.560, GPU-ecc6a1f9-42fe-2932-7ea0-1dd285491b7b, 5, 0, 405, 28, 26.09
2026/09/08 22:40:30.766, GPU-ecc6a1f9-42fe-2932-7ea0-1dd285491b7b, 5, 0, 405, 28, 26.09
2026/09/08 22:40:30.969, GPU-ecc6a1f9-42fe-2932-7ea0-1dd285491b7b, 5, 0, 405, 28, 26.09
2026/09/08 22:40:31.173, GPU-ecc6a1f9-42fe-2932-7ea0-1dd285491b7b, 5, 0, 405, 28, 26.09
2026/09/08 22:40:31.377, GPU-ecc6a1f9-42fe-2932-7ea0-1dd285491b7b, 5, 0, 405, 28, 26.09
2026/09/08 22:40:31.580, GPU-ecc6a1f9-42fe-2932-7ea0-1dd285491b7b, 5, 0, 405, 28, 25.85
2026/09/08 22:40:31.785, GPU-ecc6a1f9-42fe-2932-7ea0-1dd285491b7b, 5, 0, 405, 28, 25.85
2026/09/08 22:40:31.988, GPU-ecc6a1f9-42fe-2932-7ea0-1dd285491b7b, 5, 0, 405, 28, 26.09
2026/09/08 22:40:32.192, GPU-ecc6a1f9-42fe-2932-7ea0-1dd285491b7b, 5, 0, 405, 28, 26.09
2026/09/08 22:40:32.396, GPU-ecc6a1f9-42fe-2932-7ea0-1dd285491b7b, 5, 0, 405, 28, 26.09
2026/09/08 22:40:32.599, GPU-ecc6a1f9-42fe-2932-7ea0-1dd285491b7b, 5, 0, 405, 28, 26.09
2026/09/08 22:40:32.805, GPU-ecc6a1f9-42fe-2932-7ea0-1dd285491b7b, 5, 0, 405, 28, 26.09
2026/09/08 22:40:33.008, GPU-ecc6a1f9-42fe-2932-7ea0-1dd285491b7b, 5, 0, 405, 28, 26.09
2026/09/08 22:40:33.212, GPU-ecc6a1f9-42fe-2932-7ea0-1dd285491b7b, 5, 0, 405, 28, 26.09
2026/09/08 22:40:33.415, GPU-ecc6a1f9-42fe-2932-7ea0-1dd285491b7b, 5, 0, 405, 28, 26.09
2026/09/08 22:40:33.619, GPU-ecc6a1f9-42fe-2932-7ea0-1dd285491b7b, 5, 0, 405, 28, 26.09
2026/09/08 22:40:33.825, GPU-ecc6a1f9-42fe-2932-7ea0-1dd285491b7b, 5, 0, 405, 28, 26.09
2026/09/08 22:40:34.028, GPU-ecc6a1f9-42fe-2932-7ea0-1dd285491b7b, 5, 0, 405, 28, 26.09
2026/09/08 22:40:34.232, GPU-ecc6a1f9-42fe-2932-7ea0-1dd285491b7b, 5, 0, 405, 28, 26.09
2026/09/08 22:40:34.435, GPU-ecc6a1f9-42fe-2932-7ea0-1dd285491b7b, 5, 0, 405, 28, 26.09
2026/09/08 22:40:34.639, GPU-ecc6a1f9-42fe-2932-7ea0-1dd285491b7b, 5, 0, 405, 28, 26.09
2026/09/08 22:40:34.844, GPU-ecc6a1f9-42fe-2932-7ea0-1dd285491b7b, 5, 0, 405, 28, 26.09
2026/09/08 22:40:35.048, GPU-ecc6a1f9-42fe-2932-7ea0-1dd285491b7b, 5, 0, 405, 28, 26.09
2026/09/08 22:40:35.251, GPU-ecc6a1f9-42fe-2932-7ea0-1dd285491b7b, 5, 0, 405, 28, 26.09
2026/09/08 22:40:35.455, GPU-ecc6a1f9-42fe-2932-7ea0-1dd285491b7b, 5, 0, 405, 28, 26.09
2026/09/08 22:40:35.659, GPU-ecc6a1f9-42fe-2932-7ea0-1dd285491b7b, 5, 0, 405, 28, 26.09
2026/09/08 22:40:35.864, GPU-ecc6a1f9-42fe-2932-7ea0-1dd285491b7b, 5, 0, 405, 28, 26.09
2026/09/08 22:40:36.067, GPU-ecc6a1f9-42fe-2932-7ea0-1dd285491b7b, 5, 0, 405, 28, 26.09
2026/09/08 22:40:36.271, GPU-ecc6a1f9-42fe-2932-7ea0-1dd285491b7b, 5, 0, 405, 28, 26.09
2026/09/08 22:40:36.475, GPU-ecc6a1f9-42fe-2932-7ea0-1dd285491b7b, 5, 0, 405, 28, 26.09
2026/09/08 22:40:36.678, GPU-ecc6a1f9-42fe-2932-7ea0-1dd285491b7b, 5, 0, 405, 28, 26.09
2026/09/08 22:40:36.884, GPU-ecc6a1f9-42fe-2932-7ea0-1dd285491b7b, 5, 0, 405, 28, 26.09
2026/09/08 22:40:37.087, GPU-ecc6a1f9-42fe-2932-7ea0-1dd285491b7b, 5, 0, 405, 28, 26.09
2026/09/08 22:40:37.291, GPU-ecc6a1f9-42fe-2932-7ea0-1dd285491b7b, 5, 0, 405, 28, 26.09
2026/09/08 22:40:37.494, GPU-ecc6a1f9-42fe-2932-7ea0-1dd285491b7b, 5, 0, 405, 28, 25.85
2026/09/08 22:40:37.698, GPU-ecc6a1f9-42fe-2932-7ea0-1dd285491b7b, 5, 0, 405, 28, 26.09
2026/09/08 22:40:37.903, GPU-ecc6a1f9-42fe-2932-7ea0-1dd285491b7b, 5, 0, 405, 28, 26.09
2026/09/08 22:40:38.107, GPU-ecc6a1f9-42fe-2932-7ea0-1dd285491b7b, 5, 0, 405, 28, 26.09
2026/09/08 22:40:38.310, GPU-ecc6a1f9-42fe-2932-7ea0-1dd285491b7b, 5, 0, 405, 28, 26.09
2026/09/08 22:40:38.514, GPU-ecc6a1f9-42fe-2932-7ea0-1dd285491b7b, 5, 0, 405, 28, 26.09
2026/09/08 22:40:38.717, GPU-ecc6a1f9-42fe-2932-7ea0-1dd285491b7b, 5, 0, 405, 28, 25.85
2026/09/08 22:40:38.922, GPU-ecc6a1f9-42fe-2932-7ea0-1dd285491b7b, 5, 0, 405, 28, 26.09
2026/09/08 22:40:39.126, GPU-ecc6a1f9-42fe-2932-7ea0-1dd285491b7b, 5, 0, 405, 28, 26.09
2026/09/08 22:40:39.329, GPU-ecc6a1f9-42fe-2932-7ea0-1dd285491b7b, 5, 0, 405, 28, 26.09
2026/09/08 22:40:39.533, GPU-ecc6a1f9-42fe-2932-7ea0-1dd285491b7b, 5, 0, 405, 28, 26.09
2026/09/08 22:40:39.737, GPU-ecc6a1f9-42fe-2932-7ea0-1dd285491b7b, 5, 0, 405, 28, 25.85
2026/09/08 22:40:39.942, GPU-ecc6a1f9-42fe-2932-7ea0-1dd285491b7b, 5, 0, 405, 28, 26.09
2026/09/08 22:40:40.145, GPU-ecc6a1f9-42fe-2932-7ea0-1dd285491b7b, 5, 0, 405, 28, 26.09
2026/09/08 22:40:40.349, GPU-ecc6a1f9-42fe-2932-7ea0-1dd285491b7b, 5, 0, 405, 28, 25.85
2026/09/08 22:40:40.552, GPU-ecc6a1f9-42fe-2932-7ea0-1dd285491b7b, 5, 0, 405, 28, 26.09
2026/09/08 22:40:40.756, GPU-ecc6a1f9-42fe-2932-7ea0-1dd285491b7b, 5, 0, 405, 28, 26.09
2026/09/08 22:40:40.961, GPU-ecc6a1f9-42fe-2932-7ea0-1dd285491b7b, 5, 0, 405, 28, 26.09
2026/09/08 22:40:41.164, GPU-ecc6a1f9-42fe-2932-7ea0-1dd285491b7b, 5, 0, 405, 28, 26.09
2026/09/08 22:40:41.368, GPU-ecc6a1f9-42fe-2932-7ea0-1dd285491b7b, 5, 0, 405, 28, 26.09
2026/09/08 22:40:41.571, GPU-ecc6a1f9-42fe-2932-7ea0-1dd285491b7b, 5, 0, 405, 28, 26.09
2026/09/08 22:40:41.775, GPU-ecc6a1f9-42fe-2932-7ea0-1dd285491b7b, 5, 0, 405, 28, 26.09
2026/09/08 22:40:41.980, GPU-ecc6a1f9-42fe-2932-7ea0-1dd285491b7b, 5, 0, 405, 28, 26.09
2026/09/08 22:40:42.184, GPU-ecc6a1f9-42fe-2932-7ea0-1dd285491b7b, 5, 0, 405, 28, 26.09
2026/09/08 22:40:42.387, GPU-ecc6a1f9-42fe-2932-7ea0-1dd285491b7b, 5, 0, 405, 28, 26.09
2026/09/08 22:40:42.591, GPU-ecc6a1f9-42fe-2932-7ea0-1dd285491b7b, 5, 0, 405, 28, 25.85
2026/09/08 22:40:42.794, GPU-ecc6a1f9-42fe-2932-7ea0-1dd285491b7b, 5, 0, 405, 28, 25.85
2026/09/08 22:40:42.998, GPU-ecc6a1f9-42fe-2932-7ea0-1dd285491b7b, 5, 0, 405, 28, 26.09
2026/09/08 22:40:43.204, GPU-ecc6a1f9-42fe-2932-7ea0-1dd285491b7b, 5, 0, 405, 28, 26.09
2026/09/08 22:40:43.407, GPU-ecc6a1f9-42fe-2932-7ea0-1dd285491b7b, 5, 0, 405, 28, 26.09
2026/09/08 22:40:43.611, GPU-ecc6a1f9-42fe-2932-7ea0-1dd285491b7b, 5, 0, 405, 28, 26.09
2026/09/08 22:40:43.814, GPU-ecc6a1f9-42fe-2932-7ea0-1dd285491b7b, 5, 0, 405, 28, 26.09
2026/09/08 22:40:44.018, GPU-ecc6a1f9-42fe-2932-7ea0-1dd285491b7b, 5, 0, 405, 28, 26.09
2026/09/08 22:40:44.221, GPU-ecc6a1f9-42fe-2932-7ea0-1dd285491b7b, 5, 0, 405, 28, 26.09
2026/09/08 22:40:44.427, GPU-ecc6a1f9-42fe-2932-7ea0-1dd285491b7b, 5, 0, 405, 28, 26.09
2026/09/08 22:40:44.630, GPU-ecc6a1f9-42fe-2932-7ea0-1dd285491b7b, 5, 0, 405, 28, 25.85
2026/09/08 22:40:44.834, GPU-ecc6a1f9-42fe-2932-7ea0-1dd285491b7b, 5, 0, 405, 28, 26.09
2026/09/08 22:40:45.037, GPU-ecc6a1f9-42fe-2932-7ea0-1dd285491b7b, 5, 0, 405, 28, 26.09
2026/09/08 22:40:45.241, GPU-ecc6a1f9-42fe-2932-7ea0-1dd285491b7b, 5, 0, 405, 28, 26.09
2026/09/08 22:40:45.444, GPU-ecc6a1f9-42fe-2932-7ea0-1dd285491b7b, 5, 0, 405, 28, 26.09
2026/09/08 22:40:45.649, GPU-ecc6a1f9-42fe-2932-7ea0-1dd285491b7b, 5, 0, 405, 28, 26.09
2026/09/08 22:40:45.852, GPU-ecc6a1f9-42fe-2932-7ea0-1dd285491b7b, 5, 0, 405, 28, 26.09
2026/09/08 22:40:46.056, GPU-ecc6a1f9-42fe-2932-7ea0-1dd285491b7b, 5, 0, 405, 28, 26.09
2026/09/08 22:40:46.259, GPU-ecc6a1f9-42fe-2932-7ea0-1dd285491b7b, 5, 0, 405, 28, 25.85
2026/09/08 22:40:46.463, GPU-ecc6a1f9-42fe-2932-7ea0-1dd285491b7b, 5, 0, 405, 28, 26.09
2026/09/08 22:40:46.668, GPU-ecc6a1f9-42fe-2932-7ea0-1dd285491b7b, 5, 0, 405, 28, 26.09
2026/09/08 22:40:46.872, GPU-ecc6a1f9-42fe-2932-7ea0-1dd285491b7b, 5, 0, 405, 28, 26.09
2026/09/08 22:40:47.075, GPU-ecc6a1f9-42fe-2932-7ea0-1dd285491b7b, 5, 0, 405, 28, 26.09
2026/09/08 22:40:47.279, GPU-ecc6a1f9-42fe-2932-7ea0-1dd285491b7b, 5, 0, 405, 28, 26.09
2026/09/08 22:40:47.482, GPU-ecc6a1f9-42fe-2932-7ea0-1dd285491b7b, 5, 0, 405, 27, 26.09
2026/09/08 22:40:47.688, GPU-ecc6a1f9-42fe-2932-7ea0-1dd285491b7b, 5, 0, 405, 28, 26.09
2026/09/08 22:40:47.891, GPU-ecc6a1f9-42fe-2932-7ea0-1dd285491b7b, 5, 0, 405, 28, 26.09
2026/09/08 22:40:48.095, GPU-ecc6a1f9-42fe-2932-7ea0-1dd285491b7b, 5, 0, 405, 28, 26.09
2026/09/08 22:40:48.298, GPU-ecc6a1f9-42fe-2932-7ea0-1dd285491b7b, 5, 0, 405, 28, 26.09
2026/09/08 22:40:48.502, GPU-ecc6a1f9-42fe-2932-7ea0-1dd285491b7b, 5, 0, 405, 28, 26.09
2026/09/08 22:40:48.707, GPU-ecc6a1f9-42fe-2932-7ea0-1dd285491b7b, 5, 0, 405, 28, 26.09
2026/09/08 22:40:48.911, GPU-ecc6a1f9-42fe-2932-7ea0-1dd285491b7b, 5, 0, 405, 28, 26.09
2026/09/08 22:40:49.114, GPU-ecc6a1f9-42fe-2932-7ea0-1dd285491b7b, 5, 0, 405, 28, 25.85
2026/09/08 22:40:49.318, GPU-ecc6a1f9-42fe-2932-7ea0-1dd285491b7b, 5, 0, 405, 28, 26.09
2026/09/08 22:40:49.521, GPU-ecc6a1f9-42fe-2932-7ea0-1dd285491b7b, 5, 0, 405, 28, 26.09
2026/09/08 22:40:49.727, GPU-ecc6a1f9-42fe-2932-7ea0-1dd285491b7b, 5, 0, 405, 28, 25.85
2026/09/08 22:40:49.930, GPU-ecc6a1f9-42fe-2932-7ea0-1dd285491b7b, 5, 0, 405, 27, 25.85
2026/09/08 22:40:50.134, GPU-ecc6a1f9-42fe-2932-7ea0-1dd285491b7b, 5, 0, 405, 27, 25.85
2026/09/08 22:40:50.337, GPU-ecc6a1f9-42fe-2932-7ea0-1dd285491b7b, 5, 0, 405, 28, 26.09
2026/09/08 22:40:50.541, GPU-ecc6a1f9-42fe-2932-7ea0-1dd285491b7b, 5, 0, 405, 28, 26.09
2026/09/08 22:40:50.746, GPU-ecc6a1f9-42fe-2932-7ea0-1dd285491b7b, 5, 0, 405, 28, 26.09
2026/09/08 22:40:50.949, GPU-ecc6a1f9-42fe-2932-7ea0-1dd285491b7b, 5, 0, 405, 28, 26.09
2026/09/08 22:40:51.153, GPU-ecc6a1f9-42fe-2932-7ea0-1dd285491b7b, 5, 0, 405, 28, 25.85
2026/09/08 22:40:51.356, GPU-ecc6a1f9-42fe-2932-7ea0-1dd285491b7b, 5, 0, 405, 28, 26.09
2026/09/08 22:40:51.560, GPU-ecc6a1f9-42fe-2932-7ea0-1dd285491b7b, 5, 0, 405, 28, 25.85
2026/09/08 22:40:51.765, GPU-ecc6a1f9-42fe-2932-7ea0-1dd285491b7b, 5, 0, 405, 28, 26.09
2026/09/08 22:40:51.969, GPU-ecc6a1f9-42fe-2932-7ea0-1dd285491b7b, 5, 0, 405, 28, 26.09
2026/09/08 22:40:52.172, GPU-ecc6a1f9-42fe-2932-7ea0-1dd285491b7b, 5, 0, 405, 27, 25.85
2026/09/08 22:40:52.376, GPU-ecc6a1f9-42fe-2932-7ea0-1dd285491b7b, 5, 0, 405, 28, 26.09
2026/09/08 22:40:52.579, GPU-ecc6a1f9-42fe-2932-7ea0-1dd285491b7b, 5, 0, 405, 28, 25.85
2026/09/08 22:40:52.785, GPU-ecc6a1f9-42fe-2932-7ea0-1dd285491b7b, 5, 0, 405, 28, 26.09
2026/09/08 22:40:52.988, GPU-ecc6a1f9-42fe-2932-7ea0-1dd285491b7b, 5, 0, 405, 28, 25.85
2026/09/08 22:40:53.192, GPU-ecc6a1f9-42fe-2932-7ea0-1dd285491b7b, 5, 0, 405, 28, 26.09
2026/09/08 22:40:53.395, GPU-ecc6a1f9-42fe-2932-7ea0-1dd285491b7b, 5, 0, 405, 28, 26.09
2026/09/08 22:40:53.599, GPU-ecc6a1f9-42fe-2932-7ea0-1dd285491b7b, 5, 0, 405, 27, 26.09
2026/09/08 22:40:53.804, GPU-ecc6a1f9-42fe-2932-7ea0-1dd285491b7b, 5, 0, 405, 28, 26.09
2026/09/08 22:40:54.007, GPU-ecc6a1f9-42fe-2932-7ea0-1dd285491b7b, 5, 0, 405, 28, 26.09
2026/09/08 22:40:54.211, GPU-ecc6a1f9-42fe-2932-7ea0-1dd285491b7b, 5, 0, 405, 28, 26.09
2026/09/08 22:40:54.415, GPU-ecc6a1f9-42fe-2932-7ea0-1dd285491b7b, 5, 0, 405, 28, 26.09
2026/09/08 22:40:54.618, GPU-ecc6a1f9-42fe-2932-7ea0-1dd285491b7b, 5, 0, 405, 28, 26.09
2026/09/08 22:40:54.824, GPU-ecc6a1f9-42fe-2932-7ea0-1dd285491b7b, 5, 0, 405, 28, 26.09
2026/09/08 22:40:55.028, GPU-ecc6a1f9-42fe-2932-7ea0-1dd285491b7b, 5, 0, 405, 28, 26.09
2026/09/08 22:40:55.231, GPU-ecc6a1f9-42fe-2932-7ea0-1dd285491b7b, 5, 0, 405, 27, 26.09
2026/09/08 22:40:55.435, GPU-ecc6a1f9-42fe-2932-7ea0-1dd285491b7b, 5, 0, 405, 28, 25.85
2026/09/08 22:40:55.638, GPU-ecc6a1f9-42fe-2932-7ea0-1dd285491b7b, 5, 0, 405, 28, 26.09
2026/09/08 22:40:55.844, GPU-ecc6a1f9-42fe-2932-7ea0-1dd285491b7b, 5, 0, 405, 28, 25.85
2026/09/08 22:40:56.048, GPU-ecc6a1f9-42fe-2932-7ea0-1dd285491b7b, 5, 0, 405, 28, 25.85
2026/09/08 22:40:56.251, GPU-ecc6a1f9-42fe-2932-7ea0-1dd285491b7b, 5, 0, 405, 28, 26.09
2026/09/08 22:40:56.455, GPU-ecc6a1f9-42fe-2932-7ea0-1dd285491b7b, 5, 0, 405, 27, 26.09
2026/09/08 22:40:56.658, GPU-ecc6a1f9-42fe-2932-7ea0-1dd285491b7b, 5, 0, 405, 28, 25.85
2026/09/08 22:40:56.864, GPU-ecc6a1f9-42fe-2932-7ea0-1dd285491b7b, 5, 0, 405, 28, 26.09
2026/09/08 22:40:57.067, GPU-ecc6a1f9-42fe-2932-7ea0-1dd285491b7b, 5, 0, 405, 28, 25.85
2026/09/08 22:40:57.271, GPU-ecc6a1f9-42fe-2932-7ea0-1dd285491b7b, 5, 0, 405, 28, 25.85
2026/09/08 22:40:57.474, GPU-ecc6a1f9-42fe-2932-7ea0-1dd285491b7b, 5, 0, 405, 28, 25.85
2026/09/08 22:40:57.678, GPU-ecc6a1f9-42fe-2932-7ea0-1dd285491b7b, 5, 0, 405, 27, 25.85
2026/09/08 22:40:57.884, GPU-ecc6a1f9-42fe-2932-7ea0-1dd285491b7b, 5, 0, 405, 28, 25.85
2026/09/08 22:40:58.087, GPU-ecc6a1f9-42fe-2932-7ea0-1dd285491b7b, 5, 0, 405, 27, 26.09
2026/09/08 22:40:58.291, GPU-ecc6a1f9-42fe-2932-7ea0-1dd285491b7b, 5, 0, 405, 28, 25.85
2026/09/08 22:40:58.494, GPU-ecc6a1f9-42fe-2932-7ea0-1dd285491b7b, 5, 0, 405, 27, 26.09
2026/09/08 22:40:58.698, GPU-ecc6a1f9-42fe-2932-7ea0-1dd285491b7b, 5, 0, 405, 28, 25.85
2026/09/08 22:40:58.903, GPU-ecc6a1f9-42fe-2932-7ea0-1dd285491b7b, 5, 0, 405, 28, 26.09
2026/09/08 22:40:59.106, GPU-ecc6a1f9-42fe-2932-7ea0-1dd285491b7b, 5, 0, 405, 28, 25.85
2026/09/08 22:40:59.310, GPU-ecc6a1f9-42fe-2932-7ea0-1dd285491b7b, 5, 0, 405, 28, 26.09
2026/09/08 22:40:59.514, GPU-ecc6a1f9-42fe-2932-7ea0-1dd285491b7b, 5, 0, 405, 28, 25.85
2026/09/08 22:40:59.717, GPU-ecc6a1f9-42fe-2932-7ea0-1dd285491b7b, 5, 0, 405, 28, 25.85
2026/09/08 22:40:59.923, GPU-ecc6a1f9-42fe-2932-7ea0-1dd285491b7b, 5, 0, 405, 28, 26.09
2026/09/08 22:41:00.126, GPU-ecc6a1f9-42fe-2932-7ea0-1dd285491b7b, 5, 0, 405, 28, 25.85
2026/09/08 22:41:00.330, GPU-ecc6a1f9-42fe-2932-7ea0-1dd285491b7b, 5, 0, 405, 28, 26.09
2026/09/08 22:41:00.534, GPU-ecc6a1f9-42fe-2932-7ea0-1dd285491b7b, 5, 0, 405, 28, 26.09
2026/09/08 22:41:00.737, GPU-ecc6a1f9-42fe-2932-7ea0-1dd285491b7b, 5, 0, 405, 28, 26.09
2026/09/08 22:41:00.942, GPU-ecc6a1f9-42fe-2932-7ea0-1dd285491b7b, 5, 0, 405, 28, 26.09
2026/09/08 22:41:01.145, GPU-ecc6a1f9-42fe-2932-7ea0-1dd285491b7b, 5, 0, 405, 28, 26.09
2026/09/08 22:41:01.349, GPU-ecc6a1f9-42fe-2932-7ea0-1dd285491b7b, 5, 0, 405, 28, 25.85
2026/09/08 22:41:01.552, GPU-ecc6a1f9-42fe-2932-7ea0-1dd285491b7b, 5, 0, 405, 28, 26.09
2026/09/08 22:41:01.756, GPU-ecc6a1f9-42fe-2932-7ea0-1dd285491b7b, 5, 0, 405, 28, 26.09
2026/09/08 22:41:01.961, GPU-ecc6a1f9-42fe-2932-7ea0-1dd285491b7b, 5, 0, 405, 28, 26.09
2026/09/08 22:41:02.165, GPU-ecc6a1f9-42fe-2932-7ea0-1dd285491b7b, 5, 0, 405, 28, 25.85
2026/09/08 22:41:02.368, GPU-ecc6a1f9-42fe-2932-7ea0-1dd285491b7b, 5, 0, 405, 28, 25.85
2026/09/08 22:41:02.572, GPU-ecc6a1f9-42fe-2932-7ea0-1dd285491b7b, 5, 0, 405, 28, 26.09
2026/09/08 22:41:02.775, GPU-ecc6a1f9-42fe-2932-7ea0-1dd285491b7b, 5, 0, 405, 28, 25.85
2026/09/08 22:41:02.980, GPU-ecc6a1f9-42fe-2932-7ea0-1dd285491b7b, 5, 0, 405, 28, 25.85
2026/09/08 22:41:03.184, GPU-ecc6a1f9-42fe-2932-7ea0-1dd285491b7b, 5, 0, 405, 27, 26.09
2026/09/08 22:41:03.388, GPU-ecc6a1f9-42fe-2932-7ea0-1dd285491b7b, 5, 0, 405, 28, 26.09
2026/09/08 22:41:03.591, GPU-ecc6a1f9-42fe-2932-7ea0-1dd285491b7b, 5, 0, 405, 28, 26.09
2026/09/08 22:41:03.795, GPU-ecc6a1f9-42fe-2932-7ea0-1dd285491b7b, 5, 0, 405, 27, 26.09
2026/09/08 22:41:04.000, GPU-ecc6a1f9-42fe-2932-7ea0-1dd285491b7b, 5, 0, 405, 28, 26.09
2026/09/08 22:41:04.203, GPU-ecc6a1f9-42fe-2932-7ea0-1dd285491b7b, 5, 0, 405, 28, 26.09
2026/09/08 22:41:04.407, GPU-ecc6a1f9-42fe-2932-7ea0-1dd285491b7b, 5, 0, 405, 28, 26.09
2026/09/08 22:41:04.610, GPU-ecc6a1f9-42fe-2932-7ea0-1dd285491b7b, 5, 0, 405, 28, 26.09
2026/09/08 22:41:04.814, GPU-ecc6a1f9-42fe-2932-7ea0-1dd285491b7b, 5, 0, 405, 27, 25.85
2026/09/08 22:41:05.018, GPU-ecc6a1f9-42fe-2932-7ea0-1dd285491b7b, 5, 0, 405, 28, 26.09
2026/09/08 22:41:05.223, GPU-ecc6a1f9-42fe-2932-7ea0-1dd285491b7b, 5, 0, 405, 28, 26.09
2026/09/08 22:41:05.426, GPU-ecc6a1f9-42fe-2932-7ea0-1dd285491b7b, 5, 0, 405, 27, 26.09
2026/09/08 22:41:05.629, GPU-ecc6a1f9-42fe-2932-7ea0-1dd285491b7b, 5, 0, 405, 27, 26.09
2026/09/08 22:41:05.833, GPU-ecc6a1f9-42fe-2932-7ea0-1dd285491b7b, 5, 0, 405, 27, 26.09
2026/09/08 22:41:06.037, GPU-ecc6a1f9-42fe-2932-7ea0-1dd285491b7b, 5, 0, 405, 27, 26.09
2026/09/08 22:41:06.240, GPU-ecc6a1f9-42fe-2932-7ea0-1dd285491b7b, 5, 0, 405, 28, 26.09
2026/09/08 22:41:06.446, GPU-ecc6a1f9-42fe-2932-7ea0-1dd285491b7b, 5, 0, 405, 28, 26.09
2026/09/08 22:41:06.650, GPU-ecc6a1f9-42fe-2932-7ea0-1dd285491b7b, 5, 0, 405, 27, 26.09
2026/09/08 22:41:06.853, GPU-ecc6a1f9-42fe-2932-7ea0-1dd285491b7b, 5, 0, 405, 28, 26.09
2026/09/08 22:41:07.057, GPU-ecc6a1f9-42fe-2932-7ea0-1dd285491b7b, 5, 0, 405, 28, 26.09
2026/09/08 22:41:07.260, GPU-ecc6a1f9-42fe-2932-7ea0-1dd285491b7b, 5, 0, 405, 27, 26.09
2026/09/08 22:41:07.464, GPU-ecc6a1f9-42fe-2932-7ea0-1dd285491b7b, 5, 0, 405, 27, 26.09
2026/09/08 22:41:07.668, GPU-ecc6a1f9-42fe-2932-7ea0-1dd285491b7b, 5, 0, 405, 27, 26.09
2026/09/08 22:41:07.871, GPU-ecc6a1f9-42fe-2932-7ea0-1dd285491b7b, 5, 0, 405, 27, 26.09
2026/09/08 22:41:08.075, GPU-ecc6a1f9-42fe-2932-7ea0-1dd285491b7b, 5, 0, 405, 27, 26.09
2026/09/08 22:41:08.278, GPU-ecc6a1f9-42fe-2932-7ea0-1dd285491b7b, 5, 0, 405, 28, 26.09
2026/09/08 22:41:08.482, GPU-ecc6a1f9-42fe-2932-7ea0-1dd285491b7b, 5, 0, 405, 27, 26.09
2026/09/08 22:41:08.688, GPU-ecc6a1f9-42fe-2932-7ea0-1dd285491b7b, 5, 0, 405, 27, 26.09
2026/09/08 22:41:08.891, GPU-ecc6a1f9-42fe-2932-7ea0-1dd285491b7b, 5, 0, 405, 28, 26.09
2026/09/08 22:41:09.095, GPU-ecc6a1f9-42fe-2932-7ea0-1dd285491b7b, 5, 0, 405, 27, 26.09
2026/09/08 22:41:09.298, GPU-ecc6a1f9-42fe-2932-7ea0-1dd285491b7b, 5, 0, 405, 27, 25.85
2026/09/08 22:41:09.502, GPU-ecc6a1f9-42fe-2932-7ea0-1dd285491b7b, 5, 0, 405, 27, 26.09
2026/09/08 22:41:09.707, GPU-ecc6a1f9-42fe-2932-7ea0-1dd285491b7b, 5, 0, 405, 28, 26.09
2026/09/08 22:41:09.910, GPU-ecc6a1f9-42fe-2932-7ea0-1dd285491b7b, 5, 0, 405, 27, 26.09
2026/09/08 22:41:10.114, GPU-ecc6a1f9-42fe-2932-7ea0-1dd285491b7b, 5, 0, 405, 27, 26.09
2026/09/08 22:41:10.318, GPU-ecc6a1f9-42fe-2932-7ea0-1dd285491b7b, 5, 0, 405, 27, 26.09
2026/09/08 22:41:10.521, GPU-ecc6a1f9-42fe-2932-7ea0-1dd285491b7b, 5, 0, 405, 27, 26.09
2026/09/08 22:41:10.726, GPU-ecc6a1f9-42fe-2932-7ea0-1dd285491b7b, 5, 0, 405, 27, 26.09
2026/09/08 22:41:10.930, GPU-ecc6a1f9-42fe-2932-7ea0-1dd285491b7b, 5, 0, 405, 27, 26.09
2026/09/08 22:41:11.133, GPU-ecc6a1f9-42fe-2932-7ea0-1dd285491b7b, 5, 0, 405, 27, 26.09
2026/09/08 22:41:11.337, GPU-ecc6a1f9-42fe-2932-7ea0-1dd285491b7b, 5, 0, 405, 27, 25.85
2026/09/08 22:41:11.540, GPU-ecc6a1f9-42fe-2932-7ea0-1dd285491b7b, 5, 0, 405, 27, 25.85
2026/09/08 22:41:11.746, GPU-ecc6a1f9-42fe-2932-7ea0-1dd285491b7b, 5, 0, 405, 27, 26.09
2026/09/08 22:41:11.949, GPU-ecc6a1f9-42fe-2932-7ea0-1dd285491b7b, 5, 0, 405, 27, 26.09
2026/09/08 22:41:12.153, GPU-ecc6a1f9-42fe-2932-7ea0-1dd285491b7b, 5, 0, 405, 27, 26.09
2026/09/08 22:41:12.356, GPU-ecc6a1f9-42fe-2932-7ea0-1dd285491b7b, 5, 0, 405, 27, 26.09
2026/09/08 22:41:12.560, GPU-ecc6a1f9-42fe-2932-7ea0-1dd285491b7b, 5, 0, 405, 27, 26.09
2026/09/08 22:41:12.765, GPU-ecc6a1f9-42fe-2932-7ea0-1dd285491b7b, 5, 0, 405, 27, 26.09
2026/09/08 22:41:12.969, GPU-ecc6a1f9-42fe-2932-7ea0-1dd285491b7b, 5, 0, 405, 27, 26.09
2026/09/08 22:41:13.172, GPU-ecc6a1f9-42fe-2932-7ea0-1dd285491b7b, 5, 0, 405, 27, 26.09
2026/09/08 22:41:13.376, GPU-ecc6a1f9-42fe-2932-7ea0-1dd285491b7b, 5, 0, 405, 27, 26.09
2026/09/08 22:41:13.579, GPU-ecc6a1f9-42fe-2932-7ea0-1dd285491b7b, 5, 0, 405, 27, 26.09
2026/09/08 22:41:13.785, GPU-ecc6a1f9-42fe-2932-7ea0-1dd285491b7b, 5, 0, 405, 27, 26.09
2026/09/08 22:41:13.988, GPU-ecc6a1f9-42fe-2932-7ea0-1dd285491b7b, 5, 0, 405, 27, 26.09
2026/09/08 22:41:14.192, GPU-ecc6a1f9-42fe-2932-7ea0-1dd285491b7b, 5, 0, 405, 27, 26.09
2026/09/08 22:41:14.395, GPU-ecc6a1f9-42fe-2932-7ea0-1dd285491b7b, 5, 0, 405, 27, 26.09
2026/09/08 22:41:14.599, GPU-ecc6a1f9-42fe-2932-7ea0-1dd285491b7b, 5, 0, 405, 27, 26.09
2026/09/08 22:41:14.804, GPU-ecc6a1f9-42fe-2932-7ea0-1dd285491b7b, 5, 0, 405, 28, 25.85
2026/09/08 22:41:15.008, GPU-ecc6a1f9-42fe-2932-7ea0-1dd285491b7b, 5, 0, 405, 28, 25.85
2026/09/08 22:41:15.211, GPU-ecc6a1f9-42fe-2932-7ea0-1dd285491b7b, 5, 0, 405, 28, 26.09
2026/09/08 22:41:15.415, GPU-ecc6a1f9-42fe-2932-7ea0-1dd285491b7b, 5, 0, 405, 28, 26.09
2026/09/08 22:41:15.618, GPU-ecc6a1f9-42fe-2932-7ea0-1dd285491b7b, 5, 0, 405, 27, 25.85
2026/09/08 22:41:15.824, GPU-ecc6a1f9-42fe-2932-7ea0-1dd285491b7b, 5, 0, 405, 28, 26.09
2026/09/08 22:41:16.027, GPU-ecc6a1f9-42fe-2932-7ea0-1dd285491b7b, 5, 0, 405, 27, 25.85
2026/09/08 22:41:16.231, GPU-ecc6a1f9-42fe-2932-7ea0-1dd285491b7b, 5, 0, 405, 27, 26.09
2026/09/08 22:41:16.434, GPU-ecc6a1f9-42fe-2932-7ea0-1dd285491b7b, 5, 0, 405, 27, 25.85
2026/09/08 22:41:16.638, GPU-ecc6a1f9-42fe-2932-7ea0-1dd285491b7b, 5, 0, 405, 27, 26.09
2026/09/08 22:41:16.843, GPU-ecc6a1f9-42fe-2932-7ea0-1dd285491b7b, 5, 0, 405, 27, 26.09
2026/09/08 22:41:17.047, GPU-ecc6a1f9-42fe-2932-7ea0-1dd285491b7b, 5, 0, 405, 28, 26.09
2026/09/08 22:41:17.250, GPU-ecc6a1f9-42fe-2932-7ea0-1dd285491b7b, 5, 0, 405, 27, 25.85
2026/09/08 22:41:17.454, GPU-ecc6a1f9-42fe-2932-7ea0-1dd285491b7b, 5, 0, 405, 28, 26.09
2026/09/08 22:41:17.658, GPU-ecc6a1f9-42fe-2932-7ea0-1dd285491b7b, 5, 0, 405, 28, 26.09
2026/09/08 22:41:17.863, GPU-ecc6a1f9-42fe-2932-7ea0-1dd285491b7b, 5, 0, 405, 27, 25.85
2026/09/08 22:41:18.067, GPU-ecc6a1f9-42fe-2932-7ea0-1dd285491b7b, 5, 0, 405, 27, 26.09
2026/09/08 22:41:18.270, GPU-ecc6a1f9-42fe-2932-7ea0-1dd285491b7b, 5, 0, 405, 27, 26.09
2026/09/08 22:41:18.474, GPU-ecc6a1f9-42fe-2932-7ea0-1dd285491b7b, 5, 0, 405, 27, 26.09
2026/09/08 22:41:18.677, GPU-ecc6a1f9-42fe-2932-7ea0-1dd285491b7b, 5, 0, 405, 27, 26.09
2026/09/08 22:41:18.883, GPU-ecc6a1f9-42fe-2932-7ea0-1dd285491b7b, 5, 0, 405, 27, 26.09
2026/09/08 22:41:19.086, GPU-ecc6a1f9-42fe-2932-7ea0-1dd285491b7b, 5, 0, 405, 27, 26.09
2026/09/08 22:41:19.290, GPU-ecc6a1f9-42fe-2932-7ea0-1dd285491b7b, 5, 0, 405, 27, 26.09
2026/09/08 22:41:19.494, GPU-ecc6a1f9-42fe-2932-7ea0-1dd285491b7b, 5, 0, 405, 27, 26.09
2026/09/08 22:41:19.697, GPU-ecc6a1f9-42fe-2932-7ea0-1dd285491b7b, 5, 0, 405, 27, 26.09
2026/09/08 22:41:19.903, GPU-ecc6a1f9-42fe-2932-7ea0-1dd285491b7b, 5, 0, 405, 27, 25.85
2026/09/08 22:41:20.106, GPU-ecc6a1f9-42fe-2932-7ea0-1dd285491b7b, 5, 0, 405, 27, 26.09
2026/09/08 22:41:20.309, GPU-ecc6a1f9-42fe-2932-7ea0-1dd285491b7b, 5, 0, 405, 27, 26.09
2026/09/08 22:41:20.513, GPU-ecc6a1f9-42fe-2932-7ea0-1dd285491b7b, 5, 0, 405, 27, 26.09
2026/09/08 22:41:20.717, GPU-ecc6a1f9-42fe-2932-7ea0-1dd285491b7b, 5, 0, 405, 27, 26.09
2026/09/08 22:41:20.922, GPU-ecc6a1f9-42fe-2932-7ea0-1dd285491b7b, 5, 0, 405, 27, 26.09
2026/09/08 22:41:21.126, GPU-ecc6a1f9-42fe-2932-7ea0-1dd285491b7b, 5, 0, 405, 27, 25.85
2026/09/08 22:41:21.329, GPU-ecc6a1f9-42fe-2932-7ea0-1dd285491b7b, 5, 0, 405, 28, 26.09
2026/09/08 22:41:21.533, GPU-ecc6a1f9-42fe-2932-7ea0-1dd285491b7b, 5, 0, 405, 28, 25.85
2026/09/08 22:41:21.737, GPU-ecc6a1f9-42fe-2932-7ea0-1dd285491b7b, 5, 0, 405, 27, 26.09
2026/09/08 22:41:21.942, GPU-ecc6a1f9-42fe-2932-7ea0-1dd285491b7b, 5, 0, 405, 27, 26.09
2026/09/08 22:41:22.145, GPU-ecc6a1f9-42fe-2932-7ea0-1dd285491b7b, 5, 0, 405, 27, 26.09
2026/09/08 22:41:22.349, GPU-ecc6a1f9-42fe-2932-7ea0-1dd285491b7b, 5, 0, 405, 27, 26.09
2026/09/08 22:41:22.552, GPU-ecc6a1f9-42fe-2932-7ea0-1dd285491b7b, 5, 0, 405, 27, 25.85
2026/09/08 22:41:22.756, GPU-ecc6a1f9-42fe-2932-7ea0-1dd285491b7b, 5, 0, 405, 27, 26.09
2026/09/08 22:41:22.961, GPU-ecc6a1f9-42fe-2932-7ea0-1dd285491b7b, 5, 0, 405, 27, 26.09
2026/09/08 22:41:23.164, GPU-ecc6a1f9-42fe-2932-7ea0-1dd285491b7b, 5, 0, 405, 27, 26.09
2026/09/08 22:41:23.368, GPU-ecc6a1f9-42fe-2932-7ea0-1dd285491b7b, 5, 0, 405, 27, 25.85
2026/09/08 22:41:23.571, GPU-ecc6a1f9-42fe-2932-7ea0-1dd285491b7b, 5, 0, 405, 28, 26.09
2026/09/08 22:41:23.775, GPU-ecc6a1f9-42fe-2932-7ea0-1dd285491b7b, 5, 0, 405, 28, 25.85
2026/09/08 22:41:23.980, GPU-ecc6a1f9-42fe-2932-7ea0-1dd285491b7b, 5, 0, 405, 28, 25.85
2026/09/08 22:41:24.184, GPU-ecc6a1f9-42fe-2932-7ea0-1dd285491b7b, 5, 0, 405, 28, 25.85
2026/09/08 22:41:24.387, GPU-ecc6a1f9-42fe-2932-7ea0-1dd285491b7b, 5, 0, 405, 27, 25.85
2026/09/08 22:41:24.591, GPU-ecc6a1f9-42fe-2932-7ea0-1dd285491b7b, 5, 0, 405, 27, 25.85
2026/09/08 22:41:24.794, GPU-ecc6a1f9-42fe-2932-7ea0-1dd285491b7b, 5, 0, 405, 27, 26.09
2026/09/08 22:41:25.000, GPU-ecc6a1f9-42fe-2932-7ea0-1dd285491b7b, 5, 0, 405, 28, 26.09
2026/09/08 22:41:25.203, GPU-ecc6a1f9-42fe-2932-7ea0-1dd285491b7b, 5, 0, 405, 27, 26.09
2026/09/08 22:41:25.407, GPU-ecc6a1f9-42fe-2932-7ea0-1dd285491b7b, 5, 0, 405, 27, 26.09
2026/09/08 22:41:25.610, GPU-ecc6a1f9-42fe-2932-7ea0-1dd285491b7b, 5, 0, 405, 28, 26.09
2026/09/08 22:41:25.813, GPU-ecc6a1f9-42fe-2932-7ea0-1dd285491b7b, 5, 0, 405, 27, 25.85
2026/09/08 22:41:26.019, GPU-ecc6a1f9-42fe-2932-7ea0-1dd285491b7b, 5, 0, 405, 27, 26.09
2026/09/08 22:41:26.222, GPU-ecc6a1f9-42fe-2932-7ea0-1dd285491b7b, 5, 0, 405, 27, 26.09
2026/09/08 22:41:26.426, GPU-ecc6a1f9-42fe-2932-7ea0-1dd285491b7b, 5, 0, 405, 27, 25.85
2026/09/08 22:41:26.629, GPU-ecc6a1f9-42fe-2932-7ea0-1dd285491b7b, 5, 0, 405, 27, 26.09
2026/09/08 22:41:26.833, GPU-ecc6a1f9-42fe-2932-7ea0-1dd285491b7b, 5, 0, 405, 27, 26.09
2026/09/08 22:41:27.036, GPU-ecc6a1f9-42fe-2932-7ea0-1dd285491b7b, 5, 0, 405, 27, 26.09
2026/09/08 22:41:27.241, GPU-ecc6a1f9-42fe-2932-7ea0-1dd285491b7b, 5, 0, 405, 27, 25.85
2026/09/08 22:41:27.445, GPU-ecc6a1f9-42fe-2932-7ea0-1dd285491b7b, 5, 0, 405, 27, 26.09
2026/09/08 22:41:27.648, GPU-ecc6a1f9-42fe-2932-7ea0-1dd285491b7b, 5, 0, 405, 28, 26.09
2026/09/08 22:41:27.851, GPU-ecc6a1f9-42fe-2932-7ea0-1dd285491b7b, 5, 0, 405, 27, 26.09
2026/09/08 22:41:28.055, GPU-ecc6a1f9-42fe-2932-7ea0-1dd285491b7b, 5, 0, 405, 27, 26.09
2026/09/08 22:41:28.258, GPU-ecc6a1f9-42fe-2932-7ea0-1dd285491b7b, 5, 0, 405, 27, 26.09
2026/09/08 22:41:28.464, GPU-ecc6a1f9-42fe-2932-7ea0-1dd285491b7b, 5, 0, 405, 28, 26.09
2026/09/08 22:41:28.668, GPU-ecc6a1f9-42fe-2932-7ea0-1dd285491b7b, 5, 0, 405, 28, 25.85
2026/09/08 22:41:28.871, GPU-ecc6a1f9-42fe-2932-7ea0-1dd285491b7b, 5, 0, 405, 27, 25.85
2026/09/08 22:41:29.075, GPU-ecc6a1f9-42fe-2932-7ea0-1dd285491b7b, 5, 0, 405, 27, 26.09
2026/09/08 22:41:29.278, GPU-ecc6a1f9-42fe-2932-7ea0-1dd285491b7b, 5, 0, 405, 27, 25.85
2026/09/08 22:41:29.482, GPU-ecc6a1f9-42fe-2932-7ea0-1dd285491b7b, 5, 0, 405, 27, 25.85
2026/09/08 22:41:29.687, GPU-ecc6a1f9-42fe-2932-7ea0-1dd285491b7b, 5, 0, 405, 27, 26.09
2026/09/08 22:41:29.891, GPU-ecc6a1f9-42fe-2932-7ea0-1dd285491b7b, 5, 0, 405, 27, 26.09
2026/09/08 22:41:30.094, GPU-ecc6a1f9-42fe-2932-7ea0-1dd285491b7b, 5, 0, 405, 28, 26.09
2026/09/08 22:41:30.298, GPU-ecc6a1f9-42fe-2932-7ea0-1dd285491b7b, 5, 0, 405, 27, 26.09
2026/09/08 22:41:30.501, GPU-ecc6a1f9-42fe-2932-7ea0-1dd285491b7b, 5, 0, 405, 27, 25.85
2026/09/08 22:41:30.707, GPU-ecc6a1f9-42fe-2932-7ea0-1dd285491b7b, 5, 0, 405, 28, 26.09
2026/09/08 22:41:30.911, GPU-ecc6a1f9-42fe-2932-7ea0-1dd285491b7b, 5, 0, 405, 27, 26.09
2026/09/08 22:41:31.114, GPU-ecc6a1f9-42fe-2932-7ea0-1dd285491b7b, 5, 0, 405, 27, 26.09
2026/09/08 22:41:31.318, GPU-ecc6a1f9-42fe-2932-7ea0-1dd285491b7b, 5, 0, 405, 27, 26.09
2026/09/08 22:41:31.521, GPU-ecc6a1f9-42fe-2932-7ea0-1dd285491b7b, 5, 0, 405, 27, 26.09
2026/09/08 22:41:31.727, GPU-ecc6a1f9-42fe-2932-7ea0-1dd285491b7b, 5, 0, 405, 27, 25.85
2026/09/08 22:41:31.930, GPU-ecc6a1f9-42fe-2932-7ea0-1dd285491b7b, 5, 0, 405, 27, 25.85
2026/09/08 22:41:32.133, GPU-ecc6a1f9-42fe-2932-7ea0-1dd285491b7b, 5, 0, 405, 28, 26.09
2026/09/08 22:41:32.337, GPU-ecc6a1f9-42fe-2932-7ea0-1dd285491b7b, 5, 0, 405, 27, 26.09
2026/09/08 22:41:32.540, GPU-ecc6a1f9-42fe-2932-7ea0-1dd285491b7b, 5, 0, 405, 28, 26.09
2026/09/08 22:41:32.746, GPU-ecc6a1f9-42fe-2932-7ea0-1dd285491b7b, 5, 0, 405, 28, 26.09
2026/09/08 22:41:32.950, GPU-ecc6a1f9-42fe-2932-7ea0-1dd285491b7b, 5, 0, 405, 27, 26.09
2026/09/08 22:41:33.153, GPU-ecc6a1f9-42fe-2932-7ea0-1dd285491b7b, 5, 0, 405, 27, 26.09
2026/09/08 22:41:33.357, GPU-ecc6a1f9-42fe-2932-7ea0-1dd285491b7b, 5, 0, 405, 27, 26.09
2026/09/08 22:41:33.560, GPU-ecc6a1f9-42fe-2932-7ea0-1dd285491b7b, 5, 0, 405, 27, 26.09
2026/09/08 22:41:33.766, GPU-ecc6a1f9-42fe-2932-7ea0-1dd285491b7b, 5, 0, 405, 27, 26.09
2026/09/08 22:41:33.969, GPU-ecc6a1f9-42fe-2932-7ea0-1dd285491b7b, 5, 0, 405, 27, 26.09
2026/09/08 22:41:34.173, GPU-ecc6a1f9-42fe-2932-7ea0-1dd285491b7b, 5, 0, 405, 28, 26.09
2026/09/08 22:41:34.376, GPU-ecc6a1f9-42fe-2932-7ea0-1dd285491b7b, 5, 0, 405, 27, 26.09
2026/09/08 22:41:34.580, GPU-ecc6a1f9-42fe-2932-7ea0-1dd285491b7b, 5, 0, 405, 27, 26.09
2026/09/08 22:41:34.785, GPU-ecc6a1f9-42fe-2932-7ea0-1dd285491b7b, 5, 0, 405, 27, 26.09
2026/09/08 22:41:34.989, GPU-ecc6a1f9-42fe-2932-7ea0-1dd285491b7b, 5, 0, 405, 27, 26.09
2026/09/08 22:41:35.192, GPU-ecc6a1f9-42fe-2932-7ea0-1dd285491b7b, 5, 0, 405, 28, 26.09
2026/09/08 22:41:35.396, GPU-ecc6a1f9-42fe-2932-7ea0-1dd285491b7b, 5, 0, 405, 28, 26.09
2026/09/08 22:41:35.599, GPU-ecc6a1f9-42fe-2932-7ea0-1dd285491b7b, 5, 0, 405, 27, 26.09
2026/09/08 22:41:35.805, GPU-ecc6a1f9-42fe-2932-7ea0-1dd285491b7b, 5, 0, 405, 27, 26.09
2026/09/08 22:41:36.008, GPU-ecc6a1f9-42fe-2932-7ea0-1dd285491b7b, 5, 0, 405, 27, 26.09
2026/09/08 22:41:36.211, GPU-ecc6a1f9-42fe-2932-7ea0-1dd285491b7b, 5, 0, 405, 27, 26.09
2026/09/08 22:41:36.415, GPU-ecc6a1f9-42fe-2932-7ea0-1dd285491b7b, 5, 0, 405, 28, 25.85
2026/09/08 22:41:36.618, GPU-ecc6a1f9-42fe-2932-7ea0-1dd285491b7b, 5, 0, 405, 28, 26.09
2026/09/08 22:41:36.824, GPU-ecc6a1f9-42fe-2932-7ea0-1dd285491b7b, 5, 0, 405, 28, 26.09
2026/09/08 22:41:37.027, GPU-ecc6a1f9-42fe-2932-7ea0-1dd285491b7b, 5, 0, 405, 27, 26.09
2026/09/08 22:41:37.231, GPU-ecc6a1f9-42fe-2932-7ea0-1dd285491b7b, 5, 0, 405, 28, 25.85
2026/09/08 22:41:37.434, GPU-ecc6a1f9-42fe-2932-7ea0-1dd285491b7b, 5, 0, 405, 28, 25.85
2026/09/08 22:41:37.638, GPU-ecc6a1f9-42fe-2932-7ea0-1dd285491b7b, 5, 0, 405, 28, 26.09
2026/09/08 22:41:37.843, GPU-ecc6a1f9-42fe-2932-7ea0-1dd285491b7b, 5, 0, 405, 28, 25.85
2026/09/08 22:41:38.047, GPU-ecc6a1f9-42fe-2932-7ea0-1dd285491b7b, 5, 0, 405, 28, 26.09
2026/09/08 22:41:38.250, GPU-ecc6a1f9-42fe-2932-7ea0-1dd285491b7b, 5, 0, 405, 28, 25.85
2026/09/08 22:41:38.454, GPU-ecc6a1f9-42fe-2932-7ea0-1dd285491b7b, 5, 0, 405, 28, 25.85
2026/09/08 22:41:38.657, GPU-ecc6a1f9-42fe-2932-7ea0-1dd285491b7b, 5, 0, 405, 28, 26.09
2026/09/08 22:41:38.863, GPU-ecc6a1f9-42fe-2932-7ea0-1dd285491b7b, 5, 0, 405, 27, 26.09
2026/09/08 22:41:39.066, GPU-ecc6a1f9-42fe-2932-7ea0-1dd285491b7b, 5, 0, 405, 27, 26.09
2026/09/08 22:41:39.270, GPU-ecc6a1f9-42fe-2932-7ea0-1dd285491b7b, 5, 0, 405, 28, 26.09
2026/09/08 22:41:39.473, GPU-ecc6a1f9-42fe-2932-7ea0-1dd285491b7b, 5, 0, 405, 27, 26.09
2026/09/08 22:41:39.677, GPU-ecc6a1f9-42fe-2932-7ea0-1dd285491b7b, 5, 0, 405, 27, 25.85
2026/09/08 22:41:39.883, GPU-ecc6a1f9-42fe-2932-7ea0-1dd285491b7b, 5, 0, 405, 27, 26.09
2026/09/08 22:41:40.086, GPU-ecc6a1f9-42fe-2932-7ea0-1dd285491b7b, 5, 0, 405, 27, 25.85
2026/09/08 22:41:40.290, GPU-ecc6a1f9-42fe-2932-7ea0-1dd285491b7b, 5, 0, 405, 28, 26.09
2026/09/08 22:41:40.493, GPU-ecc6a1f9-42fe-2932-7ea0-1dd285491b7b, 5, 0, 405, 28, 25.85
2026/09/08 22:41:40.697, GPU-ecc6a1f9-42fe-2932-7ea0-1dd285491b7b, 5, 0, 405, 28, 26.09
2026/09/08 22:41:40.903, GPU-ecc6a1f9-42fe-2932-7ea0-1dd285491b7b, 5, 0, 405, 28, 26.09
2026/09/08 22:41:41.106, GPU-ecc6a1f9-42fe-2932-7ea0-1dd285491b7b, 5, 0, 405, 27, 26.09
2026/09/08 22:41:41.309, GPU-ecc6a1f9-42fe-2932-7ea0-1dd285491b7b, 5, 0, 405, 27, 26.09
2026/09/08 22:41:41.513, GPU-ecc6a1f9-42fe-2932-7ea0-1dd285491b7b, 5, 0, 405, 27, 26.09
2026/09/08 22:41:41.716, GPU-ecc6a1f9-42fe-2932-7ea0-1dd285491b7b, 5, 0, 405, 27, 25.85
2026/09/08 22:41:41.922, GPU-ecc6a1f9-42fe-2932-7ea0-1dd285491b7b, 5, 0, 405, 27, 26.09
2026/09/08 22:41:42.126, GPU-ecc6a1f9-42fe-2932-7ea0-1dd285491b7b, 5, 0, 405, 27, 25.85
2026/09/08 22:41:42.329, GPU-ecc6a1f9-42fe-2932-7ea0-1dd285491b7b, 5, 0, 405, 27, 26.09
2026/09/08 22:41:42.533, GPU-ecc6a1f9-42fe-2932-7ea0-1dd285491b7b, 5, 0, 405, 27, 26.09
2026/09/08 22:41:42.736, GPU-ecc6a1f9-42fe-2932-7ea0-1dd285491b7b, 5, 0, 405, 27, 25.85
2026/09/08 22:41:42.942, GPU-ecc6a1f9-42fe-2932-7ea0-1dd285491b7b, 5, 0, 405, 27, 25.85
2026/09/08 22:41:43.145, GPU-ecc6a1f9-42fe-2932-7ea0-1dd285491b7b, 5, 0, 405, 27, 26.09
2026/09/08 22:41:43.349, GPU-ecc6a1f9-42fe-2932-7ea0-1dd285491b7b, 5, 0, 405, 27, 26.09
2026/09/08 22:41:43.552, GPU-ecc6a1f9-42fe-2932-7ea0-1dd285491b7b, 5, 0, 405, 27, 26.09
2026/09/08 22:41:43.756, GPU-ecc6a1f9-42fe-2932-7ea0-1dd285491b7b, 5, 0, 405, 27, 26.09
2026/09/08 22:41:43.962, GPU-ecc6a1f9-42fe-2932-7ea0-1dd285491b7b, 5, 0, 405, 27, 25.85
2026/09/08 22:41:44.165, GPU-ecc6a1f9-42fe-2932-7ea0-1dd285491b7b, 5, 0, 405, 27, 26.09
2026/09/08 22:41:44.369, GPU-ecc6a1f9-42fe-2932-7ea0-1dd285491b7b, 5, 0, 405, 27, 26.09
2026/09/08 22:41:44.572, GPU-ecc6a1f9-42fe-2932-7ea0-1dd285491b7b, 5, 0, 405, 27, 25.85
2026/09/08 22:41:44.775, GPU-ecc6a1f9-42fe-2932-7ea0-1dd285491b7b, 5, 0, 405, 27, 26.09
2026/09/08 22:41:44.981, GPU-ecc6a1f9-42fe-2932-7ea0-1dd285491b7b, 5, 0, 405, 27, 26.09
2026/09/08 22:41:45.186, GPU-ecc6a1f9-42fe-2932-7ea0-1dd285491b7b, 5, 0, 405, 27, 26.09
2026/09/08 22:41:45.389, GPU-ecc6a1f9-42fe-2932-7ea0-1dd285491b7b, 5, 0, 405, 27, 26.09
2026/09/08 22:41:45.592, GPU-ecc6a1f9-42fe-2932-7ea0-1dd285491b7b, 5, 0, 405, 27, 25.85
2026/09/08 22:41:45.796, GPU-ecc6a1f9-42fe-2932-7ea0-1dd285491b7b, 5, 0, 405, 27, 26.09
2026/09/08 22:41:46.000, GPU-ecc6a1f9-42fe-2932-7ea0-1dd285491b7b, 5, 0, 405, 27, 26.09
2026/09/08 22:41:46.204, GPU-ecc6a1f9-42fe-2932-7ea0-1dd285491b7b, 5, 0, 405, 27, 26.09
2026/09/08 22:41:46.407, GPU-ecc6a1f9-42fe-2932-7ea0-1dd285491b7b, 5, 0, 405, 27, 26.09
2026/09/08 22:41:46.611, GPU-ecc6a1f9-42fe-2932-7ea0-1dd285491b7b, 5, 0, 405, 27, 26.09
2026/09/08 22:41:46.814, GPU-ecc6a1f9-42fe-2932-7ea0-1dd285491b7b, 5, 0, 405, 27, 26.09
2026/09/08 22:41:47.020, GPU-ecc6a1f9-42fe-2932-7ea0-1dd285491b7b, 5, 0, 405, 28, 25.85
2026/09/08 22:41:47.223, GPU-ecc6a1f9-42fe-2932-7ea0-1dd285491b7b, 5, 0, 405, 27, 26.09
2026/09/08 22:41:47.427, GPU-ecc6a1f9-42fe-2932-7ea0-1dd285491b7b, 5, 0, 405, 28, 25.85
2026/09/08 22:41:47.630, GPU-ecc6a1f9-42fe-2932-7ea0-1dd285491b7b, 5, 0, 405, 27, 25.85
2026/09/08 22:41:47.833, GPU-ecc6a1f9-42fe-2932-7ea0-1dd285491b7b, 5, 0, 405, 27, 26.09
2026/09/08 22:41:48.039, GPU-ecc6a1f9-42fe-2932-7ea0-1dd285491b7b, 5, 0, 405, 27, 26.09
2026/09/08 22:41:48.242, GPU-ecc6a1f9-42fe-2932-7ea0-1dd285491b7b, 5, 0, 405, 28, 26.09
2026/09/08 22:41:48.446, GPU-ecc6a1f9-42fe-2932-7ea0-1dd285491b7b, 5, 0, 405, 27, 26.09
2026/09/08 22:41:48.649, GPU-ecc6a1f9-42fe-2932-7ea0-1dd285491b7b, 5, 0, 405, 27, 26.09
2026/09/08 22:41:48.853, GPU-ecc6a1f9-42fe-2932-7ea0-1dd285491b7b, 5, 0, 405, 28, 25.85
2026/09/08 22:41:49.056, GPU-ecc6a1f9-42fe-2932-7ea0-1dd285491b7b, 5, 0, 405, 27, 25.85
2026/09/08 22:41:49.261, GPU-ecc6a1f9-42fe-2932-7ea0-1dd285491b7b, 5, 0, 405, 27, 26.09
2026/09/08 22:41:49.464, GPU-ecc6a1f9-42fe-2932-7ea0-1dd285491b7b, 5, 0, 405, 27, 25.85
2026/09/08 22:41:49.668, GPU-ecc6a1f9-42fe-2932-7ea0-1dd285491b7b, 5, 0, 405, 27, 26.09
2026/09/08 22:41:49.871, GPU-ecc6a1f9-42fe-2932-7ea0-1dd285491b7b, 5, 0, 405, 27, 26.09
2026/09/08 22:41:50.075, GPU-ecc6a1f9-42fe-2932-7ea0-1dd285491b7b, 5, 0, 405, 27, 26.09
2026/09/08 22:41:50.278, GPU-ecc6a1f9-42fe-2932-7ea0-1dd285491b7b, 5, 0, 405, 27, 26.09
2026/09/08 22:41:50.483, GPU-ecc6a1f9-42fe-2932-7ea0-1dd285491b7b, 5, 0, 405, 27, 26.09
2026/09/08 22:41:50.687, GPU-ecc6a1f9-42fe-2932-7ea0-1dd285491b7b, 5, 0, 405, 27, 26.09
2026/09/08 22:41:50.890, GPU-ecc6a1f9-42fe-2932-7ea0-1dd285491b7b, 5, 0, 405, 27, 26.09
2026/09/08 22:41:51.094, GPU-ecc6a1f9-42fe-2932-7ea0-1dd285491b7b, 5, 0, 405, 27, 25.85
2026/09/08 22:41:51.297, GPU-ecc6a1f9-42fe-2932-7ea0-1dd285491b7b, 5, 0, 405, 27, 25.85
2026/09/08 22:41:51.501, GPU-ecc6a1f9-42fe-2932-7ea0-1dd285491b7b, 5, 0, 405, 27, 25.85
2026/09/08 22:41:51.706, GPU-ecc6a1f9-42fe-2932-7ea0-1dd285491b7b, 5, 0, 405, 27, 25.85
2026/09/08 22:41:51.910, GPU-ecc6a1f9-42fe-2932-7ea0-1dd285491b7b, 5, 0, 405, 28, 25.85
2026/09/08 22:41:52.113, GPU-ecc6a1f9-42fe-2932-7ea0-1dd285491b7b, 5, 0, 405, 27, 26.09
2026/09/08 22:41:52.317, GPU-ecc6a1f9-42fe-2932-7ea0-1dd285491b7b, 5, 0, 405, 28, 26.09
2026/09/08 22:41:52.520, GPU-ecc6a1f9-42fe-2932-7ea0-1dd285491b7b, 5, 0, 405, 27, 26.09
2026/09/08 22:41:53.694, GPU-ecc6a1f9-42fe-2932-7ea0-1dd285491b7b, 5, 0, 405, 27, 25.85
2026/09/08 22:41:53.897, GPU-ecc6a1f9-42fe-2932-7ea0-1dd285491b7b, 5, 0, 405, 27, 25.85
2026/09/08 22:41:54.101, GPU-ecc6a1f9-42fe-2932-7ea0-1dd285491b7b, 5, 0, 405, 27, 25.85
2026/09/08 22:41:54.306, GPU-ecc6a1f9-42fe-2932-7ea0-1dd285491b7b, 5, 0, 405, 27, 26.09
2026/09/08 22:41:54.509, GPU-ecc6a1f9-42fe-2932-7ea0-1dd285491b7b, 5, 0, 405, 27, 26.09
2026/09/08 22:41:54.713, GPU-ecc6a1f9-42fe-2932-7ea0-1dd285491b7b, 5, 0, 405, 27, 26.09
2026/09/08 22:41:54.916, GPU-ecc6a1f9-42fe-2932-7ea0-1dd285491b7b, 5, 0, 405, 27, 26.09
2026/09/08 22:41:55.120, GPU-ecc6a1f9-42fe-2932-7ea0-1dd285491b7b, 5, 0, 405, 27, 25.85
2026/09/08 22:41:55.325, GPU-ecc6a1f9-42fe-2932-7ea0-1dd285491b7b, 5, 0, 405, 27, 26.09
2026/09/08 22:41:55.529, GPU-ecc6a1f9-42fe-2932-7ea0-1dd285491b7b, 5, 0, 405, 28, 26.09
2026/09/08 22:41:55.732, GPU-ecc6a1f9-42fe-2932-7ea0-1dd285491b7b, 5, 0, 405, 27, 25.85
2026/09/08 22:41:55.936, GPU-ecc6a1f9-42fe-2932-7ea0-1dd285491b7b, 5, 0, 405, 28, 26.09
2026/09/08 22:41:56.139, GPU-ecc6a1f9-42fe-2932-7ea0-1dd285491b7b, 5, 0, 405, 27, 26.09
2026/09/08 22:41:56.344, GPU-ecc6a1f9-42fe-2932-7ea0-1dd285491b7b, 5, 0, 405, 27, 25.85
2026/09/08 22:41:56.548, GPU-ecc6a1f9-42fe-2932-7ea0-1dd285491b7b, 5, 0, 405, 27, 26.09
2026/09/08 22:41:56.751, GPU-ecc6a1f9-42fe-2932-7ea0-1dd285491b7b, 5, 0, 405, 27, 25.85
2026/09/08 22:41:56.955, GPU-ecc6a1f9-42fe-2932-7ea0-1dd285491b7b, 5, 0, 405, 27, 26.09
2026/09/08 22:41:57.158, GPU-ecc6a1f9-42fe-2932-7ea0-1dd285491b7b, 5, 0, 405, 27, 25.85
2026/09/08 22:41:57.364, GPU-ecc6a1f9-42fe-2932-7ea0-1dd285491b7b, 5, 0, 405, 27, 26.09
2026/09/08 22:41:57.568, GPU-ecc6a1f9-42fe-2932-7ea0-1dd285491b7b, 5, 0, 405, 27, 26.09
2026/09/08 22:41:57.771, GPU-ecc6a1f9-42fe-2932-7ea0-1dd285491b7b, 5, 0, 405, 27, 26.09
2026/09/08 22:41:57.975, GPU-ecc6a1f9-42fe-2932-7ea0-1dd285491b7b, 5, 0, 405, 27, 25.85
2026/09/08 22:41:58.178, GPU-ecc6a1f9-42fe-2932-7ea0-1dd285491b7b, 5, 0, 405, 27, 26.09
2026/09/08 22:41:58.384, GPU-ecc6a1f9-42fe-2932-7ea0-1dd285491b7b, 5, 0, 405, 27, 26.09
2026/09/08 22:41:58.587, GPU-ecc6a1f9-42fe-2932-7ea0-1dd285491b7b, 5, 0, 405, 27, 26.09
2026/09/08 22:41:58.790, GPU-ecc6a1f9-42fe-2932-7ea0-1dd285491b7b, 5, 0, 405, 27, 26.09
2026/09/08 22:41:58.994, GPU-ecc6a1f9-42fe-2932-7ea0-1dd285491b7b, 5, 0, 405, 27, 26.09
2026/09/08 22:41:59.197, GPU-ecc6a1f9-42fe-2932-7ea0-1dd285491b7b, 5, 0, 405, 27, 26.09
2026/09/08 22:41:59.403, GPU-ecc6a1f9-42fe-2932-7ea0-1dd285491b7b, 5, 0, 405, 27, 25.85
2026/09/08 22:41:59.606, GPU-ecc6a1f9-42fe-2932-7ea0-1dd285491b7b, 5, 0, 405, 27, 26.09
2026/09/08 22:41:59.810, GPU-ecc6a1f9-42fe-2932-7ea0-1dd285491b7b, 5, 0, 405, 27, 26.09
2026/09/08 22:42:00.013, GPU-ecc6a1f9-42fe-2932-7ea0-1dd285491b7b, 5, 0, 405, 27, 25.85
2026/09/08 22:42:00.217, GPU-ecc6a1f9-42fe-2932-7ea0-1dd285491b7b, 5, 0, 405, 27, 25.85
2026/09/08 22:42:00.422, GPU-ecc6a1f9-42fe-2932-7ea0-1dd285491b7b, 5, 0, 405, 27, 26.09
2026/09/08 22:42:00.626, GPU-ecc6a1f9-42fe-2932-7ea0-1dd285491b7b, 5, 0, 405, 28, 26.09
2026/09/08 22:42:00.829, GPU-ecc6a1f9-42fe-2932-7ea0-1dd285491b7b, 5, 0, 405, 27, 26.09
2026/09/08 22:42:01.033, GPU-ecc6a1f9-42fe-2932-7ea0-1dd285491b7b, 5, 0, 405, 27, 26.09
2026/09/08 22:42:01.236, GPU-ecc6a1f9-42fe-2932-7ea0-1dd285491b7b, 5, 0, 405, 27, 25.85
2026/09/08 22:42:01.442, GPU-ecc6a1f9-42fe-2932-7ea0-1dd285491b7b, 5, 0, 405, 27, 26.09
2026/09/08 22:42:01.645, GPU-ecc6a1f9-42fe-2932-7ea0-1dd285491b7b, 5, 0, 405, 27, 25.85
2026/09/08 22:42:01.849, GPU-ecc6a1f9-42fe-2932-7ea0-1dd285491b7b, 5, 0, 405, 27, 26.09
2026/09/08 22:42:02.052, GPU-ecc6a1f9-42fe-2932-7ea0-1dd285491b7b, 5, 0, 405, 27, 26.09
2026/09/08 22:42:02.256, GPU-ecc6a1f9-42fe-2932-7ea0-1dd285491b7b, 5, 0, 405, 27, 26.09
2026/09/08 22:42:02.462, GPU-ecc6a1f9-42fe-2932-7ea0-1dd285491b7b, 5, 0, 405, 27, 26.09
2026/09/08 22:42:02.665, GPU-ecc6a1f9-42fe-2932-7ea0-1dd285491b7b, 5, 0, 405, 27, 25.85
2026/09/08 22:42:02.869, GPU-ecc6a1f9-42fe-2932-7ea0-1dd285491b7b, 5, 0, 405, 28, 25.85
2026/09/08 22:42:03.073, GPU-ecc6a1f9-42fe-2932-7ea0-1dd285491b7b, 5, 0, 405, 27, 26.09
2026/09/08 22:42:03.276, GPU-ecc6a1f9-42fe-2932-7ea0-1dd285491b7b, 5, 0, 405, 27, 26.09
2026/09/08 22:42:03.482, GPU-ecc6a1f9-42fe-2932-7ea0-1dd285491b7b, 5, 0, 405, 27, 26.09
2026/09/08 22:42:03.686, GPU-ecc6a1f9-42fe-2932-7ea0-1dd285491b7b, 5, 0, 405, 27, 25.85
2026/09/08 22:42:03.889, GPU-ecc6a1f9-42fe-2932-7ea0-1dd285491b7b, 5, 0, 405, 27, 26.09
2026/09/08 22:42:04.093, GPU-ecc6a1f9-42fe-2932-7ea0-1dd285491b7b, 5, 0, 405, 27, 25.85
2026/09/08 22:42:04.296, GPU-ecc6a1f9-42fe-2932-7ea0-1dd285491b7b, 5, 0, 405, 27, 25.85
2026/09/08 22:42:04.502, GPU-ecc6a1f9-42fe-2932-7ea0-1dd285491b7b, 5, 0, 405, 27, 26.09
2026/09/08 22:42:04.705, GPU-ecc6a1f9-42fe-2932-7ea0-1dd285491b7b, 5, 0, 405, 27, 25.85
2026/09/08 22:42:04.908, GPU-ecc6a1f9-42fe-2932-7ea0-1dd285491b7b, 5, 0, 405, 27, 26.09
2026/09/08 22:42:05.112, GPU-ecc6a1f9-42fe-2932-7ea0-1dd285491b7b, 5, 0, 405, 27, 26.09
2026/09/08 22:42:05.315, GPU-ecc6a1f9-42fe-2932-7ea0-1dd285491b7b, 5, 0, 405, 27, 25.85
2026/09/08 22:42:05.521, GPU-ecc6a1f9-42fe-2932-7ea0-1dd285491b7b, 5, 0, 405, 27, 25.85
2026/09/08 22:42:05.725, GPU-ecc6a1f9-42fe-2932-7ea0-1dd285491b7b, 5, 0, 405, 27, 25.85
2026/09/08 22:42:05.928, GPU-ecc6a1f9-42fe-2932-7ea0-1dd285491b7b, 5, 0, 405, 27, 25.85
2026/09/08 22:42:06.132, GPU-ecc6a1f9-42fe-2932-7ea0-1dd285491b7b, 5, 0, 405, 27, 25.85
2026/09/08 22:42:06.335, GPU-ecc6a1f9-42fe-2932-7ea0-1dd285491b7b, 5, 0, 405, 27, 25.85
2026/09/08 22:42:06.541, GPU-ecc6a1f9-42fe-2932-7ea0-1dd285491b7b, 5, 0, 405, 27, 25.85
2026/09/08 22:42:06.744, GPU-ecc6a1f9-42fe-2932-7ea0-1dd285491b7b, 5, 0, 405, 27, 25.85
2026/09/08 22:42:06.947, GPU-ecc6a1f9-42fe-2932-7ea0-1dd285491b7b, 5, 0, 405, 27, 25.85
2026/09/08 22:42:07.151, GPU-ecc6a1f9-42fe-2932-7ea0-1dd285491b7b, 5, 0, 405, 27, 25.85
2026/09/08 22:42:07.354, GPU-ecc6a1f9-42fe-2932-7ea0-1dd285491b7b, 5, 0, 405, 27, 26.09
2026/09/08 22:42:07.560, GPU-ecc6a1f9-42fe-2932-7ea0-1dd285491b7b, 5, 0, 405, 27, 26.09
2026/09/08 22:42:07.763, GPU-ecc6a1f9-42fe-2932-7ea0-1dd285491b7b, 5, 0, 405, 27, 26.09
2026/09/08 22:42:07.967, GPU-ecc6a1f9-42fe-2932-7ea0-1dd285491b7b, 5, 0, 405, 27, 26.09
2026/09/08 22:42:08.170, GPU-ecc6a1f9-42fe-2932-7ea0-1dd285491b7b, 5, 0, 405, 27, 26.09
2026/09/08 22:42:08.374, GPU-ecc6a1f9-42fe-2932-7ea0-1dd285491b7b, 5, 0, 405, 27, 25.85
2026/09/08 22:42:08.579, GPU-ecc6a1f9-42fe-2932-7ea0-1dd285491b7b, 5, 0, 405, 28, 25.85
2026/09/08 22:42:08.783, GPU-ecc6a1f9-42fe-2932-7ea0-1dd285491b7b, 5, 0, 405, 27, 26.09
2026/09/08 22:42:08.986, GPU-ecc6a1f9-42fe-2932-7ea0-1dd285491b7b, 5, 0, 405, 27, 26.09
2026/09/08 22:42:09.190, GPU-ecc6a1f9-42fe-2932-7ea0-1dd285491b7b, 5, 0, 405, 27, 25.85
2026/09/08 22:42:09.393, GPU-ecc6a1f9-42fe-2932-7ea0-1dd285491b7b, 5, 0, 405, 27, 25.85
2026/09/08 22:42:09.599, GPU-ecc6a1f9-42fe-2932-7ea0-1dd285491b7b, 5, 0, 405, 27, 26.09
2026/09/08 22:42:09.802, GPU-ecc6a1f9-42fe-2932-7ea0-1dd285491b7b, 5, 0, 405, 27, 26.09
2026/09/08 22:42:10.006, GPU-ecc6a1f9-42fe-2932-7ea0-1dd285491b7b, 5, 0, 405, 27, 25.85
2026/09/08 22:42:10.209, GPU-ecc6a1f9-42fe-2932-7ea0-1dd285491b7b, 5, 0, 405, 27, 25.85
2026/09/08 22:42:10.413, GPU-ecc6a1f9-42fe-2932-7ea0-1dd285491b7b, 5, 0, 405, 27, 25.85
2026/09/08 22:42:10.618, GPU-ecc6a1f9-42fe-2932-7ea0-1dd285491b7b, 5, 0, 405, 27, 26.09
2026/09/08 22:42:10.822, GPU-ecc6a1f9-42fe-2932-7ea0-1dd285491b7b, 5, 0, 405, 27, 26.09
2026/09/08 22:42:11.025, GPU-ecc6a1f9-42fe-2932-7ea0-1dd285491b7b, 5, 0, 405, 27, 26.09
2026/09/08 22:42:11.229, GPU-ecc6a1f9-42fe-2932-7ea0-1dd285491b7b, 5, 0, 405, 27, 25.85
2026/09/08 22:42:11.432, GPU-ecc6a1f9-42fe-2932-7ea0-1dd285491b7b, 5, 0, 405, 27, 26.09
2026/09/08 22:42:11.636, GPU-ecc6a1f9-42fe-2932-7ea0-1dd285491b7b, 5, 0, 405, 27, 26.09
2026/09/08 22:42:11.840, GPU-ecc6a1f9-42fe-2932-7ea0-1dd285491b7b, 5, 0, 405, 27, 26.09
2026/09/08 22:42:12.044, GPU-ecc6a1f9-42fe-2932-7ea0-1dd285491b7b, 5, 0, 405, 27, 26.09
2026/09/08 22:42:12.248, GPU-ecc6a1f9-42fe-2932-7ea0-1dd285491b7b, 5, 0, 405, 27, 26.09
2026/09/08 22:42:12.451, GPU-ecc6a1f9-42fe-2932-7ea0-1dd285491b7b, 5, 0, 405, 27, 26.09
2026/09/08 22:42:12.655, GPU-ecc6a1f9-42fe-2932-7ea0-1dd285491b7b, 5, 0, 405, 27, 26.09
2026/09/08 22:42:12.858, GPU-ecc6a1f9-42fe-2932-7ea0-1dd285491b7b, 5, 0, 405, 27, 25.85
2026/09/08 22:42:13.064, GPU-ecc6a1f9-42fe-2932-7ea0-1dd285491b7b, 5, 0, 405, 27, 26.09
2026/09/08 22:42:13.267, GPU-ecc6a1f9-42fe-2932-7ea0-1dd285491b7b, 5, 0, 405, 27, 25.85
2026/09/08 22:42:13.471, GPU-ecc6a1f9-42fe-2932-7ea0-1dd285491b7b, 5, 0, 405, 27, 25.85
2026/09/08 22:42:13.675, GPU-ecc6a1f9-42fe-2932-7ea0-1dd285491b7b, 5, 0, 405, 27, 26.09
2026/09/08 22:42:13.878, GPU-ecc6a1f9-42fe-2932-7ea0-1dd285491b7b, 5, 0, 405, 27, 26.09
2026/09/08 22:42:14.082, GPU-ecc6a1f9-42fe-2932-7ea0-1dd285491b7b, 5, 0, 405, 27, 26.09
2026/09/08 22:42:14.286, GPU-ecc6a1f9-42fe-2932-7ea0-1dd285491b7b, 5, 0, 405, 27, 25.85
2026/09/08 22:42:14.490, GPU-ecc6a1f9-42fe-2932-7ea0-1dd285491b7b, 5, 0, 405, 27, 26.09
2026/09/08 22:42:14.693, GPU-ecc6a1f9-42fe-2932-7ea0-1dd285491b7b, 5, 0, 405, 27, 25.85
2026/09/08 22:42:14.897, GPU-ecc6a1f9-42fe-2932-7ea0-1dd285491b7b, 5, 0, 405, 28, 26.09
2026/09/08 22:42:15.100, GPU-ecc6a1f9-42fe-2932-7ea0-1dd285491b7b, 5, 0, 405, 27, 25.85
2026/09/08 22:42:15.306, GPU-ecc6a1f9-42fe-2932-7ea0-1dd285491b7b, 5, 0, 405, 27, 26.09
2026/09/08 22:42:15.509, GPU-ecc6a1f9-42fe-2932-7ea0-1dd285491b7b, 5, 0, 405, 27, 26.09
2026/09/08 22:42:15.713, GPU-ecc6a1f9-42fe-2932-7ea0-1dd285491b7b, 5, 0, 405, 27, 26.09
2026/09/08 22:42:15.917, GPU-ecc6a1f9-42fe-2932-7ea0-1dd285491b7b, 5, 0, 405, 27, 26.09
2026/09/08 22:42:16.120, GPU-ecc6a1f9-42fe-2932-7ea0-1dd285491b7b, 5, 0, 405, 27, 25.85
2026/09/08 22:42:16.325, GPU-ecc6a1f9-42fe-2932-7ea0-1dd285491b7b, 5, 0, 405, 27, 25.85
2026/09/08 22:42:16.529, GPU-ecc6a1f9-42fe-2932-7ea0-1dd285491b7b, 5, 0, 405, 27, 25.85
2026/09/08 22:42:16.732, GPU-ecc6a1f9-42fe-2932-7ea0-1dd285491b7b, 5, 0, 405, 27, 25.85
2026/09/08 22:42:16.936, GPU-ecc6a1f9-42fe-2932-7ea0-1dd285491b7b, 5, 0, 405, 27, 26.09
2026/09/08 22:42:17.139, GPU-ecc6a1f9-42fe-2932-7ea0-1dd285491b7b, 5, 0, 405, 27, 25.85
2026/09/08 22:42:17.345, GPU-ecc6a1f9-42fe-2932-7ea0-1dd285491b7b, 5, 0, 405, 27, 25.85
2026/09/08 22:42:17.548, GPU-ecc6a1f9-42fe-2932-7ea0-1dd285491b7b, 5, 0, 405, 27, 25.85
2026/09/08 22:42:17.752, GPU-ecc6a1f9-42fe-2932-7ea0-1dd285491b7b, 5, 0, 405, 27, 25.85
2026/09/08 22:42:17.955, GPU-ecc6a1f9-42fe-2932-7ea0-1dd285491b7b, 5, 0, 405, 27, 25.85
2026/09/08 22:42:18.158, GPU-ecc6a1f9-42fe-2932-7ea0-1dd285491b7b, 5, 0, 405, 27, 25.85
2026/09/08 22:42:18.364, GPU-ecc6a1f9-42fe-2932-7ea0-1dd285491b7b, 5, 0, 405, 27, 25.85
2026/09/08 22:42:18.567, GPU-ecc6a1f9-42fe-2932-7ea0-1dd285491b7b, 5, 0, 405, 27, 26.09
2026/09/08 22:42:18.771, GPU-ecc6a1f9-42fe-2932-7ea0-1dd285491b7b, 5, 0, 405, 27, 25.85
2026/09/08 22:42:18.974, GPU-ecc6a1f9-42fe-2932-7ea0-1dd285491b7b, 5, 0, 405, 27, 25.85
2026/09/08 22:42:19.178, GPU-ecc6a1f9-42fe-2932-7ea0-1dd285491b7b, 5, 0, 405, 27, 25.85
2026/09/08 22:42:19.383, GPU-ecc6a1f9-42fe-2932-7ea0-1dd285491b7b, 5, 0, 405, 27, 25.85
2026/09/08 22:42:19.587, GPU-ecc6a1f9-42fe-2932-7ea0-1dd285491b7b, 5, 0, 405, 27, 25.85
2026/09/08 22:42:19.791, GPU-ecc6a1f9-42fe-2932-7ea0-1dd285491b7b, 5, 0, 405, 27, 25.85
2026/09/08 22:42:19.994, GPU-ecc6a1f9-42fe-2932-7ea0-1dd285491b7b, 5, 0, 405, 27, 25.85
2026/09/08 22:42:20.198, GPU-ecc6a1f9-42fe-2932-7ea0-1dd285491b7b, 5, 0, 405, 27, 25.85
2026/09/08 22:42:20.403, GPU-ecc6a1f9-42fe-2932-7ea0-1dd285491b7b, 5, 0, 405, 28, 25.85
2026/09/08 22:42:20.607, GPU-ecc6a1f9-42fe-2932-7ea0-1dd285491b7b, 5, 0, 405, 27, 25.85
2026/09/08 22:42:20.810, GPU-ecc6a1f9-42fe-2932-7ea0-1dd285491b7b, 5, 0, 405, 27, 25.85
2026/09/08 22:42:21.014, GPU-ecc6a1f9-42fe-2932-7ea0-1dd285491b7b, 5, 0, 405, 27, 26.09
2026/09/08 22:42:21.217, GPU-ecc6a1f9-42fe-2932-7ea0-1dd285491b7b, 5, 0, 405, 27, 25.85
2026/09/08 22:42:21.422, GPU-ecc6a1f9-42fe-2932-7ea0-1dd285491b7b, 5, 0, 405, 28, 25.85
2026/09/08 22:42:21.626, GPU-ecc6a1f9-42fe-2932-7ea0-1dd285491b7b, 5, 0, 405, 27, 26.09
2026/09/08 22:42:21.829, GPU-ecc6a1f9-42fe-2932-7ea0-1dd285491b7b, 5, 0, 405, 27, 25.85
2026/09/08 22:42:22.033, GPU-ecc6a1f9-42fe-2932-7ea0-1dd285491b7b, 5, 0, 405, 27, 25.85
2026/09/08 22:42:22.236, GPU-ecc6a1f9-42fe-2932-7ea0-1dd285491b7b, 5, 0, 405, 27, 25.85
2026/09/08 22:42:22.442, GPU-ecc6a1f9-42fe-2932-7ea0-1dd285491b7b, 5, 0, 405, 27, 25.85
2026/09/08 22:42:22.645, GPU-ecc6a1f9-42fe-2932-7ea0-1dd285491b7b, 5, 0, 405, 27, 26.09
2026/09/08 22:42:22.849, GPU-ecc6a1f9-42fe-2932-7ea0-1dd285491b7b, 5, 0, 405, 27, 26.09
2026/09/08 22:42:23.052, GPU-ecc6a1f9-42fe-2932-7ea0-1dd285491b7b, 5, 0, 405, 27, 26.09
2026/09/08 22:42:23.255, GPU-ecc6a1f9-42fe-2932-7ea0-1dd285491b7b, 5, 0, 405, 27, 26.09
2026/09/08 22:42:23.462, GPU-ecc6a1f9-42fe-2932-7ea0-1dd285491b7b, 5, 0, 405, 27, 26.09
2026/09/08 22:42:23.665, GPU-ecc6a1f9-42fe-2932-7ea0-1dd285491b7b, 5, 0, 405, 27, 26.09
2026/09/08 22:42:23.869, GPU-ecc6a1f9-42fe-2932-7ea0-1dd285491b7b, 5, 0, 405, 27, 25.85
2026/09/08 22:42:24.072, GPU-ecc6a1f9-42fe-2932-7ea0-1dd285491b7b, 5, 0, 405, 27, 25.85
2026/09/08 22:42:24.275, GPU-ecc6a1f9-42fe-2932-7ea0-1dd285491b7b, 5, 0, 405, 27, 26.09
2026/09/08 22:42:24.481, GPU-ecc6a1f9-42fe-2932-7ea0-1dd285491b7b, 5, 0, 405, 27, 26.09
2026/09/08 22:42:24.686, GPU-ecc6a1f9-42fe-2932-7ea0-1dd285491b7b, 5, 0, 405, 27, 26.09
2026/09/08 22:42:24.890, GPU-ecc6a1f9-42fe-2932-7ea0-1dd285491b7b, 5, 0, 405, 27, 25.85
2026/09/08 22:42:25.093, GPU-ecc6a1f9-42fe-2932-7ea0-1dd285491b7b, 5, 0, 405, 27, 25.85
2026/09/08 22:42:25.296, GPU-ecc6a1f9-42fe-2932-7ea0-1dd285491b7b, 5, 0, 405, 27, 25.85
2026/09/08 22:42:25.502, GPU-ecc6a1f9-42fe-2932-7ea0-1dd285491b7b, 5, 0, 405, 27, 25.85
2026/09/08 22:42:25.705, GPU-ecc6a1f9-42fe-2932-7ea0-1dd285491b7b, 5, 0, 405, 27, 26.09
2026/09/08 22:42:25.909, GPU-ecc6a1f9-42fe-2932-7ea0-1dd285491b7b, 5, 0, 405, 27, 25.85
2026/09/08 22:42:26.112, GPU-ecc6a1f9-42fe-2932-7ea0-1dd285491b7b, 5, 0, 405, 27, 26.09
2026/09/08 22:42:26.315, GPU-ecc6a1f9-42fe-2932-7ea0-1dd285491b7b, 5, 0, 405, 27, 25.85
2026/09/08 22:42:26.521, GPU-ecc6a1f9-42fe-2932-7ea0-1dd285491b7b, 5, 0, 405, 27, 26.09
2026/09/08 22:42:26.725, GPU-ecc6a1f9-42fe-2932-7ea0-1dd285491b7b, 5, 0, 405, 27, 25.85
2026/09/08 22:42:26.928, GPU-ecc6a1f9-42fe-2932-7ea0-1dd285491b7b, 5, 0, 405, 28, 26.09
2026/09/08 22:42:27.132, GPU-ecc6a1f9-42fe-2932-7ea0-1dd285491b7b, 5, 0, 405, 27, 26.09
2026/09/08 22:42:27.335, GPU-ecc6a1f9-42fe-2932-7ea0-1dd285491b7b, 5, 0, 405, 27, 26.09
2026/09/08 22:42:27.541, GPU-ecc6a1f9-42fe-2932-7ea0-1dd285491b7b, 5, 0, 405, 27, 25.85
2026/09/08 22:42:27.744, GPU-ecc6a1f9-42fe-2932-7ea0-1dd285491b7b, 5, 0, 405, 27, 26.09
2026/09/08 22:42:27.948, GPU-ecc6a1f9-42fe-2932-7ea0-1dd285491b7b, 5, 0, 405, 27, 26.09
2026/09/08 22:42:28.151, GPU-ecc6a1f9-42fe-2932-7ea0-1dd285491b7b, 5, 0, 405, 27, 26.09
2026/09/08 22:42:28.355, GPU-ecc6a1f9-42fe-2932-7ea0-1dd285491b7b, 5, 0, 405, 27, 26.09
2026/09/08 22:42:28.560, GPU-ecc6a1f9-42fe-2932-7ea0-1dd285491b7b, 5, 0, 405, 27, 26.09
2026/09/08 22:42:28.763, GPU-ecc6a1f9-42fe-2932-7ea0-1dd285491b7b, 5, 0, 405, 27, 26.09
2026/09/08 22:42:29.415, GPU-ecc6a1f9-42fe-2932-7ea0-1dd285491b7b, 5, 0, 405, 27, 25.85
2026/09/08 22:42:29.619, GPU-ecc6a1f9-42fe-2932-7ea0-1dd285491b7b, 5, 0, 405, 27, 26.09
2026/09/08 22:42:29.823, GPU-ecc6a1f9-42fe-2932-7ea0-1dd285491b7b, 5, 0, 405, 27, 26.09
2026/09/08 22:42:30.026, GPU-ecc6a1f9-42fe-2932-7ea0-1dd285491b7b, 5, 0, 405, 27, 25.85
2026/09/08 22:42:30.230, GPU-ecc6a1f9-42fe-2932-7ea0-1dd285491b7b, 5, 0, 405, 27, 25.85
2026/09/08 22:42:30.433, GPU-ecc6a1f9-42fe-2932-7ea0-1dd285491b7b, 5, 0, 405, 27, 25.85
2026/09/08 22:42:30.639, GPU-ecc6a1f9-42fe-2932-7ea0-1dd285491b7b, 5, 0, 405, 27, 25.85
2026/09/08 22:42:30.842, GPU-ecc6a1f9-42fe-2932-7ea0-1dd285491b7b, 5, 0, 405, 27, 25.85
2026/09/08 22:42:31.046, GPU-ecc6a1f9-42fe-2932-7ea0-1dd285491b7b, 5, 0, 405, 27, 25.85
2026/09/08 22:42:31.249, GPU-ecc6a1f9-42fe-2932-7ea0-1dd285491b7b, 5, 0, 405, 27, 26.09
2026/09/08 22:42:31.453, GPU-ecc6a1f9-42fe-2932-7ea0-1dd285491b7b, 5, 0, 405, 27, 25.85
2026/09/08 22:42:31.658, GPU-ecc6a1f9-42fe-2932-7ea0-1dd285491b7b, 5, 0, 405, 27, 25.85
2026/09/08 22:42:31.861, GPU-ecc6a1f9-42fe-2932-7ea0-1dd285491b7b, 5, 0, 405, 27, 26.09
2026/09/08 22:42:32.065, GPU-ecc6a1f9-42fe-2932-7ea0-1dd285491b7b, 5, 0, 405, 27, 25.85
2026/09/08 22:42:32.268, GPU-ecc6a1f9-42fe-2932-7ea0-1dd285491b7b, 5, 0, 405, 27, 25.85
2026/09/08 22:42:32.472, GPU-ecc6a1f9-42fe-2932-7ea0-1dd285491b7b, 5, 0, 405, 27, 25.85
2026/09/08 22:42:32.677, GPU-ecc6a1f9-42fe-2932-7ea0-1dd285491b7b, 5, 0, 405, 27, 25.85
2026/09/08 22:42:32.881, GPU-ecc6a1f9-42fe-2932-7ea0-1dd285491b7b, 5, 0, 405, 27, 25.85
2026/09/08 22:42:33.084, GPU-ecc6a1f9-42fe-2932-7ea0-1dd285491b7b, 5, 0, 405, 27, 25.85
2026/09/08 22:42:33.288, GPU-ecc6a1f9-42fe-2932-7ea0-1dd285491b7b, 5, 0, 405, 27, 25.85
2026/09/08 22:42:33.491, GPU-ecc6a1f9-42fe-2932-7ea0-1dd285491b7b, 5, 0, 405, 27, 25.85
2026/09/08 22:42:33.695, GPU-ecc6a1f9-42fe-2932-7ea0-1dd285491b7b, 5, 0, 405, 27, 25.60
2026/09/08 22:42:33.899, GPU-ecc6a1f9-42fe-2932-7ea0-1dd285491b7b, 5, 0, 405, 27, 25.85
2026/09/08 22:42:34.103, GPU-ecc6a1f9-42fe-2932-7ea0-1dd285491b7b, 5, 0, 405, 27, 26.09
2026/09/08 22:42:34.306, GPU-ecc6a1f9-42fe-2932-7ea0-1dd285491b7b, 5, 0, 405, 27, 25.85
2026/09/08 22:42:34.510, GPU-ecc6a1f9-42fe-2932-7ea0-1dd285491b7b, 5, 0, 405, 27, 25.85
2026/09/08 22:42:34.713, GPU-ecc6a1f9-42fe-2932-7ea0-1dd285491b7b, 5, 0, 405, 27, 25.85
2026/09/08 22:42:34.917, GPU-ecc6a1f9-42fe-2932-7ea0-1dd285491b7b, 5, 0, 405, 27, 26.09
2026/09/08 22:42:35.122, GPU-ecc6a1f9-42fe-2932-7ea0-1dd285491b7b, 5, 0, 405, 27, 25.85
2026/09/08 22:42:35.326, GPU-ecc6a1f9-42fe-2932-7ea0-1dd285491b7b, 5, 0, 405, 27, 26.09
2026/09/08 22:42:35.529, GPU-ecc6a1f9-42fe-2932-7ea0-1dd285491b7b, 5, 0, 405, 27, 25.85
2026/09/08 22:42:35.733, GPU-ecc6a1f9-42fe-2932-7ea0-1dd285491b7b, 5, 0, 405, 27, 26.09
2026/09/08 22:42:35.936, GPU-ecc6a1f9-42fe-2932-7ea0-1dd285491b7b, 5, 0, 405, 27, 25.85
2026/09/08 22:42:36.140, GPU-ecc6a1f9-42fe-2932-7ea0-1dd285491b7b, 5, 0, 405, 27, 25.85
2026/09/08 22:42:36.345, GPU-ecc6a1f9-42fe-2932-7ea0-1dd285491b7b, 5, 0, 405, 27, 26.09
2026/09/08 22:42:36.549, GPU-ecc6a1f9-42fe-2932-7ea0-1dd285491b7b, 5, 0, 405, 27, 25.85
2026/09/08 22:42:36.752, GPU-ecc6a1f9-42fe-2932-7ea0-1dd285491b7b, 5, 0, 405, 27, 25.85
2026/09/08 22:42:36.956, GPU-ecc6a1f9-42fe-2932-7ea0-1dd285491b7b, 5, 0, 405, 27, 26.09
2026/09/08 22:42:37.159, GPU-ecc6a1f9-42fe-2932-7ea0-1dd285491b7b, 5, 0, 405, 27, 26.09
2026/09/08 22:42:37.366, GPU-ecc6a1f9-42fe-2932-7ea0-1dd285491b7b, 5, 0, 405, 27, 25.85
2026/09/08 22:42:37.569, GPU-ecc6a1f9-42fe-2932-7ea0-1dd285491b7b, 5, 0, 405, 27, 25.85
2026/09/08 22:42:37.773, GPU-ecc6a1f9-42fe-2932-7ea0-1dd285491b7b, 5, 0, 405, 27, 25.85
2026/09/08 22:42:37.976, GPU-ecc6a1f9-42fe-2932-7ea0-1dd285491b7b, 5, 0, 405, 27, 26.09
2026/09/08 22:42:38.180, GPU-ecc6a1f9-42fe-2932-7ea0-1dd285491b7b, 5, 0, 405, 27, 26.09
2026/09/08 22:42:38.385, GPU-ecc6a1f9-42fe-2932-7ea0-1dd285491b7b, 5, 0, 405, 27, 26.09
2026/09/08 22:42:38.588, GPU-ecc6a1f9-42fe-2932-7ea0-1dd285491b7b, 5, 0, 405, 27, 25.85
2026/09/08 22:42:38.792, GPU-ecc6a1f9-42fe-2932-7ea0-1dd285491b7b, 5, 0, 405, 27, 25.85
2026/09/08 22:42:38.995, GPU-ecc6a1f9-42fe-2932-7ea0-1dd285491b7b, 5, 0, 405, 27, 25.85
2026/09/08 22:42:39.199, GPU-ecc6a1f9-42fe-2932-7ea0-1dd285491b7b, 5, 0, 405, 27, 25.85
2026/09/08 22:42:39.404, GPU-ecc6a1f9-42fe-2932-7ea0-1dd285491b7b, 5, 0, 405, 27, 26.09
2026/09/08 22:42:39.608, GPU-ecc6a1f9-42fe-2932-7ea0-1dd285491b7b, 5, 0, 405, 27, 25.85
2026/09/08 22:42:39.811, GPU-ecc6a1f9-42fe-2932-7ea0-1dd285491b7b, 5, 0, 405, 27, 25.85
2026/09/08 22:42:40.015, GPU-ecc6a1f9-42fe-2932-7ea0-1dd285491b7b, 5, 0, 405, 27, 25.60
2026/09/08 22:42:40.218, GPU-ecc6a1f9-42fe-2932-7ea0-1dd285491b7b, 5, 0, 405, 27, 26.09
2026/09/08 22:42:40.424, GPU-ecc6a1f9-42fe-2932-7ea0-1dd285491b7b, 5, 0, 405, 27, 26.09
2026/09/08 22:42:40.627, GPU-ecc6a1f9-42fe-2932-7ea0-1dd285491b7b, 5, 0, 405, 27, 25.85
2026/09/08 22:42:40.831, GPU-ecc6a1f9-42fe-2932-7ea0-1dd285491b7b, 5, 0, 405, 27, 25.85
2026/09/08 22:42:41.034, GPU-ecc6a1f9-42fe-2932-7ea0-1dd285491b7b, 5, 0, 405, 27, 25.85
2026/09/08 22:42:41.238, GPU-ecc6a1f9-42fe-2932-7ea0-1dd285491b7b, 5, 0, 405, 27, 25.85
2026/09/08 22:42:41.443, GPU-ecc6a1f9-42fe-2932-7ea0-1dd285491b7b, 5, 0, 405, 27, 26.09
2026/09/08 22:42:41.647, GPU-ecc6a1f9-42fe-2932-7ea0-1dd285491b7b, 5, 0, 405, 27, 25.85
2026/09/08 22:42:41.850, GPU-ecc6a1f9-42fe-2932-7ea0-1dd285491b7b, 5, 0, 405, 27, 26.09
2026/09/08 22:42:42.054, GPU-ecc6a1f9-42fe-2932-7ea0-1dd285491b7b, 5, 0, 405, 27, 26.09
2026/09/08 22:42:42.257, GPU-ecc6a1f9-42fe-2932-7ea0-1dd285491b7b, 5, 0, 405, 27, 26.09
2026/09/08 22:42:42.463, GPU-ecc6a1f9-42fe-2932-7ea0-1dd285491b7b, 5, 0, 405, 27, 26.09
2026/09/08 22:42:42.666, GPU-ecc6a1f9-42fe-2932-7ea0-1dd285491b7b, 5, 0, 405, 27, 25.85
2026/09/08 22:42:42.870, GPU-ecc6a1f9-42fe-2932-7ea0-1dd285491b7b, 5, 0, 405, 27, 25.85
2026/09/08 22:42:43.073, GPU-ecc6a1f9-42fe-2932-7ea0-1dd285491b7b, 5, 0, 405, 27, 26.09
2026/09/08 22:42:43.277, GPU-ecc6a1f9-42fe-2932-7ea0-1dd285491b7b, 5, 0, 405, 27, 26.09
2026/09/08 22:42:43.482, GPU-ecc6a1f9-42fe-2932-7ea0-1dd285491b7b, 5, 0, 405, 27, 26.09
2026/09/08 22:42:43.686, GPU-ecc6a1f9-42fe-2932-7ea0-1dd285491b7b, 5, 0, 405, 27, 25.85
2026/09/08 22:42:43.889, GPU-ecc6a1f9-42fe-2932-7ea0-1dd285491b7b, 5, 0, 405, 27, 25.85
2026/09/08 22:42:44.093, GPU-ecc6a1f9-42fe-2932-7ea0-1dd285491b7b, 5, 0, 405, 27, 25.85
2026/09/08 22:42:44.296, GPU-ecc6a1f9-42fe-2932-7ea0-1dd285491b7b, 5, 0, 405, 27, 25.85
2026/09/08 22:42:44.501, GPU-ecc6a1f9-42fe-2932-7ea0-1dd285491b7b, 5, 0, 405, 27, 25.85
2026/09/08 22:42:44.705, GPU-ecc6a1f9-42fe-2932-7ea0-1dd285491b7b, 5, 0, 405, 27, 25.60
2026/09/08 22:42:44.909, GPU-ecc6a1f9-42fe-2932-7ea0-1dd285491b7b, 5, 0, 405, 27, 26.09
2026/09/08 22:42:45.112, GPU-ecc6a1f9-42fe-2932-7ea0-1dd285491b7b, 5, 0, 405, 27, 25.85
2026/09/08 22:42:45.316, GPU-ecc6a1f9-42fe-2932-7ea0-1dd285491b7b, 5, 0, 405, 27, 26.09
2026/09/08 22:42:45.521, GPU-ecc6a1f9-42fe-2932-7ea0-1dd285491b7b, 5, 0, 405, 27, 25.85
2026/09/08 22:42:45.725, GPU-ecc6a1f9-42fe-2932-7ea0-1dd285491b7b, 5, 0, 405, 27, 25.85
2026/09/08 22:42:45.928, GPU-ecc6a1f9-42fe-2932-7ea0-1dd285491b7b, 5, 0, 405, 27, 25.85
2026/09/08 22:42:46.132, GPU-ecc6a1f9-42fe-2932-7ea0-1dd285491b7b, 5, 0, 405, 27, 26.09
2026/09/08 22:42:46.335, GPU-ecc6a1f9-42fe-2932-7ea0-1dd285491b7b, 5, 0, 405, 27, 26.09
2026/09/08 22:42:46.541, GPU-ecc6a1f9-42fe-2932-7ea0-1dd285491b7b, 5, 0, 405, 27, 25.85
2026/09/08 22:42:46.744, GPU-ecc6a1f9-42fe-2932-7ea0-1dd285491b7b, 5, 0, 405, 27, 25.85
2026/09/08 22:42:46.948, GPU-ecc6a1f9-42fe-2932-7ea0-1dd285491b7b, 5, 0, 405, 27, 25.85
2026/09/08 22:42:47.151, GPU-ecc6a1f9-42fe-2932-7ea0-1dd285491b7b, 5, 0, 405, 27, 25.85
2026/09/08 22:42:47.355, GPU-ecc6a1f9-42fe-2932-7ea0-1dd285491b7b, 5, 0, 405, 27, 26.09
2026/09/08 22:42:47.561, GPU-ecc6a1f9-42fe-2932-7ea0-1dd285491b7b, 5, 0, 405, 27, 26.09
2026/09/08 22:42:47.764, GPU-ecc6a1f9-42fe-2932-7ea0-1dd285491b7b, 5, 0, 405, 27, 25.60
2026/09/08 22:42:47.968, GPU-ecc6a1f9-42fe-2932-7ea0-1dd285491b7b, 5, 0, 405, 27, 25.85
2026/09/08 22:42:48.171, GPU-ecc6a1f9-42fe-2932-7ea0-1dd285491b7b, 5, 0, 405, 27, 26.09
2026/09/08 22:42:48.375, GPU-ecc6a1f9-42fe-2932-7ea0-1dd285491b7b, 5, 0, 405, 27, 25.85
2026/09/08 22:42:48.580, GPU-ecc6a1f9-42fe-2932-7ea0-1dd285491b7b, 5, 0, 405, 27, 26.09
2026/09/08 22:42:48.784, GPU-ecc6a1f9-42fe-2932-7ea0-1dd285491b7b, 5, 0, 405, 27, 25.85
2026/09/08 22:42:48.987, GPU-ecc6a1f9-42fe-2932-7ea0-1dd285491b7b, 5, 0, 405, 27, 25.85
2026/09/08 22:42:49.191, GPU-ecc6a1f9-42fe-2932-7ea0-1dd285491b7b, 5, 0, 405, 27, 26.09
2026/09/08 22:42:49.394, GPU-ecc6a1f9-42fe-2932-7ea0-1dd285491b7b, 5, 0, 405, 27, 25.85
2026/09/08 22:42:49.600, GPU-ecc6a1f9-42fe-2932-7ea0-1dd285491b7b, 5, 0, 405, 27, 25.85
2026/09/08 22:42:49.803, GPU-ecc6a1f9-42fe-2932-7ea0-1dd285491b7b, 5, 0, 405, 27, 25.85
2026/09/08 22:42:50.007, GPU-ecc6a1f9-42fe-2932-7ea0-1dd285491b7b, 5, 0, 405, 27, 25.85
2026/09/08 22:42:50.211, GPU-ecc6a1f9-42fe-2932-7ea0-1dd285491b7b, 5, 0, 405, 27, 26.09
2026/09/08 22:42:50.414, GPU-ecc6a1f9-42fe-2932-7ea0-1dd285491b7b, 5, 0, 405, 27, 25.85
2026/09/08 22:42:50.620, GPU-ecc6a1f9-42fe-2932-7ea0-1dd285491b7b, 5, 0, 405, 27, 25.85
2026/09/08 22:42:50.823, GPU-ecc6a1f9-42fe-2932-7ea0-1dd285491b7b, 5, 0, 405, 27, 26.09
2026/09/08 22:42:51.027, GPU-ecc6a1f9-42fe-2932-7ea0-1dd285491b7b, 5, 0, 405, 27, 25.85
2026/09/08 22:42:51.230, GPU-ecc6a1f9-42fe-2932-7ea0-1dd285491b7b, 5, 0, 405, 27, 25.60
2026/09/08 22:42:51.434, GPU-ecc6a1f9-42fe-2932-7ea0-1dd285491b7b, 5, 0, 405, 27, 25.85
2026/09/08 22:42:51.639, GPU-ecc6a1f9-42fe-2932-7ea0-1dd285491b7b, 5, 0, 405, 27, 26.09
2026/09/08 22:42:51.842, GPU-ecc6a1f9-42fe-2932-7ea0-1dd285491b7b, 5, 0, 405, 27, 25.60
2026/09/08 22:42:52.046, GPU-ecc6a1f9-42fe-2932-7ea0-1dd285491b7b, 5, 0, 405, 27, 25.85
2026/09/08 22:42:52.249, GPU-ecc6a1f9-42fe-2932-7ea0-1dd285491b7b, 5, 0, 405, 27, 25.85
2026/09/08 22:42:52.453, GPU-ecc6a1f9-42fe-2932-7ea0-1dd285491b7b, 5, 0, 405, 27, 25.85
2026/09/08 22:42:52.658, GPU-ecc6a1f9-42fe-2932-7ea0-1dd285491b7b, 5, 0, 405, 27, 26.09
2026/09/08 22:42:52.862, GPU-ecc6a1f9-42fe-2932-7ea0-1dd285491b7b, 5, 0, 405, 27, 25.85
2026/09/08 22:42:53.065, GPU-ecc6a1f9-42fe-2932-7ea0-1dd285491b7b, 5, 0, 405, 27, 25.85
2026/09/08 22:42:53.269, GPU-ecc6a1f9-42fe-2932-7ea0-1dd285491b7b, 5, 0, 405, 27, 25.85
2026/09/08 22:42:53.472, GPU-ecc6a1f9-42fe-2932-7ea0-1dd285491b7b, 5, 0, 405, 27, 25.85
2026/09/08 22:42:53.678, GPU-ecc6a1f9-42fe-2932-7ea0-1dd285491b7b, 5, 0, 405, 27, 25.85
2026/09/08 22:42:53.881, GPU-ecc6a1f9-42fe-2932-7ea0-1dd285491b7b, 5, 0, 405, 27, 26.09
2026/09/08 22:42:54.085, GPU-ecc6a1f9-42fe-2932-7ea0-1dd285491b7b, 5, 0, 405, 27, 25.60
2026/09/08 22:42:54.288, GPU-ecc6a1f9-42fe-2932-7ea0-1dd285491b7b, 5, 0, 405, 27, 25.85
2026/09/08 22:42:54.492, GPU-ecc6a1f9-42fe-2932-7ea0-1dd285491b7b, 5, 0, 405, 27, 25.85
2026/09/08 22:42:54.697, GPU-ecc6a1f9-42fe-2932-7ea0-1dd285491b7b, 5, 0, 405, 27, 25.60
2026/09/08 22:42:54.900, GPU-ecc6a1f9-42fe-2932-7ea0-1dd285491b7b, 5, 0, 405, 27, 25.85
2026/09/08 22:42:55.104, GPU-ecc6a1f9-42fe-2932-7ea0-1dd285491b7b, 5, 0, 405, 27, 25.60
2026/09/08 22:42:55.307, GPU-ecc6a1f9-42fe-2932-7ea0-1dd285491b7b, 5, 0, 405, 27, 25.85
2026/09/08 22:42:55.511, GPU-ecc6a1f9-42fe-2932-7ea0-1dd285491b7b, 5, 0, 405, 27, 26.09
2026/09/08 22:42:55.718, GPU-ecc6a1f9-42fe-2932-7ea0-1dd285491b7b, 5, 0, 405, 27, 25.85
2026/09/08 22:42:55.922, GPU-ecc6a1f9-42fe-2932-7ea0-1dd285491b7b, 5, 0, 405, 27, 25.85
2026/09/08 22:42:56.125, GPU-ecc6a1f9-42fe-2932-7ea0-1dd285491b7b, 5, 0, 405, 27, 25.85
2026/09/08 22:42:56.329, GPU-ecc6a1f9-42fe-2932-7ea0-1dd285491b7b, 5, 0, 405, 27, 25.60
2026/09/08 22:42:56.532, GPU-ecc6a1f9-42fe-2932-7ea0-1dd285491b7b, 5, 0, 405, 27, 25.85
2026/09/08 22:42:56.736, GPU-ecc6a1f9-42fe-2932-7ea0-1dd285491b7b, 5, 0, 405, 27, 25.60
2026/09/08 22:42:56.941, GPU-ecc6a1f9-42fe-2932-7ea0-1dd285491b7b, 5, 0, 405, 27, 25.85
2026/09/08 22:42:57.145, GPU-ecc6a1f9-42fe-2932-7ea0-1dd285491b7b, 5, 0, 405, 27, 25.85
2026/09/08 22:42:57.348, GPU-ecc6a1f9-42fe-2932-7ea0-1dd285491b7b, 5, 0, 405, 27, 25.85
2026/09/08 22:42:57.552, GPU-ecc6a1f9-42fe-2932-7ea0-1dd285491b7b, 5, 0, 405, 27, 25.85
2026/09/08 22:42:57.755, GPU-ecc6a1f9-42fe-2932-7ea0-1dd285491b7b, 5, 0, 405, 27, 26.09
2026/09/08 22:42:57.959, GPU-ecc6a1f9-42fe-2932-7ea0-1dd285491b7b, 5, 0, 405, 27, 25.85
2026/09/08 22:42:58.165, GPU-ecc6a1f9-42fe-2932-7ea0-1dd285491b7b, 5, 0, 405, 27, 26.09
2026/09/08 22:42:58.369, GPU-ecc6a1f9-42fe-2932-7ea0-1dd285491b7b, 5, 0, 405, 27, 25.85
2026/09/08 22:42:58.572, GPU-ecc6a1f9-42fe-2932-7ea0-1dd285491b7b, 5, 0, 405, 27, 25.85
2026/09/08 22:42:58.776, GPU-ecc6a1f9-42fe-2932-7ea0-1dd285491b7b, 5, 0, 405, 27, 26.09
2026/09/08 22:42:58.979, GPU-ecc6a1f9-42fe-2932-7ea0-1dd285491b7b, 5, 0, 405, 27, 25.85
2026/09/08 22:42:59.186, GPU-ecc6a1f9-42fe-2932-7ea0-1dd285491b7b, 5, 0, 405, 27, 25.85
2026/09/08 22:42:59.389, GPU-ecc6a1f9-42fe-2932-7ea0-1dd285491b7b, 5, 0, 405, 27, 25.85
2026/09/08 22:42:59.593, GPU-ecc6a1f9-42fe-2932-7ea0-1dd285491b7b, 5, 0, 405, 27, 25.85
2026/09/08 22:42:59.796, GPU-ecc6a1f9-42fe-2932-7ea0-1dd285491b7b, 5, 0, 405, 27, 25.85
2026/09/08 22:43:00.000, GPU-ecc6a1f9-42fe-2932-7ea0-1dd285491b7b, 5, 0, 405, 27, 25.85
2026/09/08 22:43:00.205, GPU-ecc6a1f9-42fe-2932-7ea0-1dd285491b7b, 5, 0, 405, 27, 25.85
2026/09/08 22:43:00.408, GPU-ecc6a1f9-42fe-2932-7ea0-1dd285491b7b, 5, 0, 405, 27, 25.85
2026/09/08 22:43:00.612, GPU-ecc6a1f9-42fe-2932-7ea0-1dd285491b7b, 5, 0, 405, 27, 25.85
2026/09/08 22:43:00.816, GPU-ecc6a1f9-42fe-2932-7ea0-1dd285491b7b, 5, 0, 405, 27, 25.85
2026/09/08 22:43:01.019, GPU-ecc6a1f9-42fe-2932-7ea0-1dd285491b7b, 5, 0, 405, 27, 25.85
2026/09/08 22:43:01.225, GPU-ecc6a1f9-42fe-2932-7ea0-1dd285491b7b, 5, 0, 405, 27, 25.85
2026/09/08 22:43:01.428, GPU-ecc6a1f9-42fe-2932-7ea0-1dd285491b7b, 5, 0, 405, 27, 25.85
2026/09/08 22:43:01.632, GPU-ecc6a1f9-42fe-2932-7ea0-1dd285491b7b, 5, 0, 405, 27, 25.85
2026/09/08 22:43:01.835, GPU-ecc6a1f9-42fe-2932-7ea0-1dd285491b7b, 5, 0, 405, 27, 25.85
2026/09/08 22:43:02.039, GPU-ecc6a1f9-42fe-2932-7ea0-1dd285491b7b, 5, 0, 405, 27, 25.85
2026/09/08 22:43:02.244, GPU-ecc6a1f9-42fe-2932-7ea0-1dd285491b7b, 5, 0, 405, 27, 26.09
2026/09/08 22:43:02.448, GPU-ecc6a1f9-42fe-2932-7ea0-1dd285491b7b, 5, 0, 405, 27, 25.85
2026/09/08 22:43:02.651, GPU-ecc6a1f9-42fe-2932-7ea0-1dd285491b7b, 5, 0, 405, 27, 25.85
2026/09/08 22:43:02.855, GPU-ecc6a1f9-42fe-2932-7ea0-1dd285491b7b, 5, 0, 405, 27, 25.85
2026/09/08 22:43:03.058, GPU-ecc6a1f9-42fe-2932-7ea0-1dd285491b7b, 5, 0, 405, 27, 26.09
2026/09/08 22:43:03.263, GPU-ecc6a1f9-42fe-2932-7ea0-1dd285491b7b, 5, 0, 405, 27, 25.85
2026/09/08 22:43:03.467, GPU-ecc6a1f9-42fe-2932-7ea0-1dd285491b7b, 5, 0, 405, 27, 26.09
2026/09/08 22:43:03.670, GPU-ecc6a1f9-42fe-2932-7ea0-1dd285491b7b, 5, 0, 405, 27, 26.09
2026/09/08 22:43:03.874, GPU-ecc6a1f9-42fe-2932-7ea0-1dd285491b7b, 5, 0, 405, 27, 25.85
2026/09/08 22:43:04.078, GPU-ecc6a1f9-42fe-2932-7ea0-1dd285491b7b, 5, 0, 405, 27, 25.85
2026/09/08 22:43:04.283, GPU-ecc6a1f9-42fe-2932-7ea0-1dd285491b7b, 5, 0, 405, 27, 25.85
2026/09/08 22:43:04.487, GPU-ecc6a1f9-42fe-2932-7ea0-1dd285491b7b, 5, 0, 405, 27, 25.85
2026/09/08 22:43:04.690, GPU-ecc6a1f9-42fe-2932-7ea0-1dd285491b7b, 5, 0, 405, 27, 25.85
2026/09/08 22:43:04.894, GPU-ecc6a1f9-42fe-2932-7ea0-1dd285491b7b, 5, 0, 405, 27, 25.85
2026/09/08 22:43:05.097, GPU-ecc6a1f9-42fe-2932-7ea0-1dd285491b7b, 5, 0, 405, 27, 25.85
2026/09/08 22:43:05.302, GPU-ecc6a1f9-42fe-2932-7ea0-1dd285491b7b, 5, 0, 405, 27, 25.60
2026/09/08 22:43:05.506, GPU-ecc6a1f9-42fe-2932-7ea0-1dd285491b7b, 5, 0, 405, 27, 25.85
2026/09/08 22:43:05.709, GPU-ecc6a1f9-42fe-2932-7ea0-1dd285491b7b, 5, 0, 405, 27, 25.85
2026/09/08 22:43:05.913, GPU-ecc6a1f9-42fe-2932-7ea0-1dd285491b7b, 5, 0, 405, 27, 25.85
2026/09/08 22:43:06.116, GPU-ecc6a1f9-42fe-2932-7ea0-1dd285491b7b, 5, 0, 405, 27, 26.09
2026/09/08 22:43:06.322, GPU-ecc6a1f9-42fe-2932-7ea0-1dd285491b7b, 5, 0, 405, 27, 26.09
2026/09/08 22:43:06.525, GPU-ecc6a1f9-42fe-2932-7ea0-1dd285491b7b, 5, 0, 405, 27, 25.60
2026/09/08 22:43:06.729, GPU-ecc6a1f9-42fe-2932-7ea0-1dd285491b7b, 5, 0, 405, 27, 25.85
2026/09/08 22:43:06.932, GPU-ecc6a1f9-42fe-2932-7ea0-1dd285491b7b, 5, 0, 405, 27, 25.85
2026/09/08 22:43:07.136, GPU-ecc6a1f9-42fe-2932-7ea0-1dd285491b7b, 5, 0, 405, 27, 25.85
2026/09/08 22:43:07.341, GPU-ecc6a1f9-42fe-2932-7ea0-1dd285491b7b, 5, 0, 405, 27, 25.85
2026/09/08 22:43:07.545, GPU-ecc6a1f9-42fe-2932-7ea0-1dd285491b7b, 5, 0, 405, 27, 25.60
2026/09/08 22:43:07.748, GPU-ecc6a1f9-42fe-2932-7ea0-1dd285491b7b, 5, 0, 405, 27, 26.09
2026/09/08 22:43:07.952, GPU-ecc6a1f9-42fe-2932-7ea0-1dd285491b7b, 5, 0, 405, 27, 25.85
2026/09/08 22:43:08.155, GPU-ecc6a1f9-42fe-2932-7ea0-1dd285491b7b, 5, 0, 405, 27, 25.85
2026/09/08 22:43:08.361, GPU-ecc6a1f9-42fe-2932-7ea0-1dd285491b7b, 5, 0, 405, 27, 25.85
2026/09/08 22:43:08.564, GPU-ecc6a1f9-42fe-2932-7ea0-1dd285491b7b, 5, 0, 405, 27, 25.85
2026/09/08 22:43:08.768, GPU-ecc6a1f9-42fe-2932-7ea0-1dd285491b7b, 5, 0, 405, 27, 26.09
2026/09/08 22:43:08.971, GPU-ecc6a1f9-42fe-2932-7ea0-1dd285491b7b, 5, 0, 405, 27, 25.60
2026/09/08 22:43:09.175, GPU-ecc6a1f9-42fe-2932-7ea0-1dd285491b7b, 5, 0, 405, 27, 25.60
2026/09/08 22:43:09.381, GPU-ecc6a1f9-42fe-2932-7ea0-1dd285491b7b, 5, 0, 405, 27, 25.60
2026/09/08 22:43:09.584, GPU-ecc6a1f9-42fe-2932-7ea0-1dd285491b7b, 5, 0, 405, 27, 25.85
2026/09/08 22:43:09.788, GPU-ecc6a1f9-42fe-2932-7ea0-1dd285491b7b, 5, 0, 405, 27, 25.60
2026/09/08 22:43:09.991, GPU-ecc6a1f9-42fe-2932-7ea0-1dd285491b7b, 5, 0, 405, 27, 25.85
2026/09/08 22:43:10.195, GPU-ecc6a1f9-42fe-2932-7ea0-1dd285491b7b, 5, 0, 405, 27, 25.85
2026/09/08 22:43:10.401, GPU-ecc6a1f9-42fe-2932-7ea0-1dd285491b7b, 5, 0, 405, 27, 25.60
2026/09/08 22:43:10.604, GPU-ecc6a1f9-42fe-2932-7ea0-1dd285491b7b, 5, 0, 405, 27, 25.85
2026/09/08 22:43:10.808, GPU-ecc6a1f9-42fe-2932-7ea0-1dd285491b7b, 5, 0, 405, 27, 26.09
2026/09/08 22:43:11.011, GPU-ecc6a1f9-42fe-2932-7ea0-1dd285491b7b, 5, 0, 405, 27, 25.85
2026/09/08 22:43:11.215, GPU-ecc6a1f9-42fe-2932-7ea0-1dd285491b7b, 5, 0, 405, 27, 26.09
2026/09/08 22:43:11.420, GPU-ecc6a1f9-42fe-2932-7ea0-1dd285491b7b, 5, 0, 405, 27, 25.60
2026/09/08 22:43:11.624, GPU-ecc6a1f9-42fe-2932-7ea0-1dd285491b7b, 5, 0, 405, 27, 26.09
2026/09/08 22:43:11.827, GPU-ecc6a1f9-42fe-2932-7ea0-1dd285491b7b, 5, 0, 405, 27, 25.60
2026/09/08 22:43:12.031, GPU-ecc6a1f9-42fe-2932-7ea0-1dd285491b7b, 5, 0, 405, 27, 25.60
2026/09/08 22:43:12.234, GPU-ecc6a1f9-42fe-2932-7ea0-1dd285491b7b, 5, 0, 405, 27, 25.85
2026/09/08 22:43:12.440, GPU-ecc6a1f9-42fe-2932-7ea0-1dd285491b7b, 5, 0, 405, 27, 25.85
2026/09/08 22:43:12.644, GPU-ecc6a1f9-42fe-2932-7ea0-1dd285491b7b, 5, 0, 405, 27, 26.09
2026/09/08 22:43:12.847, GPU-ecc6a1f9-42fe-2932-7ea0-1dd285491b7b, 5, 0, 405, 27, 25.85
2026/09/08 22:43:13.050, GPU-ecc6a1f9-42fe-2932-7ea0-1dd285491b7b, 5, 0, 405, 27, 26.09
2026/09/08 22:43:13.254, GPU-ecc6a1f9-42fe-2932-7ea0-1dd285491b7b, 5, 0, 405, 27, 25.85
2026/09/08 22:43:13.459, GPU-ecc6a1f9-42fe-2932-7ea0-1dd285491b7b, 5, 0, 405, 27, 25.85
2026/09/08 22:43:13.663, GPU-ecc6a1f9-42fe-2932-7ea0-1dd285491b7b, 5, 0, 405, 27, 25.85
2026/09/08 22:43:13.866, GPU-ecc6a1f9-42fe-2932-7ea0-1dd285491b7b, 5, 0, 405, 27, 25.85
2026/09/08 22:43:14.070, GPU-ecc6a1f9-42fe-2932-7ea0-1dd285491b7b, 5, 0, 405, 27, 25.85
2026/09/08 22:43:14.273, GPU-ecc6a1f9-42fe-2932-7ea0-1dd285491b7b, 5, 0, 405, 27, 25.85
2026/09/08 22:43:14.479, GPU-ecc6a1f9-42fe-2932-7ea0-1dd285491b7b, 5, 0, 405, 27, 25.85
2026/09/08 22:43:14.682, GPU-ecc6a1f9-42fe-2932-7ea0-1dd285491b7b, 5, 0, 405, 27, 26.09
2026/09/08 22:43:14.886, GPU-ecc6a1f9-42fe-2932-7ea0-1dd285491b7b, 5, 0, 405, 27, 26.09
2026/09/08 22:43:15.089, GPU-ecc6a1f9-42fe-2932-7ea0-1dd285491b7b, 5, 0, 405, 27, 25.85
2026/09/08 22:43:15.293, GPU-ecc6a1f9-42fe-2932-7ea0-1dd285491b7b, 5, 0, 405, 27, 25.85
2026/09/08 22:43:15.498, GPU-ecc6a1f9-42fe-2932-7ea0-1dd285491b7b, 5, 0, 405, 27, 25.85
2026/09/08 22:43:15.701, GPU-ecc6a1f9-42fe-2932-7ea0-1dd285491b7b, 5, 0, 405, 27, 25.85
2026/09/08 22:43:15.905, GPU-ecc6a1f9-42fe-2932-7ea0-1dd285491b7b, 5, 0, 405, 27, 25.60
2026/09/08 22:43:16.108, GPU-ecc6a1f9-42fe-2932-7ea0-1dd285491b7b, 5, 0, 405, 27, 25.85
2026/09/08 22:43:16.312, GPU-ecc6a1f9-42fe-2932-7ea0-1dd285491b7b, 5, 0, 405, 27, 25.85
2026/09/08 22:43:16.517, GPU-ecc6a1f9-42fe-2932-7ea0-1dd285491b7b, 5, 0, 405, 27, 25.85
2026/09/08 22:43:16.721, GPU-ecc6a1f9-42fe-2932-7ea0-1dd285491b7b, 5, 0, 405, 27, 26.09
2026/09/08 22:43:16.924, GPU-ecc6a1f9-42fe-2932-7ea0-1dd285491b7b, 5, 0, 405, 27, 25.85
2026/09/08 22:43:17.128, GPU-ecc6a1f9-42fe-2932-7ea0-1dd285491b7b, 5, 0, 405, 27, 26.09
2026/09/08 22:43:17.332, GPU-ecc6a1f9-42fe-2932-7ea0-1dd285491b7b, 5, 0, 405, 27, 25.85
2026/09/08 22:43:17.537, GPU-ecc6a1f9-42fe-2932-7ea0-1dd285491b7b, 5, 0, 405, 27, 26.09
2026/09/08 22:43:17.740, GPU-ecc6a1f9-42fe-2932-7ea0-1dd285491b7b, 5, 0, 405, 27, 26.09
2026/09/08 22:43:17.944, GPU-ecc6a1f9-42fe-2932-7ea0-1dd285491b7b, 5, 0, 405, 27, 25.85
2026/09/08 22:43:18.147, GPU-ecc6a1f9-42fe-2932-7ea0-1dd285491b7b, 5, 0, 405, 27, 25.85
2026/09/08 22:43:18.351, GPU-ecc6a1f9-42fe-2932-7ea0-1dd285491b7b, 5, 0, 405, 27, 25.85
2026/09/08 22:43:18.554, GPU-ecc6a1f9-42fe-2932-7ea0-1dd285491b7b, 5, 0, 405, 27, 25.85
2026/09/08 22:43:18.760, GPU-ecc6a1f9-42fe-2932-7ea0-1dd285491b7b, 5, 0, 405, 27, 25.85
2026/09/08 22:43:18.963, GPU-ecc6a1f9-42fe-2932-7ea0-1dd285491b7b, 5, 0, 405, 27, 25.85
2026/09/08 22:43:19.167, GPU-ecc6a1f9-42fe-2932-7ea0-1dd285491b7b, 5, 0, 405, 27, 26.09
2026/09/08 22:43:19.370, GPU-ecc6a1f9-42fe-2932-7ea0-1dd285491b7b, 5, 0, 405, 27, 25.85
2026/09/08 22:43:19.574, GPU-ecc6a1f9-42fe-2932-7ea0-1dd285491b7b, 5, 0, 405, 27, 25.60
2026/09/08 22:43:19.777, GPU-ecc6a1f9-42fe-2932-7ea0-1dd285491b7b, 5, 0, 405, 27, 25.85
2026/09/08 22:43:19.983, GPU-ecc6a1f9-42fe-2932-7ea0-1dd285491b7b, 5, 0, 405, 27, 25.85
2026/09/08 22:43:20.187, GPU-ecc6a1f9-42fe-2932-7ea0-1dd285491b7b, 5, 0, 405, 27, 25.85
2026/09/08 22:43:20.391, GPU-ecc6a1f9-42fe-2932-7ea0-1dd285491b7b, 5, 0, 405, 27, 25.85
2026/09/08 22:43:20.594, GPU-ecc6a1f9-42fe-2932-7ea0-1dd285491b7b, 5, 0, 405, 27, 25.85
2026/09/08 22:43:20.798, GPU-ecc6a1f9-42fe-2932-7ea0-1dd285491b7b, 5, 0, 405, 27, 25.85
2026/09/08 22:43:21.001, GPU-ecc6a1f9-42fe-2932-7ea0-1dd285491b7b, 5, 0, 405, 27, 25.85
2026/09/08 22:43:21.205, GPU-ecc6a1f9-42fe-2932-7ea0-1dd285491b7b, 5, 0, 405, 27, 25.85
2026/09/08 22:43:21.409, GPU-ecc6a1f9-42fe-2932-7ea0-1dd285491b7b, 5, 0, 405, 27, 25.85
2026/09/08 22:43:21.612, GPU-ecc6a1f9-42fe-2932-7ea0-1dd285491b7b, 5, 0, 405, 27, 25.85
2026/09/08 22:43:21.816, GPU-ecc6a1f9-42fe-2932-7ea0-1dd285491b7b, 5, 0, 405, 27, 25.85
2026/09/08 22:43:22.019, GPU-ecc6a1f9-42fe-2932-7ea0-1dd285491b7b, 5, 0, 405, 27, 25.85
2026/09/08 22:43:22.225, GPU-ecc6a1f9-42fe-2932-7ea0-1dd285491b7b, 5, 0, 405, 27, 25.85
2026/09/08 22:43:22.429, GPU-ecc6a1f9-42fe-2932-7ea0-1dd285491b7b, 5, 0, 405, 27, 25.85
2026/09/08 22:43:22.632, GPU-ecc6a1f9-42fe-2932-7ea0-1dd285491b7b, 5, 0, 405, 27, 25.85
2026/09/08 22:43:22.836, GPU-ecc6a1f9-42fe-2932-7ea0-1dd285491b7b, 5, 0, 405, 27, 25.85
2026/09/08 22:43:23.039, GPU-ecc6a1f9-42fe-2932-7ea0-1dd285491b7b, 5, 0, 405, 27, 26.09
2026/09/08 22:43:23.245, GPU-ecc6a1f9-42fe-2932-7ea0-1dd285491b7b, 5, 0, 405, 27, 25.85
2026/09/08 22:43:23.449, GPU-ecc6a1f9-42fe-2932-7ea0-1dd285491b7b, 5, 0, 405, 27, 25.85
2026/09/08 22:43:23.652, GPU-ecc6a1f9-42fe-2932-7ea0-1dd285491b7b, 5, 0, 405, 27, 25.85
2026/09/08 22:43:23.856, GPU-ecc6a1f9-42fe-2932-7ea0-1dd285491b7b, 5, 0, 405, 27, 25.60
2026/09/08 22:43:24.059, GPU-ecc6a1f9-42fe-2932-7ea0-1dd285491b7b, 5, 0, 405, 27, 25.85
2026/09/08 22:43:24.264, GPU-ecc6a1f9-42fe-2932-7ea0-1dd285491b7b, 5, 0, 405, 27, 25.60
2026/09/08 22:43:24.468, GPU-ecc6a1f9-42fe-2932-7ea0-1dd285491b7b, 5, 0, 405, 27, 25.85
2026/09/08 22:43:24.671, GPU-ecc6a1f9-42fe-2932-7ea0-1dd285491b7b, 5, 0, 405, 27, 26.09
2026/09/08 22:43:24.875, GPU-ecc6a1f9-42fe-2932-7ea0-1dd285491b7b, 5, 0, 405, 27, 25.85
2026/09/08 22:43:25.078, GPU-ecc6a1f9-42fe-2932-7ea0-1dd285491b7b, 5, 0, 405, 27, 26.09
2026/09/08 22:43:25.284, GPU-ecc6a1f9-42fe-2932-7ea0-1dd285491b7b, 5, 0, 405, 27, 25.85
2026/09/08 22:43:25.487, GPU-ecc6a1f9-42fe-2932-7ea0-1dd285491b7b, 5, 0, 405, 27, 25.85
2026/09/08 22:43:25.690, GPU-ecc6a1f9-42fe-2932-7ea0-1dd285491b7b, 5, 0, 405, 27, 25.85
2026/09/08 22:43:25.894, GPU-ecc6a1f9-42fe-2932-7ea0-1dd285491b7b, 5, 0, 405, 27, 25.85
2026/09/08 22:43:26.098, GPU-ecc6a1f9-42fe-2932-7ea0-1dd285491b7b, 5, 0, 405, 27, 25.85
2026/09/08 22:43:26.303, GPU-ecc6a1f9-42fe-2932-7ea0-1dd285491b7b, 5, 0, 405, 27, 25.60
2026/09/08 22:43:26.507, GPU-ecc6a1f9-42fe-2932-7ea0-1dd285491b7b, 5, 0, 405, 27, 25.85
2026/09/08 22:43:26.710, GPU-ecc6a1f9-42fe-2932-7ea0-1dd285491b7b, 5, 0, 405, 27, 25.85
2026/09/08 22:43:26.913, GPU-ecc6a1f9-42fe-2932-7ea0-1dd285491b7b, 5, 0, 405, 27, 25.85
2026/09/08 22:43:27.117, GPU-ecc6a1f9-42fe-2932-7ea0-1dd285491b7b, 5, 0, 405, 27, 25.85
2026/09/08 22:43:27.322, GPU-ecc6a1f9-42fe-2932-7ea0-1dd285491b7b, 5, 0, 405, 27, 25.85
2026/09/08 22:43:27.526, GPU-ecc6a1f9-42fe-2932-7ea0-1dd285491b7b, 5, 0, 405, 27, 25.85
2026/09/08 22:43:27.729, GPU-ecc6a1f9-42fe-2932-7ea0-1dd285491b7b, 5, 0, 405, 27, 25.85
2026/09/08 22:43:27.933, GPU-ecc6a1f9-42fe-2932-7ea0-1dd285491b7b, 5, 0, 405, 27, 25.85
2026/09/08 22:43:28.136, GPU-ecc6a1f9-42fe-2932-7ea0-1dd285491b7b, 5, 0, 405, 27, 25.85
2026/09/08 22:43:28.342, GPU-ecc6a1f9-42fe-2932-7ea0-1dd285491b7b, 5, 0, 405, 27, 25.85
2026/09/08 22:43:28.545, GPU-ecc6a1f9-42fe-2932-7ea0-1dd285491b7b, 5, 0, 405, 27, 25.60
2026/09/08 22:43:28.749, GPU-ecc6a1f9-42fe-2932-7ea0-1dd285491b7b, 5, 0, 405, 27, 25.85
2026/09/08 22:43:28.952, GPU-ecc6a1f9-42fe-2932-7ea0-1dd285491b7b, 5, 0, 405, 27, 25.85
2026/09/08 22:43:29.156, GPU-ecc6a1f9-42fe-2932-7ea0-1dd285491b7b, 5, 0, 405, 27, 25.85
2026/09/08 22:43:29.361, GPU-ecc6a1f9-42fe-2932-7ea0-1dd285491b7b, 5, 0, 405, 27, 26.09
2026/09/08 22:43:29.565, GPU-ecc6a1f9-42fe-2932-7ea0-1dd285491b7b, 5, 0, 405, 27, 25.85
2026/09/08 22:43:29.768, GPU-ecc6a1f9-42fe-2932-7ea0-1dd285491b7b, 5, 0, 405, 27, 25.85
2026/09/08 22:43:29.972, GPU-ecc6a1f9-42fe-2932-7ea0-1dd285491b7b, 5, 0, 405, 27, 25.85
2026/09/08 22:43:30.175, GPU-ecc6a1f9-42fe-2932-7ea0-1dd285491b7b, 5, 0, 405, 27, 25.85
2026/09/08 22:43:30.381, GPU-ecc6a1f9-42fe-2932-7ea0-1dd285491b7b, 5, 0, 405, 27, 25.85
2026/09/08 22:43:30.584, GPU-ecc6a1f9-42fe-2932-7ea0-1dd285491b7b, 5, 0, 405, 27, 25.85
2026/09/08 22:43:30.788, GPU-ecc6a1f9-42fe-2932-7ea0-1dd285491b7b, 5, 0, 405, 27, 25.60
2026/09/08 22:43:30.991, GPU-ecc6a1f9-42fe-2932-7ea0-1dd285491b7b, 5, 0, 405, 27, 26.09
2026/09/08 22:43:31.195, GPU-ecc6a1f9-42fe-2932-7ea0-1dd285491b7b, 5, 0, 405, 27, 25.85
2026/09/08 22:43:31.401, GPU-ecc6a1f9-42fe-2932-7ea0-1dd285491b7b, 5, 0, 405, 27, 26.09
2026/09/08 22:43:31.604, GPU-ecc6a1f9-42fe-2932-7ea0-1dd285491b7b, 5, 0, 405, 27, 25.60
2026/09/08 22:43:31.808, GPU-ecc6a1f9-42fe-2932-7ea0-1dd285491b7b, 5, 0, 405, 27, 25.85
2026/09/08 22:43:32.011, GPU-ecc6a1f9-42fe-2932-7ea0-1dd285491b7b, 5, 0, 405, 27, 26.09
2026/09/08 22:43:32.215, GPU-ecc6a1f9-42fe-2932-7ea0-1dd285491b7b, 5, 0, 405, 27, 26.09
2026/09/08 22:43:32.421, GPU-ecc6a1f9-42fe-2932-7ea0-1dd285491b7b, 5, 0, 405, 27, 26.09
2026/09/08 22:43:32.624, GPU-ecc6a1f9-42fe-2932-7ea0-1dd285491b7b, 5, 0, 405, 27, 25.60
2026/09/08 22:43:32.828, GPU-ecc6a1f9-42fe-2932-7ea0-1dd285491b7b, 5, 0, 405, 27, 25.85
2026/09/08 22:43:33.031, GPU-ecc6a1f9-42fe-2932-7ea0-1dd285491b7b, 5, 0, 405, 27, 25.85
2026/09/08 22:43:33.235, GPU-ecc6a1f9-42fe-2932-7ea0-1dd285491b7b, 5, 0, 405, 27, 26.09
2026/09/08 22:43:33.440, GPU-ecc6a1f9-42fe-2932-7ea0-1dd285491b7b, 5, 0, 405, 27, 25.85
2026/09/08 22:43:33.644, GPU-ecc6a1f9-42fe-2932-7ea0-1dd285491b7b, 5, 0, 405, 27, 25.85
2026/09/08 22:43:33.847, GPU-ecc6a1f9-42fe-2932-7ea0-1dd285491b7b, 5, 0, 405, 27, 25.85
2026/09/08 22:43:34.051, GPU-ecc6a1f9-42fe-2932-7ea0-1dd285491b7b, 5, 0, 405, 27, 25.85
2026/09/08 22:43:34.254, GPU-ecc6a1f9-42fe-2932-7ea0-1dd285491b7b, 5, 0, 405, 27, 25.85
2026/09/08 22:43:34.460, GPU-ecc6a1f9-42fe-2932-7ea0-1dd285491b7b, 5, 0, 405, 27, 25.85
2026/09/08 22:43:34.663, GPU-ecc6a1f9-42fe-2932-7ea0-1dd285491b7b, 5, 0, 405, 27, 25.85
2026/09/08 22:43:34.867, GPU-ecc6a1f9-42fe-2932-7ea0-1dd285491b7b, 5, 0, 405, 27, 25.60
2026/09/08 22:43:35.070, GPU-ecc6a1f9-42fe-2932-7ea0-1dd285491b7b, 5, 0, 405, 27, 25.85
2026/09/08 22:43:35.274, GPU-ecc6a1f9-42fe-2932-7ea0-1dd285491b7b, 5, 0, 405, 27, 25.85
2026/09/08 22:43:35.479, GPU-ecc6a1f9-42fe-2932-7ea0-1dd285491b7b, 5, 0, 405, 27, 26.09
2026/09/08 22:43:35.682, GPU-ecc6a1f9-42fe-2932-7ea0-1dd285491b7b, 5, 0, 405, 27, 26.09
2026/09/08 22:43:35.886, GPU-ecc6a1f9-42fe-2932-7ea0-1dd285491b7b, 5, 0, 405, 27, 25.60
2026/09/08 22:43:36.089, GPU-ecc6a1f9-42fe-2932-7ea0-1dd285491b7b, 5, 0, 405, 27, 25.60
2026/09/08 22:43:36.293, GPU-ecc6a1f9-42fe-2932-7ea0-1dd285491b7b, 5, 0, 405, 27, 25.85
2026/09/08 22:43:36.498, GPU-ecc6a1f9-42fe-2932-7ea0-1dd285491b7b, 5, 0, 405, 27, 25.85
2026/09/08 22:43:36.702, GPU-ecc6a1f9-42fe-2932-7ea0-1dd285491b7b, 5, 0, 405, 27, 25.85
2026/09/08 22:43:36.905, GPU-ecc6a1f9-42fe-2932-7ea0-1dd285491b7b, 5, 0, 405, 27, 25.60
2026/09/08 22:43:37.109, GPU-ecc6a1f9-42fe-2932-7ea0-1dd285491b7b, 5, 0, 405, 27, 25.85
2026/09/08 22:43:37.312, GPU-ecc6a1f9-42fe-2932-7ea0-1dd285491b7b, 5, 0, 405, 27, 26.09
2026/09/08 22:43:37.517, GPU-ecc6a1f9-42fe-2932-7ea0-1dd285491b7b, 5, 0, 405, 27, 25.85
2026/09/08 22:43:37.721, GPU-ecc6a1f9-42fe-2932-7ea0-1dd285491b7b, 5, 0, 405, 27, 25.85
2026/09/08 22:43:37.924, GPU-ecc6a1f9-42fe-2932-7ea0-1dd285491b7b, 5, 0, 405, 27, 25.85
2026/09/08 22:43:38.128, GPU-ecc6a1f9-42fe-2932-7ea0-1dd285491b7b, 5, 0, 405, 27, 26.09
2026/09/08 22:43:38.331, GPU-ecc6a1f9-42fe-2932-7ea0-1dd285491b7b, 5, 0, 405, 27, 25.85
2026/09/08 22:43:38.537, GPU-ecc6a1f9-42fe-2932-7ea0-1dd285491b7b, 5, 0, 405, 27, 25.85
2026/09/08 22:43:38.740, GPU-ecc6a1f9-42fe-2932-7ea0-1dd285491b7b, 5, 0, 405, 27, 25.85
2026/09/08 22:43:38.944, GPU-ecc6a1f9-42fe-2932-7ea0-1dd285491b7b, 5, 0, 405, 27, 25.85
2026/09/08 22:43:39.147, GPU-ecc6a1f9-42fe-2932-7ea0-1dd285491b7b, 5, 0, 405, 27, 25.85
2026/09/08 22:43:39.351, GPU-ecc6a1f9-42fe-2932-7ea0-1dd285491b7b, 5, 0, 405, 27, 26.09
2026/09/08 22:43:39.556, GPU-ecc6a1f9-42fe-2932-7ea0-1dd285491b7b, 5, 0, 405, 27, 25.85
2026/09/08 22:43:39.760, GPU-ecc6a1f9-42fe-2932-7ea0-1dd285491b7b, 5, 0, 405, 27, 25.85
2026/09/08 22:43:39.963, GPU-ecc6a1f9-42fe-2932-7ea0-1dd285491b7b, 5, 0, 405, 27, 25.85
2026/09/08 22:43:40.167, GPU-ecc6a1f9-42fe-2932-7ea0-1dd285491b7b, 5, 0, 405, 27, 25.85
2026/09/08 22:43:40.370, GPU-ecc6a1f9-42fe-2932-7ea0-1dd285491b7b, 5, 0, 405, 27, 25.85
2026/09/08 22:43:40.574, GPU-ecc6a1f9-42fe-2932-7ea0-1dd285491b7b, 5, 0, 405, 27, 25.85
2026/09/08 22:43:40.779, GPU-ecc6a1f9-42fe-2932-7ea0-1dd285491b7b, 5, 0, 405, 27, 25.85
2026/09/08 22:43:40.982, GPU-ecc6a1f9-42fe-2932-7ea0-1dd285491b7b, 5, 0, 405, 27, 25.85
2026/09/08 22:43:41.186, GPU-ecc6a1f9-42fe-2932-7ea0-1dd285491b7b, 5, 0, 405, 27, 25.85
2026/09/08 22:43:41.389, GPU-ecc6a1f9-42fe-2932-7ea0-1dd285491b7b, 5, 0, 405, 27, 25.85
2026/09/08 22:43:41.593, GPU-ecc6a1f9-42fe-2932-7ea0-1dd285491b7b, 5, 0, 405, 27, 25.85
2026/09/08 22:43:41.796, GPU-ecc6a1f9-42fe-2932-7ea0-1dd285491b7b, 5, 0, 405, 27, 25.85
2026/09/08 22:43:42.003, GPU-ecc6a1f9-42fe-2932-7ea0-1dd285491b7b, 5, 0, 405, 27, 25.85
2026/09/08 22:43:42.206, GPU-ecc6a1f9-42fe-2932-7ea0-1dd285491b7b, 5, 0, 405, 27, 25.85
2026/09/08 22:43:42.410, GPU-ecc6a1f9-42fe-2932-7ea0-1dd285491b7b, 5, 0, 405, 27, 25.60
2026/09/08 22:43:42.613, GPU-ecc6a1f9-42fe-2932-7ea0-1dd285491b7b, 5, 0, 405, 27, 25.85
2026/09/08 22:43:42.817, GPU-ecc6a1f9-42fe-2932-7ea0-1dd285491b7b, 5, 0, 405, 27, 25.85
2026/09/08 22:43:43.020, GPU-ecc6a1f9-42fe-2932-7ea0-1dd285491b7b, 5, 0, 405, 27, 25.85
2026/09/08 22:43:43.225, GPU-ecc6a1f9-42fe-2932-7ea0-1dd285491b7b, 5, 0, 405, 27, 25.85
2026/09/08 22:43:43.428, GPU-ecc6a1f9-42fe-2932-7ea0-1dd285491b7b, 5, 0, 405, 27, 25.85
2026/09/08 22:43:43.632, GPU-ecc6a1f9-42fe-2932-7ea0-1dd285491b7b, 5, 0, 405, 27, 25.85
2026/09/08 22:43:43.836, GPU-ecc6a1f9-42fe-2932-7ea0-1dd285491b7b, 5, 0, 405, 27, 25.85
2026/09/08 22:43:44.039, GPU-ecc6a1f9-42fe-2932-7ea0-1dd285491b7b, 5, 0, 405, 27, 25.60
2026/09/08 22:43:44.245, GPU-ecc6a1f9-42fe-2932-7ea0-1dd285491b7b, 5, 0, 405, 27, 25.85
2026/09/08 22:43:44.448, GPU-ecc6a1f9-42fe-2932-7ea0-1dd285491b7b, 5, 0, 405, 27, 25.85
2026/09/08 22:43:44.652, GPU-ecc6a1f9-42fe-2932-7ea0-1dd285491b7b, 5, 0, 405, 27, 25.85
2026/09/08 22:43:44.855, GPU-ecc6a1f9-42fe-2932-7ea0-1dd285491b7b, 5, 0, 405, 27, 26.09
2026/09/08 22:43:45.059, GPU-ecc6a1f9-42fe-2932-7ea0-1dd285491b7b, 5, 0, 405, 27, 25.85
2026/09/08 22:43:45.264, GPU-ecc6a1f9-42fe-2932-7ea0-1dd285491b7b, 5, 0, 405, 27, 25.60
2026/09/08 22:43:45.468, GPU-ecc6a1f9-42fe-2932-7ea0-1dd285491b7b, 5, 0, 405, 27, 25.85
2026/09/08 22:43:45.672, GPU-ecc6a1f9-42fe-2932-7ea0-1dd285491b7b, 5, 0, 405, 27, 25.85
2026/09/08 22:43:45.875, GPU-ecc6a1f9-42fe-2932-7ea0-1dd285491b7b, 5, 0, 405, 27, 25.85
2026/09/08 22:43:46.079, GPU-ecc6a1f9-42fe-2932-7ea0-1dd285491b7b, 5, 0, 405, 27, 25.85
2026/09/08 22:43:46.284, GPU-ecc6a1f9-42fe-2932-7ea0-1dd285491b7b, 5, 0, 405, 27, 25.85
2026/09/08 22:43:46.487, GPU-ecc6a1f9-42fe-2932-7ea0-1dd285491b7b, 5, 0, 405, 27, 25.85
2026/09/08 22:43:46.691, GPU-ecc6a1f9-42fe-2932-7ea0-1dd285491b7b, 5, 0, 405, 27, 25.85
2026/09/08 22:43:46.894, GPU-ecc6a1f9-42fe-2932-7ea0-1dd285491b7b, 5, 0, 405, 27, 25.85
2026/09/08 22:43:47.098, GPU-ecc6a1f9-42fe-2932-7ea0-1dd285491b7b, 5, 0, 405, 27, 26.09
2026/09/08 22:43:47.303, GPU-ecc6a1f9-42fe-2932-7ea0-1dd285491b7b, 5, 0, 405, 27, 25.85
2026/09/08 22:43:47.506, GPU-ecc6a1f9-42fe-2932-7ea0-1dd285491b7b, 5, 0, 405, 27, 25.60
2026/09/08 22:43:47.710, GPU-ecc6a1f9-42fe-2932-7ea0-1dd285491b7b, 5, 0, 405, 27, 25.85
2026/09/08 22:43:47.914, GPU-ecc6a1f9-42fe-2932-7ea0-1dd285491b7b, 5, 0, 405, 27, 25.85
2026/09/08 22:43:48.117, GPU-ecc6a1f9-42fe-2932-7ea0-1dd285491b7b, 5, 0, 405, 27, 25.85
2026/09/08 22:43:48.323, GPU-ecc6a1f9-42fe-2932-7ea0-1dd285491b7b, 5, 0, 405, 27, 26.09
2026/09/08 22:43:48.526, GPU-ecc6a1f9-42fe-2932-7ea0-1dd285491b7b, 5, 0, 405, 27, 25.85
2026/09/08 22:43:48.730, GPU-ecc6a1f9-42fe-2932-7ea0-1dd285491b7b, 5, 0, 405, 27, 25.85
2026/09/08 22:43:48.933, GPU-ecc6a1f9-42fe-2932-7ea0-1dd285491b7b, 5, 0, 405, 27, 25.60
2026/09/08 22:43:49.137, GPU-ecc6a1f9-42fe-2932-7ea0-1dd285491b7b, 5, 0, 405, 27, 25.85
2026/09/08 22:43:49.342, GPU-ecc6a1f9-42fe-2932-7ea0-1dd285491b7b, 5, 0, 405, 27, 25.85
2026/09/08 22:43:49.545, GPU-ecc6a1f9-42fe-2932-7ea0-1dd285491b7b, 5, 0, 405, 27, 25.85
2026/09/08 22:43:49.749, GPU-ecc6a1f9-42fe-2932-7ea0-1dd285491b7b, 5, 0, 405, 27, 26.09
2026/09/08 22:43:49.952, GPU-ecc6a1f9-42fe-2932-7ea0-1dd285491b7b, 5, 0, 405, 27, 25.60
2026/09/08 22:43:50.156, GPU-ecc6a1f9-42fe-2932-7ea0-1dd285491b7b, 5, 0, 405, 27, 25.85
2026/09/08 22:43:50.361, GPU-ecc6a1f9-42fe-2932-7ea0-1dd285491b7b, 5, 0, 405, 27, 25.85
2026/09/08 22:43:50.565, GPU-ecc6a1f9-42fe-2932-7ea0-1dd285491b7b, 5, 0, 405, 27, 25.85
2026/09/08 22:43:50.769, GPU-ecc6a1f9-42fe-2932-7ea0-1dd285491b7b, 5, 0, 405, 27, 25.85
2026/09/08 22:43:50.972, GPU-ecc6a1f9-42fe-2932-7ea0-1dd285491b7b, 5, 0, 405, 27, 25.85
2026/09/08 22:43:51.176, GPU-ecc6a1f9-42fe-2932-7ea0-1dd285491b7b, 5, 0, 405, 27, 25.85
2026/09/08 22:43:51.381, GPU-ecc6a1f9-42fe-2932-7ea0-1dd285491b7b, 5, 0, 405, 27, 25.85
2026/09/08 22:43:51.584, GPU-ecc6a1f9-42fe-2932-7ea0-1dd285491b7b, 5, 0, 405, 27, 25.85
2026/09/08 22:43:51.788, GPU-ecc6a1f9-42fe-2932-7ea0-1dd285491b7b, 5, 0, 405, 27, 25.85
2026/09/08 22:43:51.991, GPU-ecc6a1f9-42fe-2932-7ea0-1dd285491b7b, 5, 0, 405, 27, 25.85
2026/09/08 22:43:52.195, GPU-ecc6a1f9-42fe-2932-7ea0-1dd285491b7b, 5, 0, 405, 27, 25.85
2026/09/08 22:43:52.400, GPU-ecc6a1f9-42fe-2932-7ea0-1dd285491b7b, 5, 0, 405, 27, 25.85
2026/09/08 22:43:52.604, GPU-ecc6a1f9-42fe-2932-7ea0-1dd285491b7b, 5, 0, 405, 27, 25.60
2026/09/08 22:43:52.807, GPU-ecc6a1f9-42fe-2932-7ea0-1dd285491b7b, 5, 0, 405, 27, 25.85
2026/09/08 22:43:53.011, GPU-ecc6a1f9-42fe-2932-7ea0-1dd285491b7b, 5, 0, 405, 27, 25.85
2026/09/08 22:43:53.214, GPU-ecc6a1f9-42fe-2932-7ea0-1dd285491b7b, 5, 0, 405, 27, 26.09
2026/09/08 22:43:53.420, GPU-ecc6a1f9-42fe-2932-7ea0-1dd285491b7b, 5, 0, 405, 27, 26.09
2026/09/08 22:43:53.624, GPU-ecc6a1f9-42fe-2932-7ea0-1dd285491b7b, 5, 0, 405, 27, 25.85
2026/09/08 22:43:53.827, GPU-ecc6a1f9-42fe-2932-7ea0-1dd285491b7b, 5, 0, 405, 27, 25.85
2026/09/08 22:43:54.031, GPU-ecc6a1f9-42fe-2932-7ea0-1dd285491b7b, 5, 0, 405, 27, 26.09
2026/09/08 22:43:54.234, GPU-ecc6a1f9-42fe-2932-7ea0-1dd285491b7b, 5, 0, 405, 27, 25.60
2026/09/08 22:43:54.440, GPU-ecc6a1f9-42fe-2932-7ea0-1dd285491b7b, 5, 0, 405, 27, 25.85
2026/09/08 22:43:54.644, GPU-ecc6a1f9-42fe-2932-7ea0-1dd285491b7b, 5, 0, 405, 27, 25.85
2026/09/08 22:43:54.847, GPU-ecc6a1f9-42fe-2932-7ea0-1dd285491b7b, 5, 0, 405, 27, 25.85
2026/09/08 22:43:55.051, GPU-ecc6a1f9-42fe-2932-7ea0-1dd285491b7b, 5, 0, 405, 27, 25.85
2026/09/08 22:43:55.254, GPU-ecc6a1f9-42fe-2932-7ea0-1dd285491b7b, 5, 0, 405, 27, 25.85
2026/09/08 22:43:55.460, GPU-ecc6a1f9-42fe-2932-7ea0-1dd285491b7b, 5, 0, 405, 27, 25.85
2026/09/08 22:43:55.663, GPU-ecc6a1f9-42fe-2932-7ea0-1dd285491b7b, 5, 0, 405, 27, 25.60
2026/09/08 22:43:55.867, GPU-ecc6a1f9-42fe-2932-7ea0-1dd285491b7b, 5, 0, 405, 27, 26.09
2026/09/08 22:43:56.071, GPU-ecc6a1f9-42fe-2932-7ea0-1dd285491b7b, 5, 0, 405, 27, 25.85
2026/09/08 22:43:56.274, GPU-ecc6a1f9-42fe-2932-7ea0-1dd285491b7b, 5, 0, 405, 27, 25.85
2026/09/08 22:43:56.480, GPU-ecc6a1f9-42fe-2932-7ea0-1dd285491b7b, 5, 0, 405, 27, 25.85
2026/09/08 22:43:56.683, GPU-ecc6a1f9-42fe-2932-7ea0-1dd285491b7b, 5, 0, 405, 27, 25.85
2026/09/08 22:43:56.887, GPU-ecc6a1f9-42fe-2932-7ea0-1dd285491b7b, 5, 0, 405, 27, 25.85
2026/09/08 22:43:57.090, GPU-ecc6a1f9-42fe-2932-7ea0-1dd285491b7b, 5, 0, 405, 27, 25.85
2026/09/08 22:43:57.294, GPU-ecc6a1f9-42fe-2932-7ea0-1dd285491b7b, 5, 0, 405, 27, 25.85
2026/09/08 22:43:57.499, GPU-ecc6a1f9-42fe-2932-7ea0-1dd285491b7b, 5, 0, 405, 27, 25.60
2026/09/08 22:43:57.702, GPU-ecc6a1f9-42fe-2932-7ea0-1dd285491b7b, 5, 0, 405, 27, 25.85
2026/09/08 22:43:57.906, GPU-ecc6a1f9-42fe-2932-7ea0-1dd285491b7b, 5, 0, 405, 27, 25.85
2026/09/08 22:43:58.109, GPU-ecc6a1f9-42fe-2932-7ea0-1dd285491b7b, 5, 0, 405, 27, 25.85
2026/09/08 22:43:58.313, GPU-ecc6a1f9-42fe-2932-7ea0-1dd285491b7b, 5, 0, 405, 27, 25.85
2026/09/08 22:43:58.518, GPU-ecc6a1f9-42fe-2932-7ea0-1dd285491b7b, 5, 0, 405, 27, 25.60
2026/09/08 22:43:58.722, GPU-ecc6a1f9-42fe-2932-7ea0-1dd285491b7b, 5, 0, 405, 27, 25.85
2026/09/08 22:43:58.925, GPU-ecc6a1f9-42fe-2932-7ea0-1dd285491b7b, 5, 0, 405, 27, 25.60
2026/09/08 22:43:59.129, GPU-ecc6a1f9-42fe-2932-7ea0-1dd285491b7b, 5, 0, 405, 27, 25.85
2026/09/08 22:43:59.332, GPU-ecc6a1f9-42fe-2932-7ea0-1dd285491b7b, 5, 0, 405, 27, 25.85
2026/09/08 22:43:59.537, GPU-ecc6a1f9-42fe-2932-7ea0-1dd285491b7b, 5, 0, 405, 27, 26.09
2026/09/08 22:43:59.741, GPU-ecc6a1f9-42fe-2932-7ea0-1dd285491b7b, 5, 0, 405, 27, 25.85
2026/09/08 22:43:59.944, GPU-ecc6a1f9-42fe-2932-7ea0-1dd285491b7b, 5, 0, 405, 27, 25.60
2026/09/08 22:44:00.148, GPU-ecc6a1f9-42fe-2932-7ea0-1dd285491b7b, 5, 0, 405, 27, 25.85
2026/09/08 22:44:00.351, GPU-ecc6a1f9-42fe-2932-7ea0-1dd285491b7b, 5, 0, 405, 27, 25.85
2026/09/08 22:44:00.557, GPU-ecc6a1f9-42fe-2932-7ea0-1dd285491b7b, 5, 0, 405, 27, 25.60
2026/09/08 22:44:00.760, GPU-ecc6a1f9-42fe-2932-7ea0-1dd285491b7b, 5, 0, 405, 27, 25.60
2026/09/08 22:44:00.964, GPU-ecc6a1f9-42fe-2932-7ea0-1dd285491b7b, 5, 0, 405, 27, 25.60
2026/09/08 22:44:01.167, GPU-ecc6a1f9-42fe-2932-7ea0-1dd285491b7b, 5, 0, 405, 27, 25.85
2026/09/08 22:44:01.371, GPU-ecc6a1f9-42fe-2932-7ea0-1dd285491b7b, 5, 0, 405, 27, 25.85
2026/09/08 22:44:01.577, GPU-ecc6a1f9-42fe-2932-7ea0-1dd285491b7b, 5, 0, 405, 27, 25.60
2026/09/08 22:44:01.780, GPU-ecc6a1f9-42fe-2932-7ea0-1dd285491b7b, 5, 0, 405, 27, 25.85
2026/09/08 22:44:01.984, GPU-ecc6a1f9-42fe-2932-7ea0-1dd285491b7b, 5, 0, 405, 27, 25.85
2026/09/08 22:44:02.187, GPU-ecc6a1f9-42fe-2932-7ea0-1dd285491b7b, 5, 0, 405, 27, 25.60
2026/09/08 22:44:02.391, GPU-ecc6a1f9-42fe-2932-7ea0-1dd285491b7b, 5, 0, 405, 27, 25.85
2026/09/08 22:44:02.594, GPU-ecc6a1f9-42fe-2932-7ea0-1dd285491b7b, 5, 0, 405, 27, 25.60
2026/09/08 22:44:02.798, GPU-ecc6a1f9-42fe-2932-7ea0-1dd285491b7b, 5, 0, 405, 27, 25.85
2026/09/08 22:44:03.002, GPU-ecc6a1f9-42fe-2932-7ea0-1dd285491b7b, 5, 0, 405, 27, 26.09
2026/09/08 22:44:03.205, GPU-ecc6a1f9-42fe-2932-7ea0-1dd285491b7b, 5, 0, 405, 27, 25.85
2026/09/08 22:44:03.409, GPU-ecc6a1f9-42fe-2932-7ea0-1dd285491b7b, 5, 0, 405, 27, 25.60
2026/09/08 22:44:03.612, GPU-ecc6a1f9-42fe-2932-7ea0-1dd285491b7b, 5, 0, 405, 27, 25.60
2026/09/08 22:44:03.816, GPU-ecc6a1f9-42fe-2932-7ea0-1dd285491b7b, 5, 0, 405, 27, 25.85
2026/09/08 22:44:04.022, GPU-ecc6a1f9-42fe-2932-7ea0-1dd285491b7b, 5, 0, 405, 27, 25.60
2026/09/08 22:44:04.225, GPU-ecc6a1f9-42fe-2932-7ea0-1dd285491b7b, 5, 0, 405, 27, 25.85
2026/09/08 22:44:04.429, GPU-ecc6a1f9-42fe-2932-7ea0-1dd285491b7b, 5, 0, 405, 27, 25.85
2026/09/08 22:44:04.632, GPU-ecc6a1f9-42fe-2932-7ea0-1dd285491b7b, 5, 0, 405, 27, 25.85
2026/09/08 22:44:04.836, GPU-ecc6a1f9-42fe-2932-7ea0-1dd285491b7b, 5, 0, 405, 27, 26.09
2026/09/08 22:44:05.039, GPU-ecc6a1f9-42fe-2932-7ea0-1dd285491b7b, 5, 0, 405, 27, 25.85
2026/09/08 22:44:05.244, GPU-ecc6a1f9-42fe-2932-7ea0-1dd285491b7b, 5, 0, 405, 27, 25.85
2026/09/08 22:44:05.448, GPU-ecc6a1f9-42fe-2932-7ea0-1dd285491b7b, 5, 0, 405, 27, 25.85
2026/09/08 22:44:05.651, GPU-ecc6a1f9-42fe-2932-7ea0-1dd285491b7b, 5, 0, 405, 27, 25.85
2026/09/08 22:44:05.855, GPU-ecc6a1f9-42fe-2932-7ea0-1dd285491b7b, 5, 0, 405, 27, 25.85
2026/09/08 22:44:06.058, GPU-ecc6a1f9-42fe-2932-7ea0-1dd285491b7b, 5, 0, 405, 27, 25.85
2026/09/08 22:44:06.264, GPU-ecc6a1f9-42fe-2932-7ea0-1dd285491b7b, 5, 0, 405, 27, 25.85
2026/09/08 22:44:06.468, GPU-ecc6a1f9-42fe-2932-7ea0-1dd285491b7b, 5, 0, 405, 27, 25.85
2026/09/08 22:44:06.671, GPU-ecc6a1f9-42fe-2932-7ea0-1dd285491b7b, 5, 0, 405, 27, 25.85
2026/09/08 22:44:06.875, GPU-ecc6a1f9-42fe-2932-7ea0-1dd285491b7b, 5, 0, 405, 27, 25.85
2026/09/08 22:44:07.078, GPU-ecc6a1f9-42fe-2932-7ea0-1dd285491b7b, 5, 0, 405, 27, 25.85
2026/09/08 22:44:07.284, GPU-ecc6a1f9-42fe-2932-7ea0-1dd285491b7b, 5, 0, 405, 27, 25.60
2026/09/08 22:44:07.487, GPU-ecc6a1f9-42fe-2932-7ea0-1dd285491b7b, 5, 0, 405, 27, 25.85
2026/09/08 22:44:07.691, GPU-ecc6a1f9-42fe-2932-7ea0-1dd285491b7b, 5, 0, 405, 27, 25.85
2026/09/08 22:44:07.894, GPU-ecc6a1f9-42fe-2932-7ea0-1dd285491b7b, 5, 0, 405, 27, 25.85
2026/09/08 22:44:08.098, GPU-ecc6a1f9-42fe-2932-7ea0-1dd285491b7b, 5, 0, 405, 27, 25.85
2026/09/08 22:44:08.303, GPU-ecc6a1f9-42fe-2932-7ea0-1dd285491b7b, 5, 0, 405, 27, 25.85
2026/09/08 22:44:08.507, GPU-ecc6a1f9-42fe-2932-7ea0-1dd285491b7b, 5, 0, 405, 27, 25.60
2026/09/08 22:44:08.710, GPU-ecc6a1f9-42fe-2932-7ea0-1dd285491b7b, 5, 0, 405, 27, 25.60
2026/09/08 22:44:08.914, GPU-ecc6a1f9-42fe-2932-7ea0-1dd285491b7b, 5, 0, 405, 27, 25.60
2026/09/08 22:44:09.117, GPU-ecc6a1f9-42fe-2932-7ea0-1dd285491b7b, 5, 0, 405, 27, 25.85
2026/09/08 22:44:09.323, GPU-ecc6a1f9-42fe-2932-7ea0-1dd285491b7b, 5, 0, 405, 27, 25.60
2026/09/08 22:44:09.526, GPU-ecc6a1f9-42fe-2932-7ea0-1dd285491b7b, 5, 0, 405, 27, 25.85
2026/09/08 22:44:09.730, GPU-ecc6a1f9-42fe-2932-7ea0-1dd285491b7b, 5, 0, 405, 27, 25.85
2026/09/08 22:44:09.933, GPU-ecc6a1f9-42fe-2932-7ea0-1dd285491b7b, 5, 0, 405, 27, 25.85
2026/09/08 22:44:10.137, GPU-ecc6a1f9-42fe-2932-7ea0-1dd285491b7b, 5, 0, 405, 27, 25.85
2026/09/08 22:44:10.342, GPU-ecc6a1f9-42fe-2932-7ea0-1dd285491b7b, 5, 0, 405, 27, 25.60
2026/09/08 22:44:10.546, GPU-ecc6a1f9-42fe-2932-7ea0-1dd285491b7b, 5, 0, 405, 27, 25.60
2026/09/08 22:44:10.749, GPU-ecc6a1f9-42fe-2932-7ea0-1dd285491b7b, 5, 0, 405, 27, 25.85
2026/09/08 22:44:10.953, GPU-ecc6a1f9-42fe-2932-7ea0-1dd285491b7b, 5, 0, 405, 27, 25.85
2026/09/08 22:44:11.156, GPU-ecc6a1f9-42fe-2932-7ea0-1dd285491b7b, 5, 0, 405, 27, 25.85
2026/09/08 22:44:11.362, GPU-ecc6a1f9-42fe-2932-7ea0-1dd285491b7b, 5, 0, 405, 27, 25.85
2026/09/08 22:44:11.565, GPU-ecc6a1f9-42fe-2932-7ea0-1dd285491b7b, 5, 0, 405, 27, 25.85
2026/09/08 22:44:11.769, GPU-ecc6a1f9-42fe-2932-7ea0-1dd285491b7b, 5, 0, 405, 27, 25.85
2026/09/08 22:44:11.972, GPU-ecc6a1f9-42fe-2932-7ea0-1dd285491b7b, 5, 0, 405, 27, 25.85
2026/09/08 22:44:12.176, GPU-ecc6a1f9-42fe-2932-7ea0-1dd285491b7b, 5, 0, 405, 27, 25.85
2026/09/08 22:44:12.381, GPU-ecc6a1f9-42fe-2932-7ea0-1dd285491b7b, 5, 0, 405, 27, 25.85
2026/09/08 22:44:12.585, GPU-ecc6a1f9-42fe-2932-7ea0-1dd285491b7b, 5, 0, 405, 27, 25.85
2026/09/08 22:44:12.789, GPU-ecc6a1f9-42fe-2932-7ea0-1dd285491b7b, 5, 0, 405, 27, 25.85
2026/09/08 22:44:12.992, GPU-ecc6a1f9-42fe-2932-7ea0-1dd285491b7b, 5, 0, 405, 27, 25.85
2026/09/08 22:44:13.196, GPU-ecc6a1f9-42fe-2932-7ea0-1dd285491b7b, 5, 0, 405, 27, 25.85
2026/09/08 22:44:13.401, GPU-ecc6a1f9-42fe-2932-7ea0-1dd285491b7b, 5, 0, 405, 27, 25.85
2026/09/08 22:44:13.604, GPU-ecc6a1f9-42fe-2932-7ea0-1dd285491b7b, 5, 0, 405, 27, 25.85
2026/09/08 22:44:13.808, GPU-ecc6a1f9-42fe-2932-7ea0-1dd285491b7b, 5, 0, 405, 27, 25.60
2026/09/08 22:44:14.011, GPU-ecc6a1f9-42fe-2932-7ea0-1dd285491b7b, 5, 0, 405, 27, 25.85
2026/09/08 22:44:14.215, GPU-ecc6a1f9-42fe-2932-7ea0-1dd285491b7b, 5, 0, 405, 27, 25.60
2026/09/08 22:44:14.420, GPU-ecc6a1f9-42fe-2932-7ea0-1dd285491b7b, 5, 0, 405, 27, 25.85
2026/09/08 22:44:14.624, GPU-ecc6a1f9-42fe-2932-7ea0-1dd285491b7b, 5, 0, 405, 27, 25.85
2026/09/08 22:44:14.827, GPU-ecc6a1f9-42fe-2932-7ea0-1dd285491b7b, 5, 0, 405, 27, 25.85
2026/09/08 22:44:15.031, GPU-ecc6a1f9-42fe-2932-7ea0-1dd285491b7b, 5, 0, 405, 27, 25.60
2026/09/08 22:44:15.234, GPU-ecc6a1f9-42fe-2932-7ea0-1dd285491b7b, 5, 0, 405, 27, 25.85
2026/09/08 22:44:15.440, GPU-ecc6a1f9-42fe-2932-7ea0-1dd285491b7b, 5, 0, 405, 27, 25.85
2026/09/08 22:44:15.643, GPU-ecc6a1f9-42fe-2932-7ea0-1dd285491b7b, 5, 0, 405, 27, 25.85
2026/09/08 22:44:15.847, GPU-ecc6a1f9-42fe-2932-7ea0-1dd285491b7b, 5, 0, 405, 27, 25.85
2026/09/08 22:44:16.051, GPU-ecc6a1f9-42fe-2932-7ea0-1dd285491b7b, 5, 0, 405, 27, 25.85
2026/09/08 22:44:16.254, GPU-ecc6a1f9-42fe-2932-7ea0-1dd285491b7b, 5, 0, 405, 27, 25.85
2026/09/08 22:44:16.460, GPU-ecc6a1f9-42fe-2932-7ea0-1dd285491b7b, 5, 0, 405, 27, 25.85
2026/09/08 22:44:16.664, GPU-ecc6a1f9-42fe-2932-7ea0-1dd285491b7b, 5, 0, 405, 27, 25.85
2026/09/08 22:44:16.867, GPU-ecc6a1f9-42fe-2932-7ea0-1dd285491b7b, 5, 0, 405, 27, 25.85
2026/09/08 22:44:17.071, GPU-ecc6a1f9-42fe-2932-7ea0-1dd285491b7b, 5, 0, 405, 27, 25.60
2026/09/08 22:44:17.274, GPU-ecc6a1f9-42fe-2932-7ea0-1dd285491b7b, 5, 0, 405, 27, 25.60
2026/09/08 22:44:17.480, GPU-ecc6a1f9-42fe-2932-7ea0-1dd285491b7b, 5, 0, 405, 27, 25.85
2026/09/08 22:44:17.683, GPU-ecc6a1f9-42fe-2932-7ea0-1dd285491b7b, 5, 0, 405, 27, 25.85
2026/09/08 22:44:17.887, GPU-ecc6a1f9-42fe-2932-7ea0-1dd285491b7b, 5, 0, 405, 27, 25.85
2026/09/08 22:44:18.091, GPU-ecc6a1f9-42fe-2932-7ea0-1dd285491b7b, 5, 0, 405, 27, 25.85
2026/09/08 22:44:18.294, GPU-ecc6a1f9-42fe-2932-7ea0-1dd285491b7b, 5, 0, 405, 27, 25.85
2026/09/08 22:44:18.500, GPU-ecc6a1f9-42fe-2932-7ea0-1dd285491b7b, 5, 0, 405, 27, 25.85
2026/09/08 22:44:18.703, GPU-ecc6a1f9-42fe-2932-7ea0-1dd285491b7b, 5, 0, 405, 27, 25.60
2026/09/08 22:44:18.907, GPU-ecc6a1f9-42fe-2932-7ea0-1dd285491b7b, 5, 0, 405, 27, 26.09
2026/09/08 22:44:19.110, GPU-ecc6a1f9-42fe-2932-7ea0-1dd285491b7b, 5, 0, 405, 27, 25.60
2026/09/08 22:44:19.314, GPU-ecc6a1f9-42fe-2932-7ea0-1dd285491b7b, 5, 0, 405, 27, 26.09
2026/09/08 22:44:19.519, GPU-ecc6a1f9-42fe-2932-7ea0-1dd285491b7b, 5, 0, 405, 27, 25.85
2026/09/08 22:44:19.722, GPU-ecc6a1f9-42fe-2932-7ea0-1dd285491b7b, 5, 0, 405, 27, 25.60
2026/09/08 22:44:19.926, GPU-ecc6a1f9-42fe-2932-7ea0-1dd285491b7b, 5, 0, 405, 27, 25.60
2026/09/08 22:44:20.129, GPU-ecc6a1f9-42fe-2932-7ea0-1dd285491b7b, 5, 0, 405, 27, 25.60
2026/09/08 22:44:20.333, GPU-ecc6a1f9-42fe-2932-7ea0-1dd285491b7b, 5, 0, 405, 27, 25.60
2026/09/08 22:44:20.538, GPU-ecc6a1f9-42fe-2932-7ea0-1dd285491b7b, 5, 0, 405, 27, 25.85
2026/09/08 22:44:20.742, GPU-ecc6a1f9-42fe-2932-7ea0-1dd285491b7b, 5, 0, 405, 27, 25.85
2026/09/08 22:44:20.945, GPU-ecc6a1f9-42fe-2932-7ea0-1dd285491b7b, 5, 0, 405, 27, 25.85
2026/09/08 22:44:21.149, GPU-ecc6a1f9-42fe-2932-7ea0-1dd285491b7b, 5, 0, 405, 27, 25.85
2026/09/08 22:44:21.352, GPU-ecc6a1f9-42fe-2932-7ea0-1dd285491b7b, 5, 0, 405, 27, 25.85
2026/09/08 22:44:21.557, GPU-ecc6a1f9-42fe-2932-7ea0-1dd285491b7b, 5, 0, 405, 27, 25.85
2026/09/08 22:44:21.761, GPU-ecc6a1f9-42fe-2932-7ea0-1dd285491b7b, 5, 0, 405, 27, 25.85
2026/09/08 22:44:21.964, GPU-ecc6a1f9-42fe-2932-7ea0-1dd285491b7b, 5, 0, 405, 27, 25.85
2026/09/08 22:44:22.168, GPU-ecc6a1f9-42fe-2932-7ea0-1dd285491b7b, 7, 0, 405, 27, 25.85
2026/09/08 22:44:22.372, GPU-ecc6a1f9-42fe-2932-7ea0-1dd285491b7b, 25, 1, 1189, 27, 29.99
2026/09/08 22:44:22.577, GPU-ecc6a1f9-42fe-2932-7ea0-1dd285491b7b, 303, 6, 1189, 27, 31.19
2026/09/08 22:44:22.780, GPU-ecc6a1f9-42fe-2932-7ea0-1dd285491b7b, 303, 2, 1189, 27, 31.19
2026/09/08 22:44:22.984, GPU-ecc6a1f9-42fe-2932-7ea0-1dd285491b7b, 305, 3, 1189, 27, 31.68
2026/09/08 22:44:23.188, GPU-ecc6a1f9-42fe-2932-7ea0-1dd285491b7b, 305, 4, 1189, 27, 31.44
2026/09/08 22:44:23.392, GPU-ecc6a1f9-42fe-2932-7ea0-1dd285491b7b, 305, 4, 1189, 27, 31.68
2026/09/08 22:44:23.596, GPU-ecc6a1f9-42fe-2932-7ea0-1dd285491b7b, 307, 5, 1189, 27, 31.44
2026/09/08 22:44:23.799, GPU-ecc6a1f9-42fe-2932-7ea0-1dd285491b7b, 307, 6, 1189, 28, 31.44
2026/09/08 22:44:24.003, GPU-ecc6a1f9-42fe-2932-7ea0-1dd285491b7b, 309, 5, 1189, 27, 31.44
2026/09/08 22:44:24.206, GPU-ecc6a1f9-42fe-2932-7ea0-1dd285491b7b, 311, 6, 1189, 27, 31.44
2026/09/08 22:44:24.410, GPU-ecc6a1f9-42fe-2932-7ea0-1dd285491b7b, 311, 5, 1189, 27, 31.68
2026/09/08 22:44:24.615, GPU-ecc6a1f9-42fe-2932-7ea0-1dd285491b7b, 311, 5, 1189, 27, 31.68
2026/09/08 22:44:24.819, GPU-ecc6a1f9-42fe-2932-7ea0-1dd285491b7b, 313, 5, 1189, 27, 34.36
2026/09/08 22:44:25.022, GPU-ecc6a1f9-42fe-2932-7ea0-1dd285491b7b, 313, 54, 1316, 28, 38.97
2026/09/08 22:44:25.226, GPU-ecc6a1f9-42fe-2932-7ea0-1dd285491b7b, 317, 86, 1328, 28, 41.40
2026/09/08 22:44:25.429, GPU-ecc6a1f9-42fe-2932-7ea0-1dd285491b7b, 319, 88, 1328, 28, 40.69
2026/09/08 22:44:25.635, GPU-ecc6a1f9-42fe-2932-7ea0-1dd285491b7b, 321, 91, 1328, 28, 39.97
2026/09/08 22:44:25.838, GPU-ecc6a1f9-42fe-2932-7ea0-1dd285491b7b, 323, 92, 1328, 28, 40.69
2026/09/08 22:44:26.042, GPU-ecc6a1f9-42fe-2932-7ea0-1dd285491b7b, 325, 85, 1328, 28, 38.51
2026/09/08 22:44:26.246, GPU-ecc6a1f9-42fe-2932-7ea0-1dd285491b7b, 327, 89, 1328, 28, 38.51
2026/09/08 22:44:26.449, GPU-ecc6a1f9-42fe-2932-7ea0-1dd285491b7b, 329, 93, 1328, 28, 40.69
2026/09/08 22:44:26.654, GPU-ecc6a1f9-42fe-2932-7ea0-1dd285491b7b, 329, 87, 1328, 28, 35.58
2026/09/08 22:44:26.858, GPU-ecc6a1f9-42fe-2932-7ea0-1dd285491b7b, 321, 14, 1328, 28, 35.58
2026/09/08 22:44:27.061, GPU-ecc6a1f9-42fe-2932-7ea0-1dd285491b7b, 311, 35, 1328, 28, 35.82
2026/09/08 22:44:27.265, GPU-ecc6a1f9-42fe-2932-7ea0-1dd285491b7b, 5, 6, 1328, 28, 35.58
2026/09/08 22:44:27.468, GPU-ecc6a1f9-42fe-2932-7ea0-1dd285491b7b, 5, 0, 1328, 28, 35.58
2026/09/08 22:44:27.674, GPU-ecc6a1f9-42fe-2932-7ea0-1dd285491b7b, 5, 0, 1328, 28, 35.58
2026/09/08 22:44:27.877, GPU-ecc6a1f9-42fe-2932-7ea0-1dd285491b7b, 5, 0, 1328, 28, 35.58
2026/09/08 22:44:28.081, GPU-ecc6a1f9-42fe-2932-7ea0-1dd285491b7b, 5, 0, 1328, 28, 35.58
2026/09/08 22:44:28.284, GPU-ecc6a1f9-42fe-2932-7ea0-1dd285491b7b, 5, 0, 1328, 28, 35.09
2026/09/08 22:44:28.488, GPU-ecc6a1f9-42fe-2932-7ea0-1dd285491b7b, 5, 0, 1328, 28, 35.58
2026/09/08 22:44:28.693, GPU-ecc6a1f9-42fe-2932-7ea0-1dd285491b7b, 5, 0, 1328, 28, 35.58
2026/09/08 22:44:28.897, GPU-ecc6a1f9-42fe-2932-7ea0-1dd285491b7b, 5, 0, 1328, 28, 35.82
2026/09/08 22:44:29.100, GPU-ecc6a1f9-42fe-2932-7ea0-1dd285491b7b, 5, 0, 1328, 28, 35.58
2026/09/08 22:44:29.304, GPU-ecc6a1f9-42fe-2932-7ea0-1dd285491b7b, 5, 0, 1328, 28, 35.58
2026/09/08 22:44:29.507, GPU-ecc6a1f9-42fe-2932-7ea0-1dd285491b7b, 5, 0, 1328, 28, 35.58
2026/09/08 22:44:29.713, GPU-ecc6a1f9-42fe-2932-7ea0-1dd285491b7b, 5, 0, 1328, 28, 35.58
2026/09/08 22:44:29.916, GPU-ecc6a1f9-42fe-2932-7ea0-1dd285491b7b, 5, 0, 455, 28, 26.58
2026/09/08 22:44:30.120, GPU-ecc6a1f9-42fe-2932-7ea0-1dd285491b7b, 5, 0, 455, 27, 26.58
2026/09/08 22:44:30.324, GPU-ecc6a1f9-42fe-2932-7ea0-1dd285491b7b, 5, 0, 455, 27, 26.58
2026/09/08 22:44:30.527, GPU-ecc6a1f9-42fe-2932-7ea0-1dd285491b7b, 5, 0, 455, 27, 26.58
2026/09/08 22:44:30.733, GPU-ecc6a1f9-42fe-2932-7ea0-1dd285491b7b, 5, 0, 455, 27, 26.58
2026/09/08 22:44:30.936, GPU-ecc6a1f9-42fe-2932-7ea0-1dd285491b7b, 5, 0, 455, 27, 26.58
2026/09/08 22:44:31.140, GPU-ecc6a1f9-42fe-2932-7ea0-1dd285491b7b, 5, 0, 455, 27, 26.58
2026/09/08 22:44:31.343, GPU-ecc6a1f9-42fe-2932-7ea0-1dd285491b7b, 5, 0, 455, 27, 26.58
2026/09/08 22:44:31.547, GPU-ecc6a1f9-42fe-2932-7ea0-1dd285491b7b, 5, 0, 455, 27, 26.58
2026/09/08 22:44:31.752, GPU-ecc6a1f9-42fe-2932-7ea0-1dd285491b7b, 5, 0, 455, 27, 26.58
2026/09/08 22:44:31.955, GPU-ecc6a1f9-42fe-2932-7ea0-1dd285491b7b, 5, 0, 455, 27, 26.58
2026/09/08 22:44:32.159, GPU-ecc6a1f9-42fe-2932-7ea0-1dd285491b7b, 5, 0, 455, 27, 26.58
2026/09/08 22:44:32.362, GPU-ecc6a1f9-42fe-2932-7ea0-1dd285491b7b, 5, 0, 455, 27, 26.58
2026/09/08 22:44:32.566, GPU-ecc6a1f9-42fe-2932-7ea0-1dd285491b7b, 5, 0, 405, 27, 26.09
2026/09/08 22:44:32.771, GPU-ecc6a1f9-42fe-2932-7ea0-1dd285491b7b, 5, 0, 405, 27, 26.09
2026/09/08 22:44:32.975, GPU-ecc6a1f9-42fe-2932-7ea0-1dd285491b7b, 5, 0, 405, 27, 26.09
2026/09/08 22:44:33.178, GPU-ecc6a1f9-42fe-2932-7ea0-1dd285491b7b, 5, 0, 405, 27, 26.09
2026/09/08 22:44:33.382, GPU-ecc6a1f9-42fe-2932-7ea0-1dd285491b7b, 5, 0, 405, 27, 25.85
2026/09/08 22:44:33.585, GPU-ecc6a1f9-42fe-2932-7ea0-1dd285491b7b, 5, 0, 405, 27, 25.85
2026/09/08 22:44:33.791, GPU-ecc6a1f9-42fe-2932-7ea0-1dd285491b7b, 5, 0, 405, 27, 25.85
2026/09/08 22:44:33.994, GPU-ecc6a1f9-42fe-2932-7ea0-1dd285491b7b, 5, 0, 405, 27, 25.85
2026/09/08 22:44:34.198, GPU-ecc6a1f9-42fe-2932-7ea0-1dd285491b7b, 5, 0, 405, 27, 26.09
2026/09/08 22:44:34.401, GPU-ecc6a1f9-42fe-2932-7ea0-1dd285491b7b, 5, 0, 405, 27, 25.85
2026/09/08 22:44:34.605, GPU-ecc6a1f9-42fe-2932-7ea0-1dd285491b7b, 5, 0, 405, 27, 25.85
2026/09/08 22:44:34.810, GPU-ecc6a1f9-42fe-2932-7ea0-1dd285491b7b, 5, 0, 405, 27, 25.85
2026/09/08 22:44:35.014, GPU-ecc6a1f9-42fe-2932-7ea0-1dd285491b7b, 5, 0, 405, 27, 26.09
2026/09/08 22:44:35.217, GPU-ecc6a1f9-42fe-2932-7ea0-1dd285491b7b, 5, 0, 405, 27, 25.85
2026/09/08 22:44:35.421, GPU-ecc6a1f9-42fe-2932-7ea0-1dd285491b7b, 5, 0, 405, 27, 26.09
2026/09/08 22:44:35.624, GPU-ecc6a1f9-42fe-2932-7ea0-1dd285491b7b, 5, 0, 405, 27, 25.85
2026/09/08 22:44:35.829, GPU-ecc6a1f9-42fe-2932-7ea0-1dd285491b7b, 5, 0, 405, 27, 25.85
2026/09/08 22:44:36.033, GPU-ecc6a1f9-42fe-2932-7ea0-1dd285491b7b, 5, 0, 405, 27, 25.85
2026/09/08 22:44:36.236, GPU-ecc6a1f9-42fe-2932-7ea0-1dd285491b7b, 5, 0, 405, 27, 25.85
2026/09/08 22:44:36.440, GPU-ecc6a1f9-42fe-2932-7ea0-1dd285491b7b, 5, 0, 405, 27, 25.85
2026/09/08 22:44:36.643, GPU-ecc6a1f9-42fe-2932-7ea0-1dd285491b7b, 5, 0, 405, 27, 26.09
2026/09/08 22:44:36.849, GPU-ecc6a1f9-42fe-2932-7ea0-1dd285491b7b, 5, 0, 405, 27, 25.85
2026/09/08 22:44:37.052, GPU-ecc6a1f9-42fe-2932-7ea0-1dd285491b7b, 5, 0, 405, 27, 26.09
2026/09/08 22:44:37.256, GPU-ecc6a1f9-42fe-2932-7ea0-1dd285491b7b, 5, 0, 405, 27, 26.09
2026/09/08 22:44:37.459, GPU-ecc6a1f9-42fe-2932-7ea0-1dd285491b7b, 5, 0, 405, 27, 25.85
2026/09/08 22:44:37.663, GPU-ecc6a1f9-42fe-2932-7ea0-1dd285491b7b, 5, 0, 405, 27, 25.85
2026/09/08 22:44:37.869, GPU-ecc6a1f9-42fe-2932-7ea0-1dd285491b7b, 5, 0, 405, 27, 25.85
2026/09/08 22:44:38.072, GPU-ecc6a1f9-42fe-2932-7ea0-1dd285491b7b, 5, 0, 405, 27, 26.09
2026/09/08 22:44:38.276, GPU-ecc6a1f9-42fe-2932-7ea0-1dd285491b7b, 5, 0, 405, 27, 26.09
2026/09/08 22:44:38.479, GPU-ecc6a1f9-42fe-2932-7ea0-1dd285491b7b, 5, 0, 405, 27, 26.09
2026/09/08 22:44:38.683, GPU-ecc6a1f9-42fe-2932-7ea0-1dd285491b7b, 5, 0, 405, 27, 25.85
2026/09/08 22:44:38.889, GPU-ecc6a1f9-42fe-2932-7ea0-1dd285491b7b, 5, 0, 405, 27, 26.09
2026/09/08 22:44:39.092, GPU-ecc6a1f9-42fe-2932-7ea0-1dd285491b7b, 5, 0, 405, 27, 26.09
2026/09/08 22:44:39.296, GPU-ecc6a1f9-42fe-2932-7ea0-1dd285491b7b, 5, 0, 405, 27, 26.09
2026/09/08 22:44:39.500, GPU-ecc6a1f9-42fe-2932-7ea0-1dd285491b7b, 5, 0, 405, 27, 25.85
2026/09/08 22:44:39.703, GPU-ecc6a1f9-42fe-2932-7ea0-1dd285491b7b, 5, 0, 405, 27, 26.09
2026/09/08 22:44:39.909, GPU-ecc6a1f9-42fe-2932-7ea0-1dd285491b7b, 5, 0, 405, 27, 25.85
2026/09/08 22:44:40.112, GPU-ecc6a1f9-42fe-2932-7ea0-1dd285491b7b, 5, 0, 405, 27, 26.09
2026/09/08 22:44:40.316, GPU-ecc6a1f9-42fe-2932-7ea0-1dd285491b7b, 5, 0, 405, 27, 25.85
2026/09/08 22:44:40.519, GPU-ecc6a1f9-42fe-2932-7ea0-1dd285491b7b, 5, 0, 405, 27, 26.09
2026/09/08 22:44:40.723, GPU-ecc6a1f9-42fe-2932-7ea0-1dd285491b7b, 5, 0, 405, 27, 26.09
2026/09/08 22:44:40.928, GPU-ecc6a1f9-42fe-2932-7ea0-1dd285491b7b, 5, 0, 405, 27, 25.85
2026/09/08 22:44:41.132, GPU-ecc6a1f9-42fe-2932-7ea0-1dd285491b7b, 5, 0, 405, 27, 25.85
2026/09/08 22:44:41.335, GPU-ecc6a1f9-42fe-2932-7ea0-1dd285491b7b, 5, 0, 405, 27, 25.85
2026/09/08 22:44:41.539, GPU-ecc6a1f9-42fe-2932-7ea0-1dd285491b7b, 5, 0, 405, 27, 26.09
2026/09/08 22:44:41.742, GPU-ecc6a1f9-42fe-2932-7ea0-1dd285491b7b, 5, 0, 405, 27, 26.09
2026/09/08 22:44:41.948, GPU-ecc6a1f9-42fe-2932-7ea0-1dd285491b7b, 5, 0, 405, 27, 26.09
2026/09/08 22:44:42.151, GPU-ecc6a1f9-42fe-2932-7ea0-1dd285491b7b, 5, 0, 405, 27, 25.85
2026/09/08 22:44:42.355, GPU-ecc6a1f9-42fe-2932-7ea0-1dd285491b7b, 5, 0, 405, 27, 25.85
2026/09/08 22:44:42.558, GPU-ecc6a1f9-42fe-2932-7ea0-1dd285491b7b, 5, 0, 405, 27, 26.09
2026/09/08 22:44:42.762, GPU-ecc6a1f9-42fe-2932-7ea0-1dd285491b7b, 5, 0, 405, 27, 25.85
2026/09/08 22:44:42.967, GPU-ecc6a1f9-42fe-2932-7ea0-1dd285491b7b, 5, 0, 405, 27, 26.09
2026/09/08 22:44:43.171, GPU-ecc6a1f9-42fe-2932-7ea0-1dd285491b7b, 5, 0, 405, 27, 26.09
2026/09/08 22:44:43.374, GPU-ecc6a1f9-42fe-2932-7ea0-1dd285491b7b, 5, 0, 405, 27, 26.09
2026/09/08 22:44:43.578, GPU-ecc6a1f9-42fe-2932-7ea0-1dd285491b7b, 5, 0, 405, 27, 26.09
2026/09/08 22:44:43.781, GPU-ecc6a1f9-42fe-2932-7ea0-1dd285491b7b, 5, 0, 405, 27, 26.09
2026/09/08 22:44:43.986, GPU-ecc6a1f9-42fe-2932-7ea0-1dd285491b7b, 5, 0, 405, 27, 26.09
2026/09/08 22:44:44.190, GPU-ecc6a1f9-42fe-2932-7ea0-1dd285491b7b, 5, 0, 405, 27, 26.09
2026/09/08 22:44:44.393, GPU-ecc6a1f9-42fe-2932-7ea0-1dd285491b7b, 5, 0, 405, 27, 25.85
2026/09/08 22:44:44.597, GPU-ecc6a1f9-42fe-2932-7ea0-1dd285491b7b, 5, 0, 405, 27, 25.85
2026/09/08 22:44:44.800, GPU-ecc6a1f9-42fe-2932-7ea0-1dd285491b7b, 5, 0, 405, 27, 25.85
2026/09/08 22:44:45.006, GPU-ecc6a1f9-42fe-2932-7ea0-1dd285491b7b, 5, 0, 405, 27, 25.85
2026/09/08 22:44:45.209, GPU-ecc6a1f9-42fe-2932-7ea0-1dd285491b7b, 5, 0, 405, 27, 25.85
2026/09/08 22:44:45.413, GPU-ecc6a1f9-42fe-2932-7ea0-1dd285491b7b, 5, 0, 405, 27, 26.09
2026/09/08 22:44:45.616, GPU-ecc6a1f9-42fe-2932-7ea0-1dd285491b7b, 5, 0, 405, 27, 26.09
2026/09/08 22:44:45.820, GPU-ecc6a1f9-42fe-2932-7ea0-1dd285491b7b, 5, 0, 405, 27, 25.85
2026/09/08 22:44:46.025, GPU-ecc6a1f9-42fe-2932-7ea0-1dd285491b7b, 5, 0, 405, 27, 25.85
2026/09/08 22:44:46.228, GPU-ecc6a1f9-42fe-2932-7ea0-1dd285491b7b, 5, 0, 405, 27, 25.85
2026/09/08 22:44:46.432, GPU-ecc6a1f9-42fe-2932-7ea0-1dd285491b7b, 5, 0, 405, 27, 25.85
2026/09/08 22:44:46.635, GPU-ecc6a1f9-42fe-2932-7ea0-1dd285491b7b, 5, 0, 405, 27, 26.09
2026/09/08 22:44:46.839, GPU-ecc6a1f9-42fe-2932-7ea0-1dd285491b7b, 5, 0, 405, 27, 25.85
2026/09/08 22:44:47.043, GPU-ecc6a1f9-42fe-2932-7ea0-1dd285491b7b, 7, 0, 405, 27, 25.85
2026/09/08 22:44:47.248, GPU-ecc6a1f9-42fe-2932-7ea0-1dd285491b7b, 15, 0, 405, 27, 26.09
2026/09/08 22:44:47.482, GPU-ecc6a1f9-42fe-2932-7ea0-1dd285491b7b, 293, 4, 1189, 27, 31.92
2026/09/08 22:44:47.688, GPU-ecc6a1f9-42fe-2932-7ea0-1dd285491b7b, 293, 1, 1189, 27, 32.66
2026/09/08 22:44:47.892, GPU-ecc6a1f9-42fe-2932-7ea0-1dd285491b7b, 293, 2, 1189, 27, 32.66
2026/09/08 22:44:48.095, GPU-ecc6a1f9-42fe-2932-7ea0-1dd285491b7b, 293, 2, 1189, 28, 33.14
2026/09/08 22:44:48.299, GPU-ecc6a1f9-42fe-2932-7ea0-1dd285491b7b, 295, 2, 1189, 27, 32.41
2026/09/08 22:44:48.502, GPU-ecc6a1f9-42fe-2932-7ea0-1dd285491b7b, 295, 2, 1189, 28, 32.17
2026/09/08 22:44:48.708, GPU-ecc6a1f9-42fe-2932-7ea0-1dd285491b7b, 295, 2, 1189, 28, 31.92
2026/09/08 22:44:48.911, GPU-ecc6a1f9-42fe-2932-7ea0-1dd285491b7b, 295, 2, 1189, 28, 32.17
2026/09/08 22:44:49.115, GPU-ecc6a1f9-42fe-2932-7ea0-1dd285491b7b, 295, 2, 1189, 28, 32.41
2026/09/08 22:44:49.318, GPU-ecc6a1f9-42fe-2932-7ea0-1dd285491b7b, 297, 2, 1189, 28, 33.39
2026/09/08 22:44:49.522, GPU-ecc6a1f9-42fe-2932-7ea0-1dd285491b7b, 297, 1, 1189, 28, 102.90
2026/09/08 22:44:49.727, GPU-ecc6a1f9-42fe-2932-7ea0-1dd285491b7b, 297, 86, 1316, 29, 125.06
2026/09/08 22:44:49.931, GPU-ecc6a1f9-42fe-2932-7ea0-1dd285491b7b, 297, 94, 1328, 30, 148.31
2026/09/08 22:44:50.134, GPU-ecc6a1f9-42fe-2932-7ea0-1dd285491b7b, 297, 99, 1328, 30, 152.32
2026/09/08 22:44:50.338, GPU-ecc6a1f9-42fe-2932-7ea0-1dd285491b7b, 297, 99, 1328, 31, 156.75
2026/09/08 22:44:50.541, GPU-ecc6a1f9-42fe-2932-7ea0-1dd285491b7b, 297, 99, 1328, 31, 161.97
2026/09/08 22:44:50.747, GPU-ecc6a1f9-42fe-2932-7ea0-1dd285491b7b, 297, 99, 1328, 32, 164.25
2026/09/08 22:44:50.950, GPU-ecc6a1f9-42fe-2932-7ea0-1dd285491b7b, 297, 99, 1328, 32, 164.49
2026/09/08 22:44:51.154, GPU-ecc6a1f9-42fe-2932-7ea0-1dd285491b7b, 5, 44, 1328, 30, 39.73
2026/09/08 22:44:51.357, GPU-ecc6a1f9-42fe-2932-7ea0-1dd285491b7b, 5, 0, 1328, 30, 39.24
2026/09/08 22:44:51.561, GPU-ecc6a1f9-42fe-2932-7ea0-1dd285491b7b, 7, 0, 1328, 30, 38.99
2026/09/08 22:44:51.766, GPU-ecc6a1f9-42fe-2932-7ea0-1dd285491b7b, 15, 0, 1328, 29, 38.75
2026/09/08 22:44:52.015, GPU-ecc6a1f9-42fe-2932-7ea0-1dd285491b7b, 19, 0, 1328, 29, 38.75
2026/09/08 22:44:52.218, GPU-ecc6a1f9-42fe-2932-7ea0-1dd285491b7b, 293, 4, 1328, 29, 39.48
2026/09/08 22:44:52.422, GPU-ecc6a1f9-42fe-2932-7ea0-1dd285491b7b, 293, 1, 1328, 29, 41.40
2026/09/08 22:44:52.626, GPU-ecc6a1f9-42fe-2932-7ea0-1dd285491b7b, 293, 2, 1328, 29, 40.43
2026/09/08 22:44:52.829, GPU-ecc6a1f9-42fe-2932-7ea0-1dd285491b7b, 295, 2, 1328, 29, 39.96
2026/09/08 22:44:53.033, GPU-ecc6a1f9-42fe-2932-7ea0-1dd285491b7b, 295, 2, 1328, 29, 42.40
2026/09/08 22:44:53.236, GPU-ecc6a1f9-42fe-2932-7ea0-1dd285491b7b, 295, 2, 1328, 29, 39.48
2026/09/08 22:44:53.440, GPU-ecc6a1f9-42fe-2932-7ea0-1dd285491b7b, 295, 2, 1328, 29, 40.92
2026/09/08 22:44:53.645, GPU-ecc6a1f9-42fe-2932-7ea0-1dd285491b7b, 295, 2, 1328, 29, 41.19
2026/09/08 22:44:53.849, GPU-ecc6a1f9-42fe-2932-7ea0-1dd285491b7b, 297, 2, 1328, 29, 40.21
2026/09/08 22:44:54.052, GPU-ecc6a1f9-42fe-2932-7ea0-1dd285491b7b, 297, 45, 1328, 30, 139.84
2026/09/08 22:44:54.255, GPU-ecc6a1f9-42fe-2932-7ea0-1dd285491b7b, 297, 91, 1328, 31, 153.62
2026/09/08 22:44:54.459, GPU-ecc6a1f9-42fe-2932-7ea0-1dd285491b7b, 297, 99, 1328, 32, 152.15
2026/09/08 22:44:54.664, GPU-ecc6a1f9-42fe-2932-7ea0-1dd285491b7b, 297, 99, 1328, 32, 159.09
2026/09/08 22:44:54.868, GPU-ecc6a1f9-42fe-2932-7ea0-1dd285491b7b, 297, 99, 1328, 33, 167.79
2026/09/08 22:44:55.071, GPU-ecc6a1f9-42fe-2932-7ea0-1dd285491b7b, 297, 99, 1328, 33, 165.14
2026/09/08 22:44:55.275, GPU-ecc6a1f9-42fe-2932-7ea0-1dd285491b7b, 297, 99, 1328, 33, 154.43
2026/09/08 22:44:55.479, GPU-ecc6a1f9-42fe-2932-7ea0-1dd285491b7b, 5, 48, 1328, 32, 40.21
2026/09/08 22:44:55.684, GPU-ecc6a1f9-42fe-2932-7ea0-1dd285491b7b, 5, 0, 1328, 31, 39.73
2026/09/08 22:44:55.887, GPU-ecc6a1f9-42fe-2932-7ea0-1dd285491b7b, 7, 0, 1328, 31, 39.48
2026/09/08 22:44:56.091, GPU-ecc6a1f9-42fe-2932-7ea0-1dd285491b7b, 15, 0, 1328, 30, 39.48
2026/09/08 22:44:56.294, GPU-ecc6a1f9-42fe-2932-7ea0-1dd285491b7b, 299, 4, 1328, 30, 40.21
2026/09/08 22:44:56.498, GPU-ecc6a1f9-42fe-2932-7ea0-1dd285491b7b, 299, 1, 1328, 30, 40.19
2026/09/08 22:44:56.703, GPU-ecc6a1f9-42fe-2932-7ea0-1dd285491b7b, 299, 2, 1328, 30, 40.69
2026/09/08 22:44:56.907, GPU-ecc6a1f9-42fe-2932-7ea0-1dd285491b7b, 299, 2, 1328, 30, 40.45
2026/09/08 22:44:57.110, GPU-ecc6a1f9-42fe-2932-7ea0-1dd285491b7b, 299, 2, 1328, 30, 40.67
2026/09/08 22:44:57.314, GPU-ecc6a1f9-42fe-2932-7ea0-1dd285491b7b, 301, 2, 1328, 30, 41.65
2026/09/08 22:44:57.517, GPU-ecc6a1f9-42fe-2932-7ea0-1dd285491b7b, 301, 2, 1328, 30, 42.38
2026/09/08 22:44:57.723, GPU-ecc6a1f9-42fe-2932-7ea0-1dd285491b7b, 301, 2, 1328, 30, 40.45
2026/09/08 22:44:57.926, GPU-ecc6a1f9-42fe-2932-7ea0-1dd285491b7b, 301, 1, 1328, 30, 41.18
2026/09/08 22:44:58.129, GPU-ecc6a1f9-42fe-2932-7ea0-1dd285491b7b, 301, 1, 1328, 30, 42.16
2026/09/08 22:44:58.333, GPU-ecc6a1f9-42fe-2932-7ea0-1dd285491b7b, 303, 2, 1328, 29, 41.67
2026/09/08 22:44:58.536, GPU-ecc6a1f9-42fe-2932-7ea0-1dd285491b7b, 303, 1, 1328, 30, 144.28
2026/09/08 22:44:58.742, GPU-ecc6a1f9-42fe-2932-7ea0-1dd285491b7b, 303, 66, 1328, 32, 154.45
2026/09/08 22:44:58.945, GPU-ecc6a1f9-42fe-2932-7ea0-1dd285491b7b, 303, 93, 1328, 32, 170.21
2026/09/08 22:44:59.149, GPU-ecc6a1f9-42fe-2932-7ea0-1dd285491b7b, 303, 98, 1328, 33, 165.76
2026/09/08 22:44:59.352, GPU-ecc6a1f9-42fe-2932-7ea0-1dd285491b7b, 303, 99, 1328, 33, 155.30
2026/09/08 22:44:59.556, GPU-ecc6a1f9-42fe-2932-7ea0-1dd285491b7b, 303, 99, 1328, 34, 166.57
2026/09/08 22:44:59.759, GPU-ecc6a1f9-42fe-2932-7ea0-1dd285491b7b, 303, 99, 1328, 34, 181.94
2026/09/08 22:44:59.963, GPU-ecc6a1f9-42fe-2932-7ea0-1dd285491b7b, 303, 99, 1328, 34, 175.57
2026/09/08 22:45:00.168, GPU-ecc6a1f9-42fe-2932-7ea0-1dd285491b7b, 267, 93, 1328, 33, 51.14
2026/09/08 22:45:00.372, GPU-ecc6a1f9-42fe-2932-7ea0-1dd285491b7b, 5, 11, 1328, 32, 40.21
2026/09/08 22:45:00.575, GPU-ecc6a1f9-42fe-2932-7ea0-1dd285491b7b, 5, 0, 1328, 32, 39.97
2026/09/08 22:45:00.779, GPU-ecc6a1f9-42fe-2932-7ea0-1dd285491b7b, 5, 0, 1328, 31, 39.73
2026/09/08 22:45:00.982, GPU-ecc6a1f9-42fe-2932-7ea0-1dd285491b7b, 5, 0, 1328, 31, 39.73
2026/09/08 22:45:01.186, GPU-ecc6a1f9-42fe-2932-7ea0-1dd285491b7b, 5, 0, 1328, 31, 39.48
2026/09/08 22:45:01.389, GPU-ecc6a1f9-42fe-2932-7ea0-1dd285491b7b, 5, 0, 1328, 31, 36.07
2026/09/08 22:45:01.594, GPU-ecc6a1f9-42fe-2932-7ea0-1dd285491b7b, 5, 0, 1328, 30, 36.31
2026/09/08 22:45:01.798, GPU-ecc6a1f9-42fe-2932-7ea0-1dd285491b7b, 5, 0, 1328, 31, 36.07
2026/09/08 22:45:02.001, GPU-ecc6a1f9-42fe-2932-7ea0-1dd285491b7b, 5, 0, 1328, 30, 36.31
2026/09/08 22:45:02.205, GPU-ecc6a1f9-42fe-2932-7ea0-1dd285491b7b, 5, 0, 1328, 30, 36.31
2026/09/08 22:45:02.408, GPU-ecc6a1f9-42fe-2932-7ea0-1dd285491b7b, 5, 0, 1328, 30, 36.31
2026/09/08 22:45:02.614, GPU-ecc6a1f9-42fe-2932-7ea0-1dd285491b7b, 5, 0, 1328, 30, 36.07
2026/09/08 22:45:02.817, GPU-ecc6a1f9-42fe-2932-7ea0-1dd285491b7b, 5, 0, 1328, 30, 36.31
2026/09/08 22:45:03.021, GPU-ecc6a1f9-42fe-2932-7ea0-1dd285491b7b, 5, 0, 1328, 30, 36.31
2026/09/08 22:45:03.224, GPU-ecc6a1f9-42fe-2932-7ea0-1dd285491b7b, 5, 0, 1328, 30, 36.31
2026/09/08 22:45:03.428, GPU-ecc6a1f9-42fe-2932-7ea0-1dd285491b7b, 5, 0, 1328, 30, 36.07
2026/09/08 22:45:03.633, GPU-ecc6a1f9-42fe-2932-7ea0-1dd285491b7b, 5, 0, 1328, 30, 36.07
2026/09/08 22:45:03.837, GPU-ecc6a1f9-42fe-2932-7ea0-1dd285491b7b, 5, 0, 1328, 30, 36.31
2026/09/08 22:45:04.040, GPU-ecc6a1f9-42fe-2932-7ea0-1dd285491b7b, 5, 0, 1328, 30, 36.07
2026/09/08 22:45:04.244, GPU-ecc6a1f9-42fe-2932-7ea0-1dd285491b7b, 5, 0, 1328, 30, 36.07
2026/09/08 22:45:04.447, GPU-ecc6a1f9-42fe-2932-7ea0-1dd285491b7b, 5, 0, 1328, 30, 36.07
2026/09/08 22:45:04.653, GPU-ecc6a1f9-42fe-2932-7ea0-1dd285491b7b, 5, 0, 1328, 30, 36.07
2026/09/08 22:45:04.856, GPU-ecc6a1f9-42fe-2932-7ea0-1dd285491b7b, 5, 0, 1328, 30, 36.07
2026/09/08 22:45:05.060, GPU-ecc6a1f9-42fe-2932-7ea0-1dd285491b7b, 5, 0, 1328, 30, 36.07
2026/09/08 22:45:05.263, GPU-ecc6a1f9-42fe-2932-7ea0-1dd285491b7b, 5, 0, 1328, 30, 36.31
2026/09/08 22:45:05.467, GPU-ecc6a1f9-42fe-2932-7ea0-1dd285491b7b, 5, 0, 1328, 30, 36.07
2026/09/08 22:45:05.670, GPU-ecc6a1f9-42fe-2932-7ea0-1dd285491b7b, 5, 0, 1328, 30, 36.07
2026/09/08 22:45:05.874, GPU-ecc6a1f9-42fe-2932-7ea0-1dd285491b7b, 5, 0, 1328, 30, 36.07
2026/09/08 22:45:06.079, GPU-ecc6a1f9-42fe-2932-7ea0-1dd285491b7b, 5, 0, 1328, 30, 36.07
2026/09/08 22:45:06.282, GPU-ecc6a1f9-42fe-2932-7ea0-1dd285491b7b, 5, 0, 1328, 30, 36.31
2026/09/08 22:45:06.486, GPU-ecc6a1f9-42fe-2932-7ea0-1dd285491b7b, 5, 0, 1328, 30, 36.07
2026/09/08 22:45:06.689, GPU-ecc6a1f9-42fe-2932-7ea0-1dd285491b7b, 5, 0, 1328, 30, 36.07
2026/09/08 22:45:06.893, GPU-ecc6a1f9-42fe-2932-7ea0-1dd285491b7b, 5, 0, 1328, 30, 36.07
2026/09/08 22:45:07.096, GPU-ecc6a1f9-42fe-2932-7ea0-1dd285491b7b, 5, 0, 1328, 30, 36.07
2026/09/08 22:45:07.300, GPU-ecc6a1f9-42fe-2932-7ea0-1dd285491b7b, 5, 0, 1328, 30, 36.07
2026/09/08 22:45:07.507, GPU-ecc6a1f9-42fe-2932-7ea0-1dd285491b7b, 5, 0, 1328, 30, 36.07
2026/09/08 22:45:07.710, GPU-ecc6a1f9-42fe-2932-7ea0-1dd285491b7b, 5, 0, 1328, 30, 36.07
2026/09/08 22:45:07.914, GPU-ecc6a1f9-42fe-2932-7ea0-1dd285491b7b, 5, 0, 1328, 30, 36.07
2026/09/08 22:45:08.117, GPU-ecc6a1f9-42fe-2932-7ea0-1dd285491b7b, 5, 0, 1328, 30, 36.07
2026/09/08 22:45:08.321, GPU-ecc6a1f9-42fe-2932-7ea0-1dd285491b7b, 5, 0, 1328, 30, 36.07
2026/09/08 22:45:08.524, GPU-ecc6a1f9-42fe-2932-7ea0-1dd285491b7b, 5, 0, 1328, 30, 36.07
2026/09/08 22:45:08.729, GPU-ecc6a1f9-42fe-2932-7ea0-1dd285491b7b, 5, 0, 1328, 30, 36.07
2026/09/08 22:45:08.932, GPU-ecc6a1f9-42fe-2932-7ea0-1dd285491b7b, 5, 0, 1328, 30, 36.07
2026/09/08 22:45:09.136, GPU-ecc6a1f9-42fe-2932-7ea0-1dd285491b7b, 5, 0, 1328, 30, 36.07
2026/09/08 22:45:09.339, GPU-ecc6a1f9-42fe-2932-7ea0-1dd285491b7b, 5, 0, 1328, 30, 36.07
2026/09/08 22:45:09.542, GPU-ecc6a1f9-42fe-2932-7ea0-1dd285491b7b, 5, 0, 1328, 30, 36.07
2026/09/08 22:45:09.748, GPU-ecc6a1f9-42fe-2932-7ea0-1dd285491b7b, 5, 0, 1328, 30, 36.07
2026/09/08 22:45:09.951, GPU-ecc6a1f9-42fe-2932-7ea0-1dd285491b7b, 5, 0, 1328, 30, 36.07
2026/09/08 22:45:10.155, GPU-ecc6a1f9-42fe-2932-7ea0-1dd285491b7b, 5, 0, 1328, 30, 36.07
2026/09/08 22:45:10.358, GPU-ecc6a1f9-42fe-2932-7ea0-1dd285491b7b, 5, 0, 1328, 30, 36.07
2026/09/08 22:45:10.562, GPU-ecc6a1f9-42fe-2932-7ea0-1dd285491b7b, 5, 0, 1328, 30, 36.07
2026/09/08 22:45:10.768, GPU-ecc6a1f9-42fe-2932-7ea0-1dd285491b7b, 5, 0, 1328, 30, 36.07
2026/09/08 22:45:10.971, GPU-ecc6a1f9-42fe-2932-7ea0-1dd285491b7b, 5, 0, 1328, 30, 36.07
2026/09/08 22:45:11.175, GPU-ecc6a1f9-42fe-2932-7ea0-1dd285491b7b, 7, 0, 1328, 30, 36.07
2026/09/08 22:45:11.378, GPU-ecc6a1f9-42fe-2932-7ea0-1dd285491b7b, 293, 1, 1328, 30, 36.31
2026/09/08 22:45:11.582, GPU-ecc6a1f9-42fe-2932-7ea0-1dd285491b7b, 293, 20, 1328, 31, 156.27
2026/09/08 22:45:11.787, GPU-ecc6a1f9-42fe-2932-7ea0-1dd285491b7b, 293, 90, 1328, 32, 166.72
2026/09/08 22:45:11.991, GPU-ecc6a1f9-42fe-2932-7ea0-1dd285491b7b, 5, 87, 1328, 31, 38.51
2026/09/08 22:45:12.194, GPU-ecc6a1f9-42fe-2932-7ea0-1dd285491b7b, 5, 0, 1328, 31, 38.26
2026/09/08 22:45:12.398, GPU-ecc6a1f9-42fe-2932-7ea0-1dd285491b7b, 7, 0, 1328, 31, 37.78
2026/09/08 22:45:12.601, GPU-ecc6a1f9-42fe-2932-7ea0-1dd285491b7b, 15, 0, 1328, 30, 37.78
2026/09/08 22:45:12.807, GPU-ecc6a1f9-42fe-2932-7ea0-1dd285491b7b, 299, 4, 1328, 30, 101.13
2026/09/08 22:45:13.010, GPU-ecc6a1f9-42fe-2932-7ea0-1dd285491b7b, 299, 28, 1328, 32, 173.00
2026/09/08 22:45:13.213, GPU-ecc6a1f9-42fe-2932-7ea0-1dd285491b7b, 261, 80, 1328, 32, 42.16
2026/09/08 22:45:13.417, GPU-ecc6a1f9-42fe-2932-7ea0-1dd285491b7b, 5, 5, 1328, 31, 39.73
2026/09/08 22:45:13.620, GPU-ecc6a1f9-42fe-2932-7ea0-1dd285491b7b, 7, 0, 1328, 31, 39.48
2026/09/08 22:45:13.826, GPU-ecc6a1f9-42fe-2932-7ea0-1dd285491b7b, 15, 0, 1328, 31, 39.48
2026/09/08 22:45:14.054, GPU-ecc6a1f9-42fe-2932-7ea0-1dd285491b7b, 293, 7, 1328, 31, 164.96
2026/09/08 22:45:14.258, GPU-ecc6a1f9-42fe-2932-7ea0-1dd285491b7b, 293, 90, 1328, 33, 173.48
2026/09/08 22:45:14.461, GPU-ecc6a1f9-42fe-2932-7ea0-1dd285491b7b, 5, 92, 1328, 32, 41.19
2026/09/08 22:45:14.665, GPU-ecc6a1f9-42fe-2932-7ea0-1dd285491b7b, 5, 16, 1328, 31, 40.46
2026/09/08 22:45:14.869, GPU-ecc6a1f9-42fe-2932-7ea0-1dd285491b7b, 7, 0, 1328, 31, 39.96
2026/09/08 22:45:15.072, GPU-ecc6a1f9-42fe-2932-7ea0-1dd285491b7b, 21, 0, 1328, 31, 40.21
2026/09/08 22:45:15.276, GPU-ecc6a1f9-42fe-2932-7ea0-1dd285491b7b, 299, 4, 1328, 31, 161.27
2026/09/08 22:45:15.479, GPU-ecc6a1f9-42fe-2932-7ea0-1dd285491b7b, 299, 56, 1328, 33, 180.61
2026/09/08 22:45:15.686, GPU-ecc6a1f9-42fe-2932-7ea0-1dd285491b7b, 5, 57, 1328, 33, 41.67
2026/09/08 22:45:15.895, GPU-ecc6a1f9-42fe-2932-7ea0-1dd285491b7b, 5, 0, 1328, 32, 40.21
2026/09/08 22:45:16.098, GPU-ecc6a1f9-42fe-2932-7ea0-1dd285491b7b, 7, 0, 1328, 32, 39.97
2026/09/08 22:45:16.304, GPU-ecc6a1f9-42fe-2932-7ea0-1dd285491b7b, 15, 0, 1328, 31, 39.97
2026/09/08 22:45:16.553, GPU-ecc6a1f9-42fe-2932-7ea0-1dd285491b7b, 293, 9, 1328, 32, 167.06
2026/09/08 22:45:16.756, GPU-ecc6a1f9-42fe-2932-7ea0-1dd285491b7b, 293, 90, 1328, 33, 174.14
2026/09/08 22:45:16.960, GPU-ecc6a1f9-42fe-2932-7ea0-1dd285491b7b, 5, 92, 1328, 33, 41.18
2026/09/08 22:45:17.164, GPU-ecc6a1f9-42fe-2932-7ea0-1dd285491b7b, 5, 13, 1328, 32, 40.46
2026/09/08 22:45:17.367, GPU-ecc6a1f9-42fe-2932-7ea0-1dd285491b7b, 7, 0, 1328, 32, 39.96
2026/09/08 22:45:17.571, GPU-ecc6a1f9-42fe-2932-7ea0-1dd285491b7b, 293, 0, 1328, 31, 40.45
2026/09/08 22:45:17.774, GPU-ecc6a1f9-42fe-2932-7ea0-1dd285491b7b, 293, 4, 1328, 33, 174.02
2026/09/08 22:45:17.978, GPU-ecc6a1f9-42fe-2932-7ea0-1dd285491b7b, 293, 84, 1328, 34, 175.09
2026/09/08 22:45:18.183, GPU-ecc6a1f9-42fe-2932-7ea0-1dd285491b7b, 5, 90, 1328, 33, 40.70
2026/09/08 22:45:18.387, GPU-ecc6a1f9-42fe-2932-7ea0-1dd285491b7b, 5, 0, 1328, 32, 40.46
2026/09/08 22:45:18.590, GPU-ecc6a1f9-42fe-2932-7ea0-1dd285491b7b, 7, 0, 1328, 32, 40.21
2026/09/08 22:45:18.794, GPU-ecc6a1f9-42fe-2932-7ea0-1dd285491b7b, 15, 0, 1328, 32, 40.21
2026/09/08 22:45:18.998, GPU-ecc6a1f9-42fe-2932-7ea0-1dd285491b7b, 293, 3, 1328, 32, 165.20
2026/09/08 22:45:19.203, GPU-ecc6a1f9-42fe-2932-7ea0-1dd285491b7b, 293, 90, 1328, 34, 172.76
2026/09/08 22:45:19.406, GPU-ecc6a1f9-42fe-2932-7ea0-1dd285491b7b, 5, 66, 1328, 33, 41.18
2026/09/08 22:45:19.610, GPU-ecc6a1f9-42fe-2932-7ea0-1dd285491b7b, 5, 5, 1328, 32, 40.70
2026/09/08 22:45:19.813, GPU-ecc6a1f9-42fe-2932-7ea0-1dd285491b7b, 7, 0, 1328, 32, 40.45
2026/09/08 22:45:20.017, GPU-ecc6a1f9-42fe-2932-7ea0-1dd285491b7b, 15, 0, 1328, 32, 40.21
2026/09/08 22:45:20.262, GPU-ecc6a1f9-42fe-2932-7ea0-1dd285491b7b, 293, 4, 1328, 32, 123.79
2026/09/08 22:45:20.465, GPU-ecc6a1f9-42fe-2932-7ea0-1dd285491b7b, 293, 63, 1328, 34, 175.03
2026/09/08 22:45:20.669, GPU-ecc6a1f9-42fe-2932-7ea0-1dd285491b7b, 5, 89, 1328, 33, 42.16
2026/09/08 22:45:20.884, GPU-ecc6a1f9-42fe-2932-7ea0-1dd285491b7b, 5, 0, 1328, 32, 40.70
2026/09/08 22:45:21.088, GPU-ecc6a1f9-42fe-2932-7ea0-1dd285491b7b, 7, 0, 1328, 32, 40.45
2026/09/08 22:45:21.291, GPU-ecc6a1f9-42fe-2932-7ea0-1dd285491b7b, 19, 0, 1328, 32, 40.45
2026/09/08 22:45:21.495, GPU-ecc6a1f9-42fe-2932-7ea0-1dd285491b7b, 299, 4, 1328, 33, 176.62
2026/09/08 22:45:21.701, GPU-ecc6a1f9-42fe-2932-7ea0-1dd285491b7b, 299, 56, 1328, 34, 183.30
2026/09/08 22:45:21.905, GPU-ecc6a1f9-42fe-2932-7ea0-1dd285491b7b, 5, 57, 1328, 33, 41.19
2026/09/08 22:45:22.108, GPU-ecc6a1f9-42fe-2932-7ea0-1dd285491b7b, 5, 0, 1328, 33, 40.70
2026/09/08 22:45:22.312, GPU-ecc6a1f9-42fe-2932-7ea0-1dd285491b7b, 5, 0, 1328, 32, 40.46
2026/09/08 22:45:22.515, GPU-ecc6a1f9-42fe-2932-7ea0-1dd285491b7b, 5, 0, 1328, 32, 40.46
2026/09/08 22:45:22.721, GPU-ecc6a1f9-42fe-2932-7ea0-1dd285491b7b, 5, 0, 1328, 32, 39.97
2026/09/08 22:45:22.925, GPU-ecc6a1f9-42fe-2932-7ea0-1dd285491b7b, 5, 0, 1328, 32, 40.21
2026/09/08 22:45:23.128, GPU-ecc6a1f9-42fe-2932-7ea0-1dd285491b7b, 5, 0, 1328, 32, 39.97
2026/09/08 22:45:23.332, GPU-ecc6a1f9-42fe-2932-7ea0-1dd285491b7b, 5, 0, 1328, 32, 39.97
2026/09/08 22:45:23.535, GPU-ecc6a1f9-42fe-2932-7ea0-1dd285491b7b, 5, 0, 1328, 31, 36.80
2026/09/08 22:45:23.742, GPU-ecc6a1f9-42fe-2932-7ea0-1dd285491b7b, 5, 0, 1328, 31, 36.56
2026/09/08 22:45:23.945, GPU-ecc6a1f9-42fe-2932-7ea0-1dd285491b7b, 5, 0, 1328, 31, 36.56
2026/09/08 22:45:24.149, GPU-ecc6a1f9-42fe-2932-7ea0-1dd285491b7b, 5, 0, 1328, 31, 36.56
2026/09/08 22:45:24.352, GPU-ecc6a1f9-42fe-2932-7ea0-1dd285491b7b, 5, 0, 1328, 31, 36.31
2026/09/08 22:45:24.556, GPU-ecc6a1f9-42fe-2932-7ea0-1dd285491b7b, 5, 0, 405, 31, 34.61
2026/09/08 22:45:24.761, GPU-ecc6a1f9-42fe-2932-7ea0-1dd285491b7b, 5, 0, 405, 31, 26.58
2026/09/08 22:45:24.966, GPU-ecc6a1f9-42fe-2932-7ea0-1dd285491b7b, 5, 0, 405, 31, 26.58
2026/09/08 22:45:25.169, GPU-ecc6a1f9-42fe-2932-7ea0-1dd285491b7b, 5, 0, 405, 31, 26.58
2026/09/08 22:45:25.373, GPU-ecc6a1f9-42fe-2932-7ea0-1dd285491b7b, 5, 0, 405, 31, 26.58
2026/09/08 22:45:25.577, GPU-ecc6a1f9-42fe-2932-7ea0-1dd285491b7b, 5, 0, 405, 31, 26.58
2026/09/08 22:45:25.780, GPU-ecc6a1f9-42fe-2932-7ea0-1dd285491b7b, 5, 0, 405, 31, 26.58
2026/09/08 22:45:25.986, GPU-ecc6a1f9-42fe-2932-7ea0-1dd285491b7b, 5, 0, 405, 31, 26.58
2026/09/08 22:45:26.189, GPU-ecc6a1f9-42fe-2932-7ea0-1dd285491b7b, 5, 0, 405, 31, 26.58
2026/09/08 22:45:26.393, GPU-ecc6a1f9-42fe-2932-7ea0-1dd285491b7b, 5, 0, 405, 31, 26.58
2026/09/08 22:45:26.596, GPU-ecc6a1f9-42fe-2932-7ea0-1dd285491b7b, 5, 0, 405, 31, 26.58
2026/09/08 22:45:26.800, GPU-ecc6a1f9-42fe-2932-7ea0-1dd285491b7b, 5, 0, 405, 31, 26.58
2026/09/08 22:45:27.005, GPU-ecc6a1f9-42fe-2932-7ea0-1dd285491b7b, 5, 0, 405, 31, 26.58
2026/09/08 22:45:27.209, GPU-ecc6a1f9-42fe-2932-7ea0-1dd285491b7b, 5, 0, 405, 31, 26.58
2026/09/08 22:45:27.412, GPU-ecc6a1f9-42fe-2932-7ea0-1dd285491b7b, 5, 0, 405, 31, 26.58
2026/09/08 22:45:27.616, GPU-ecc6a1f9-42fe-2932-7ea0-1dd285491b7b, 5, 0, 405, 31, 26.58
2026/09/08 22:45:27.819, GPU-ecc6a1f9-42fe-2932-7ea0-1dd285491b7b, 5, 0, 405, 31, 26.58
2026/09/08 22:45:28.023, GPU-ecc6a1f9-42fe-2932-7ea0-1dd285491b7b, 5, 0, 405, 31, 26.58
2026/09/08 22:45:28.228, GPU-ecc6a1f9-42fe-2932-7ea0-1dd285491b7b, 5, 0, 405, 30, 26.58
2026/09/08 22:45:28.431, GPU-ecc6a1f9-42fe-2932-7ea0-1dd285491b7b, 5, 0, 405, 31, 26.58
2026/09/08 22:45:28.635, GPU-ecc6a1f9-42fe-2932-7ea0-1dd285491b7b, 5, 0, 405, 31, 26.58
2026/09/08 22:45:28.838, GPU-ecc6a1f9-42fe-2932-7ea0-1dd285491b7b, 5, 0, 405, 31, 26.58
2026/09/08 22:45:29.042, GPU-ecc6a1f9-42fe-2932-7ea0-1dd285491b7b, 5, 0, 405, 30, 26.58
2026/09/08 22:45:29.245, GPU-ecc6a1f9-42fe-2932-7ea0-1dd285491b7b, 5, 0, 405, 31, 26.58
2026/09/08 22:45:29.451, GPU-ecc6a1f9-42fe-2932-7ea0-1dd285491b7b, 5, 0, 405, 30, 26.58
2026/09/08 22:45:29.655, GPU-ecc6a1f9-42fe-2932-7ea0-1dd285491b7b, 5, 0, 405, 30, 26.58
2026/09/08 22:45:29.858, GPU-ecc6a1f9-42fe-2932-7ea0-1dd285491b7b, 5, 0, 405, 30, 26.58
2026/09/08 22:45:30.062, GPU-ecc6a1f9-42fe-2932-7ea0-1dd285491b7b, 5, 0, 405, 30, 26.58
2026/09/08 22:45:30.265, GPU-ecc6a1f9-42fe-2932-7ea0-1dd285491b7b, 5, 0, 405, 30, 26.34
2026/09/08 22:45:30.472, GPU-ecc6a1f9-42fe-2932-7ea0-1dd285491b7b, 5, 0, 405, 30, 26.34
2026/09/08 22:45:30.676, GPU-ecc6a1f9-42fe-2932-7ea0-1dd285491b7b, 5, 0, 405, 30, 26.34
2026/09/08 22:45:30.879, GPU-ecc6a1f9-42fe-2932-7ea0-1dd285491b7b, 5, 0, 405, 30, 26.34
2026/09/08 22:45:31.083, GPU-ecc6a1f9-42fe-2932-7ea0-1dd285491b7b, 5, 0, 405, 30, 26.34
2026/09/08 22:45:31.286, GPU-ecc6a1f9-42fe-2932-7ea0-1dd285491b7b, 5, 0, 405, 30, 26.58
2026/09/08 22:45:31.492, GPU-ecc6a1f9-42fe-2932-7ea0-1dd285491b7b, 5, 0, 405, 30, 26.34
2026/09/08 22:45:31.695, GPU-ecc6a1f9-42fe-2932-7ea0-1dd285491b7b, 5, 0, 405, 30, 26.34
2026/09/08 22:45:31.899, GPU-ecc6a1f9-42fe-2932-7ea0-1dd285491b7b, 5, 0, 405, 30, 26.34
2026/09/08 22:45:32.102, GPU-ecc6a1f9-42fe-2932-7ea0-1dd285491b7b, 5, 0, 405, 30, 26.34
2026/09/08 22:45:32.306, GPU-ecc6a1f9-42fe-2932-7ea0-1dd285491b7b, 5, 0, 405, 30, 26.34
2026/09/08 22:45:32.511, GPU-ecc6a1f9-42fe-2932-7ea0-1dd285491b7b, 5, 0, 405, 30, 26.34
2026/09/08 22:45:32.714, GPU-ecc6a1f9-42fe-2932-7ea0-1dd285491b7b, 5, 0, 405, 30, 26.34
2026/09/08 22:45:32.918, GPU-ecc6a1f9-42fe-2932-7ea0-1dd285491b7b, 5, 0, 405, 30, 26.34
2026/09/08 22:45:33.121, GPU-ecc6a1f9-42fe-2932-7ea0-1dd285491b7b, 5, 0, 405, 30, 26.34
2026/09/08 22:45:33.325, GPU-ecc6a1f9-42fe-2932-7ea0-1dd285491b7b, 5, 0, 405, 30, 26.34
2026/09/08 22:45:33.530, GPU-ecc6a1f9-42fe-2932-7ea0-1dd285491b7b, 5, 0, 405, 30, 26.34
2026/09/08 22:45:33.734, GPU-ecc6a1f9-42fe-2932-7ea0-1dd285491b7b, 5, 0, 405, 30, 26.34
2026/09/08 22:45:33.937, GPU-ecc6a1f9-42fe-2932-7ea0-1dd285491b7b, 5, 0, 405, 30, 26.34
2026/09/08 22:45:34.141, GPU-ecc6a1f9-42fe-2932-7ea0-1dd285491b7b, 5, 0, 405, 30, 26.58
2026/09/08 22:45:34.344, GPU-ecc6a1f9-42fe-2932-7ea0-1dd285491b7b, 5, 0, 405, 30, 26.34
2026/09/08 22:45:34.550, GPU-ecc6a1f9-42fe-2932-7ea0-1dd285491b7b, 5, 0, 405, 30, 26.34
2026/09/08 22:45:34.753, GPU-ecc6a1f9-42fe-2932-7ea0-1dd285491b7b, 5, 0, 405, 30, 26.34
2026/09/08 22:45:34.957, GPU-ecc6a1f9-42fe-2932-7ea0-1dd285491b7b, 5, 0, 405, 30, 26.34
2026/09/08 22:45:35.160, GPU-ecc6a1f9-42fe-2932-7ea0-1dd285491b7b, 5, 0, 405, 30, 26.34
2026/09/08 22:45:35.364, GPU-ecc6a1f9-42fe-2932-7ea0-1dd285491b7b, 5, 0, 405, 30, 26.58
2026/09/08 22:45:35.569, GPU-ecc6a1f9-42fe-2932-7ea0-1dd285491b7b, 5, 0, 405, 30, 26.58
2026/09/08 22:45:35.773, GPU-ecc6a1f9-42fe-2932-7ea0-1dd285491b7b, 5, 0, 405, 30, 26.34
2026/09/08 22:45:35.976, GPU-ecc6a1f9-42fe-2932-7ea0-1dd285491b7b, 5, 0, 405, 30, 26.34
2026/09/08 22:45:36.180, GPU-ecc6a1f9-42fe-2932-7ea0-1dd285491b7b, 5, 0, 405, 30, 26.34
2026/09/08 22:45:36.383, GPU-ecc6a1f9-42fe-2932-7ea0-1dd285491b7b, 5, 0, 405, 30, 26.34
2026/09/08 22:45:36.589, GPU-ecc6a1f9-42fe-2932-7ea0-1dd285491b7b, 5, 0, 405, 30, 26.34
2026/09/08 22:45:36.792, GPU-ecc6a1f9-42fe-2932-7ea0-1dd285491b7b, 5, 0, 405, 30, 26.34
2026/09/08 22:45:36.996, GPU-ecc6a1f9-42fe-2932-7ea0-1dd285491b7b, 5, 0, 405, 30, 26.34
2026/09/08 22:45:37.199, GPU-ecc6a1f9-42fe-2932-7ea0-1dd285491b7b, 5, 0, 405, 30, 26.34
2026/09/08 22:45:37.403, GPU-ecc6a1f9-42fe-2932-7ea0-1dd285491b7b, 5, 0, 405, 30, 26.34
2026/09/08 22:45:37.608, GPU-ecc6a1f9-42fe-2932-7ea0-1dd285491b7b, 5, 0, 405, 30, 26.34
2026/09/08 22:45:37.811, GPU-ecc6a1f9-42fe-2932-7ea0-1dd285491b7b, 5, 0, 405, 30, 26.34
2026/09/08 22:45:38.015, GPU-ecc6a1f9-42fe-2932-7ea0-1dd285491b7b, 5, 0, 405, 30, 26.34
2026/09/08 22:45:38.219, GPU-ecc6a1f9-42fe-2932-7ea0-1dd285491b7b, 5, 0, 405, 30, 26.34
2026/09/08 22:45:38.422, GPU-ecc6a1f9-42fe-2932-7ea0-1dd285491b7b, 5, 0, 405, 30, 26.58
2026/09/08 22:45:38.627, GPU-ecc6a1f9-42fe-2932-7ea0-1dd285491b7b, 5, 0, 405, 30, 26.34
2026/09/08 22:45:38.831, GPU-ecc6a1f9-42fe-2932-7ea0-1dd285491b7b, 7, 0, 405, 30, 26.34
2026/09/08 22:45:39.035, GPU-ecc6a1f9-42fe-2932-7ea0-1dd285491b7b, 15, 0, 405, 30, 26.34
2026/09/08 22:45:39.328, GPU-ecc6a1f9-42fe-2932-7ea0-1dd285491b7b, 293, 16, 1189, 31, 119.01
2026/09/08 22:45:39.532, GPU-ecc6a1f9-42fe-2932-7ea0-1dd285491b7b, 293, 89, 1316, 32, 141.60
2026/09/08 22:45:39.735, GPU-ecc6a1f9-42fe-2932-7ea0-1dd285491b7b, 5, 63, 1328, 31, 36.80
2026/09/08 22:45:39.939, GPU-ecc6a1f9-42fe-2932-7ea0-1dd285491b7b, 7, 0, 1328, 31, 36.31
2026/09/08 22:45:40.142, GPU-ecc6a1f9-42fe-2932-7ea0-1dd285491b7b, 7, 0, 1328, 31, 36.31
2026/09/08 22:45:40.348, GPU-ecc6a1f9-42fe-2932-7ea0-1dd285491b7b, 15, 0, 1328, 31, 36.31
2026/09/08 22:45:40.699, GPU-ecc6a1f9-42fe-2932-7ea0-1dd285491b7b, 293, 3, 1328, 31, 153.63
2026/09/08 22:45:40.903, GPU-ecc6a1f9-42fe-2932-7ea0-1dd285491b7b, 293, 60, 1328, 33, 160.54
2026/09/08 22:45:41.109, GPU-ecc6a1f9-42fe-2932-7ea0-1dd285491b7b, 5, 16, 1328, 32, 38.51
2026/09/08 22:45:41.312, GPU-ecc6a1f9-42fe-2932-7ea0-1dd285491b7b, 5, 0, 1328, 31, 38.02
2026/09/08 22:45:41.516, GPU-ecc6a1f9-42fe-2932-7ea0-1dd285491b7b, 7, 0, 1328, 31, 37.78
2026/09/08 22:45:41.719, GPU-ecc6a1f9-42fe-2932-7ea0-1dd285491b7b, 15, 0, 1328, 31, 38.02
2026/09/08 22:45:41.980, GPU-ecc6a1f9-42fe-2932-7ea0-1dd285491b7b, 299, 14, 1328, 32, 164.49
2026/09/08 22:45:42.184, GPU-ecc6a1f9-42fe-2932-7ea0-1dd285491b7b, 299, 88, 1328, 33, 173.74
2026/09/08 22:45:42.388, GPU-ecc6a1f9-42fe-2932-7ea0-1dd285491b7b, 5, 66, 1328, 32, 39.73
2026/09/08 22:45:42.591, GPU-ecc6a1f9-42fe-2932-7ea0-1dd285491b7b, 7, 5, 1328, 31, 39.48
2026/09/08 22:45:42.795, GPU-ecc6a1f9-42fe-2932-7ea0-1dd285491b7b, 7, 0, 1328, 31, 39.24
2026/09/08 22:45:42.998, GPU-ecc6a1f9-42fe-2932-7ea0-1dd285491b7b, 15, 0, 1328, 31, 39.21
2026/09/08 22:45:43.202, GPU-ecc6a1f9-42fe-2932-7ea0-1dd285491b7b, 299, 4, 1328, 33, 185.09
2026/09/08 22:45:43.407, GPU-ecc6a1f9-42fe-2932-7ea0-1dd285491b7b, 299, 86, 1328, 34, 194.99
2026/09/08 22:45:43.611, GPU-ecc6a1f9-42fe-2932-7ea0-1dd285491b7b, 5, 5, 1328, 32, 40.70
2026/09/08 22:45:43.814, GPU-ecc6a1f9-42fe-2932-7ea0-1dd285491b7b, 7, 0, 1328, 32, 40.46
2026/09/08 22:45:44.018, GPU-ecc6a1f9-42fe-2932-7ea0-1dd285491b7b, 15, 0, 1328, 32, 40.21
2026/09/08 22:45:44.261, GPU-ecc6a1f9-42fe-2932-7ea0-1dd285491b7b, 293, 0, 1328, 32, 165.03
2026/09/08 22:45:44.467, GPU-ecc6a1f9-42fe-2932-7ea0-1dd285491b7b, 293, 90, 1328, 34, 195.00
2026/09/08 22:45:44.671, GPU-ecc6a1f9-42fe-2932-7ea0-1dd285491b7b, 5, 59, 1328, 33, 40.94
2026/09/08 22:45:44.874, GPU-ecc6a1f9-42fe-2932-7ea0-1dd285491b7b, 5, 5, 1328, 32, 40.46
2026/09/08 22:45:45.078, GPU-ecc6a1f9-42fe-2932-7ea0-1dd285491b7b, 7, 0, 1328, 32, 40.21
2026/09/08 22:45:45.281, GPU-ecc6a1f9-42fe-2932-7ea0-1dd285491b7b, 7, 0, 1328, 32, 39.97
2026/09/08 22:45:45.487, GPU-ecc6a1f9-42fe-2932-7ea0-1dd285491b7b, 15, 0, 1328, 32, 39.97
2026/09/08 22:45:45.794, GPU-ecc6a1f9-42fe-2932-7ea0-1dd285491b7b, 293, 21, 1328, 33, 170.82
2026/09/08 22:45:45.997, GPU-ecc6a1f9-42fe-2932-7ea0-1dd285491b7b, 293, 83, 1328, 34, 171.08
2026/09/08 22:45:46.201, GPU-ecc6a1f9-42fe-2932-7ea0-1dd285491b7b, 5, 58, 1328, 33, 40.69
2026/09/08 22:45:46.407, GPU-ecc6a1f9-42fe-2932-7ea0-1dd285491b7b, 5, 0, 1328, 32, 40.46
2026/09/08 22:45:46.610, GPU-ecc6a1f9-42fe-2932-7ea0-1dd285491b7b, 7, 0, 1328, 32, 39.97
2026/09/08 22:45:46.814, GPU-ecc6a1f9-42fe-2932-7ea0-1dd285491b7b, 15, 0, 1328, 32, 40.21
2026/09/08 22:45:47.068, GPU-ecc6a1f9-42fe-2932-7ea0-1dd285491b7b, 25, 0, 1328, 32, 39.97
2026/09/08 22:45:47.272, GPU-ecc6a1f9-42fe-2932-7ea0-1dd285491b7b, 293, 3, 1328, 33, 174.45
2026/09/08 22:45:47.475, GPU-ecc6a1f9-42fe-2932-7ea0-1dd285491b7b, 293, 84, 1328, 34, 182.56
2026/09/08 22:45:47.679, GPU-ecc6a1f9-42fe-2932-7ea0-1dd285491b7b, 5, 20, 1328, 33, 40.70
2026/09/08 22:45:47.882, GPU-ecc6a1f9-42fe-2932-7ea0-1dd285491b7b, 5, 0, 1328, 32, 40.69
2026/09/08 22:45:48.089, GPU-ecc6a1f9-42fe-2932-7ea0-1dd285491b7b, 7, 0, 1328, 32, 40.21
2026/09/08 22:45:48.293, GPU-ecc6a1f9-42fe-2932-7ea0-1dd285491b7b, 15, 0, 1328, 32, 39.97
2026/09/08 22:45:48.637, GPU-ecc6a1f9-42fe-2932-7ea0-1dd285491b7b, 293, 20, 1328, 33, 163.90
2026/09/08 22:45:48.841, GPU-ecc6a1f9-42fe-2932-7ea0-1dd285491b7b, 293, 87, 1328, 34, 168.60
2026/09/08 22:45:49.046, GPU-ecc6a1f9-42fe-2932-7ea0-1dd285491b7b, 5, 58, 1328, 33, 40.69
2026/09/08 22:45:49.249, GPU-ecc6a1f9-42fe-2932-7ea0-1dd285491b7b, 5, 5, 1328, 32, 40.45
2026/09/08 22:45:49.452, GPU-ecc6a1f9-42fe-2932-7ea0-1dd285491b7b, 7, 0, 1328, 32, 40.45
2026/09/08 22:45:49.656, GPU-ecc6a1f9-42fe-2932-7ea0-1dd285491b7b, 15, 0, 1328, 32, 40.21
2026/09/08 22:45:49.860, GPU-ecc6a1f9-42fe-2932-7ea0-1dd285491b7b, 299, 6, 1328, 33, 187.37
2026/09/08 22:45:50.065, GPU-ecc6a1f9-42fe-2932-7ea0-1dd285491b7b, 299, 86, 1328, 34, 190.64
2026/09/08 22:45:50.268, GPU-ecc6a1f9-42fe-2932-7ea0-1dd285491b7b, 5, 70, 1328, 33, 40.70
2026/09/08 22:45:50.472, GPU-ecc6a1f9-42fe-2932-7ea0-1dd285491b7b, 7, 0, 1328, 32, 40.46
2026/09/08 22:45:50.675, GPU-ecc6a1f9-42fe-2932-7ea0-1dd285491b7b, 15, 0, 1328, 32, 40.21
2026/09/08 22:45:50.925, GPU-ecc6a1f9-42fe-2932-7ea0-1dd285491b7b, 299, 0, 1328, 33, 174.93
2026/09/08 22:45:51.128, GPU-ecc6a1f9-42fe-2932-7ea0-1dd285491b7b, 299, 90, 1328, 34, 184.48
2026/09/08 22:45:51.331, GPU-ecc6a1f9-42fe-2932-7ea0-1dd285491b7b, 5, 40, 1328, 33, 41.43
2026/09/08 22:45:51.552, GPU-ecc6a1f9-42fe-2932-7ea0-1dd285491b7b, 5, 5, 1328, 33, 40.46
2026/09/08 22:45:51.756, GPU-ecc6a1f9-42fe-2932-7ea0-1dd285491b7b, 7, 0, 1328, 32, 40.21
2026/09/08 22:45:51.959, GPU-ecc6a1f9-42fe-2932-7ea0-1dd285491b7b, 15, 0, 1328, 32, 40.21
2026/09/08 22:45:52.179, GPU-ecc6a1f9-42fe-2932-7ea0-1dd285491b7b, 293, 24, 1328, 33, 176.87
2026/09/08 22:45:52.383, GPU-ecc6a1f9-42fe-2932-7ea0-1dd285491b7b, 293, 86, 1328, 35, 178.21
2026/09/08 22:45:52.587, GPU-ecc6a1f9-42fe-2932-7ea0-1dd285491b7b, 5, 54, 1328, 33, 40.69
2026/09/08 22:45:52.790, GPU-ecc6a1f9-42fe-2932-7ea0-1dd285491b7b, 5, 3, 1328, 33, 40.46
2026/09/08 22:45:52.996, GPU-ecc6a1f9-42fe-2932-7ea0-1dd285491b7b, 15, 0, 1328, 33, 40.46
2026/09/08 22:45:53.203, GPU-ecc6a1f9-42fe-2932-7ea0-1dd285491b7b, 293, 1, 1328, 32, 43.38
2026/09/08 22:45:53.406, GPU-ecc6a1f9-42fe-2932-7ea0-1dd285491b7b, 293, 49, 1328, 35, 192.59
2026/09/08 22:45:53.610, GPU-ecc6a1f9-42fe-2932-7ea0-1dd285491b7b, 5, 89, 1328, 34, 41.43
2026/09/08 22:45:53.814, GPU-ecc6a1f9-42fe-2932-7ea0-1dd285491b7b, 5, 0, 1328, 33, 40.46
2026/09/08 22:45:54.017, GPU-ecc6a1f9-42fe-2932-7ea0-1dd285491b7b, 15, 0, 1328, 33, 40.45
2026/09/08 22:45:54.282, GPU-ecc6a1f9-42fe-2932-7ea0-1dd285491b7b, 265, 1, 1328, 33, 40.45
2026/09/08 22:45:54.486, GPU-ecc6a1f9-42fe-2932-7ea0-1dd285491b7b, 265, 46, 1328, 33, 46.03
2026/09/08 22:45:54.689, GPU-ecc6a1f9-42fe-2932-7ea0-1dd285491b7b, 5, 61, 1328, 32, 41.67
2026/09/08 22:45:54.906, GPU-ecc6a1f9-42fe-2932-7ea0-1dd285491b7b, 5, 10, 1328, 33, 40.21
2026/09/08 22:45:55.109, GPU-ecc6a1f9-42fe-2932-7ea0-1dd285491b7b, 15, 0, 1328, 32, 40.21
2026/09/08 22:45:55.382, GPU-ecc6a1f9-42fe-2932-7ea0-1dd285491b7b, 265, 2, 1328, 32, 40.21
2026/09/08 22:45:55.585, GPU-ecc6a1f9-42fe-2932-7ea0-1dd285491b7b, 265, 6, 1328, 32, 46.76
2026/09/08 22:45:55.789, GPU-ecc6a1f9-42fe-2932-7ea0-1dd285491b7b, 261, 63, 1328, 32, 40.69
2026/09/08 22:45:55.992, GPU-ecc6a1f9-42fe-2932-7ea0-1dd285491b7b, 5, 5, 1328, 32, 40.21
2026/09/08 22:45:56.196, GPU-ecc6a1f9-42fe-2932-7ea0-1dd285491b7b, 15, 0, 1328, 32, 40.21
2026/09/08 22:45:56.401, GPU-ecc6a1f9-42fe-2932-7ea0-1dd285491b7b, 265, 0, 1328, 32, 40.21
2026/09/08 22:45:56.604, GPU-ecc6a1f9-42fe-2932-7ea0-1dd285491b7b, 265, 2, 1328, 32, 40.21
2026/09/08 22:45:56.808, GPU-ecc6a1f9-42fe-2932-7ea0-1dd285491b7b, 265, 60, 1328, 32, 46.52
2026/09/08 22:45:57.011, GPU-ecc6a1f9-42fe-2932-7ea0-1dd285491b7b, 5, 52, 1328, 32, 40.70
2026/09/08 22:45:57.226, GPU-ecc6a1f9-42fe-2932-7ea0-1dd285491b7b, 5, 5, 1328, 32, 40.46
2026/09/08 22:45:57.430, GPU-ecc6a1f9-42fe-2932-7ea0-1dd285491b7b, 5, 0, 1328, 32, 39.97
2026/09/08 22:45:57.633, GPU-ecc6a1f9-42fe-2932-7ea0-1dd285491b7b, 5, 0, 1328, 32, 40.21
2026/09/08 22:45:57.837, GPU-ecc6a1f9-42fe-2932-7ea0-1dd285491b7b, 5, 0, 1328, 32, 40.21
2026/09/08 22:45:58.042, GPU-ecc6a1f9-42fe-2932-7ea0-1dd285491b7b, 5, 0, 1328, 32, 40.21
2026/09/08 22:45:58.245, GPU-ecc6a1f9-42fe-2932-7ea0-1dd285491b7b, 5, 0, 1328, 32, 40.21
2026/09/08 22:45:58.449, GPU-ecc6a1f9-42fe-2932-7ea0-1dd285491b7b, 5, 0, 1328, 32, 40.21
2026/09/08 22:45:58.652, GPU-ecc6a1f9-42fe-2932-7ea0-1dd285491b7b, 5, 0, 1328, 32, 39.97
2026/09/08 22:45:58.856, GPU-ecc6a1f9-42fe-2932-7ea0-1dd285491b7b, 5, 0, 1328, 32, 36.56
2026/09/08 22:45:59.059, GPU-ecc6a1f9-42fe-2932-7ea0-1dd285491b7b, 5, 0, 1328, 32, 36.80
2026/09/08 22:45:59.263, GPU-ecc6a1f9-42fe-2932-7ea0-1dd285491b7b, 5, 0, 1328, 32, 36.80
2026/09/08 22:45:59.468, GPU-ecc6a1f9-42fe-2932-7ea0-1dd285491b7b, 5, 0, 1328, 32, 36.56
2026/09/08 22:45:59.671, GPU-ecc6a1f9-42fe-2932-7ea0-1dd285491b7b, 5, 0, 1328, 32, 36.56
2026/09/08 22:45:59.875, GPU-ecc6a1f9-42fe-2932-7ea0-1dd285491b7b, 5, 0, 1328, 32, 36.56
2026/09/08 22:46:00.078, GPU-ecc6a1f9-42fe-2932-7ea0-1dd285491b7b, 5, 0, 1328, 32, 36.56
2026/09/08 22:46:00.282, GPU-ecc6a1f9-42fe-2932-7ea0-1dd285491b7b, 5, 0, 1328, 32, 36.56
2026/09/08 22:46:00.487, GPU-ecc6a1f9-42fe-2932-7ea0-1dd285491b7b, 5, 0, 1328, 32, 36.56
2026/09/08 22:46:00.691, GPU-ecc6a1f9-42fe-2932-7ea0-1dd285491b7b, 5, 0, 1328, 32, 36.56
2026/09/08 22:46:00.894, GPU-ecc6a1f9-42fe-2932-7ea0-1dd285491b7b, 5, 0, 1328, 32, 36.56
2026/09/08 22:46:01.098, GPU-ecc6a1f9-42fe-2932-7ea0-1dd285491b7b, 5, 0, 1328, 32, 36.56
2026/09/08 22:46:01.301, GPU-ecc6a1f9-42fe-2932-7ea0-1dd285491b7b, 5, 0, 1328, 32, 36.80
2026/09/08 22:46:01.506, GPU-ecc6a1f9-42fe-2932-7ea0-1dd285491b7b, 5, 0, 1328, 32, 36.56
2026/09/08 22:46:01.709, GPU-ecc6a1f9-42fe-2932-7ea0-1dd285491b7b, 5, 0, 1328, 32, 36.56
2026/09/08 22:46:01.913, GPU-ecc6a1f9-42fe-2932-7ea0-1dd285491b7b, 5, 0, 1328, 32, 36.56
2026/09/08 22:46:02.116, GPU-ecc6a1f9-42fe-2932-7ea0-1dd285491b7b, 5, 0, 1328, 32, 36.56
2026/09/08 22:46:02.320, GPU-ecc6a1f9-42fe-2932-7ea0-1dd285491b7b, 5, 0, 1328, 32, 36.56
2026/09/08 22:46:02.525, GPU-ecc6a1f9-42fe-2932-7ea0-1dd285491b7b, 5, 0, 1328, 32, 36.56
2026/09/08 22:46:02.729, GPU-ecc6a1f9-42fe-2932-7ea0-1dd285491b7b, 5, 0, 1328, 32, 36.56
2026/09/08 22:46:02.932, GPU-ecc6a1f9-42fe-2932-7ea0-1dd285491b7b, 5, 0, 1328, 32, 36.56
2026/09/08 22:46:03.136, GPU-ecc6a1f9-42fe-2932-7ea0-1dd285491b7b, 5, 0, 1328, 32, 36.31
2026/09/08 22:46:03.339, GPU-ecc6a1f9-42fe-2932-7ea0-1dd285491b7b, 5, 0, 1328, 32, 36.56
2026/09/08 22:46:03.545, GPU-ecc6a1f9-42fe-2932-7ea0-1dd285491b7b, 5, 0, 1328, 32, 36.56
2026/09/08 22:46:03.748, GPU-ecc6a1f9-42fe-2932-7ea0-1dd285491b7b, 5, 0, 1328, 32, 36.56
2026/09/08 22:46:03.951, GPU-ecc6a1f9-42fe-2932-7ea0-1dd285491b7b, 5, 0, 1328, 32, 36.56
2026/09/08 22:46:04.155, GPU-ecc6a1f9-42fe-2932-7ea0-1dd285491b7b, 5, 0, 1328, 32, 36.56
2026/09/08 22:46:04.358, GPU-ecc6a1f9-42fe-2932-7ea0-1dd285491b7b, 5, 0, 1328, 32, 36.56
2026/09/08 22:46:04.564, GPU-ecc6a1f9-42fe-2932-7ea0-1dd285491b7b, 5, 0, 1328, 32, 36.31
2026/09/08 22:46:04.768, GPU-ecc6a1f9-42fe-2932-7ea0-1dd285491b7b, 5, 0, 1328, 31, 36.56
2026/09/08 22:46:04.971, GPU-ecc6a1f9-42fe-2932-7ea0-1dd285491b7b, 5, 0, 1328, 32, 36.56
2026/09/08 22:46:05.175, GPU-ecc6a1f9-42fe-2932-7ea0-1dd285491b7b, 5, 0, 1328, 32, 36.31
2026/09/08 22:46:05.378, GPU-ecc6a1f9-42fe-2932-7ea0-1dd285491b7b, 5, 0, 1328, 32, 36.31
2026/09/08 22:46:05.584, GPU-ecc6a1f9-42fe-2932-7ea0-1dd285491b7b, 5, 0, 1328, 32, 36.56
2026/09/08 22:46:05.787, GPU-ecc6a1f9-42fe-2932-7ea0-1dd285491b7b, 5, 0, 1328, 32, 36.31
2026/09/08 22:46:05.991, GPU-ecc6a1f9-42fe-2932-7ea0-1dd285491b7b, 5, 0, 1328, 32, 36.80
2026/09/08 22:46:06.194, GPU-ecc6a1f9-42fe-2932-7ea0-1dd285491b7b, 5, 0, 1328, 32, 36.56
2026/09/08 22:46:06.397, GPU-ecc6a1f9-42fe-2932-7ea0-1dd285491b7b, 5, 0, 1328, 32, 36.56
2026/09/08 22:46:06.603, GPU-ecc6a1f9-42fe-2932-7ea0-1dd285491b7b, 5, 0, 1328, 32, 36.56
2026/09/08 22:46:06.807, GPU-ecc6a1f9-42fe-2932-7ea0-1dd285491b7b, 5, 0, 1328, 32, 36.56
2026/09/08 22:46:07.010, GPU-ecc6a1f9-42fe-2932-7ea0-1dd285491b7b, 5, 0, 1328, 32, 36.56
2026/09/08 22:46:07.214, GPU-ecc6a1f9-42fe-2932-7ea0-1dd285491b7b, 5, 0, 1328, 32, 36.31
2026/09/08 22:46:07.417, GPU-ecc6a1f9-42fe-2932-7ea0-1dd285491b7b, 5, 0, 1328, 31, 36.56
2026/09/08 22:46:07.624, GPU-ecc6a1f9-42fe-2932-7ea0-1dd285491b7b, 5, 0, 1328, 32, 36.56
2026/09/08 22:46:07.827, GPU-ecc6a1f9-42fe-2932-7ea0-1dd285491b7b, 5, 0, 1328, 31, 36.56
2026/09/08 22:46:08.031, GPU-ecc6a1f9-42fe-2932-7ea0-1dd285491b7b, 5, 0, 1328, 32, 36.56
2026/09/08 22:46:08.234, GPU-ecc6a1f9-42fe-2932-7ea0-1dd285491b7b, 5, 0, 1328, 32, 36.56
2026/09/08 22:46:08.438, GPU-ecc6a1f9-42fe-2932-7ea0-1dd285491b7b, 5, 0, 1328, 31, 36.56
2026/09/08 22:46:08.644, GPU-ecc6a1f9-42fe-2932-7ea0-1dd285491b7b, 5, 0, 1328, 32, 36.31
2026/09/08 22:46:08.847, GPU-ecc6a1f9-42fe-2932-7ea0-1dd285491b7b, 5, 0, 1328, 31, 36.56
2026/09/08 22:46:09.050, GPU-ecc6a1f9-42fe-2932-7ea0-1dd285491b7b, 5, 0, 1328, 32, 36.31
2026/09/08 22:46:09.254, GPU-ecc6a1f9-42fe-2932-7ea0-1dd285491b7b, 5, 0, 1328, 32, 36.31
2026/09/08 22:46:09.457, GPU-ecc6a1f9-42fe-2932-7ea0-1dd285491b7b, 5, 0, 1328, 31, 36.56
2026/09/08 22:46:09.663, GPU-ecc6a1f9-42fe-2932-7ea0-1dd285491b7b, 5, 0, 1328, 31, 36.56
2026/09/08 22:46:09.866, GPU-ecc6a1f9-42fe-2932-7ea0-1dd285491b7b, 5, 0, 1328, 31, 36.56
2026/09/08 22:46:10.070, GPU-ecc6a1f9-42fe-2932-7ea0-1dd285491b7b, 5, 0, 1328, 31, 36.56
2026/09/08 22:46:10.274, GPU-ecc6a1f9-42fe-2932-7ea0-1dd285491b7b, 5, 0, 1328, 31, 36.56
2026/09/08 22:46:10.477, GPU-ecc6a1f9-42fe-2932-7ea0-1dd285491b7b, 5, 0, 405, 31, 26.58
2026/09/08 22:46:10.683, GPU-ecc6a1f9-42fe-2932-7ea0-1dd285491b7b, 5, 0, 405, 31, 26.58
2026/09/08 22:46:10.886, GPU-ecc6a1f9-42fe-2932-7ea0-1dd285491b7b, 5, 0, 405, 31, 26.58
2026/09/08 22:46:11.090, GPU-ecc6a1f9-42fe-2932-7ea0-1dd285491b7b, 5, 0, 405, 31, 26.58
2026/09/08 22:46:11.293, GPU-ecc6a1f9-42fe-2932-7ea0-1dd285491b7b, 5, 0, 405, 31, 26.58
2026/09/08 22:46:11.497, GPU-ecc6a1f9-42fe-2932-7ea0-1dd285491b7b, 5, 0, 405, 31, 26.58
2026/09/08 22:46:11.702, GPU-ecc6a1f9-42fe-2932-7ea0-1dd285491b7b, 5, 0, 405, 31, 26.58
2026/09/08 22:46:11.905, GPU-ecc6a1f9-42fe-2932-7ea0-1dd285491b7b, 5, 0, 405, 31, 26.58
2026/09/08 22:46:12.109, GPU-ecc6a1f9-42fe-2932-7ea0-1dd285491b7b, 5, 0, 405, 31, 26.58
2026/09/08 22:46:12.312, GPU-ecc6a1f9-42fe-2932-7ea0-1dd285491b7b, 5, 0, 405, 31, 26.58
2026/09/08 22:46:12.516, GPU-ecc6a1f9-42fe-2932-7ea0-1dd285491b7b, 5, 0, 405, 31, 26.58
2026/09/08 22:46:12.722, GPU-ecc6a1f9-42fe-2932-7ea0-1dd285491b7b, 5, 0, 405, 31, 26.58
2026/09/08 22:46:12.925, GPU-ecc6a1f9-42fe-2932-7ea0-1dd285491b7b, 5, 0, 405, 31, 26.58
2026/09/08 22:46:13.129, GPU-ecc6a1f9-42fe-2932-7ea0-1dd285491b7b, 7, 0, 405, 31, 26.58
2026/09/08 22:46:13.332, GPU-ecc6a1f9-42fe-2932-7ea0-1dd285491b7b, 15, 0, 405, 31, 26.58
2026/09/08 22:46:13.541, GPU-ecc6a1f9-42fe-2932-7ea0-1dd285491b7b, 275, 6, 1189, 31, 32.17
2026/09/08 22:46:13.745, GPU-ecc6a1f9-42fe-2932-7ea0-1dd285491b7b, 275, 8, 1189, 31, 33.87
2026/09/08 22:46:13.948, GPU-ecc6a1f9-42fe-2932-7ea0-1dd285491b7b, 275, 50, 1328, 31, 38.02
2026/09/08 22:46:14.152, GPU-ecc6a1f9-42fe-2932-7ea0-1dd285491b7b, 5, 44, 1328, 31, 36.31
2026/09/08 22:46:14.355, GPU-ecc6a1f9-42fe-2932-7ea0-1dd285491b7b, 5, 6, 1328, 31, 36.56
2026/09/08 22:46:14.561, GPU-ecc6a1f9-42fe-2932-7ea0-1dd285491b7b, 15, 0, 1328, 31, 36.56
2026/09/08 22:46:14.824, GPU-ecc6a1f9-42fe-2932-7ea0-1dd285491b7b, 273, 0, 1328, 31, 36.56
2026/09/08 22:46:15.028, GPU-ecc6a1f9-42fe-2932-7ea0-1dd285491b7b, 275, 1, 1328, 31, 36.31
2026/09/08 22:46:15.232, GPU-ecc6a1f9-42fe-2932-7ea0-1dd285491b7b, 275, 27, 1328, 31, 37.53
2026/09/08 22:46:15.436, GPU-ecc6a1f9-42fe-2932-7ea0-1dd285491b7b, 275, 70, 1328, 31, 37.53
2026/09/08 22:46:15.641, GPU-ecc6a1f9-42fe-2932-7ea0-1dd285491b7b, 275, 66, 1328, 31, 37.53
2026/09/08 22:46:15.845, GPU-ecc6a1f9-42fe-2932-7ea0-1dd285491b7b, 275, 97, 1328, 31, 37.77
2026/09/08 22:46:16.049, GPU-ecc6a1f9-42fe-2932-7ea0-1dd285491b7b, 275, 100, 1328, 31, 37.77
2026/09/08 22:46:16.253, GPU-ecc6a1f9-42fe-2932-7ea0-1dd285491b7b, 275, 100, 1328, 31, 37.53
2026/09/08 22:46:16.457, GPU-ecc6a1f9-42fe-2932-7ea0-1dd285491b7b, 275, 100, 1328, 31, 37.77
2026/09/08 22:46:16.662, GPU-ecc6a1f9-42fe-2932-7ea0-1dd285491b7b, 275, 100, 1328, 31, 37.29
2026/09/08 22:46:16.866, GPU-ecc6a1f9-42fe-2932-7ea0-1dd285491b7b, 275, 100, 1328, 31, 37.29
2026/09/08 22:46:17.070, GPU-ecc6a1f9-42fe-2932-7ea0-1dd285491b7b, 275, 100, 1328, 31, 37.53
2026/09/08 22:46:17.273, GPU-ecc6a1f9-42fe-2932-7ea0-1dd285491b7b, 275, 100, 1328, 31, 37.53
2026/09/08 22:46:17.477, GPU-ecc6a1f9-42fe-2932-7ea0-1dd285491b7b, 275, 100, 1328, 31, 37.53
2026/09/08 22:46:17.683, GPU-ecc6a1f9-42fe-2932-7ea0-1dd285491b7b, 275, 100, 1328, 31, 37.53
2026/09/08 22:46:17.886, GPU-ecc6a1f9-42fe-2932-7ea0-1dd285491b7b, 275, 100, 1328, 31, 37.53
2026/09/08 22:46:18.091, GPU-ecc6a1f9-42fe-2932-7ea0-1dd285491b7b, 275, 100, 1328, 31, 37.53
2026/09/08 22:46:18.294, GPU-ecc6a1f9-42fe-2932-7ea0-1dd285491b7b, 275, 100, 1328, 31, 37.29
2026/09/08 22:46:18.498, GPU-ecc6a1f9-42fe-2932-7ea0-1dd285491b7b, 275, 100, 1328, 31, 37.29
2026/09/08 22:46:18.704, GPU-ecc6a1f9-42fe-2932-7ea0-1dd285491b7b, 275, 100, 1328, 31, 37.53
2026/09/08 22:46:18.907, GPU-ecc6a1f9-42fe-2932-7ea0-1dd285491b7b, 275, 100, 1328, 31, 37.53
2026/09/08 22:46:19.111, GPU-ecc6a1f9-42fe-2932-7ea0-1dd285491b7b, 275, 100, 1328, 31, 36.56
2026/09/08 22:46:19.315, GPU-ecc6a1f9-42fe-2932-7ea0-1dd285491b7b, 275, 10, 1328, 31, 37.53
2026/09/08 22:46:19.519, GPU-ecc6a1f9-42fe-2932-7ea0-1dd285491b7b, 271, 73, 1328, 31, 36.56
2026/09/08 22:46:19.724, GPU-ecc6a1f9-42fe-2932-7ea0-1dd285491b7b, 5, 4, 1328, 31, 36.80
2026/09/08 22:46:19.927, GPU-ecc6a1f9-42fe-2932-7ea0-1dd285491b7b, 5, 0, 1328, 31, 36.31
2026/09/08 22:46:20.131, GPU-ecc6a1f9-42fe-2932-7ea0-1dd285491b7b, 5, 0, 1328, 31, 36.31
2026/09/08 22:46:20.334, GPU-ecc6a1f9-42fe-2932-7ea0-1dd285491b7b, 5, 0, 1328, 31, 36.56
2026/09/08 22:46:20.538, GPU-ecc6a1f9-42fe-2932-7ea0-1dd285491b7b, 5, 0, 1328, 31, 36.31
2026/09/08 22:46:20.744, GPU-ecc6a1f9-42fe-2932-7ea0-1dd285491b7b, 5, 0, 1328, 31, 36.07
2026/09/08 22:46:20.947, GPU-ecc6a1f9-42fe-2932-7ea0-1dd285491b7b, 5, 0, 1328, 31, 36.31
2026/09/08 22:46:21.150, GPU-ecc6a1f9-42fe-2932-7ea0-1dd285491b7b, 5, 0, 1328, 31, 36.31
2026/09/08 22:46:21.354, GPU-ecc6a1f9-42fe-2932-7ea0-1dd285491b7b, 5, 0, 1328, 31, 36.31
2026/09/08 22:46:21.557, GPU-ecc6a1f9-42fe-2932-7ea0-1dd285491b7b, 5, 0, 1328, 31, 36.31
2026/09/08 22:46:21.763, GPU-ecc6a1f9-42fe-2932-7ea0-1dd285491b7b, 5, 0, 1328, 31, 36.31
2026/09/08 22:46:21.966, GPU-ecc6a1f9-42fe-2932-7ea0-1dd285491b7b, 5, 0, 1328, 31, 36.31
2026/09/08 22:46:22.170, GPU-ecc6a1f9-42fe-2932-7ea0-1dd285491b7b, 5, 0, 1328, 31, 36.31
2026/09/08 22:46:22.373, GPU-ecc6a1f9-42fe-2932-7ea0-1dd285491b7b, 5, 0, 1328, 31, 36.56
2026/09/08 22:46:22.577, GPU-ecc6a1f9-42fe-2932-7ea0-1dd285491b7b, 5, 0, 1328, 31, 36.31
2026/09/08 22:46:22.782, GPU-ecc6a1f9-42fe-2932-7ea0-1dd285491b7b, 5, 0, 1328, 31, 36.31
2026/09/08 22:46:22.986, GPU-ecc6a1f9-42fe-2932-7ea0-1dd285491b7b, 5, 0, 1328, 31, 36.56
2026/09/08 22:46:23.189, GPU-ecc6a1f9-42fe-2932-7ea0-1dd285491b7b, 5, 0, 1328, 31, 36.31
2026/09/08 22:46:23.393, GPU-ecc6a1f9-42fe-2932-7ea0-1dd285491b7b, 5, 0, 1328, 31, 36.31
2026/09/08 22:46:23.596, GPU-ecc6a1f9-42fe-2932-7ea0-1dd285491b7b, 5, 0, 1328, 31, 36.56
2026/09/08 22:46:23.802, GPU-ecc6a1f9-42fe-2932-7ea0-1dd285491b7b, 5, 0, 1328, 31, 36.31
2026/09/08 22:46:24.005, GPU-ecc6a1f9-42fe-2932-7ea0-1dd285491b7b, 5, 0, 1328, 31, 36.31
2026/09/08 22:46:24.209, GPU-ecc6a1f9-42fe-2932-7ea0-1dd285491b7b, 5, 0, 1328, 31, 36.31
2026/09/08 22:46:24.412, GPU-ecc6a1f9-42fe-2932-7ea0-1dd285491b7b, 5, 0, 1328, 31, 36.31
2026/09/08 22:46:24.616, GPU-ecc6a1f9-42fe-2932-7ea0-1dd285491b7b, 5, 0, 1328, 31, 36.31
2026/09/08 22:46:24.819, GPU-ecc6a1f9-42fe-2932-7ea0-1dd285491b7b, 5, 0, 1328, 31, 36.31
2026/09/08 22:46:25.026, GPU-ecc6a1f9-42fe-2932-7ea0-1dd285491b7b, 5, 0, 1328, 31, 36.31
2026/09/08 22:46:25.230, GPU-ecc6a1f9-42fe-2932-7ea0-1dd285491b7b, 5, 0, 1328, 31, 36.31
2026/09/08 22:46:25.433, GPU-ecc6a1f9-42fe-2932-7ea0-1dd285491b7b, 5, 0, 1328, 31, 36.31
2026/09/08 22:46:25.637, GPU-ecc6a1f9-42fe-2932-7ea0-1dd285491b7b, 5, 0, 1328, 31, 36.31
2026/09/08 22:46:25.840, GPU-ecc6a1f9-42fe-2932-7ea0-1dd285491b7b, 5, 0, 1328, 31, 36.31
2026/09/08 22:46:26.044, GPU-ecc6a1f9-42fe-2932-7ea0-1dd285491b7b, 5, 0, 1328, 31, 36.31
2026/09/08 22:46:26.247, GPU-ecc6a1f9-42fe-2932-7ea0-1dd285491b7b, 5, 0, 1328, 31, 36.31
2026/09/08 22:46:26.452, GPU-ecc6a1f9-42fe-2932-7ea0-1dd285491b7b, 5, 0, 1328, 31, 36.31
2026/09/08 22:46:26.656, GPU-ecc6a1f9-42fe-2932-7ea0-1dd285491b7b, 5, 0, 1328, 31, 36.31
2026/09/08 22:46:26.859, GPU-ecc6a1f9-42fe-2932-7ea0-1dd285491b7b, 5, 0, 1328, 31, 36.31
2026/09/08 22:46:27.063, GPU-ecc6a1f9-42fe-2932-7ea0-1dd285491b7b, 5, 0, 1328, 31, 36.31
2026/09/08 22:46:27.266, GPU-ecc6a1f9-42fe-2932-7ea0-1dd285491b7b, 5, 0, 1328, 31, 36.31
2026/09/08 22:46:27.470, GPU-ecc6a1f9-42fe-2932-7ea0-1dd285491b7b, 5, 0, 1328, 31, 36.31
2026/09/08 22:46:27.673, GPU-ecc6a1f9-42fe-2932-7ea0-1dd285491b7b, 5, 0, 1328, 31, 36.31
2026/09/08 22:46:27.878, GPU-ecc6a1f9-42fe-2932-7ea0-1dd285491b7b, 5, 0, 1328, 31, 36.31
2026/09/08 22:46:28.082, GPU-ecc6a1f9-42fe-2932-7ea0-1dd285491b7b, 5, 0, 1328, 31, 36.31
2026/09/08 22:46:28.285, GPU-ecc6a1f9-42fe-2932-7ea0-1dd285491b7b, 5, 0, 1328, 31, 36.31
2026/09/08 22:46:28.489, GPU-ecc6a1f9-42fe-2932-7ea0-1dd285491b7b, 5, 0, 1328, 31, 36.31
2026/09/08 22:46:28.692, GPU-ecc6a1f9-42fe-2932-7ea0-1dd285491b7b, 5, 0, 1328, 31, 36.31
2026/09/08 22:46:28.898, GPU-ecc6a1f9-42fe-2932-7ea0-1dd285491b7b, 5, 0, 1328, 31, 36.31
2026/09/08 22:46:29.102, GPU-ecc6a1f9-42fe-2932-7ea0-1dd285491b7b, 5, 0, 1328, 31, 36.31
2026/09/08 22:46:29.305, GPU-ecc6a1f9-42fe-2932-7ea0-1dd285491b7b, 5, 0, 1328, 31, 36.31
2026/09/08 22:46:29.509, GPU-ecc6a1f9-42fe-2932-7ea0-1dd285491b7b, 5, 0, 1328, 31, 36.31
2026/09/08 22:46:29.712, GPU-ecc6a1f9-42fe-2932-7ea0-1dd285491b7b, 5, 0, 1328, 31, 36.31
2026/09/08 22:46:29.918, GPU-ecc6a1f9-42fe-2932-7ea0-1dd285491b7b, 5, 0, 1328, 31, 36.31
2026/09/08 22:46:30.122, GPU-ecc6a1f9-42fe-2932-7ea0-1dd285491b7b, 5, 0, 1328, 31, 36.31
2026/09/08 22:46:30.325, GPU-ecc6a1f9-42fe-2932-7ea0-1dd285491b7b, 5, 0, 1328, 31, 36.31
2026/09/08 22:46:30.529, GPU-ecc6a1f9-42fe-2932-7ea0-1dd285491b7b, 5, 0, 1328, 31, 36.31
2026/09/08 22:46:30.732, GPU-ecc6a1f9-42fe-2932-7ea0-1dd285491b7b, 5, 0, 1328, 31, 36.31
2026/09/08 22:46:30.938, GPU-ecc6a1f9-42fe-2932-7ea0-1dd285491b7b, 5, 0, 1328, 31, 36.31
2026/09/08 22:46:31.141, GPU-ecc6a1f9-42fe-2932-7ea0-1dd285491b7b, 5, 0, 1328, 31, 36.31
2026/09/08 22:46:31.345, GPU-ecc6a1f9-42fe-2932-7ea0-1dd285491b7b, 5, 0, 1328, 31, 36.31
2026/09/08 22:46:31.548, GPU-ecc6a1f9-42fe-2932-7ea0-1dd285491b7b, 5, 0, 1328, 31, 36.31
2026/09/08 22:46:31.752, GPU-ecc6a1f9-42fe-2932-7ea0-1dd285491b7b, 5, 0, 1328, 31, 36.31
2026/09/08 22:46:31.957, GPU-ecc6a1f9-42fe-2932-7ea0-1dd285491b7b, 5, 0, 1328, 31, 36.31
2026/09/08 22:46:32.161, GPU-ecc6a1f9-42fe-2932-7ea0-1dd285491b7b, 5, 0, 1328, 31, 36.31
2026/09/08 22:46:32.364, GPU-ecc6a1f9-42fe-2932-7ea0-1dd285491b7b, 5, 0, 1328, 31, 36.31
2026/09/08 22:46:32.568, GPU-ecc6a1f9-42fe-2932-7ea0-1dd285491b7b, 5, 0, 1328, 31, 36.31
2026/09/08 22:46:32.771, GPU-ecc6a1f9-42fe-2932-7ea0-1dd285491b7b, 5, 0, 1328, 31, 36.56
2026/09/08 22:46:32.977, GPU-ecc6a1f9-42fe-2932-7ea0-1dd285491b7b, 5, 0, 1328, 31, 36.31
2026/09/08 22:46:33.180, GPU-ecc6a1f9-42fe-2932-7ea0-1dd285491b7b, 5, 0, 1328, 31, 36.31
2026/09/08 22:46:33.384, GPU-ecc6a1f9-42fe-2932-7ea0-1dd285491b7b, 5, 0, 1328, 31, 36.31
2026/09/08 22:46:33.587, GPU-ecc6a1f9-42fe-2932-7ea0-1dd285491b7b, 5, 0, 1328, 31, 36.31
2026/09/08 22:46:33.791, GPU-ecc6a1f9-42fe-2932-7ea0-1dd285491b7b, 5, 0, 1328, 31, 36.31
2026/09/08 22:46:33.996, GPU-ecc6a1f9-42fe-2932-7ea0-1dd285491b7b, 5, 0, 1328, 31, 36.31
2026/09/08 22:46:34.200, GPU-ecc6a1f9-42fe-2932-7ea0-1dd285491b7b, 5, 0, 1328, 31, 36.31
2026/09/08 22:46:34.403, GPU-ecc6a1f9-42fe-2932-7ea0-1dd285491b7b, 5, 0, 1328, 31, 36.31
2026/09/08 22:46:34.606, GPU-ecc6a1f9-42fe-2932-7ea0-1dd285491b7b, 5, 0, 1328, 31, 36.31
2026/09/08 22:46:34.810, GPU-ecc6a1f9-42fe-2932-7ea0-1dd285491b7b, 5, 0, 1328, 31, 36.31
2026/09/08 22:46:35.015, GPU-ecc6a1f9-42fe-2932-7ea0-1dd285491b7b, 5, 0, 1328, 31, 36.31
2026/09/08 22:46:35.219, GPU-ecc6a1f9-42fe-2932-7ea0-1dd285491b7b, 5, 0, 1328, 31, 36.31
2026/09/08 22:46:35.422, GPU-ecc6a1f9-42fe-2932-7ea0-1dd285491b7b, 5, 0, 1328, 31, 36.31
2026/09/08 22:46:35.626, GPU-ecc6a1f9-42fe-2932-7ea0-1dd285491b7b, 5, 0, 1328, 31, 36.31
2026/09/08 22:46:35.829, GPU-ecc6a1f9-42fe-2932-7ea0-1dd285491b7b, 5, 0, 1328, 31, 36.31
2026/09/08 22:46:36.035, GPU-ecc6a1f9-42fe-2932-7ea0-1dd285491b7b, 5, 0, 1328, 31, 36.31
2026/09/08 22:46:36.238, GPU-ecc6a1f9-42fe-2932-7ea0-1dd285491b7b, 5, 0, 1328, 31, 36.31
2026/09/08 22:46:36.442, GPU-ecc6a1f9-42fe-2932-7ea0-1dd285491b7b, 5, 0, 1328, 31, 36.31
2026/09/08 22:46:36.646, GPU-ecc6a1f9-42fe-2932-7ea0-1dd285491b7b, 5, 0, 1328, 31, 36.31
2026/09/08 22:46:36.849, GPU-ecc6a1f9-42fe-2932-7ea0-1dd285491b7b, 5, 0, 1328, 31, 36.31
2026/09/08 22:46:37.054, GPU-ecc6a1f9-42fe-2932-7ea0-1dd285491b7b, 5, 0, 1328, 31, 36.31
2026/09/08 22:46:37.258, GPU-ecc6a1f9-42fe-2932-7ea0-1dd285491b7b, 5, 0, 1328, 31, 36.31
2026/09/08 22:46:37.461, GPU-ecc6a1f9-42fe-2932-7ea0-1dd285491b7b, 5, 0, 1328, 31, 36.31
2026/09/08 22:46:37.665, GPU-ecc6a1f9-42fe-2932-7ea0-1dd285491b7b, 5, 0, 1328, 31, 36.31
2026/09/08 22:46:37.868, GPU-ecc6a1f9-42fe-2932-7ea0-1dd285491b7b, 5, 0, 1328, 31, 36.31
2026/09/08 22:46:38.074, GPU-ecc6a1f9-42fe-2932-7ea0-1dd285491b7b, 5, 0, 1328, 31, 36.31
