2026/09/08 21:39:49.421, GPU-ecc6a1f9-42fe-2932-7ea0-1dd285491b7b, 5, 0, 405, 27, 25.85
2026/09/08 21:39:49.625, GPU-ecc6a1f9-42fe-2932-7ea0-1dd285491b7b, 5, 0, 405, 28, 25.85
2026/09/08 21:39:49.831, GPU-ecc6a1f9-42fe-2932-7ea0-1dd285491b7b, 5, 0, 405, 28, 25.85
2026/09/08 21:39:50.034, GPU-ecc6a1f9-42fe-2932-7ea0-1dd285491b7b, 5, 0, 405, 28, 25.85
2026/09/08 21:39:50.238, GPU-ecc6a1f9-42fe-2932-7ea0-1dd285491b7b, 5, 0, 405, 27, 25.85
2026/09/08 21:39:50.441, GPU-ecc6a1f9-42fe-2932-7ea0-1dd285491b7b, 5, 0, 405, 28, 25.85
2026/09/08 21:39:50.645, GPU-ecc6a1f9-42fe-2932-7ea0-1dd285491b7b, 5, 0, 405, 28, 25.85
2026/09/08 21:39:50.851, GPU-ecc6a1f9-42fe-2932-7ea0-1dd285491b7b, 5, 0, 405, 27, 25.85
2026/09/08 21:39:51.055, GPU-ecc6a1f9-42fe-2932-7ea0-1dd285491b7b, 5, 0, 405, 27, 25.85
2026/09/08 21:39:51.258, GPU-ecc6a1f9-42fe-2932-7ea0-1dd285491b7b, 5, 0, 405, 28, 25.85
2026/09/08 21:39:51.462, GPU-ecc6a1f9-42fe-2932-7ea0-1dd285491b7b, 5, 0, 405, 28, 26.09
2026/09/08 21:39:51.665, GPU-ecc6a1f9-42fe-2932-7ea0-1dd285491b7b, 5, 0, 405, 28, 25.85
2026/09/08 21:39:51.870, GPU-ecc6a1f9-42fe-2932-7ea0-1dd285491b7b, 5, 0, 405, 27, 26.09
2026/09/08 21:39:52.074, GPU-ecc6a1f9-42fe-2932-7ea0-1dd285491b7b, 5, 0, 405, 28, 25.60
2026/09/08 21:39:52.277, GPU-ecc6a1f9-42fe-2932-7ea0-1dd285491b7b, 5, 0, 405, 28, 25.85
2026/09/08 21:39:52.481, GPU-ecc6a1f9-42fe-2932-7ea0-1dd285491b7b, 5, 0, 405, 28, 25.85
2026/09/08 21:39:52.685, GPU-ecc6a1f9-42fe-2932-7ea0-1dd285491b7b, 5, 0, 405, 27, 25.85
2026/09/08 21:39:52.890, GPU-ecc6a1f9-42fe-2932-7ea0-1dd285491b7b, 5, 0, 405, 28, 25.85
2026/09/08 21:39:53.093, GPU-ecc6a1f9-42fe-2932-7ea0-1dd285491b7b, 5, 0, 405, 28, 25.85
2026/09/08 21:39:53.297, GPU-ecc6a1f9-42fe-2932-7ea0-1dd285491b7b, 5, 0, 405, 27, 25.85
2026/09/08 21:39:53.500, GPU-ecc6a1f9-42fe-2932-7ea0-1dd285491b7b, 5, 0, 405, 28, 25.85
2026/09/08 21:39:53.704, GPU-ecc6a1f9-42fe-2932-7ea0-1dd285491b7b, 5, 0, 405, 28, 25.85
2026/09/08 21:39:53.909, GPU-ecc6a1f9-42fe-2932-7ea0-1dd285491b7b, 5, 0, 405, 27, 25.85
2026/09/08 21:39:54.113, GPU-ecc6a1f9-42fe-2932-7ea0-1dd285491b7b, 5, 0, 405, 27, 25.85
2026/09/08 21:39:54.316, GPU-ecc6a1f9-42fe-2932-7ea0-1dd285491b7b, 5, 0, 405, 27, 25.85
2026/09/08 21:39:54.520, GPU-ecc6a1f9-42fe-2932-7ea0-1dd285491b7b, 5, 0, 405, 28, 25.85
2026/09/08 21:39:54.723, GPU-ecc6a1f9-42fe-2932-7ea0-1dd285491b7b, 5, 0, 405, 28, 25.85
2026/09/08 21:39:54.928, GPU-ecc6a1f9-42fe-2932-7ea0-1dd285491b7b, 5, 0, 405, 28, 25.85
2026/09/08 21:39:55.132, GPU-ecc6a1f9-42fe-2932-7ea0-1dd285491b7b, 5, 0, 405, 28, 25.85
2026/09/08 21:39:55.336, GPU-ecc6a1f9-42fe-2932-7ea0-1dd285491b7b, 5, 0, 405, 28, 25.85
2026/09/08 21:39:55.539, GPU-ecc6a1f9-42fe-2932-7ea0-1dd285491b7b, 5, 0, 405, 28, 25.85
2026/09/08 21:39:55.743, GPU-ecc6a1f9-42fe-2932-7ea0-1dd285491b7b, 5, 0, 405, 28, 25.85
2026/09/08 21:39:55.948, GPU-ecc6a1f9-42fe-2932-7ea0-1dd285491b7b, 5, 0, 405, 28, 25.85
2026/09/08 21:39:56.151, GPU-ecc6a1f9-42fe-2932-7ea0-1dd285491b7b, 5, 0, 405, 28, 25.60
2026/09/08 21:39:56.355, GPU-ecc6a1f9-42fe-2932-7ea0-1dd285491b7b, 5, 0, 405, 27, 26.09
2026/09/08 21:39:56.558, GPU-ecc6a1f9-42fe-2932-7ea0-1dd285491b7b, 5, 0, 405, 27, 25.85
2026/09/08 21:39:56.762, GPU-ecc6a1f9-42fe-2932-7ea0-1dd285491b7b, 5, 0, 405, 28, 26.09
2026/09/08 21:39:56.967, GPU-ecc6a1f9-42fe-2932-7ea0-1dd285491b7b, 5, 0, 405, 27, 25.85
2026/09/08 21:39:57.170, GPU-ecc6a1f9-42fe-2932-7ea0-1dd285491b7b, 5, 0, 405, 27, 26.09
2026/09/08 21:39:57.374, GPU-ecc6a1f9-42fe-2932-7ea0-1dd285491b7b, 5, 0, 405, 27, 26.09
2026/09/08 21:39:57.578, GPU-ecc6a1f9-42fe-2932-7ea0-1dd285491b7b, 5, 0, 405, 27, 26.09
2026/09/08 21:39:57.781, GPU-ecc6a1f9-42fe-2932-7ea0-1dd285491b7b, 5, 0, 405, 27, 25.85
2026/09/08 21:39:57.986, GPU-ecc6a1f9-42fe-2932-7ea0-1dd285491b7b, 5, 0, 405, 27, 25.85
2026/09/08 21:39:58.190, GPU-ecc6a1f9-42fe-2932-7ea0-1dd285491b7b, 5, 0, 405, 28, 26.09
2026/09/08 21:39:58.394, GPU-ecc6a1f9-42fe-2932-7ea0-1dd285491b7b, 5, 0, 405, 28, 25.85
2026/09/08 21:39:58.597, GPU-ecc6a1f9-42fe-2932-7ea0-1dd285491b7b, 5, 0, 405, 28, 25.85
2026/09/08 21:39:58.801, GPU-ecc6a1f9-42fe-2932-7ea0-1dd285491b7b, 5, 0, 405, 27, 25.85
2026/09/08 21:39:59.006, GPU-ecc6a1f9-42fe-2932-7ea0-1dd285491b7b, 5, 0, 405, 28, 25.85
2026/09/08 21:39:59.209, GPU-ecc6a1f9-42fe-2932-7ea0-1dd285491b7b, 5, 0, 405, 27, 25.85
2026/09/08 21:39:59.413, GPU-ecc6a1f9-42fe-2932-7ea0-1dd285491b7b, 5, 0, 405, 27, 25.85
2026/09/08 21:39:59.616, GPU-ecc6a1f9-42fe-2932-7ea0-1dd285491b7b, 5, 0, 405, 28, 25.85
2026/09/08 21:39:59.820, GPU-ecc6a1f9-42fe-2932-7ea0-1dd285491b7b, 5, 0, 405, 27, 25.85
2026/09/08 21:40:00.025, GPU-ecc6a1f9-42fe-2932-7ea0-1dd285491b7b, 5, 0, 405, 28, 25.85
2026/09/08 21:40:00.229, GPU-ecc6a1f9-42fe-2932-7ea0-1dd285491b7b, 5, 0, 405, 28, 25.85
2026/09/08 21:40:00.432, GPU-ecc6a1f9-42fe-2932-7ea0-1dd285491b7b, 5, 0, 405, 28, 25.85
2026/09/08 21:40:00.636, GPU-ecc6a1f9-42fe-2932-7ea0-1dd285491b7b, 5, 0, 405, 28, 25.85
2026/09/08 21:40:00.840, GPU-ecc6a1f9-42fe-2932-7ea0-1dd285491b7b, 5, 0, 405, 28, 25.85
2026/09/08 21:40:01.045, GPU-ecc6a1f9-42fe-2932-7ea0-1dd285491b7b, 5, 0, 405, 28, 25.85
2026/09/08 21:40:01.249, GPU-ecc6a1f9-42fe-2932-7ea0-1dd285491b7b, 5, 0, 405, 28, 25.85
2026/09/08 21:40:01.452, GPU-ecc6a1f9-42fe-2932-7ea0-1dd285491b7b, 5, 0, 405, 28, 25.85
2026/09/08 21:40:01.656, GPU-ecc6a1f9-42fe-2932-7ea0-1dd285491b7b, 5, 0, 405, 28, 25.85
2026/09/08 21:40:01.859, GPU-ecc6a1f9-42fe-2932-7ea0-1dd285491b7b, 5, 0, 405, 27, 25.85
2026/09/08 21:40:02.063, GPU-ecc6a1f9-42fe-2932-7ea0-1dd285491b7b, 5, 0, 405, 27, 25.85
2026/09/08 21:40:02.269, GPU-ecc6a1f9-42fe-2932-7ea0-1dd285491b7b, 5, 0, 405, 27, 26.09
2026/09/08 21:40:02.472, GPU-ecc6a1f9-42fe-2932-7ea0-1dd285491b7b, 5, 0, 405, 27, 25.85
2026/09/08 21:40:02.676, GPU-ecc6a1f9-42fe-2932-7ea0-1dd285491b7b, 5, 0, 405, 27, 25.85
2026/09/08 21:40:02.879, GPU-ecc6a1f9-42fe-2932-7ea0-1dd285491b7b, 5, 0, 405, 27, 26.09
2026/09/08 21:40:03.083, GPU-ecc6a1f9-42fe-2932-7ea0-1dd285491b7b, 5, 0, 405, 28, 25.85
2026/09/08 21:40:03.286, GPU-ecc6a1f9-42fe-2932-7ea0-1dd285491b7b, 5, 0, 405, 27, 26.09
2026/09/08 21:40:03.492, GPU-ecc6a1f9-42fe-2932-7ea0-1dd285491b7b, 5, 0, 405, 27, 25.85
2026/09/08 21:40:03.695, GPU-ecc6a1f9-42fe-2932-7ea0-1dd285491b7b, 5, 0, 405, 28, 25.85
2026/09/08 21:40:03.899, GPU-ecc6a1f9-42fe-2932-7ea0-1dd285491b7b, 5, 0, 405, 28, 26.09
2026/09/08 21:40:04.102, GPU-ecc6a1f9-42fe-2932-7ea0-1dd285491b7b, 5, 0, 405, 28, 26.09
2026/09/08 21:40:04.306, GPU-ecc6a1f9-42fe-2932-7ea0-1dd285491b7b, 5, 0, 405, 28, 25.85
2026/09/08 21:40:04.513, GPU-ecc6a1f9-42fe-2932-7ea0-1dd285491b7b, 5, 0, 405, 27, 26.09
2026/09/08 21:40:04.716, GPU-ecc6a1f9-42fe-2932-7ea0-1dd285491b7b, 5, 0, 405, 28, 26.09
2026/09/08 21:40:04.920, GPU-ecc6a1f9-42fe-2932-7ea0-1dd285491b7b, 5, 0, 405, 28, 26.09
2026/09/08 21:40:05.123, GPU-ecc6a1f9-42fe-2932-7ea0-1dd285491b7b, 5, 0, 405, 28, 26.09
2026/09/08 21:40:05.327, GPU-ecc6a1f9-42fe-2932-7ea0-1dd285491b7b, 5, 0, 405, 28, 25.85
2026/09/08 21:40:05.532, GPU-ecc6a1f9-42fe-2932-7ea0-1dd285491b7b, 5, 0, 405, 27, 25.85
2026/09/08 21:40:05.736, GPU-ecc6a1f9-42fe-2932-7ea0-1dd285491b7b, 5, 0, 405, 28, 25.85
2026/09/08 21:40:05.939, GPU-ecc6a1f9-42fe-2932-7ea0-1dd285491b7b, 5, 0, 405, 28, 25.85
2026/09/08 21:40:06.143, GPU-ecc6a1f9-42fe-2932-7ea0-1dd285491b7b, 5, 0, 405, 28, 25.85
2026/09/08 21:40:06.347, GPU-ecc6a1f9-42fe-2932-7ea0-1dd285491b7b, 5, 0, 405, 27, 25.85
2026/09/08 21:40:06.552, GPU-ecc6a1f9-42fe-2932-7ea0-1dd285491b7b, 5, 0, 405, 28, 25.60
2026/09/08 21:40:06.755, GPU-ecc6a1f9-42fe-2932-7ea0-1dd285491b7b, 5, 0, 405, 28, 25.85
2026/09/08 21:40:06.959, GPU-ecc6a1f9-42fe-2932-7ea0-1dd285491b7b, 5, 0, 405, 28, 25.85
2026/09/08 21:40:07.162, GPU-ecc6a1f9-42fe-2932-7ea0-1dd285491b7b, 5, 0, 405, 27, 25.85
2026/09/08 21:40:07.366, GPU-ecc6a1f9-42fe-2932-7ea0-1dd285491b7b, 5, 0, 405, 27, 25.85
2026/09/08 21:40:07.571, GPU-ecc6a1f9-42fe-2932-7ea0-1dd285491b7b, 5, 0, 405, 28, 25.60
2026/09/08 21:40:07.775, GPU-ecc6a1f9-42fe-2932-7ea0-1dd285491b7b, 5, 0, 405, 28, 25.60
2026/09/08 21:40:07.978, GPU-ecc6a1f9-42fe-2932-7ea0-1dd285491b7b, 5, 0, 405, 28, 26.09
2026/09/08 21:40:08.182, GPU-ecc6a1f9-42fe-2932-7ea0-1dd285491b7b, 5, 0, 405, 27, 25.85
2026/09/08 21:40:08.385, GPU-ecc6a1f9-42fe-2932-7ea0-1dd285491b7b, 5, 0, 405, 28, 26.09
2026/09/08 21:40:08.590, GPU-ecc6a1f9-42fe-2932-7ea0-1dd285491b7b, 5, 0, 405, 27, 26.09
2026/09/08 21:40:08.794, GPU-ecc6a1f9-42fe-2932-7ea0-1dd285491b7b, 5, 0, 405, 27, 25.85
2026/09/08 21:40:08.997, GPU-ecc6a1f9-42fe-2932-7ea0-1dd285491b7b, 5, 0, 405, 27, 26.09
2026/09/08 21:40:09.201, GPU-ecc6a1f9-42fe-2932-7ea0-1dd285491b7b, 5, 0, 405, 27, 25.85
2026/09/08 21:40:09.404, GPU-ecc6a1f9-42fe-2932-7ea0-1dd285491b7b, 5, 0, 405, 28, 26.09
2026/09/08 21:40:09.610, GPU-ecc6a1f9-42fe-2932-7ea0-1dd285491b7b, 5, 0, 405, 27, 26.09
2026/09/08 21:40:09.813, GPU-ecc6a1f9-42fe-2932-7ea0-1dd285491b7b, 5, 0, 405, 28, 25.85
2026/09/08 21:40:10.017, GPU-ecc6a1f9-42fe-2932-7ea0-1dd285491b7b, 5, 0, 405, 27, 26.09
2026/09/08 21:40:10.220, GPU-ecc6a1f9-42fe-2932-7ea0-1dd285491b7b, 5, 0, 405, 27, 25.85
2026/09/08 21:40:10.424, GPU-ecc6a1f9-42fe-2932-7ea0-1dd285491b7b, 5, 0, 405, 27, 26.09
2026/09/08 21:40:10.629, GPU-ecc6a1f9-42fe-2932-7ea0-1dd285491b7b, 5, 0, 405, 27, 25.60
2026/09/08 21:40:10.833, GPU-ecc6a1f9-42fe-2932-7ea0-1dd285491b7b, 5, 0, 405, 27, 26.09
2026/09/08 21:40:11.037, GPU-ecc6a1f9-42fe-2932-7ea0-1dd285491b7b, 5, 0, 405, 27, 25.85
2026/09/08 21:40:11.240, GPU-ecc6a1f9-42fe-2932-7ea0-1dd285491b7b, 5, 0, 405, 27, 25.85
2026/09/08 21:40:11.444, GPU-ecc6a1f9-42fe-2932-7ea0-1dd285491b7b, 5, 0, 405, 27, 25.85
2026/09/08 21:40:11.650, GPU-ecc6a1f9-42fe-2932-7ea0-1dd285491b7b, 5, 0, 405, 27, 26.09
2026/09/08 21:40:11.853, GPU-ecc6a1f9-42fe-2932-7ea0-1dd285491b7b, 5, 0, 405, 27, 25.85
2026/09/08 21:40:12.057, GPU-ecc6a1f9-42fe-2932-7ea0-1dd285491b7b, 5, 0, 405, 27, 26.09
2026/09/08 21:40:12.260, GPU-ecc6a1f9-42fe-2932-7ea0-1dd285491b7b, 5, 0, 405, 28, 26.09
2026/09/08 21:40:12.464, GPU-ecc6a1f9-42fe-2932-7ea0-1dd285491b7b, 5, 0, 405, 27, 26.09
2026/09/08 21:40:12.670, GPU-ecc6a1f9-42fe-2932-7ea0-1dd285491b7b, 5, 0, 405, 27, 25.85
2026/09/08 21:40:12.873, GPU-ecc6a1f9-42fe-2932-7ea0-1dd285491b7b, 5, 0, 405, 27, 26.09
2026/09/08 21:40:13.077, GPU-ecc6a1f9-42fe-2932-7ea0-1dd285491b7b, 5, 0, 405, 27, 25.85
2026/09/08 21:40:13.280, GPU-ecc6a1f9-42fe-2932-7ea0-1dd285491b7b, 5, 0, 405, 27, 25.85
2026/09/08 21:40:13.484, GPU-ecc6a1f9-42fe-2932-7ea0-1dd285491b7b, 5, 0, 405, 27, 25.85
2026/09/08 21:40:13.689, GPU-ecc6a1f9-42fe-2932-7ea0-1dd285491b7b, 5, 0, 405, 27, 26.09
2026/09/08 21:40:13.893, GPU-ecc6a1f9-42fe-2932-7ea0-1dd285491b7b, 5, 0, 405, 27, 25.85
2026/09/08 21:40:14.096, GPU-ecc6a1f9-42fe-2932-7ea0-1dd285491b7b, 5, 0, 405, 27, 26.09
2026/09/08 21:40:14.300, GPU-ecc6a1f9-42fe-2932-7ea0-1dd285491b7b, 5, 0, 405, 28, 25.85
2026/09/08 21:40:14.504, GPU-ecc6a1f9-42fe-2932-7ea0-1dd285491b7b, 5, 0, 405, 27, 25.85
2026/09/08 21:40:14.708, GPU-ecc6a1f9-42fe-2932-7ea0-1dd285491b7b, 5, 0, 405, 27, 25.85
2026/09/08 21:40:14.912, GPU-ecc6a1f9-42fe-2932-7ea0-1dd285491b7b, 5, 0, 405, 27, 26.09
2026/09/08 21:40:15.115, GPU-ecc6a1f9-42fe-2932-7ea0-1dd285491b7b, 5, 0, 405, 28, 25.85
2026/09/08 21:40:15.319, GPU-ecc6a1f9-42fe-2932-7ea0-1dd285491b7b, 5, 0, 405, 27, 26.09
2026/09/08 21:40:15.522, GPU-ecc6a1f9-42fe-2932-7ea0-1dd285491b7b, 5, 0, 405, 28, 25.85
2026/09/08 21:40:15.728, GPU-ecc6a1f9-42fe-2932-7ea0-1dd285491b7b, 5, 0, 405, 28, 25.85
2026/09/08 21:40:15.931, GPU-ecc6a1f9-42fe-2932-7ea0-1dd285491b7b, 5, 0, 405, 28, 25.85
2026/09/08 21:40:16.135, GPU-ecc6a1f9-42fe-2932-7ea0-1dd285491b7b, 5, 0, 405, 28, 26.09
2026/09/08 21:40:16.338, GPU-ecc6a1f9-42fe-2932-7ea0-1dd285491b7b, 5, 0, 405, 27, 26.09
2026/09/08 21:40:16.542, GPU-ecc6a1f9-42fe-2932-7ea0-1dd285491b7b, 5, 0, 405, 27, 26.09
2026/09/08 21:40:16.747, GPU-ecc6a1f9-42fe-2932-7ea0-1dd285491b7b, 5, 0, 405, 27, 25.85
2026/09/08 21:40:16.951, GPU-ecc6a1f9-42fe-2932-7ea0-1dd285491b7b, 5, 0, 405, 28, 25.85
2026/09/08 21:40:17.154, GPU-ecc6a1f9-42fe-2932-7ea0-1dd285491b7b, 5, 0, 405, 28, 26.09
2026/09/08 21:40:17.358, GPU-ecc6a1f9-42fe-2932-7ea0-1dd285491b7b, 5, 0, 405, 28, 25.85
2026/09/08 21:40:17.561, GPU-ecc6a1f9-42fe-2932-7ea0-1dd285491b7b, 5, 0, 405, 28, 26.09
2026/09/08 21:40:17.766, GPU-ecc6a1f9-42fe-2932-7ea0-1dd285491b7b, 5, 0, 405, 28, 25.85
2026/09/08 21:40:17.970, GPU-ecc6a1f9-42fe-2932-7ea0-1dd285491b7b, 5, 0, 405, 28, 25.85
2026/09/08 21:40:18.174, GPU-ecc6a1f9-42fe-2932-7ea0-1dd285491b7b, 5, 0, 405, 28, 26.09
2026/09/08 21:40:18.377, GPU-ecc6a1f9-42fe-2932-7ea0-1dd285491b7b, 5, 0, 405, 28, 25.60
2026/09/08 21:40:18.581, GPU-ecc6a1f9-42fe-2932-7ea0-1dd285491b7b, 5, 0, 405, 28, 25.85
2026/09/08 21:40:18.786, GPU-ecc6a1f9-42fe-2932-7ea0-1dd285491b7b, 5, 0, 405, 28, 25.85
2026/09/08 21:40:18.989, GPU-ecc6a1f9-42fe-2932-7ea0-1dd285491b7b, 5, 0, 405, 28, 26.09
2026/09/08 21:40:19.193, GPU-ecc6a1f9-42fe-2932-7ea0-1dd285491b7b, 5, 0, 405, 28, 26.09
2026/09/08 21:40:19.396, GPU-ecc6a1f9-42fe-2932-7ea0-1dd285491b7b, 5, 0, 405, 28, 25.60
2026/09/08 21:40:19.600, GPU-ecc6a1f9-42fe-2932-7ea0-1dd285491b7b, 5, 0, 405, 28, 25.85
2026/09/08 21:40:19.805, GPU-ecc6a1f9-42fe-2932-7ea0-1dd285491b7b, 5, 0, 405, 27, 25.60
2026/09/08 21:40:20.009, GPU-ecc6a1f9-42fe-2932-7ea0-1dd285491b7b, 5, 0, 405, 27, 25.85
2026/09/08 21:40:20.212, GPU-ecc6a1f9-42fe-2932-7ea0-1dd285491b7b, 5, 0, 405, 28, 25.85
2026/09/08 21:40:20.416, GPU-ecc6a1f9-42fe-2932-7ea0-1dd285491b7b, 5, 0, 405, 27, 26.09
2026/09/08 21:40:20.619, GPU-ecc6a1f9-42fe-2932-7ea0-1dd285491b7b, 5, 0, 405, 27, 25.85
2026/09/08 21:40:20.825, GPU-ecc6a1f9-42fe-2932-7ea0-1dd285491b7b, 5, 0, 405, 28, 25.85
2026/09/08 21:40:21.028, GPU-ecc6a1f9-42fe-2932-7ea0-1dd285491b7b, 5, 0, 405, 27, 25.85
2026/09/08 21:40:21.232, GPU-ecc6a1f9-42fe-2932-7ea0-1dd285491b7b, 5, 0, 405, 28, 26.09
2026/09/08 21:40:21.435, GPU-ecc6a1f9-42fe-2932-7ea0-1dd285491b7b, 5, 0, 405, 27, 25.85
2026/09/08 21:40:21.639, GPU-ecc6a1f9-42fe-2932-7ea0-1dd285491b7b, 5, 0, 405, 27, 25.85
2026/09/08 21:40:21.844, GPU-ecc6a1f9-42fe-2932-7ea0-1dd285491b7b, 5, 0, 405, 27, 25.85
2026/09/08 21:40:22.048, GPU-ecc6a1f9-42fe-2932-7ea0-1dd285491b7b, 5, 0, 405, 27, 25.85
2026/09/08 21:40:22.251, GPU-ecc6a1f9-42fe-2932-7ea0-1dd285491b7b, 5, 0, 405, 27, 25.85
2026/09/08 21:40:22.455, GPU-ecc6a1f9-42fe-2932-7ea0-1dd285491b7b, 5, 0, 405, 27, 25.85
2026/09/08 21:40:22.658, GPU-ecc6a1f9-42fe-2932-7ea0-1dd285491b7b, 5, 0, 405, 28, 25.85
2026/09/08 21:40:22.864, GPU-ecc6a1f9-42fe-2932-7ea0-1dd285491b7b, 5, 0, 405, 27, 25.85
2026/09/08 21:40:23.067, GPU-ecc6a1f9-42fe-2932-7ea0-1dd285491b7b, 5, 0, 405, 28, 25.85
2026/09/08 21:40:23.271, GPU-ecc6a1f9-42fe-2932-7ea0-1dd285491b7b, 5, 0, 405, 27, 25.85
2026/09/08 21:40:23.474, GPU-ecc6a1f9-42fe-2932-7ea0-1dd285491b7b, 5, 0, 405, 28, 25.85
2026/09/08 21:40:23.678, GPU-ecc6a1f9-42fe-2932-7ea0-1dd285491b7b, 5, 0, 405, 27, 25.85
2026/09/08 21:40:23.881, GPU-ecc6a1f9-42fe-2932-7ea0-1dd285491b7b, 5, 0, 405, 28, 25.85
2026/09/08 21:40:24.086, GPU-ecc6a1f9-42fe-2932-7ea0-1dd285491b7b, 5, 0, 405, 28, 26.09
2026/09/08 21:40:24.289, GPU-ecc6a1f9-42fe-2932-7ea0-1dd285491b7b, 5, 0, 405, 28, 26.09
2026/09/08 21:40:24.493, GPU-ecc6a1f9-42fe-2932-7ea0-1dd285491b7b, 5, 0, 405, 28, 25.85
2026/09/08 21:40:24.696, GPU-ecc6a1f9-42fe-2932-7ea0-1dd285491b7b, 5, 0, 405, 28, 25.85
2026/09/08 21:40:24.900, GPU-ecc6a1f9-42fe-2932-7ea0-1dd285491b7b, 5, 0, 405, 28, 25.85
2026/09/08 21:40:25.103, GPU-ecc6a1f9-42fe-2932-7ea0-1dd285491b7b, 5, 0, 405, 27, 25.85
2026/09/08 21:40:25.309, GPU-ecc6a1f9-42fe-2932-7ea0-1dd285491b7b, 5, 0, 405, 27, 25.85
2026/09/08 21:40:25.512, GPU-ecc6a1f9-42fe-2932-7ea0-1dd285491b7b, 5, 0, 405, 27, 25.85
2026/09/08 21:40:25.716, GPU-ecc6a1f9-42fe-2932-7ea0-1dd285491b7b, 5, 0, 405, 27, 25.85
2026/09/08 21:40:25.920, GPU-ecc6a1f9-42fe-2932-7ea0-1dd285491b7b, 5, 0, 405, 28, 26.09
2026/09/08 21:40:26.123, GPU-ecc6a1f9-42fe-2932-7ea0-1dd285491b7b, 5, 0, 405, 27, 26.09
2026/09/08 21:40:26.327, GPU-ecc6a1f9-42fe-2932-7ea0-1dd285491b7b, 5, 0, 405, 27, 26.09
2026/09/08 21:40:26.532, GPU-ecc6a1f9-42fe-2932-7ea0-1dd285491b7b, 5, 0, 405, 28, 26.09
2026/09/08 21:40:26.735, GPU-ecc6a1f9-42fe-2932-7ea0-1dd285491b7b, 5, 0, 405, 27, 26.09
2026/09/08 21:40:26.939, GPU-ecc6a1f9-42fe-2932-7ea0-1dd285491b7b, 5, 0, 405, 27, 26.09
2026/09/08 21:40:27.142, GPU-ecc6a1f9-42fe-2932-7ea0-1dd285491b7b, 5, 0, 405, 27, 25.85
2026/09/08 21:40:27.346, GPU-ecc6a1f9-42fe-2932-7ea0-1dd285491b7b, 5, 0, 405, 28, 26.09
2026/09/08 21:40:27.552, GPU-ecc6a1f9-42fe-2932-7ea0-1dd285491b7b, 5, 0, 405, 28, 25.60
2026/09/08 21:40:27.755, GPU-ecc6a1f9-42fe-2932-7ea0-1dd285491b7b, 5, 0, 405, 27, 25.85
2026/09/08 21:40:27.959, GPU-ecc6a1f9-42fe-2932-7ea0-1dd285491b7b, 5, 0, 405, 28, 25.85
2026/09/08 21:40:28.163, GPU-ecc6a1f9-42fe-2932-7ea0-1dd285491b7b, 5, 0, 405, 27, 26.09
2026/09/08 21:40:28.366, GPU-ecc6a1f9-42fe-2932-7ea0-1dd285491b7b, 5, 0, 405, 27, 25.85
2026/09/08 21:40:28.571, GPU-ecc6a1f9-42fe-2932-7ea0-1dd285491b7b, 5, 0, 405, 28, 25.85
2026/09/08 21:40:28.775, GPU-ecc6a1f9-42fe-2932-7ea0-1dd285491b7b, 5, 0, 405, 27, 25.85
2026/09/08 21:40:28.978, GPU-ecc6a1f9-42fe-2932-7ea0-1dd285491b7b, 5, 0, 405, 28, 25.85
2026/09/08 21:40:29.182, GPU-ecc6a1f9-42fe-2932-7ea0-1dd285491b7b, 5, 0, 405, 28, 25.60
2026/09/08 21:40:29.385, GPU-ecc6a1f9-42fe-2932-7ea0-1dd285491b7b, 5, 0, 405, 27, 25.85
2026/09/08 21:40:29.591, GPU-ecc6a1f9-42fe-2932-7ea0-1dd285491b7b, 5, 0, 405, 27, 25.85
2026/09/08 21:40:29.794, GPU-ecc6a1f9-42fe-2932-7ea0-1dd285491b7b, 5, 0, 405, 28, 25.85
2026/09/08 21:40:29.998, GPU-ecc6a1f9-42fe-2932-7ea0-1dd285491b7b, 5, 0, 405, 27, 25.85
2026/09/08 21:40:30.201, GPU-ecc6a1f9-42fe-2932-7ea0-1dd285491b7b, 5, 0, 405, 28, 25.85
2026/09/08 21:40:30.405, GPU-ecc6a1f9-42fe-2932-7ea0-1dd285491b7b, 5, 0, 405, 27, 25.85
2026/09/08 21:40:30.610, GPU-ecc6a1f9-42fe-2932-7ea0-1dd285491b7b, 5, 0, 405, 28, 25.85
2026/09/08 21:40:30.814, GPU-ecc6a1f9-42fe-2932-7ea0-1dd285491b7b, 5, 0, 405, 28, 25.85
2026/09/08 21:40:31.017, GPU-ecc6a1f9-42fe-2932-7ea0-1dd285491b7b, 5, 0, 405, 27, 25.85
2026/09/08 21:40:31.221, GPU-ecc6a1f9-42fe-2932-7ea0-1dd285491b7b, 5, 0, 405, 27, 25.85
2026/09/08 21:40:31.424, GPU-ecc6a1f9-42fe-2932-7ea0-1dd285491b7b, 5, 0, 405, 27, 25.85
2026/09/08 21:40:31.629, GPU-ecc6a1f9-42fe-2932-7ea0-1dd285491b7b, 5, 0, 405, 27, 26.09
2026/09/08 21:40:31.833, GPU-ecc6a1f9-42fe-2932-7ea0-1dd285491b7b, 5, 0, 405, 28, 25.85
2026/09/08 21:40:32.037, GPU-ecc6a1f9-42fe-2932-7ea0-1dd285491b7b, 5, 0, 405, 27, 25.85
2026/09/08 21:40:32.240, GPU-ecc6a1f9-42fe-2932-7ea0-1dd285491b7b, 5, 0, 405, 27, 25.85
2026/09/08 21:40:32.444, GPU-ecc6a1f9-42fe-2932-7ea0-1dd285491b7b, 5, 0, 405, 27, 25.85
2026/09/08 21:40:32.649, GPU-ecc6a1f9-42fe-2932-7ea0-1dd285491b7b, 5, 0, 405, 27, 25.85
2026/09/08 21:40:32.853, GPU-ecc6a1f9-42fe-2932-7ea0-1dd285491b7b, 5, 0, 405, 27, 25.85
2026/09/08 21:40:33.056, GPU-ecc6a1f9-42fe-2932-7ea0-1dd285491b7b, 5, 0, 405, 27, 25.85
2026/09/08 21:40:33.260, GPU-ecc6a1f9-42fe-2932-7ea0-1dd285491b7b, 5, 0, 405, 27, 25.85
2026/09/08 21:40:33.463, GPU-ecc6a1f9-42fe-2932-7ea0-1dd285491b7b, 5, 0, 405, 27, 25.85
2026/09/08 21:40:33.669, GPU-ecc6a1f9-42fe-2932-7ea0-1dd285491b7b, 5, 0, 405, 28, 25.85
2026/09/08 21:40:33.873, GPU-ecc6a1f9-42fe-2932-7ea0-1dd285491b7b, 5, 0, 405, 27, 25.85
2026/09/08 21:40:34.076, GPU-ecc6a1f9-42fe-2932-7ea0-1dd285491b7b, 5, 0, 405, 27, 25.85
2026/09/08 21:40:34.280, GPU-ecc6a1f9-42fe-2932-7ea0-1dd285491b7b, 5, 0, 405, 27, 25.85
2026/09/08 21:40:34.484, GPU-ecc6a1f9-42fe-2932-7ea0-1dd285491b7b, 5, 0, 405, 28, 25.85
2026/09/08 21:40:34.689, GPU-ecc6a1f9-42fe-2932-7ea0-1dd285491b7b, 5, 0, 405, 27, 25.85
2026/09/08 21:40:34.893, GPU-ecc6a1f9-42fe-2932-7ea0-1dd285491b7b, 5, 0, 405, 27, 25.85
2026/09/08 21:40:35.096, GPU-ecc6a1f9-42fe-2932-7ea0-1dd285491b7b, 5, 0, 405, 28, 25.85
2026/09/08 21:40:35.300, GPU-ecc6a1f9-42fe-2932-7ea0-1dd285491b7b, 5, 0, 405, 28, 25.85
2026/09/08 21:40:35.503, GPU-ecc6a1f9-42fe-2932-7ea0-1dd285491b7b, 5, 0, 405, 27, 25.85
2026/09/08 21:40:35.708, GPU-ecc6a1f9-42fe-2932-7ea0-1dd285491b7b, 5, 0, 405, 27, 25.85
2026/09/08 21:40:35.912, GPU-ecc6a1f9-42fe-2932-7ea0-1dd285491b7b, 5, 0, 405, 27, 26.09
2026/09/08 21:40:36.115, GPU-ecc6a1f9-42fe-2932-7ea0-1dd285491b7b, 5, 0, 405, 28, 25.85
2026/09/08 21:40:36.319, GPU-ecc6a1f9-42fe-2932-7ea0-1dd285491b7b, 5, 0, 405, 27, 25.85
2026/09/08 21:40:36.522, GPU-ecc6a1f9-42fe-2932-7ea0-1dd285491b7b, 5, 0, 405, 27, 26.09
2026/09/08 21:40:36.728, GPU-ecc6a1f9-42fe-2932-7ea0-1dd285491b7b, 5, 0, 405, 27, 26.09
2026/09/08 21:40:36.931, GPU-ecc6a1f9-42fe-2932-7ea0-1dd285491b7b, 5, 0, 405, 28, 25.85
2026/09/08 21:40:37.135, GPU-ecc6a1f9-42fe-2932-7ea0-1dd285491b7b, 5, 0, 405, 27, 25.85
2026/09/08 21:40:37.338, GPU-ecc6a1f9-42fe-2932-7ea0-1dd285491b7b, 5, 0, 405, 27, 26.09
2026/09/08 21:40:37.542, GPU-ecc6a1f9-42fe-2932-7ea0-1dd285491b7b, 5, 0, 405, 27, 25.85
2026/09/08 21:40:37.747, GPU-ecc6a1f9-42fe-2932-7ea0-1dd285491b7b, 5, 0, 405, 28, 25.85
2026/09/08 21:40:37.951, GPU-ecc6a1f9-42fe-2932-7ea0-1dd285491b7b, 5, 0, 405, 27, 25.60
2026/09/08 21:40:38.154, GPU-ecc6a1f9-42fe-2932-7ea0-1dd285491b7b, 5, 0, 405, 27, 25.85
2026/09/08 21:40:38.358, GPU-ecc6a1f9-42fe-2932-7ea0-1dd285491b7b, 5, 0, 405, 27, 25.85
2026/09/08 21:40:38.561, GPU-ecc6a1f9-42fe-2932-7ea0-1dd285491b7b, 5, 0, 405, 27, 26.09
2026/09/08 21:40:38.767, GPU-ecc6a1f9-42fe-2932-7ea0-1dd285491b7b, 5, 0, 405, 27, 25.85
2026/09/08 21:40:38.970, GPU-ecc6a1f9-42fe-2932-7ea0-1dd285491b7b, 5, 0, 405, 27, 26.09
2026/09/08 21:40:39.174, GPU-ecc6a1f9-42fe-2932-7ea0-1dd285491b7b, 5, 0, 405, 27, 26.09
2026/09/08 21:40:39.377, GPU-ecc6a1f9-42fe-2932-7ea0-1dd285491b7b, 5, 0, 405, 27, 25.85
2026/09/08 21:40:39.581, GPU-ecc6a1f9-42fe-2932-7ea0-1dd285491b7b, 5, 0, 405, 27, 25.60
2026/09/08 21:40:39.786, GPU-ecc6a1f9-42fe-2932-7ea0-1dd285491b7b, 5, 0, 405, 27, 25.85
2026/09/08 21:40:39.989, GPU-ecc6a1f9-42fe-2932-7ea0-1dd285491b7b, 5, 0, 405, 28, 25.85
2026/09/08 21:40:40.193, GPU-ecc6a1f9-42fe-2932-7ea0-1dd285491b7b, 5, 0, 405, 27, 25.85
2026/09/08 21:40:40.396, GPU-ecc6a1f9-42fe-2932-7ea0-1dd285491b7b, 5, 0, 405, 27, 25.85
2026/09/08 21:40:40.600, GPU-ecc6a1f9-42fe-2932-7ea0-1dd285491b7b, 5, 0, 405, 27, 25.85
2026/09/08 21:40:40.805, GPU-ecc6a1f9-42fe-2932-7ea0-1dd285491b7b, 5, 0, 405, 27, 25.85
2026/09/08 21:40:41.009, GPU-ecc6a1f9-42fe-2932-7ea0-1dd285491b7b, 5, 0, 405, 27, 25.85
2026/09/08 21:40:41.212, GPU-ecc6a1f9-42fe-2932-7ea0-1dd285491b7b, 5, 0, 405, 27, 26.09
2026/09/08 21:40:41.416, GPU-ecc6a1f9-42fe-2932-7ea0-1dd285491b7b, 5, 0, 405, 27, 25.85
2026/09/08 21:40:41.619, GPU-ecc6a1f9-42fe-2932-7ea0-1dd285491b7b, 5, 0, 405, 28, 25.85
2026/09/08 21:40:41.824, GPU-ecc6a1f9-42fe-2932-7ea0-1dd285491b7b, 5, 0, 405, 27, 25.85
2026/09/08 21:40:42.028, GPU-ecc6a1f9-42fe-2932-7ea0-1dd285491b7b, 5, 0, 405, 27, 26.09
2026/09/08 21:40:42.233, GPU-ecc6a1f9-42fe-2932-7ea0-1dd285491b7b, 5, 0, 405, 27, 26.09
2026/09/08 21:40:42.436, GPU-ecc6a1f9-42fe-2932-7ea0-1dd285491b7b, 5, 0, 405, 27, 25.85
2026/09/08 21:40:42.640, GPU-ecc6a1f9-42fe-2932-7ea0-1dd285491b7b, 5, 0, 405, 28, 25.85
2026/09/08 21:40:42.844, GPU-ecc6a1f9-42fe-2932-7ea0-1dd285491b7b, 5, 0, 405, 28, 26.09
2026/09/08 21:40:43.047, GPU-ecc6a1f9-42fe-2932-7ea0-1dd285491b7b, 5, 0, 405, 28, 26.09
2026/09/08 21:40:43.251, GPU-ecc6a1f9-42fe-2932-7ea0-1dd285491b7b, 5, 0, 405, 28, 25.60
2026/09/08 21:40:43.454, GPU-ecc6a1f9-42fe-2932-7ea0-1dd285491b7b, 5, 0, 405, 27, 26.09
2026/09/08 21:40:43.658, GPU-ecc6a1f9-42fe-2932-7ea0-1dd285491b7b, 5, 0, 405, 27, 26.09
2026/09/08 21:40:43.864, GPU-ecc6a1f9-42fe-2932-7ea0-1dd285491b7b, 5, 0, 405, 27, 25.60
2026/09/08 21:40:44.067, GPU-ecc6a1f9-42fe-2932-7ea0-1dd285491b7b, 5, 0, 405, 27, 25.85
2026/09/08 21:40:44.271, GPU-ecc6a1f9-42fe-2932-7ea0-1dd285491b7b, 5, 0, 405, 28, 26.09
2026/09/08 21:40:44.474, GPU-ecc6a1f9-42fe-2932-7ea0-1dd285491b7b, 5, 0, 405, 27, 26.09
2026/09/08 21:40:44.678, GPU-ecc6a1f9-42fe-2932-7ea0-1dd285491b7b, 5, 0, 405, 28, 26.09
2026/09/08 21:40:44.883, GPU-ecc6a1f9-42fe-2932-7ea0-1dd285491b7b, 5, 0, 405, 28, 26.09
2026/09/08 21:40:45.086, GPU-ecc6a1f9-42fe-2932-7ea0-1dd285491b7b, 5, 0, 405, 28, 25.85
2026/09/08 21:40:45.290, GPU-ecc6a1f9-42fe-2932-7ea0-1dd285491b7b, 5, 0, 405, 28, 25.85
2026/09/08 21:40:45.494, GPU-ecc6a1f9-42fe-2932-7ea0-1dd285491b7b, 5, 0, 405, 28, 25.85
2026/09/08 21:40:45.697, GPU-ecc6a1f9-42fe-2932-7ea0-1dd285491b7b, 5, 0, 405, 27, 25.85
2026/09/08 21:40:45.901, GPU-ecc6a1f9-42fe-2932-7ea0-1dd285491b7b, 5, 0, 405, 28, 26.09
2026/09/08 21:40:46.105, GPU-ecc6a1f9-42fe-2932-7ea0-1dd285491b7b, 5, 0, 405, 27, 25.85
2026/09/08 21:40:46.308, GPU-ecc6a1f9-42fe-2932-7ea0-1dd285491b7b, 5, 0, 405, 28, 25.60
2026/09/08 21:40:46.512, GPU-ecc6a1f9-42fe-2932-7ea0-1dd285491b7b, 5, 0, 405, 27, 25.85
2026/09/08 21:40:46.715, GPU-ecc6a1f9-42fe-2932-7ea0-1dd285491b7b, 5, 0, 405, 27, 25.85
2026/09/08 21:40:46.919, GPU-ecc6a1f9-42fe-2932-7ea0-1dd285491b7b, 5, 0, 405, 27, 25.85
2026/09/08 21:40:47.122, GPU-ecc6a1f9-42fe-2932-7ea0-1dd285491b7b, 5, 0, 405, 27, 26.09
2026/09/08 21:40:47.328, GPU-ecc6a1f9-42fe-2932-7ea0-1dd285491b7b, 5, 0, 405, 27, 25.85
2026/09/08 21:40:47.531, GPU-ecc6a1f9-42fe-2932-7ea0-1dd285491b7b, 5, 0, 405, 27, 25.85
2026/09/08 21:40:47.735, GPU-ecc6a1f9-42fe-2932-7ea0-1dd285491b7b, 5, 0, 405, 27, 25.85
2026/09/08 21:40:47.938, GPU-ecc6a1f9-42fe-2932-7ea0-1dd285491b7b, 5, 0, 405, 27, 25.85
2026/09/08 21:40:48.142, GPU-ecc6a1f9-42fe-2932-7ea0-1dd285491b7b, 5, 0, 405, 27, 25.85
2026/09/08 21:40:48.345, GPU-ecc6a1f9-42fe-2932-7ea0-1dd285491b7b, 5, 0, 405, 28, 25.85
2026/09/08 21:40:48.550, GPU-ecc6a1f9-42fe-2932-7ea0-1dd285491b7b, 5, 0, 405, 28, 25.85
2026/09/08 21:40:48.753, GPU-ecc6a1f9-42fe-2932-7ea0-1dd285491b7b, 5, 0, 405, 27, 25.85
2026/09/08 21:40:48.957, GPU-ecc6a1f9-42fe-2932-7ea0-1dd285491b7b, 5, 0, 405, 27, 25.85
2026/09/08 21:40:49.160, GPU-ecc6a1f9-42fe-2932-7ea0-1dd285491b7b, 5, 0, 405, 27, 25.85
2026/09/08 21:40:49.364, GPU-ecc6a1f9-42fe-2932-7ea0-1dd285491b7b, 5, 0, 405, 28, 25.85
2026/09/08 21:40:49.570, GPU-ecc6a1f9-42fe-2932-7ea0-1dd285491b7b, 5, 0, 405, 28, 25.85
2026/09/08 21:40:49.774, GPU-ecc6a1f9-42fe-2932-7ea0-1dd285491b7b, 5, 0, 405, 27, 25.85
2026/09/08 21:40:49.977, GPU-ecc6a1f9-42fe-2932-7ea0-1dd285491b7b, 5, 0, 405, 27, 25.85
2026/09/08 21:40:50.181, GPU-ecc6a1f9-42fe-2932-7ea0-1dd285491b7b, 5, 0, 405, 28, 25.85
2026/09/08 21:40:50.384, GPU-ecc6a1f9-42fe-2932-7ea0-1dd285491b7b, 5, 0, 405, 28, 25.85
2026/09/08 21:40:50.589, GPU-ecc6a1f9-42fe-2932-7ea0-1dd285491b7b, 5, 0, 405, 28, 25.85
2026/09/08 21:40:50.793, GPU-ecc6a1f9-42fe-2932-7ea0-1dd285491b7b, 5, 0, 405, 28, 25.85
2026/09/08 21:40:50.997, GPU-ecc6a1f9-42fe-2932-7ea0-1dd285491b7b, 5, 0, 405, 28, 25.85
2026/09/08 21:40:51.200, GPU-ecc6a1f9-42fe-2932-7ea0-1dd285491b7b, 5, 0, 405, 27, 25.85
2026/09/08 21:40:51.404, GPU-ecc6a1f9-42fe-2932-7ea0-1dd285491b7b, 5, 0, 405, 28, 25.85
2026/09/08 21:40:51.609, GPU-ecc6a1f9-42fe-2932-7ea0-1dd285491b7b, 5, 0, 405, 28, 25.85
2026/09/08 21:40:51.813, GPU-ecc6a1f9-42fe-2932-7ea0-1dd285491b7b, 5, 0, 405, 27, 26.09
2026/09/08 21:40:52.016, GPU-ecc6a1f9-42fe-2932-7ea0-1dd285491b7b, 5, 0, 405, 27, 25.85
2026/09/08 21:40:52.220, GPU-ecc6a1f9-42fe-2932-7ea0-1dd285491b7b, 5, 0, 405, 28, 25.85
2026/09/08 21:40:52.423, GPU-ecc6a1f9-42fe-2932-7ea0-1dd285491b7b, 5, 0, 405, 28, 25.85
2026/09/08 21:40:52.628, GPU-ecc6a1f9-42fe-2932-7ea0-1dd285491b7b, 5, 0, 405, 28, 26.09
2026/09/08 21:40:52.832, GPU-ecc6a1f9-42fe-2932-7ea0-1dd285491b7b, 5, 0, 405, 28, 25.85
2026/09/08 21:40:53.035, GPU-ecc6a1f9-42fe-2932-7ea0-1dd285491b7b, 5, 0, 405, 28, 25.85
2026/09/08 21:40:53.239, GPU-ecc6a1f9-42fe-2932-7ea0-1dd285491b7b, 5, 0, 405, 27, 25.85
2026/09/08 21:40:53.442, GPU-ecc6a1f9-42fe-2932-7ea0-1dd285491b7b, 5, 0, 405, 28, 26.09
2026/09/08 21:40:53.648, GPU-ecc6a1f9-42fe-2932-7ea0-1dd285491b7b, 5, 0, 405, 27, 25.85
2026/09/08 21:40:53.851, GPU-ecc6a1f9-42fe-2932-7ea0-1dd285491b7b, 5, 0, 405, 28, 25.85
2026/09/08 21:40:54.055, GPU-ecc6a1f9-42fe-2932-7ea0-1dd285491b7b, 5, 0, 405, 28, 25.85
2026/09/08 21:40:54.258, GPU-ecc6a1f9-42fe-2932-7ea0-1dd285491b7b, 5, 0, 405, 28, 25.85
2026/09/08 21:40:54.462, GPU-ecc6a1f9-42fe-2932-7ea0-1dd285491b7b, 5, 0, 405, 27, 25.85
2026/09/08 21:40:54.667, GPU-ecc6a1f9-42fe-2932-7ea0-1dd285491b7b, 5, 0, 405, 28, 25.85
2026/09/08 21:40:54.871, GPU-ecc6a1f9-42fe-2932-7ea0-1dd285491b7b, 5, 0, 405, 28, 25.85
2026/09/08 21:40:55.074, GPU-ecc6a1f9-42fe-2932-7ea0-1dd285491b7b, 5, 0, 405, 28, 25.85
2026/09/08 21:40:55.278, GPU-ecc6a1f9-42fe-2932-7ea0-1dd285491b7b, 5, 0, 405, 28, 25.85
2026/09/08 21:40:55.481, GPU-ecc6a1f9-42fe-2932-7ea0-1dd285491b7b, 5, 0, 405, 28, 25.60
2026/09/08 21:40:55.687, GPU-ecc6a1f9-42fe-2932-7ea0-1dd285491b7b, 5, 0, 405, 28, 25.60
2026/09/08 21:40:55.891, GPU-ecc6a1f9-42fe-2932-7ea0-1dd285491b7b, 5, 0, 405, 27, 25.85
2026/09/08 21:40:56.094, GPU-ecc6a1f9-42fe-2932-7ea0-1dd285491b7b, 5, 0, 405, 28, 26.09
2026/09/08 21:40:56.298, GPU-ecc6a1f9-42fe-2932-7ea0-1dd285491b7b, 5, 0, 405, 28, 26.09
2026/09/08 21:40:56.502, GPU-ecc6a1f9-42fe-2932-7ea0-1dd285491b7b, 5, 0, 405, 28, 25.85
2026/09/08 21:40:56.707, GPU-ecc6a1f9-42fe-2932-7ea0-1dd285491b7b, 5, 0, 405, 27, 26.09
2026/09/08 21:40:56.911, GPU-ecc6a1f9-42fe-2932-7ea0-1dd285491b7b, 5, 0, 405, 28, 25.85
2026/09/08 21:40:57.114, GPU-ecc6a1f9-42fe-2932-7ea0-1dd285491b7b, 5, 0, 405, 28, 25.85
2026/09/08 21:40:57.318, GPU-ecc6a1f9-42fe-2932-7ea0-1dd285491b7b, 5, 0, 405, 28, 25.85
2026/09/08 21:40:57.521, GPU-ecc6a1f9-42fe-2932-7ea0-1dd285491b7b, 5, 0, 405, 28, 25.85
2026/09/08 21:40:57.727, GPU-ecc6a1f9-42fe-2932-7ea0-1dd285491b7b, 5, 0, 405, 28, 25.85
2026/09/08 21:40:57.930, GPU-ecc6a1f9-42fe-2932-7ea0-1dd285491b7b, 5, 0, 405, 27, 25.85
2026/09/08 21:40:58.134, GPU-ecc6a1f9-42fe-2932-7ea0-1dd285491b7b, 5, 0, 405, 27, 26.09
2026/09/08 21:40:58.337, GPU-ecc6a1f9-42fe-2932-7ea0-1dd285491b7b, 5, 0, 405, 28, 26.09
2026/09/08 21:40:58.541, GPU-ecc6a1f9-42fe-2932-7ea0-1dd285491b7b, 5, 0, 405, 27, 25.85
2026/09/08 21:40:58.746, GPU-ecc6a1f9-42fe-2932-7ea0-1dd285491b7b, 5, 0, 405, 28, 25.85
2026/09/08 21:40:58.950, GPU-ecc6a1f9-42fe-2932-7ea0-1dd285491b7b, 5, 0, 405, 27, 25.85
2026/09/08 21:40:59.153, GPU-ecc6a1f9-42fe-2932-7ea0-1dd285491b7b, 5, 0, 405, 27, 25.85
2026/09/08 21:40:59.357, GPU-ecc6a1f9-42fe-2932-7ea0-1dd285491b7b, 5, 0, 405, 27, 26.09
2026/09/08 21:40:59.560, GPU-ecc6a1f9-42fe-2932-7ea0-1dd285491b7b, 5, 0, 405, 27, 25.85
2026/09/08 21:40:59.766, GPU-ecc6a1f9-42fe-2932-7ea0-1dd285491b7b, 5, 0, 405, 27, 25.85
2026/09/08 21:40:59.969, GPU-ecc6a1f9-42fe-2932-7ea0-1dd285491b7b, 5, 0, 405, 28, 25.85
2026/09/08 21:41:00.173, GPU-ecc6a1f9-42fe-2932-7ea0-1dd285491b7b, 5, 0, 405, 27, 25.85
2026/09/08 21:41:00.376, GPU-ecc6a1f9-42fe-2932-7ea0-1dd285491b7b, 5, 0, 405, 28, 25.85
2026/09/08 21:41:00.581, GPU-ecc6a1f9-42fe-2932-7ea0-1dd285491b7b, 5, 0, 405, 27, 25.85
2026/09/08 21:41:00.785, GPU-ecc6a1f9-42fe-2932-7ea0-1dd285491b7b, 5, 0, 405, 27, 25.85
2026/09/08 21:41:00.989, GPU-ecc6a1f9-42fe-2932-7ea0-1dd285491b7b, 5, 0, 405, 28, 25.85
2026/09/08 21:41:01.192, GPU-ecc6a1f9-42fe-2932-7ea0-1dd285491b7b, 5, 0, 405, 28, 25.85
2026/09/08 21:41:01.396, GPU-ecc6a1f9-42fe-2932-7ea0-1dd285491b7b, 5, 0, 405, 27, 25.60
2026/09/08 21:41:01.599, GPU-ecc6a1f9-42fe-2932-7ea0-1dd285491b7b, 5, 0, 405, 28, 26.09
2026/09/08 21:41:01.804, GPU-ecc6a1f9-42fe-2932-7ea0-1dd285491b7b, 5, 0, 405, 28, 25.85
2026/09/08 21:41:02.008, GPU-ecc6a1f9-42fe-2932-7ea0-1dd285491b7b, 5, 0, 405, 27, 25.85
2026/09/08 21:41:02.211, GPU-ecc6a1f9-42fe-2932-7ea0-1dd285491b7b, 5, 0, 405, 28, 26.09
2026/09/08 21:41:02.415, GPU-ecc6a1f9-42fe-2932-7ea0-1dd285491b7b, 5, 0, 405, 28, 26.09
2026/09/08 21:41:02.618, GPU-ecc6a1f9-42fe-2932-7ea0-1dd285491b7b, 5, 0, 405, 28, 26.09
2026/09/08 21:41:02.824, GPU-ecc6a1f9-42fe-2932-7ea0-1dd285491b7b, 5, 0, 405, 27, 25.85
2026/09/08 21:41:03.027, GPU-ecc6a1f9-42fe-2932-7ea0-1dd285491b7b, 5, 0, 405, 28, 26.09
2026/09/08 21:41:03.231, GPU-ecc6a1f9-42fe-2932-7ea0-1dd285491b7b, 5, 0, 405, 28, 25.85
2026/09/08 21:41:03.434, GPU-ecc6a1f9-42fe-2932-7ea0-1dd285491b7b, 5, 0, 405, 28, 25.85
2026/09/08 21:41:03.638, GPU-ecc6a1f9-42fe-2932-7ea0-1dd285491b7b, 5, 0, 405, 27, 25.85
2026/09/08 21:41:03.843, GPU-ecc6a1f9-42fe-2932-7ea0-1dd285491b7b, 5, 0, 405, 28, 25.85
2026/09/08 21:41:04.046, GPU-ecc6a1f9-42fe-2932-7ea0-1dd285491b7b, 5, 0, 405, 27, 25.60
2026/09/08 21:41:04.250, GPU-ecc6a1f9-42fe-2932-7ea0-1dd285491b7b, 5, 0, 405, 28, 25.85
2026/09/08 21:41:04.454, GPU-ecc6a1f9-42fe-2932-7ea0-1dd285491b7b, 5, 0, 405, 27, 25.85
2026/09/08 21:41:04.657, GPU-ecc6a1f9-42fe-2932-7ea0-1dd285491b7b, 5, 0, 405, 28, 25.85
2026/09/08 21:41:04.862, GPU-ecc6a1f9-42fe-2932-7ea0-1dd285491b7b, 5, 0, 405, 28, 26.09
2026/09/08 21:41:05.066, GPU-ecc6a1f9-42fe-2932-7ea0-1dd285491b7b, 5, 0, 405, 28, 26.09
2026/09/08 21:41:05.270, GPU-ecc6a1f9-42fe-2932-7ea0-1dd285491b7b, 5, 0, 405, 28, 25.85
2026/09/08 21:41:05.473, GPU-ecc6a1f9-42fe-2932-7ea0-1dd285491b7b, 5, 0, 405, 28, 25.85
2026/09/08 21:41:05.677, GPU-ecc6a1f9-42fe-2932-7ea0-1dd285491b7b, 5, 0, 405, 28, 25.85
2026/09/08 21:41:05.882, GPU-ecc6a1f9-42fe-2932-7ea0-1dd285491b7b, 5, 0, 405, 28, 25.85
2026/09/08 21:41:06.086, GPU-ecc6a1f9-42fe-2932-7ea0-1dd285491b7b, 5, 0, 405, 28, 25.85
2026/09/08 21:41:06.289, GPU-ecc6a1f9-42fe-2932-7ea0-1dd285491b7b, 5, 0, 405, 28, 26.09
2026/09/08 21:41:06.493, GPU-ecc6a1f9-42fe-2932-7ea0-1dd285491b7b, 5, 0, 405, 28, 25.85
2026/09/08 21:41:06.696, GPU-ecc6a1f9-42fe-2932-7ea0-1dd285491b7b, 5, 0, 405, 28, 26.09
2026/09/08 21:41:06.901, GPU-ecc6a1f9-42fe-2932-7ea0-1dd285491b7b, 5, 0, 405, 28, 26.09
2026/09/08 21:41:07.105, GPU-ecc6a1f9-42fe-2932-7ea0-1dd285491b7b, 5, 0, 405, 28, 25.85
2026/09/08 21:41:07.309, GPU-ecc6a1f9-42fe-2932-7ea0-1dd285491b7b, 5, 0, 405, 27, 25.85
2026/09/08 21:41:07.512, GPU-ecc6a1f9-42fe-2932-7ea0-1dd285491b7b, 5, 0, 405, 27, 26.09
2026/09/08 21:41:07.716, GPU-ecc6a1f9-42fe-2932-7ea0-1dd285491b7b, 5, 0, 405, 28, 25.85
2026/09/08 21:41:07.922, GPU-ecc6a1f9-42fe-2932-7ea0-1dd285491b7b, 5, 0, 405, 27, 25.85
2026/09/08 21:41:08.125, GPU-ecc6a1f9-42fe-2932-7ea0-1dd285491b7b, 5, 0, 405, 28, 25.85
2026/09/08 21:41:08.329, GPU-ecc6a1f9-42fe-2932-7ea0-1dd285491b7b, 5, 0, 405, 28, 25.85
2026/09/08 21:41:08.532, GPU-ecc6a1f9-42fe-2932-7ea0-1dd285491b7b, 5, 0, 405, 28, 25.85
2026/09/08 21:41:08.736, GPU-ecc6a1f9-42fe-2932-7ea0-1dd285491b7b, 5, 0, 405, 27, 25.85
2026/09/08 21:41:08.939, GPU-ecc6a1f9-42fe-2932-7ea0-1dd285491b7b, 5, 0, 405, 27, 25.85
2026/09/08 21:41:09.145, GPU-ecc6a1f9-42fe-2932-7ea0-1dd285491b7b, 5, 0, 405, 28, 26.09
2026/09/08 21:41:09.349, GPU-ecc6a1f9-42fe-2932-7ea0-1dd285491b7b, 5, 0, 405, 27, 25.85
2026/09/08 21:41:09.552, GPU-ecc6a1f9-42fe-2932-7ea0-1dd285491b7b, 5, 0, 405, 27, 25.85
2026/09/08 21:41:09.756, GPU-ecc6a1f9-42fe-2932-7ea0-1dd285491b7b, 5, 0, 405, 27, 25.85
2026/09/08 21:41:09.959, GPU-ecc6a1f9-42fe-2932-7ea0-1dd285491b7b, 5, 0, 405, 28, 25.85
2026/09/08 21:41:10.163, GPU-ecc6a1f9-42fe-2932-7ea0-1dd285491b7b, 5, 0, 405, 28, 25.85
2026/09/08 21:41:10.369, GPU-ecc6a1f9-42fe-2932-7ea0-1dd285491b7b, 5, 0, 405, 27, 25.85
2026/09/08 21:41:10.572, GPU-ecc6a1f9-42fe-2932-7ea0-1dd285491b7b, 5, 0, 405, 27, 25.85
2026/09/08 21:41:10.776, GPU-ecc6a1f9-42fe-2932-7ea0-1dd285491b7b, 5, 0, 405, 28, 25.85
2026/09/08 21:41:10.979, GPU-ecc6a1f9-42fe-2932-7ea0-1dd285491b7b, 5, 0, 405, 27, 25.85
2026/09/08 21:41:11.183, GPU-ecc6a1f9-42fe-2932-7ea0-1dd285491b7b, 5, 0, 405, 28, 25.85
2026/09/08 21:41:11.389, GPU-ecc6a1f9-42fe-2932-7ea0-1dd285491b7b, 5, 0, 405, 27, 25.85
2026/09/08 21:41:11.593, GPU-ecc6a1f9-42fe-2932-7ea0-1dd285491b7b, 5, 0, 405, 27, 25.85
2026/09/08 21:41:11.796, GPU-ecc6a1f9-42fe-2932-7ea0-1dd285491b7b, 5, 0, 405, 27, 25.85
2026/09/08 21:41:12.000, GPU-ecc6a1f9-42fe-2932-7ea0-1dd285491b7b, 5, 0, 405, 27, 25.85
2026/09/08 21:41:12.203, GPU-ecc6a1f9-42fe-2932-7ea0-1dd285491b7b, 7, 0, 405, 28, 25.85
2026/09/08 21:41:12.409, GPU-ecc6a1f9-42fe-2932-7ea0-1dd285491b7b, 25, 0, 1189, 27, 30.24
2026/09/08 21:41:12.612, GPU-ecc6a1f9-42fe-2932-7ea0-1dd285491b7b, 305, 6, 1189, 28, 31.44
2026/09/08 21:41:12.816, GPU-ecc6a1f9-42fe-2932-7ea0-1dd285491b7b, 305, 48, 1328, 28, 36.31
2026/09/08 21:41:13.019, GPU-ecc6a1f9-42fe-2932-7ea0-1dd285491b7b, 307, 56, 1328, 28, 37.53
2026/09/08 21:41:13.223, GPU-ecc6a1f9-42fe-2932-7ea0-1dd285491b7b, 309, 84, 1328, 28, 36.07
2026/09/08 21:41:13.428, GPU-ecc6a1f9-42fe-2932-7ea0-1dd285491b7b, 5, 60, 1328, 28, 35.82
2026/09/08 21:41:13.632, GPU-ecc6a1f9-42fe-2932-7ea0-1dd285491b7b, 5, 0, 1328, 28, 35.82
2026/09/08 21:41:13.835, GPU-ecc6a1f9-42fe-2932-7ea0-1dd285491b7b, 5, 0, 1328, 28, 35.58
2026/09/08 21:41:14.039, GPU-ecc6a1f9-42fe-2932-7ea0-1dd285491b7b, 5, 0, 1328, 28, 35.82
2026/09/08 21:41:14.242, GPU-ecc6a1f9-42fe-2932-7ea0-1dd285491b7b, 5, 0, 1328, 28, 35.82
2026/09/08 21:41:14.447, GPU-ecc6a1f9-42fe-2932-7ea0-1dd285491b7b, 5, 0, 1328, 28, 35.82
2026/09/08 21:41:14.651, GPU-ecc6a1f9-42fe-2932-7ea0-1dd285491b7b, 5, 0, 1328, 28, 35.82
2026/09/08 21:41:14.854, GPU-ecc6a1f9-42fe-2932-7ea0-1dd285491b7b, 5, 0, 1328, 28, 35.34
2026/09/08 21:41:15.058, GPU-ecc6a1f9-42fe-2932-7ea0-1dd285491b7b, 5, 0, 1328, 28, 35.58
2026/09/08 21:41:15.261, GPU-ecc6a1f9-42fe-2932-7ea0-1dd285491b7b, 5, 0, 1328, 28, 35.58
2026/09/08 21:41:15.467, GPU-ecc6a1f9-42fe-2932-7ea0-1dd285491b7b, 5, 0, 1328, 28, 35.58
2026/09/08 21:41:15.670, GPU-ecc6a1f9-42fe-2932-7ea0-1dd285491b7b, 5, 0, 1328, 28, 35.82
2026/09/08 21:41:15.874, GPU-ecc6a1f9-42fe-2932-7ea0-1dd285491b7b, 5, 0, 1328, 28, 35.58
2026/09/08 21:41:16.077, GPU-ecc6a1f9-42fe-2932-7ea0-1dd285491b7b, 5, 0, 620, 28, 26.83
2026/09/08 21:41:16.281, GPU-ecc6a1f9-42fe-2932-7ea0-1dd285491b7b, 5, 0, 620, 28, 26.83
2026/09/08 21:41:16.484, GPU-ecc6a1f9-42fe-2932-7ea0-1dd285491b7b, 5, 0, 620, 28, 26.83
2026/09/08 21:41:16.688, GPU-ecc6a1f9-42fe-2932-7ea0-1dd285491b7b, 5, 0, 620, 28, 26.83
2026/09/08 21:41:16.892, GPU-ecc6a1f9-42fe-2932-7ea0-1dd285491b7b, 5, 0, 620, 28, 26.83
2026/09/08 21:41:17.095, GPU-ecc6a1f9-42fe-2932-7ea0-1dd285491b7b, 5, 0, 620, 28, 26.83
2026/09/08 21:41:17.299, GPU-ecc6a1f9-42fe-2932-7ea0-1dd285491b7b, 5, 0, 620, 28, 26.83
2026/09/08 21:41:17.502, GPU-ecc6a1f9-42fe-2932-7ea0-1dd285491b7b, 5, 0, 620, 28, 26.83
2026/09/08 21:41:17.707, GPU-ecc6a1f9-42fe-2932-7ea0-1dd285491b7b, 5, 0, 620, 28, 26.83
2026/09/08 21:41:17.911, GPU-ecc6a1f9-42fe-2932-7ea0-1dd285491b7b, 5, 0, 620, 28, 26.83
2026/09/08 21:41:18.115, GPU-ecc6a1f9-42fe-2932-7ea0-1dd285491b7b, 5, 0, 620, 28, 26.83
2026/09/08 21:41:18.318, GPU-ecc6a1f9-42fe-2932-7ea0-1dd285491b7b, 5, 0, 620, 28, 26.83
2026/09/08 21:41:18.522, GPU-ecc6a1f9-42fe-2932-7ea0-1dd285491b7b, 5, 0, 620, 28, 26.83
2026/09/08 21:41:18.728, GPU-ecc6a1f9-42fe-2932-7ea0-1dd285491b7b, 5, 0, 405, 28, 25.85
2026/09/08 21:41:18.931, GPU-ecc6a1f9-42fe-2932-7ea0-1dd285491b7b, 5, 0, 405, 28, 25.85
2026/09/08 21:41:19.135, GPU-ecc6a1f9-42fe-2932-7ea0-1dd285491b7b, 5, 0, 405, 28, 25.85
2026/09/08 21:41:19.338, GPU-ecc6a1f9-42fe-2932-7ea0-1dd285491b7b, 5, 0, 405, 28, 25.85
2026/09/08 21:41:19.542, GPU-ecc6a1f9-42fe-2932-7ea0-1dd285491b7b, 5, 0, 405, 28, 25.85
2026/09/08 21:41:19.747, GPU-ecc6a1f9-42fe-2932-7ea0-1dd285491b7b, 5, 0, 405, 28, 25.85
2026/09/08 21:41:19.951, GPU-ecc6a1f9-42fe-2932-7ea0-1dd285491b7b, 5, 0, 405, 28, 25.85
2026/09/08 21:41:20.154, GPU-ecc6a1f9-42fe-2932-7ea0-1dd285491b7b, 5, 0, 405, 28, 25.85
2026/09/08 21:41:20.358, GPU-ecc6a1f9-42fe-2932-7ea0-1dd285491b7b, 5, 0, 405, 28, 25.85
2026/09/08 21:41:20.561, GPU-ecc6a1f9-42fe-2932-7ea0-1dd285491b7b, 5, 0, 405, 28, 25.85
2026/09/08 21:41:20.767, GPU-ecc6a1f9-42fe-2932-7ea0-1dd285491b7b, 5, 0, 405, 28, 25.85
2026/09/08 21:41:20.970, GPU-ecc6a1f9-42fe-2932-7ea0-1dd285491b7b, 5, 0, 405, 28, 25.85
2026/09/08 21:41:21.174, GPU-ecc6a1f9-42fe-2932-7ea0-1dd285491b7b, 5, 0, 405, 28, 25.85
2026/09/08 21:41:21.377, GPU-ecc6a1f9-42fe-2932-7ea0-1dd285491b7b, 5, 0, 405, 28, 25.85
2026/09/08 21:41:21.581, GPU-ecc6a1f9-42fe-2932-7ea0-1dd285491b7b, 5, 0, 405, 28, 25.85
2026/09/08 21:41:21.786, GPU-ecc6a1f9-42fe-2932-7ea0-1dd285491b7b, 5, 0, 405, 28, 25.85
2026/09/08 21:41:21.990, GPU-ecc6a1f9-42fe-2932-7ea0-1dd285491b7b, 5, 0, 405, 28, 25.85
2026/09/08 21:41:22.193, GPU-ecc6a1f9-42fe-2932-7ea0-1dd285491b7b, 5, 0, 405, 28, 26.09
2026/09/08 21:41:22.397, GPU-ecc6a1f9-42fe-2932-7ea0-1dd285491b7b, 5, 0, 405, 28, 26.09
2026/09/08 21:41:22.600, GPU-ecc6a1f9-42fe-2932-7ea0-1dd285491b7b, 5, 0, 405, 28, 25.85
2026/09/08 21:41:22.806, GPU-ecc6a1f9-42fe-2932-7ea0-1dd285491b7b, 5, 0, 405, 28, 25.85
2026/09/08 21:41:23.009, GPU-ecc6a1f9-42fe-2932-7ea0-1dd285491b7b, 5, 0, 405, 28, 25.85
2026/09/08 21:41:23.213, GPU-ecc6a1f9-42fe-2932-7ea0-1dd285491b7b, 5, 0, 405, 28, 25.85
2026/09/08 21:41:23.416, GPU-ecc6a1f9-42fe-2932-7ea0-1dd285491b7b, 5, 0, 405, 28, 25.85
2026/09/08 21:41:23.620, GPU-ecc6a1f9-42fe-2932-7ea0-1dd285491b7b, 5, 0, 405, 28, 25.85
2026/09/08 21:41:23.824, GPU-ecc6a1f9-42fe-2932-7ea0-1dd285491b7b, 5, 0, 405, 28, 25.85
2026/09/08 21:41:24.028, GPU-ecc6a1f9-42fe-2932-7ea0-1dd285491b7b, 5, 0, 405, 28, 25.85
2026/09/08 21:41:24.232, GPU-ecc6a1f9-42fe-2932-7ea0-1dd285491b7b, 5, 0, 405, 27, 25.85
2026/09/08 21:41:24.435, GPU-ecc6a1f9-42fe-2932-7ea0-1dd285491b7b, 5, 0, 405, 28, 25.85
2026/09/08 21:41:24.639, GPU-ecc6a1f9-42fe-2932-7ea0-1dd285491b7b, 5, 0, 405, 27, 25.85
2026/09/08 21:41:24.842, GPU-ecc6a1f9-42fe-2932-7ea0-1dd285491b7b, 5, 0, 405, 28, 25.85
2026/09/08 21:41:25.046, GPU-ecc6a1f9-42fe-2932-7ea0-1dd285491b7b, 5, 0, 405, 28, 25.85
2026/09/08 21:41:25.251, GPU-ecc6a1f9-42fe-2932-7ea0-1dd285491b7b, 5, 0, 405, 28, 25.85
2026/09/08 21:41:25.455, GPU-ecc6a1f9-42fe-2932-7ea0-1dd285491b7b, 5, 0, 405, 28, 25.85
2026/09/08 21:41:25.658, GPU-ecc6a1f9-42fe-2932-7ea0-1dd285491b7b, 5, 0, 405, 28, 25.85
2026/09/08 21:41:25.862, GPU-ecc6a1f9-42fe-2932-7ea0-1dd285491b7b, 5, 0, 405, 28, 25.85
2026/09/08 21:41:26.065, GPU-ecc6a1f9-42fe-2932-7ea0-1dd285491b7b, 5, 0, 405, 28, 25.85
2026/09/08 21:41:26.269, GPU-ecc6a1f9-42fe-2932-7ea0-1dd285491b7b, 5, 0, 405, 27, 25.85
2026/09/08 21:41:26.474, GPU-ecc6a1f9-42fe-2932-7ea0-1dd285491b7b, 5, 0, 405, 27, 25.85
2026/09/08 21:41:26.677, GPU-ecc6a1f9-42fe-2932-7ea0-1dd285491b7b, 5, 0, 405, 28, 25.85
2026/09/08 21:41:26.881, GPU-ecc6a1f9-42fe-2932-7ea0-1dd285491b7b, 5, 0, 405, 28, 25.85
2026/09/08 21:41:27.084, GPU-ecc6a1f9-42fe-2932-7ea0-1dd285491b7b, 5, 0, 405, 27, 25.85
2026/09/08 21:41:27.288, GPU-ecc6a1f9-42fe-2932-7ea0-1dd285491b7b, 5, 0, 405, 28, 25.85
2026/09/08 21:41:27.493, GPU-ecc6a1f9-42fe-2932-7ea0-1dd285491b7b, 5, 0, 405, 28, 25.85
2026/09/08 21:41:27.697, GPU-ecc6a1f9-42fe-2932-7ea0-1dd285491b7b, 5, 0, 405, 27, 25.85
2026/09/08 21:41:27.900, GPU-ecc6a1f9-42fe-2932-7ea0-1dd285491b7b, 5, 0, 405, 28, 25.85
2026/09/08 21:41:28.104, GPU-ecc6a1f9-42fe-2932-7ea0-1dd285491b7b, 5, 0, 405, 28, 25.85
2026/09/08 21:41:28.307, GPU-ecc6a1f9-42fe-2932-7ea0-1dd285491b7b, 5, 0, 405, 28, 25.85
2026/09/08 21:41:28.513, GPU-ecc6a1f9-42fe-2932-7ea0-1dd285491b7b, 5, 0, 405, 28, 25.85
2026/09/08 21:41:28.716, GPU-ecc6a1f9-42fe-2932-7ea0-1dd285491b7b, 5, 0, 405, 28, 25.85
2026/09/08 21:41:28.920, GPU-ecc6a1f9-42fe-2932-7ea0-1dd285491b7b, 5, 0, 405, 28, 25.85
2026/09/08 21:41:29.123, GPU-ecc6a1f9-42fe-2932-7ea0-1dd285491b7b, 5, 0, 405, 28, 25.85
2026/09/08 21:41:29.327, GPU-ecc6a1f9-42fe-2932-7ea0-1dd285491b7b, 5, 0, 405, 27, 25.85
2026/09/08 21:41:29.532, GPU-ecc6a1f9-42fe-2932-7ea0-1dd285491b7b, 5, 0, 405, 28, 25.85
2026/09/08 21:41:29.736, GPU-ecc6a1f9-42fe-2932-7ea0-1dd285491b7b, 5, 0, 405, 28, 25.85
2026/09/08 21:41:29.940, GPU-ecc6a1f9-42fe-2932-7ea0-1dd285491b7b, 5, 0, 405, 28, 25.85
2026/09/08 21:41:30.143, GPU-ecc6a1f9-42fe-2932-7ea0-1dd285491b7b, 5, 0, 405, 28, 25.85
2026/09/08 21:41:30.347, GPU-ecc6a1f9-42fe-2932-7ea0-1dd285491b7b, 5, 0, 405, 28, 25.85
2026/09/08 21:41:30.552, GPU-ecc6a1f9-42fe-2932-7ea0-1dd285491b7b, 5, 0, 405, 28, 25.85
2026/09/08 21:41:30.755, GPU-ecc6a1f9-42fe-2932-7ea0-1dd285491b7b, 5, 0, 405, 28, 25.85
2026/09/08 21:41:30.959, GPU-ecc6a1f9-42fe-2932-7ea0-1dd285491b7b, 5, 0, 405, 28, 25.85
2026/09/08 21:41:31.162, GPU-ecc6a1f9-42fe-2932-7ea0-1dd285491b7b, 5, 0, 405, 28, 25.85
2026/09/08 21:41:31.366, GPU-ecc6a1f9-42fe-2932-7ea0-1dd285491b7b, 5, 0, 405, 28, 25.85
2026/09/08 21:41:31.571, GPU-ecc6a1f9-42fe-2932-7ea0-1dd285491b7b, 5, 0, 405, 28, 25.85
2026/09/08 21:41:31.775, GPU-ecc6a1f9-42fe-2932-7ea0-1dd285491b7b, 5, 0, 405, 28, 25.85
2026/09/08 21:41:31.978, GPU-ecc6a1f9-42fe-2932-7ea0-1dd285491b7b, 5, 0, 405, 27, 25.85
2026/09/08 21:41:32.182, GPU-ecc6a1f9-42fe-2932-7ea0-1dd285491b7b, 5, 0, 405, 28, 25.85
2026/09/08 21:41:32.385, GPU-ecc6a1f9-42fe-2932-7ea0-1dd285491b7b, 5, 0, 405, 27, 25.85
2026/09/08 21:41:32.591, GPU-ecc6a1f9-42fe-2932-7ea0-1dd285491b7b, 5, 0, 405, 28, 25.85
2026/09/08 21:41:32.794, GPU-ecc6a1f9-42fe-2932-7ea0-1dd285491b7b, 5, 0, 405, 28, 25.85
2026/09/08 21:41:32.998, GPU-ecc6a1f9-42fe-2932-7ea0-1dd285491b7b, 5, 0, 405, 28, 25.85
2026/09/08 21:41:33.201, GPU-ecc6a1f9-42fe-2932-7ea0-1dd285491b7b, 5, 0, 405, 27, 25.85
2026/09/08 21:41:33.405, GPU-ecc6a1f9-42fe-2932-7ea0-1dd285491b7b, 5, 0, 405, 28, 25.85
2026/09/08 21:41:33.610, GPU-ecc6a1f9-42fe-2932-7ea0-1dd285491b7b, 5, 0, 405, 28, 25.85
2026/09/08 21:41:33.813, GPU-ecc6a1f9-42fe-2932-7ea0-1dd285491b7b, 5, 0, 405, 28, 25.85
2026/09/08 21:41:34.017, GPU-ecc6a1f9-42fe-2932-7ea0-1dd285491b7b, 5, 0, 405, 28, 25.85
2026/09/08 21:41:34.221, GPU-ecc6a1f9-42fe-2932-7ea0-1dd285491b7b, 5, 0, 405, 28, 25.85
2026/09/08 21:41:34.424, GPU-ecc6a1f9-42fe-2932-7ea0-1dd285491b7b, 5, 0, 405, 28, 25.85
2026/09/08 21:41:34.629, GPU-ecc6a1f9-42fe-2932-7ea0-1dd285491b7b, 5, 0, 405, 28, 25.85
2026/09/08 21:41:34.833, GPU-ecc6a1f9-42fe-2932-7ea0-1dd285491b7b, 5, 0, 405, 28, 25.85
2026/09/08 21:41:35.037, GPU-ecc6a1f9-42fe-2932-7ea0-1dd285491b7b, 5, 0, 405, 28, 25.85
2026/09/08 21:41:35.240, GPU-ecc6a1f9-42fe-2932-7ea0-1dd285491b7b, 5, 0, 405, 28, 25.85
2026/09/08 21:41:35.444, GPU-ecc6a1f9-42fe-2932-7ea0-1dd285491b7b, 5, 0, 405, 28, 25.85
2026/09/08 21:41:35.649, GPU-ecc6a1f9-42fe-2932-7ea0-1dd285491b7b, 5, 0, 405, 28, 25.85
2026/09/08 21:41:35.852, GPU-ecc6a1f9-42fe-2932-7ea0-1dd285491b7b, 5, 0, 405, 28, 25.85
2026/09/08 21:41:36.056, GPU-ecc6a1f9-42fe-2932-7ea0-1dd285491b7b, 5, 0, 405, 28, 25.85
2026/09/08 21:41:36.259, GPU-ecc6a1f9-42fe-2932-7ea0-1dd285491b7b, 5, 0, 405, 28, 26.09
2026/09/08 21:41:36.463, GPU-ecc6a1f9-42fe-2932-7ea0-1dd285491b7b, 5, 0, 405, 27, 25.85
2026/09/08 21:41:36.668, GPU-ecc6a1f9-42fe-2932-7ea0-1dd285491b7b, 5, 0, 405, 28, 25.85
2026/09/08 21:41:36.871, GPU-ecc6a1f9-42fe-2932-7ea0-1dd285491b7b, 5, 0, 405, 28, 25.85
2026/09/08 21:41:37.075, GPU-ecc6a1f9-42fe-2932-7ea0-1dd285491b7b, 5, 0, 405, 28, 25.85
2026/09/08 21:41:37.278, GPU-ecc6a1f9-42fe-2932-7ea0-1dd285491b7b, 5, 0, 405, 28, 25.85
2026/09/08 21:41:37.482, GPU-ecc6a1f9-42fe-2932-7ea0-1dd285491b7b, 5, 0, 405, 27, 25.85
2026/09/08 21:41:37.687, GPU-ecc6a1f9-42fe-2932-7ea0-1dd285491b7b, 5, 0, 405, 28, 25.85
2026/09/08 21:41:37.891, GPU-ecc6a1f9-42fe-2932-7ea0-1dd285491b7b, 5, 0, 405, 27, 25.85
2026/09/08 21:41:38.094, GPU-ecc6a1f9-42fe-2932-7ea0-1dd285491b7b, 5, 0, 405, 27, 25.85
2026/09/08 21:41:38.298, GPU-ecc6a1f9-42fe-2932-7ea0-1dd285491b7b, 5, 0, 405, 28, 25.85
2026/09/08 21:41:38.501, GPU-ecc6a1f9-42fe-2932-7ea0-1dd285491b7b, 5, 0, 405, 27, 25.85
2026/09/08 21:41:38.706, GPU-ecc6a1f9-42fe-2932-7ea0-1dd285491b7b, 5, 0, 405, 28, 25.85
2026/09/08 21:41:38.910, GPU-ecc6a1f9-42fe-2932-7ea0-1dd285491b7b, 5, 0, 405, 27, 25.85
2026/09/08 21:41:39.113, GPU-ecc6a1f9-42fe-2932-7ea0-1dd285491b7b, 7, 0, 405, 28, 26.09
2026/09/08 21:41:39.317, GPU-ecc6a1f9-42fe-2932-7ea0-1dd285491b7b, 15, 0, 405, 28, 26.09
2026/09/08 21:41:39.547, GPU-ecc6a1f9-42fe-2932-7ea0-1dd285491b7b, 297, 4, 1189, 28, 31.44
2026/09/08 21:41:39.750, GPU-ecc6a1f9-42fe-2932-7ea0-1dd285491b7b, 297, 1, 1189, 28, 88.19
2026/09/08 21:41:39.954, GPU-ecc6a1f9-42fe-2932-7ea0-1dd285491b7b, 297, 58, 1316, 29, 125.30
2026/09/08 21:41:40.157, GPU-ecc6a1f9-42fe-2932-7ea0-1dd285491b7b, 281, 91, 1328, 30, 120.05
2026/09/08 21:41:40.361, GPU-ecc6a1f9-42fe-2932-7ea0-1dd285491b7b, 5, 5, 1328, 29, 36.56
2026/09/08 21:41:40.566, GPU-ecc6a1f9-42fe-2932-7ea0-1dd285491b7b, 7, 0, 1328, 29, 36.31
2026/09/08 21:41:40.769, GPU-ecc6a1f9-42fe-2932-7ea0-1dd285491b7b, 15, 0, 1328, 28, 36.07
2026/09/08 21:41:40.989, GPU-ecc6a1f9-42fe-2932-7ea0-1dd285491b7b, 299, 0, 1328, 28, 38.26
2026/09/08 21:41:41.192, GPU-ecc6a1f9-42fe-2932-7ea0-1dd285491b7b, 299, 2, 1328, 28, 37.53
2026/09/08 21:41:41.396, GPU-ecc6a1f9-42fe-2932-7ea0-1dd285491b7b, 299, 1, 1328, 29, 152.65
2026/09/08 21:41:41.599, GPU-ecc6a1f9-42fe-2932-7ea0-1dd285491b7b, 299, 81, 1328, 30, 165.27
2026/09/08 21:41:41.806, GPU-ecc6a1f9-42fe-2932-7ea0-1dd285491b7b, 299, 96, 1328, 31, 179.92
2026/09/08 21:41:42.009, GPU-ecc6a1f9-42fe-2932-7ea0-1dd285491b7b, 299, 100, 1328, 32, 161.33
2026/09/08 21:41:42.212, GPU-ecc6a1f9-42fe-2932-7ea0-1dd285491b7b, 261, 96, 1328, 32, 43.13
2026/09/08 21:41:42.417, GPU-ecc6a1f9-42fe-2932-7ea0-1dd285491b7b, 5, 5, 1328, 30, 38.51
2026/09/08 21:41:42.620, GPU-ecc6a1f9-42fe-2932-7ea0-1dd285491b7b, 7, 0, 1328, 30, 38.26
2026/09/08 21:41:42.826, GPU-ecc6a1f9-42fe-2932-7ea0-1dd285491b7b, 15, 0, 1328, 29, 38.02
2026/09/08 21:41:43.108, GPU-ecc6a1f9-42fe-2932-7ea0-1dd285491b7b, 301, 5, 1328, 29, 42.13
2026/09/08 21:41:43.312, GPU-ecc6a1f9-42fe-2932-7ea0-1dd285491b7b, 301, 4, 1328, 29, 41.62
2026/09/08 21:41:43.516, GPU-ecc6a1f9-42fe-2932-7ea0-1dd285491b7b, 301, 2, 1328, 29, 39.97
2026/09/08 21:41:43.719, GPU-ecc6a1f9-42fe-2932-7ea0-1dd285491b7b, 301, 75, 1328, 31, 172.67
2026/09/08 21:41:43.925, GPU-ecc6a1f9-42fe-2932-7ea0-1dd285491b7b, 301, 98, 1328, 32, 193.07
2026/09/08 21:41:44.129, GPU-ecc6a1f9-42fe-2932-7ea0-1dd285491b7b, 301, 100, 1328, 33, 189.55
2026/09/08 21:41:44.332, GPU-ecc6a1f9-42fe-2932-7ea0-1dd285491b7b, 301, 100, 1328, 33, 185.68
2026/09/08 21:41:44.536, GPU-ecc6a1f9-42fe-2932-7ea0-1dd285491b7b, 301, 99, 1328, 33, 189.69
2026/09/08 21:41:44.739, GPU-ecc6a1f9-42fe-2932-7ea0-1dd285491b7b, 301, 100, 1328, 34, 186.89
2026/09/08 21:41:44.945, GPU-ecc6a1f9-42fe-2932-7ea0-1dd285491b7b, 301, 100, 1328, 34, 189.06
2026/09/08 21:41:45.148, GPU-ecc6a1f9-42fe-2932-7ea0-1dd285491b7b, 5, 70, 1328, 32, 38.99
2026/09/08 21:41:45.352, GPU-ecc6a1f9-42fe-2932-7ea0-1dd285491b7b, 5, 0, 1328, 31, 38.51
2026/09/08 21:41:45.555, GPU-ecc6a1f9-42fe-2932-7ea0-1dd285491b7b, 5, 0, 1328, 31, 38.26
2026/09/08 21:41:45.758, GPU-ecc6a1f9-42fe-2932-7ea0-1dd285491b7b, 5, 0, 1328, 31, 38.26
2026/09/08 21:41:45.964, GPU-ecc6a1f9-42fe-2932-7ea0-1dd285491b7b, 5, 0, 1328, 30, 38.02
2026/09/08 21:41:46.167, GPU-ecc6a1f9-42fe-2932-7ea0-1dd285491b7b, 5, 0, 1328, 30, 38.02
2026/09/08 21:41:46.371, GPU-ecc6a1f9-42fe-2932-7ea0-1dd285491b7b, 5, 0, 1328, 30, 38.02
2026/09/08 21:41:46.574, GPU-ecc6a1f9-42fe-2932-7ea0-1dd285491b7b, 5, 0, 1328, 30, 38.02
2026/09/08 21:41:46.777, GPU-ecc6a1f9-42fe-2932-7ea0-1dd285491b7b, 5, 0, 1328, 30, 38.02
2026/09/08 21:41:46.983, GPU-ecc6a1f9-42fe-2932-7ea0-1dd285491b7b, 5, 0, 1328, 30, 35.82
2026/09/08 21:41:47.188, GPU-ecc6a1f9-42fe-2932-7ea0-1dd285491b7b, 5, 0, 1328, 30, 36.07
2026/09/08 21:41:47.391, GPU-ecc6a1f9-42fe-2932-7ea0-1dd285491b7b, 5, 0, 1328, 30, 36.07
2026/09/08 21:41:47.595, GPU-ecc6a1f9-42fe-2932-7ea0-1dd285491b7b, 5, 0, 1328, 30, 36.07
2026/09/08 21:41:47.798, GPU-ecc6a1f9-42fe-2932-7ea0-1dd285491b7b, 5, 0, 1328, 30, 36.07
2026/09/08 21:41:48.002, GPU-ecc6a1f9-42fe-2932-7ea0-1dd285491b7b, 5, 0, 1328, 29, 36.07
2026/09/08 21:41:48.206, GPU-ecc6a1f9-42fe-2932-7ea0-1dd285491b7b, 5, 0, 1328, 30, 36.07
2026/09/08 21:41:48.409, GPU-ecc6a1f9-42fe-2932-7ea0-1dd285491b7b, 5, 0, 1328, 30, 36.07
2026/09/08 21:41:48.613, GPU-ecc6a1f9-42fe-2932-7ea0-1dd285491b7b, 5, 0, 1328, 30, 36.07
2026/09/08 21:41:48.817, GPU-ecc6a1f9-42fe-2932-7ea0-1dd285491b7b, 5, 0, 1328, 30, 36.07
2026/09/08 21:41:49.022, GPU-ecc6a1f9-42fe-2932-7ea0-1dd285491b7b, 5, 0, 1328, 29, 36.07
2026/09/08 21:41:49.225, GPU-ecc6a1f9-42fe-2932-7ea0-1dd285491b7b, 5, 0, 1328, 30, 36.07
2026/09/08 21:41:49.429, GPU-ecc6a1f9-42fe-2932-7ea0-1dd285491b7b, 5, 0, 1328, 29, 36.07
2026/09/08 21:41:49.632, GPU-ecc6a1f9-42fe-2932-7ea0-1dd285491b7b, 5, 0, 1328, 29, 36.07
2026/09/08 21:41:49.836, GPU-ecc6a1f9-42fe-2932-7ea0-1dd285491b7b, 5, 0, 1328, 29, 36.07
2026/09/08 21:41:50.041, GPU-ecc6a1f9-42fe-2932-7ea0-1dd285491b7b, 5, 0, 1328, 29, 36.07
2026/09/08 21:41:50.244, GPU-ecc6a1f9-42fe-2932-7ea0-1dd285491b7b, 5, 0, 1328, 29, 36.07
2026/09/08 21:41:50.448, GPU-ecc6a1f9-42fe-2932-7ea0-1dd285491b7b, 5, 0, 1328, 29, 36.07
2026/09/08 21:41:50.651, GPU-ecc6a1f9-42fe-2932-7ea0-1dd285491b7b, 5, 0, 1328, 29, 36.07
2026/09/08 21:41:50.855, GPU-ecc6a1f9-42fe-2932-7ea0-1dd285491b7b, 5, 0, 1328, 29, 36.07
2026/09/08 21:41:51.060, GPU-ecc6a1f9-42fe-2932-7ea0-1dd285491b7b, 5, 0, 1328, 29, 36.07
2026/09/08 21:41:51.264, GPU-ecc6a1f9-42fe-2932-7ea0-1dd285491b7b, 5, 0, 1328, 29, 36.07
2026/09/08 21:41:51.467, GPU-ecc6a1f9-42fe-2932-7ea0-1dd285491b7b, 5, 0, 1328, 29, 36.07
2026/09/08 21:41:51.671, GPU-ecc6a1f9-42fe-2932-7ea0-1dd285491b7b, 5, 0, 1328, 29, 36.07
2026/09/08 21:41:51.874, GPU-ecc6a1f9-42fe-2932-7ea0-1dd285491b7b, 5, 0, 1328, 29, 36.07
2026/09/08 21:41:52.080, GPU-ecc6a1f9-42fe-2932-7ea0-1dd285491b7b, 5, 0, 1328, 29, 36.07
2026/09/08 21:41:52.283, GPU-ecc6a1f9-42fe-2932-7ea0-1dd285491b7b, 5, 0, 1328, 29, 36.07
2026/09/08 21:41:52.487, GPU-ecc6a1f9-42fe-2932-7ea0-1dd285491b7b, 5, 0, 1328, 29, 36.07
2026/09/08 21:41:52.690, GPU-ecc6a1f9-42fe-2932-7ea0-1dd285491b7b, 5, 0, 1328, 29, 36.07
2026/09/08 21:41:52.894, GPU-ecc6a1f9-42fe-2932-7ea0-1dd285491b7b, 5, 0, 1328, 29, 36.07
2026/09/08 21:41:53.099, GPU-ecc6a1f9-42fe-2932-7ea0-1dd285491b7b, 5, 0, 1328, 29, 35.82
2026/09/08 21:41:53.303, GPU-ecc6a1f9-42fe-2932-7ea0-1dd285491b7b, 5, 0, 1328, 29, 35.82
2026/09/08 21:41:53.506, GPU-ecc6a1f9-42fe-2932-7ea0-1dd285491b7b, 5, 0, 1328, 29, 36.07
2026/09/08 21:41:53.710, GPU-ecc6a1f9-42fe-2932-7ea0-1dd285491b7b, 5, 0, 1328, 29, 36.07
2026/09/08 21:41:53.913, GPU-ecc6a1f9-42fe-2932-7ea0-1dd285491b7b, 5, 0, 1328, 29, 36.07
2026/09/08 21:41:54.116, GPU-ecc6a1f9-42fe-2932-7ea0-1dd285491b7b, 5, 0, 1328, 29, 36.07
2026/09/08 21:41:54.324, GPU-ecc6a1f9-42fe-2932-7ea0-1dd285491b7b, 5, 0, 1328, 29, 36.07
2026/09/08 21:41:54.527, GPU-ecc6a1f9-42fe-2932-7ea0-1dd285491b7b, 5, 0, 1328, 29, 36.07
2026/09/08 21:41:54.731, GPU-ecc6a1f9-42fe-2932-7ea0-1dd285491b7b, 5, 0, 1328, 29, 36.07
2026/09/08 21:41:54.934, GPU-ecc6a1f9-42fe-2932-7ea0-1dd285491b7b, 5, 0, 1328, 29, 36.07
2026/09/08 21:41:55.138, GPU-ecc6a1f9-42fe-2932-7ea0-1dd285491b7b, 5, 0, 1328, 29, 36.07
2026/09/08 21:41:55.341, GPU-ecc6a1f9-42fe-2932-7ea0-1dd285491b7b, 5, 0, 1328, 29, 36.07
2026/09/08 21:41:55.544, GPU-ecc6a1f9-42fe-2932-7ea0-1dd285491b7b, 5, 0, 1328, 29, 36.07
2026/09/08 21:41:55.750, GPU-ecc6a1f9-42fe-2932-7ea0-1dd285491b7b, 5, 0, 1328, 29, 36.07
2026/09/08 21:41:55.953, GPU-ecc6a1f9-42fe-2932-7ea0-1dd285491b7b, 5, 0, 1328, 29, 36.07
2026/09/08 21:41:56.157, GPU-ecc6a1f9-42fe-2932-7ea0-1dd285491b7b, 5, 0, 1328, 29, 36.07
2026/09/08 21:41:56.360, GPU-ecc6a1f9-42fe-2932-7ea0-1dd285491b7b, 5, 0, 1328, 29, 36.07
2026/09/08 21:41:56.564, GPU-ecc6a1f9-42fe-2932-7ea0-1dd285491b7b, 5, 0, 1328, 29, 36.07
2026/09/08 21:41:56.767, GPU-ecc6a1f9-42fe-2932-7ea0-1dd285491b7b, 5, 0, 1328, 29, 36.07
2026/09/08 21:41:56.971, GPU-ecc6a1f9-42fe-2932-7ea0-1dd285491b7b, 5, 0, 1328, 29, 36.07
2026/09/08 21:41:57.175, GPU-ecc6a1f9-42fe-2932-7ea0-1dd285491b7b, 5, 0, 1328, 29, 36.07
2026/09/08 21:41:57.379, GPU-ecc6a1f9-42fe-2932-7ea0-1dd285491b7b, 5, 0, 1328, 29, 36.07
2026/09/08 21:41:57.582, GPU-ecc6a1f9-42fe-2932-7ea0-1dd285491b7b, 5, 0, 1328, 29, 36.07
2026/09/08 21:41:57.786, GPU-ecc6a1f9-42fe-2932-7ea0-1dd285491b7b, 5, 0, 1328, 29, 36.07
2026/09/08 21:41:57.989, GPU-ecc6a1f9-42fe-2932-7ea0-1dd285491b7b, 5, 0, 1328, 29, 36.07
2026/09/08 21:41:58.195, GPU-ecc6a1f9-42fe-2932-7ea0-1dd285491b7b, 5, 0, 1328, 29, 36.07
2026/09/08 21:41:58.399, GPU-ecc6a1f9-42fe-2932-7ea0-1dd285491b7b, 5, 0, 1328, 29, 36.07
2026/09/08 21:41:58.602, GPU-ecc6a1f9-42fe-2932-7ea0-1dd285491b7b, 5, 0, 1328, 29, 36.07
2026/09/08 21:41:58.806, GPU-ecc6a1f9-42fe-2932-7ea0-1dd285491b7b, 5, 0, 1328, 29, 36.07
2026/09/08 21:41:59.009, GPU-ecc6a1f9-42fe-2932-7ea0-1dd285491b7b, 5, 0, 1328, 29, 36.07
2026/09/08 21:41:59.214, GPU-ecc6a1f9-42fe-2932-7ea0-1dd285491b7b, 5, 0, 1328, 29, 36.07
2026/09/08 21:41:59.418, GPU-ecc6a1f9-42fe-2932-7ea0-1dd285491b7b, 5, 0, 1328, 30, 36.07
2026/09/08 21:41:59.621, GPU-ecc6a1f9-42fe-2932-7ea0-1dd285491b7b, 5, 0, 1328, 29, 36.07
2026/09/08 21:41:59.825, GPU-ecc6a1f9-42fe-2932-7ea0-1dd285491b7b, 5, 0, 1328, 29, 36.07
2026/09/08 21:42:00.028, GPU-ecc6a1f9-42fe-2932-7ea0-1dd285491b7b, 5, 0, 1328, 29, 36.07
2026/09/08 21:42:00.234, GPU-ecc6a1f9-42fe-2932-7ea0-1dd285491b7b, 5, 0, 1328, 29, 36.07
2026/09/08 21:42:00.437, GPU-ecc6a1f9-42fe-2932-7ea0-1dd285491b7b, 5, 0, 1328, 29, 36.07
2026/09/08 21:42:00.641, GPU-ecc6a1f9-42fe-2932-7ea0-1dd285491b7b, 5, 0, 1328, 29, 36.07
2026/09/08 21:42:00.844, GPU-ecc6a1f9-42fe-2932-7ea0-1dd285491b7b, 5, 0, 1328, 29, 36.07
2026/09/08 21:42:01.048, GPU-ecc6a1f9-42fe-2932-7ea0-1dd285491b7b, 5, 0, 1328, 29, 36.07
2026/09/08 21:42:01.253, GPU-ecc6a1f9-42fe-2932-7ea0-1dd285491b7b, 5, 0, 1328, 29, 36.07
2026/09/08 21:42:01.457, GPU-ecc6a1f9-42fe-2932-7ea0-1dd285491b7b, 5, 0, 1328, 29, 36.07
2026/09/08 21:42:01.660, GPU-ecc6a1f9-42fe-2932-7ea0-1dd285491b7b, 5, 0, 1328, 29, 36.07
2026/09/08 21:42:01.864, GPU-ecc6a1f9-42fe-2932-7ea0-1dd285491b7b, 5, 0, 1328, 29, 36.07
2026/09/08 21:42:02.067, GPU-ecc6a1f9-42fe-2932-7ea0-1dd285491b7b, 5, 0, 1328, 29, 36.07
2026/09/08 21:42:02.273, GPU-ecc6a1f9-42fe-2932-7ea0-1dd285491b7b, 5, 0, 1328, 29, 36.07
2026/09/08 21:42:02.476, GPU-ecc6a1f9-42fe-2932-7ea0-1dd285491b7b, 5, 0, 1328, 29, 36.07
2026/09/08 21:42:02.680, GPU-ecc6a1f9-42fe-2932-7ea0-1dd285491b7b, 5, 0, 1328, 29, 36.07
2026/09/08 21:42:02.883, GPU-ecc6a1f9-42fe-2932-7ea0-1dd285491b7b, 5, 0, 1328, 29, 36.07
2026/09/08 21:42:03.087, GPU-ecc6a1f9-42fe-2932-7ea0-1dd285491b7b, 5, 0, 1328, 29, 36.07
2026/09/08 21:42:03.293, GPU-ecc6a1f9-42fe-2932-7ea0-1dd285491b7b, 5, 0, 1328, 29, 36.07
2026/09/08 21:42:03.497, GPU-ecc6a1f9-42fe-2932-7ea0-1dd285491b7b, 5, 0, 1328, 29, 36.07
2026/09/08 21:42:03.700, GPU-ecc6a1f9-42fe-2932-7ea0-1dd285491b7b, 5, 0, 1328, 29, 36.07
2026/09/08 21:42:03.904, GPU-ecc6a1f9-42fe-2932-7ea0-1dd285491b7b, 5, 0, 405, 29, 26.34
2026/09/08 21:42:04.107, GPU-ecc6a1f9-42fe-2932-7ea0-1dd285491b7b, 5, 0, 405, 29, 26.34
2026/09/08 21:42:04.313, GPU-ecc6a1f9-42fe-2932-7ea0-1dd285491b7b, 5, 0, 405, 29, 26.34
2026/09/08 21:42:04.516, GPU-ecc6a1f9-42fe-2932-7ea0-1dd285491b7b, 5, 0, 405, 29, 26.34
2026/09/08 21:42:04.720, GPU-ecc6a1f9-42fe-2932-7ea0-1dd285491b7b, 5, 0, 405, 29, 26.34
2026/09/08 21:42:04.923, GPU-ecc6a1f9-42fe-2932-7ea0-1dd285491b7b, 5, 0, 405, 29, 26.09
2026/09/08 21:42:05.127, GPU-ecc6a1f9-42fe-2932-7ea0-1dd285491b7b, 5, 0, 405, 29, 26.09
2026/09/08 21:42:05.332, GPU-ecc6a1f9-42fe-2932-7ea0-1dd285491b7b, 5, 0, 405, 29, 26.34
2026/09/08 21:42:05.536, GPU-ecc6a1f9-42fe-2932-7ea0-1dd285491b7b, 5, 0, 405, 29, 26.09
2026/09/08 21:42:05.739, GPU-ecc6a1f9-42fe-2932-7ea0-1dd285491b7b, 5, 0, 405, 29, 26.34
2026/09/08 21:42:05.943, GPU-ecc6a1f9-42fe-2932-7ea0-1dd285491b7b, 5, 0, 405, 29, 26.34
2026/09/08 21:42:06.146, GPU-ecc6a1f9-42fe-2932-7ea0-1dd285491b7b, 5, 0, 405, 29, 26.09
2026/09/08 21:42:06.352, GPU-ecc6a1f9-42fe-2932-7ea0-1dd285491b7b, 5, 0, 405, 29, 26.34
2026/09/08 21:42:06.556, GPU-ecc6a1f9-42fe-2932-7ea0-1dd285491b7b, 5, 0, 405, 29, 26.34
2026/09/08 21:42:06.759, GPU-ecc6a1f9-42fe-2932-7ea0-1dd285491b7b, 5, 0, 405, 29, 26.09
2026/09/08 21:42:06.963, GPU-ecc6a1f9-42fe-2932-7ea0-1dd285491b7b, 5, 0, 405, 29, 26.34
2026/09/08 21:42:07.166, GPU-ecc6a1f9-42fe-2932-7ea0-1dd285491b7b, 5, 0, 405, 29, 26.34
2026/09/08 21:42:07.372, GPU-ecc6a1f9-42fe-2932-7ea0-1dd285491b7b, 5, 0, 405, 29, 26.09
2026/09/08 21:42:07.575, GPU-ecc6a1f9-42fe-2932-7ea0-1dd285491b7b, 5, 0, 405, 29, 26.09
2026/09/08 21:42:07.779, GPU-ecc6a1f9-42fe-2932-7ea0-1dd285491b7b, 5, 0, 405, 29, 26.34
2026/09/08 21:42:07.982, GPU-ecc6a1f9-42fe-2932-7ea0-1dd285491b7b, 5, 0, 405, 29, 26.34
2026/09/08 21:42:08.186, GPU-ecc6a1f9-42fe-2932-7ea0-1dd285491b7b, 5, 0, 405, 29, 26.34
2026/09/08 21:42:08.391, GPU-ecc6a1f9-42fe-2932-7ea0-1dd285491b7b, 5, 0, 405, 29, 26.34
2026/09/08 21:42:08.594, GPU-ecc6a1f9-42fe-2932-7ea0-1dd285491b7b, 5, 0, 405, 29, 26.34
2026/09/08 21:42:08.798, GPU-ecc6a1f9-42fe-2932-7ea0-1dd285491b7b, 5, 0, 405, 29, 26.34
2026/09/08 21:42:09.001, GPU-ecc6a1f9-42fe-2932-7ea0-1dd285491b7b, 5, 0, 405, 29, 26.34
2026/09/08 21:42:09.205, GPU-ecc6a1f9-42fe-2932-7ea0-1dd285491b7b, 5, 0, 405, 29, 26.34
2026/09/08 21:42:09.410, GPU-ecc6a1f9-42fe-2932-7ea0-1dd285491b7b, 5, 0, 405, 29, 26.34
2026/09/08 21:42:09.614, GPU-ecc6a1f9-42fe-2932-7ea0-1dd285491b7b, 5, 0, 405, 29, 26.09
2026/09/08 21:42:09.817, GPU-ecc6a1f9-42fe-2932-7ea0-1dd285491b7b, 5, 0, 405, 29, 26.09
2026/09/08 21:42:10.021, GPU-ecc6a1f9-42fe-2932-7ea0-1dd285491b7b, 5, 0, 405, 29, 26.09
2026/09/08 21:42:10.224, GPU-ecc6a1f9-42fe-2932-7ea0-1dd285491b7b, 5, 0, 405, 29, 26.34
2026/09/08 21:42:10.429, GPU-ecc6a1f9-42fe-2932-7ea0-1dd285491b7b, 5, 0, 405, 29, 26.34
2026/09/08 21:42:10.633, GPU-ecc6a1f9-42fe-2932-7ea0-1dd285491b7b, 5, 0, 405, 29, 26.34
2026/09/08 21:42:10.836, GPU-ecc6a1f9-42fe-2932-7ea0-1dd285491b7b, 5, 0, 405, 29, 26.34
2026/09/08 21:42:11.040, GPU-ecc6a1f9-42fe-2932-7ea0-1dd285491b7b, 5, 0, 405, 29, 26.34
2026/09/08 21:42:11.243, GPU-ecc6a1f9-42fe-2932-7ea0-1dd285491b7b, 5, 0, 405, 29, 26.34
2026/09/08 21:42:11.449, GPU-ecc6a1f9-42fe-2932-7ea0-1dd285491b7b, 5, 0, 405, 29, 26.09
2026/09/08 21:42:11.653, GPU-ecc6a1f9-42fe-2932-7ea0-1dd285491b7b, 5, 0, 405, 29, 26.09
2026/09/08 21:42:11.856, GPU-ecc6a1f9-42fe-2932-7ea0-1dd285491b7b, 5, 0, 405, 29, 26.34
2026/09/08 21:42:12.060, GPU-ecc6a1f9-42fe-2932-7ea0-1dd285491b7b, 5, 0, 405, 29, 26.34
2026/09/08 21:42:12.263, GPU-ecc6a1f9-42fe-2932-7ea0-1dd285491b7b, 5, 0, 405, 29, 26.09
2026/09/08 21:42:12.468, GPU-ecc6a1f9-42fe-2932-7ea0-1dd285491b7b, 5, 0, 405, 29, 26.09
2026/09/08 21:42:12.672, GPU-ecc6a1f9-42fe-2932-7ea0-1dd285491b7b, 5, 0, 405, 29, 26.34
2026/09/08 21:42:12.875, GPU-ecc6a1f9-42fe-2932-7ea0-1dd285491b7b, 5, 0, 405, 29, 26.34
2026/09/08 21:42:13.079, GPU-ecc6a1f9-42fe-2932-7ea0-1dd285491b7b, 5, 0, 405, 29, 26.09
2026/09/08 21:42:13.282, GPU-ecc6a1f9-42fe-2932-7ea0-1dd285491b7b, 5, 0, 405, 29, 26.09
2026/09/08 21:42:13.487, GPU-ecc6a1f9-42fe-2932-7ea0-1dd285491b7b, 5, 0, 405, 29, 26.09
2026/09/08 21:42:13.691, GPU-ecc6a1f9-42fe-2932-7ea0-1dd285491b7b, 5, 0, 405, 29, 26.09
2026/09/08 21:42:13.895, GPU-ecc6a1f9-42fe-2932-7ea0-1dd285491b7b, 5, 0, 405, 29, 26.09
2026/09/08 21:42:14.098, GPU-ecc6a1f9-42fe-2932-7ea0-1dd285491b7b, 5, 0, 405, 29, 26.34
2026/09/08 21:42:14.302, GPU-ecc6a1f9-42fe-2932-7ea0-1dd285491b7b, 5, 0, 405, 29, 26.09
2026/09/08 21:42:14.507, GPU-ecc6a1f9-42fe-2932-7ea0-1dd285491b7b, 5, 0, 405, 29, 26.09
2026/09/08 21:42:14.710, GPU-ecc6a1f9-42fe-2932-7ea0-1dd285491b7b, 5, 0, 405, 29, 26.09
2026/09/08 21:42:14.914, GPU-ecc6a1f9-42fe-2932-7ea0-1dd285491b7b, 5, 0, 405, 29, 26.09
2026/09/08 21:42:15.117, GPU-ecc6a1f9-42fe-2932-7ea0-1dd285491b7b, 5, 0, 405, 29, 25.85
2026/09/08 21:42:15.321, GPU-ecc6a1f9-42fe-2932-7ea0-1dd285491b7b, 5, 0, 405, 29, 26.09
2026/09/08 21:42:15.526, GPU-ecc6a1f9-42fe-2932-7ea0-1dd285491b7b, 5, 0, 405, 29, 26.09
2026/09/08 21:42:15.730, GPU-ecc6a1f9-42fe-2932-7ea0-1dd285491b7b, 5, 0, 405, 29, 26.09
2026/09/08 21:42:15.933, GPU-ecc6a1f9-42fe-2932-7ea0-1dd285491b7b, 5, 0, 405, 29, 26.09
2026/09/08 21:42:16.137, GPU-ecc6a1f9-42fe-2932-7ea0-1dd285491b7b, 5, 0, 405, 29, 26.09
2026/09/08 21:42:16.340, GPU-ecc6a1f9-42fe-2932-7ea0-1dd285491b7b, 5, 0, 405, 29, 26.09
2026/09/08 21:42:16.546, GPU-ecc6a1f9-42fe-2932-7ea0-1dd285491b7b, 5, 0, 405, 29, 26.09
2026/09/08 21:42:16.749, GPU-ecc6a1f9-42fe-2932-7ea0-1dd285491b7b, 5, 0, 405, 29, 26.09
2026/09/08 21:42:16.953, GPU-ecc6a1f9-42fe-2932-7ea0-1dd285491b7b, 5, 0, 405, 29, 26.09
2026/09/08 21:42:17.156, GPU-ecc6a1f9-42fe-2932-7ea0-1dd285491b7b, 5, 0, 405, 29, 26.09
2026/09/08 21:42:17.360, GPU-ecc6a1f9-42fe-2932-7ea0-1dd285491b7b, 5, 0, 405, 29, 26.09
2026/09/08 21:42:17.565, GPU-ecc6a1f9-42fe-2932-7ea0-1dd285491b7b, 5, 0, 405, 29, 26.09
2026/09/08 21:42:17.769, GPU-ecc6a1f9-42fe-2932-7ea0-1dd285491b7b, 5, 0, 405, 29, 26.09
2026/09/08 21:42:17.972, GPU-ecc6a1f9-42fe-2932-7ea0-1dd285491b7b, 5, 0, 405, 29, 26.09
2026/09/08 21:42:18.176, GPU-ecc6a1f9-42fe-2932-7ea0-1dd285491b7b, 5, 0, 405, 29, 26.09
2026/09/08 21:42:18.380, GPU-ecc6a1f9-42fe-2932-7ea0-1dd285491b7b, 5, 0, 405, 29, 26.09
2026/09/08 21:42:18.585, GPU-ecc6a1f9-42fe-2932-7ea0-1dd285491b7b, 5, 0, 405, 28, 26.09
2026/09/08 21:42:18.788, GPU-ecc6a1f9-42fe-2932-7ea0-1dd285491b7b, 5, 0, 405, 29, 26.09
2026/09/08 21:42:18.992, GPU-ecc6a1f9-42fe-2932-7ea0-1dd285491b7b, 5, 0, 405, 28, 26.09
2026/09/08 21:42:19.195, GPU-ecc6a1f9-42fe-2932-7ea0-1dd285491b7b, 5, 0, 405, 29, 26.09
2026/09/08 21:42:19.399, GPU-ecc6a1f9-42fe-2932-7ea0-1dd285491b7b, 5, 0, 405, 29, 26.09
2026/09/08 21:42:19.602, GPU-ecc6a1f9-42fe-2932-7ea0-1dd285491b7b, 5, 0, 405, 29, 26.09
2026/09/08 21:42:19.807, GPU-ecc6a1f9-42fe-2932-7ea0-1dd285491b7b, 5, 0, 405, 29, 26.09
2026/09/08 21:42:20.011, GPU-ecc6a1f9-42fe-2932-7ea0-1dd285491b7b, 5, 0, 405, 29, 25.85
2026/09/08 21:42:20.214, GPU-ecc6a1f9-42fe-2932-7ea0-1dd285491b7b, 5, 0, 405, 29, 26.09
2026/09/08 21:42:20.418, GPU-ecc6a1f9-42fe-2932-7ea0-1dd285491b7b, 5, 0, 405, 29, 26.09
2026/09/08 21:42:20.621, GPU-ecc6a1f9-42fe-2932-7ea0-1dd285491b7b, 5, 0, 405, 29, 26.09
2026/09/08 21:42:20.825, GPU-ecc6a1f9-42fe-2932-7ea0-1dd285491b7b, 5, 0, 405, 29, 26.09
2026/09/08 21:42:21.030, GPU-ecc6a1f9-42fe-2932-7ea0-1dd285491b7b, 5, 0, 405, 29, 26.09
2026/09/08 21:42:21.234, GPU-ecc6a1f9-42fe-2932-7ea0-1dd285491b7b, 5, 0, 405, 29, 26.09
2026/09/08 21:42:21.437, GPU-ecc6a1f9-42fe-2932-7ea0-1dd285491b7b, 5, 0, 405, 29, 26.09
2026/09/08 21:42:21.641, GPU-ecc6a1f9-42fe-2932-7ea0-1dd285491b7b, 5, 0, 405, 29, 26.09
2026/09/08 21:42:21.844, GPU-ecc6a1f9-42fe-2932-7ea0-1dd285491b7b, 5, 0, 405, 29, 26.09
2026/09/08 21:42:22.048, GPU-ecc6a1f9-42fe-2932-7ea0-1dd285491b7b, 5, 0, 405, 29, 26.09
2026/09/08 21:42:22.252, GPU-ecc6a1f9-42fe-2932-7ea0-1dd285491b7b, 5, 0, 405, 29, 26.09
2026/09/08 21:42:22.456, GPU-ecc6a1f9-42fe-2932-7ea0-1dd285491b7b, 5, 0, 405, 29, 25.85
2026/09/08 21:42:22.659, GPU-ecc6a1f9-42fe-2932-7ea0-1dd285491b7b, 5, 0, 405, 29, 26.09
2026/09/08 21:42:22.863, GPU-ecc6a1f9-42fe-2932-7ea0-1dd285491b7b, 5, 0, 405, 29, 26.09
2026/09/08 21:42:23.066, GPU-ecc6a1f9-42fe-2932-7ea0-1dd285491b7b, 5, 0, 405, 29, 26.09
2026/09/08 21:42:23.273, GPU-ecc6a1f9-42fe-2932-7ea0-1dd285491b7b, 5, 0, 405, 29, 26.09
2026/09/08 21:42:23.476, GPU-ecc6a1f9-42fe-2932-7ea0-1dd285491b7b, 5, 0, 405, 28, 26.09
2026/09/08 21:42:23.680, GPU-ecc6a1f9-42fe-2932-7ea0-1dd285491b7b, 5, 0, 405, 29, 26.09
2026/09/08 21:42:23.883, GPU-ecc6a1f9-42fe-2932-7ea0-1dd285491b7b, 5, 0, 405, 28, 25.85
2026/09/08 21:42:24.087, GPU-ecc6a1f9-42fe-2932-7ea0-1dd285491b7b, 5, 0, 405, 29, 26.09
2026/09/08 21:42:24.292, GPU-ecc6a1f9-42fe-2932-7ea0-1dd285491b7b, 5, 0, 405, 29, 26.09
2026/09/08 21:42:24.496, GPU-ecc6a1f9-42fe-2932-7ea0-1dd285491b7b, 5, 0, 405, 29, 26.09
2026/09/08 21:42:24.699, GPU-ecc6a1f9-42fe-2932-7ea0-1dd285491b7b, 5, 0, 405, 29, 26.09
2026/09/08 21:42:24.903, GPU-ecc6a1f9-42fe-2932-7ea0-1dd285491b7b, 5, 0, 405, 29, 26.09
2026/09/08 21:42:25.106, GPU-ecc6a1f9-42fe-2932-7ea0-1dd285491b7b, 5, 0, 405, 29, 26.09
2026/09/08 21:42:25.312, GPU-ecc6a1f9-42fe-2932-7ea0-1dd285491b7b, 5, 0, 405, 29, 25.85
2026/09/08 21:42:25.516, GPU-ecc6a1f9-42fe-2932-7ea0-1dd285491b7b, 5, 0, 405, 28, 26.09
2026/09/08 21:42:25.719, GPU-ecc6a1f9-42fe-2932-7ea0-1dd285491b7b, 5, 0, 405, 28, 26.09
2026/09/08 21:42:25.923, GPU-ecc6a1f9-42fe-2932-7ea0-1dd285491b7b, 5, 0, 405, 29, 26.09
2026/09/08 21:42:26.126, GPU-ecc6a1f9-42fe-2932-7ea0-1dd285491b7b, 5, 0, 405, 29, 26.09
2026/09/08 21:42:26.332, GPU-ecc6a1f9-42fe-2932-7ea0-1dd285491b7b, 5, 0, 405, 29, 26.09
2026/09/08 21:42:26.535, GPU-ecc6a1f9-42fe-2932-7ea0-1dd285491b7b, 5, 0, 405, 29, 26.09
2026/09/08 21:42:26.739, GPU-ecc6a1f9-42fe-2932-7ea0-1dd285491b7b, 5, 0, 405, 29, 26.09
2026/09/08 21:42:26.942, GPU-ecc6a1f9-42fe-2932-7ea0-1dd285491b7b, 5, 0, 405, 29, 26.09
2026/09/08 21:42:27.146, GPU-ecc6a1f9-42fe-2932-7ea0-1dd285491b7b, 5, 0, 405, 29, 26.09
2026/09/08 21:42:27.351, GPU-ecc6a1f9-42fe-2932-7ea0-1dd285491b7b, 5, 0, 405, 29, 26.09
2026/09/08 21:42:27.555, GPU-ecc6a1f9-42fe-2932-7ea0-1dd285491b7b, 5, 0, 405, 29, 26.09
2026/09/08 21:42:27.758, GPU-ecc6a1f9-42fe-2932-7ea0-1dd285491b7b, 5, 0, 405, 29, 26.09
2026/09/08 21:42:27.962, GPU-ecc6a1f9-42fe-2932-7ea0-1dd285491b7b, 5, 0, 405, 28, 26.09
2026/09/08 21:42:28.166, GPU-ecc6a1f9-42fe-2932-7ea0-1dd285491b7b, 5, 0, 405, 29, 26.09
2026/09/08 21:42:28.371, GPU-ecc6a1f9-42fe-2932-7ea0-1dd285491b7b, 5, 0, 405, 29, 26.09
2026/09/08 21:42:28.575, GPU-ecc6a1f9-42fe-2932-7ea0-1dd285491b7b, 5, 0, 405, 29, 26.09
2026/09/08 21:42:28.779, GPU-ecc6a1f9-42fe-2932-7ea0-1dd285491b7b, 5, 0, 405, 29, 25.85
2026/09/08 21:42:28.982, GPU-ecc6a1f9-42fe-2932-7ea0-1dd285491b7b, 5, 0, 405, 29, 26.09
2026/09/08 21:42:29.186, GPU-ecc6a1f9-42fe-2932-7ea0-1dd285491b7b, 5, 0, 405, 29, 26.09
2026/09/08 21:42:29.391, GPU-ecc6a1f9-42fe-2932-7ea0-1dd285491b7b, 5, 0, 405, 28, 26.09
2026/09/08 21:42:29.594, GPU-ecc6a1f9-42fe-2932-7ea0-1dd285491b7b, 5, 0, 405, 28, 26.09
2026/09/08 21:42:29.798, GPU-ecc6a1f9-42fe-2932-7ea0-1dd285491b7b, 5, 0, 405, 28, 26.09
2026/09/08 21:42:30.002, GPU-ecc6a1f9-42fe-2932-7ea0-1dd285491b7b, 5, 0, 405, 28, 26.09
2026/09/08 21:42:30.205, GPU-ecc6a1f9-42fe-2932-7ea0-1dd285491b7b, 5, 0, 405, 28, 26.09
2026/09/08 21:42:30.410, GPU-ecc6a1f9-42fe-2932-7ea0-1dd285491b7b, 5, 0, 405, 28, 25.85
2026/09/08 21:42:30.614, GPU-ecc6a1f9-42fe-2932-7ea0-1dd285491b7b, 5, 0, 405, 28, 25.85
2026/09/08 21:42:30.817, GPU-ecc6a1f9-42fe-2932-7ea0-1dd285491b7b, 5, 0, 405, 28, 26.09
2026/09/08 21:42:31.021, GPU-ecc6a1f9-42fe-2932-7ea0-1dd285491b7b, 5, 0, 405, 28, 26.09
2026/09/08 21:42:31.224, GPU-ecc6a1f9-42fe-2932-7ea0-1dd285491b7b, 5, 0, 405, 28, 26.09
2026/09/08 21:42:31.429, GPU-ecc6a1f9-42fe-2932-7ea0-1dd285491b7b, 5, 0, 405, 29, 26.09
2026/09/08 21:42:31.633, GPU-ecc6a1f9-42fe-2932-7ea0-1dd285491b7b, 5, 0, 405, 28, 26.09
2026/09/08 21:42:31.836, GPU-ecc6a1f9-42fe-2932-7ea0-1dd285491b7b, 5, 0, 405, 28, 26.09
2026/09/08 21:42:32.040, GPU-ecc6a1f9-42fe-2932-7ea0-1dd285491b7b, 5, 0, 405, 28, 26.09
2026/09/08 21:42:32.244, GPU-ecc6a1f9-42fe-2932-7ea0-1dd285491b7b, 5, 0, 405, 29, 26.09
2026/09/08 21:42:32.448, GPU-ecc6a1f9-42fe-2932-7ea0-1dd285491b7b, 5, 0, 405, 29, 26.09
2026/09/08 21:42:32.652, GPU-ecc6a1f9-42fe-2932-7ea0-1dd285491b7b, 5, 0, 405, 28, 26.09
2026/09/08 21:42:32.855, GPU-ecc6a1f9-42fe-2932-7ea0-1dd285491b7b, 5, 0, 405, 28, 26.09
2026/09/08 21:42:33.059, GPU-ecc6a1f9-42fe-2932-7ea0-1dd285491b7b, 5, 0, 405, 29, 26.09
2026/09/08 21:42:33.262, GPU-ecc6a1f9-42fe-2932-7ea0-1dd285491b7b, 5, 0, 405, 29, 26.09
2026/09/08 21:42:33.468, GPU-ecc6a1f9-42fe-2932-7ea0-1dd285491b7b, 5, 0, 405, 28, 26.09
2026/09/08 21:42:33.671, GPU-ecc6a1f9-42fe-2932-7ea0-1dd285491b7b, 5, 0, 405, 28, 26.09
2026/09/08 21:42:33.875, GPU-ecc6a1f9-42fe-2932-7ea0-1dd285491b7b, 5, 0, 405, 28, 26.09
2026/09/08 21:42:34.078, GPU-ecc6a1f9-42fe-2932-7ea0-1dd285491b7b, 5, 0, 405, 28, 26.09
2026/09/08 21:42:34.282, GPU-ecc6a1f9-42fe-2932-7ea0-1dd285491b7b, 5, 0, 405, 28, 26.09
2026/09/08 21:42:34.487, GPU-ecc6a1f9-42fe-2932-7ea0-1dd285491b7b, 5, 0, 405, 28, 26.09
2026/09/08 21:42:34.691, GPU-ecc6a1f9-42fe-2932-7ea0-1dd285491b7b, 5, 0, 405, 28, 26.09
2026/09/08 21:42:34.894, GPU-ecc6a1f9-42fe-2932-7ea0-1dd285491b7b, 5, 0, 405, 28, 26.09
2026/09/08 21:42:35.098, GPU-ecc6a1f9-42fe-2932-7ea0-1dd285491b7b, 5, 0, 405, 28, 26.09
2026/09/08 21:42:35.301, GPU-ecc6a1f9-42fe-2932-7ea0-1dd285491b7b, 5, 0, 405, 28, 26.09
2026/09/08 21:42:35.507, GPU-ecc6a1f9-42fe-2932-7ea0-1dd285491b7b, 5, 0, 405, 28, 26.09
2026/09/08 21:42:35.710, GPU-ecc6a1f9-42fe-2932-7ea0-1dd285491b7b, 5, 0, 405, 28, 26.09
2026/09/08 21:42:35.914, GPU-ecc6a1f9-42fe-2932-7ea0-1dd285491b7b, 5, 0, 405, 28, 26.09
2026/09/08 21:42:36.117, GPU-ecc6a1f9-42fe-2932-7ea0-1dd285491b7b, 5, 0, 405, 28, 26.09
2026/09/08 21:42:36.321, GPU-ecc6a1f9-42fe-2932-7ea0-1dd285491b7b, 5, 0, 405, 28, 26.09
2026/09/08 21:42:36.526, GPU-ecc6a1f9-42fe-2932-7ea0-1dd285491b7b, 5, 0, 405, 28, 26.09
2026/09/08 21:42:36.730, GPU-ecc6a1f9-42fe-2932-7ea0-1dd285491b7b, 5, 0, 405, 28, 26.09
2026/09/08 21:42:36.933, GPU-ecc6a1f9-42fe-2932-7ea0-1dd285491b7b, 5, 0, 405, 28, 26.09
2026/09/08 21:42:37.137, GPU-ecc6a1f9-42fe-2932-7ea0-1dd285491b7b, 5, 0, 405, 28, 26.09
2026/09/08 21:42:37.340, GPU-ecc6a1f9-42fe-2932-7ea0-1dd285491b7b, 5, 0, 405, 28, 26.09
2026/09/08 21:42:37.545, GPU-ecc6a1f9-42fe-2932-7ea0-1dd285491b7b, 5, 0, 405, 28, 26.09
2026/09/08 21:42:37.749, GPU-ecc6a1f9-42fe-2932-7ea0-1dd285491b7b, 5, 0, 405, 28, 26.09
2026/09/08 21:42:37.952, GPU-ecc6a1f9-42fe-2932-7ea0-1dd285491b7b, 5, 0, 405, 28, 26.09
2026/09/08 21:42:38.156, GPU-ecc6a1f9-42fe-2932-7ea0-1dd285491b7b, 5, 0, 405, 28, 26.09
2026/09/08 21:42:38.359, GPU-ecc6a1f9-42fe-2932-7ea0-1dd285491b7b, 5, 0, 405, 28, 26.09
2026/09/08 21:42:38.565, GPU-ecc6a1f9-42fe-2932-7ea0-1dd285491b7b, 5, 0, 405, 28, 25.85
2026/09/08 21:42:38.768, GPU-ecc6a1f9-42fe-2932-7ea0-1dd285491b7b, 5, 0, 405, 28, 26.09
2026/09/08 21:42:38.972, GPU-ecc6a1f9-42fe-2932-7ea0-1dd285491b7b, 5, 0, 405, 28, 26.09
2026/09/08 21:42:39.175, GPU-ecc6a1f9-42fe-2932-7ea0-1dd285491b7b, 5, 0, 405, 28, 26.09
2026/09/08 21:42:39.379, GPU-ecc6a1f9-42fe-2932-7ea0-1dd285491b7b, 5, 0, 405, 28, 26.09
2026/09/08 21:42:39.584, GPU-ecc6a1f9-42fe-2932-7ea0-1dd285491b7b, 5, 0, 405, 28, 26.09
2026/09/08 21:42:39.788, GPU-ecc6a1f9-42fe-2932-7ea0-1dd285491b7b, 5, 0, 405, 28, 26.09
2026/09/08 21:42:39.992, GPU-ecc6a1f9-42fe-2932-7ea0-1dd285491b7b, 5, 0, 405, 28, 25.85
2026/09/08 21:42:40.195, GPU-ecc6a1f9-42fe-2932-7ea0-1dd285491b7b, 5, 0, 405, 28, 26.09
2026/09/08 21:42:40.399, GPU-ecc6a1f9-42fe-2932-7ea0-1dd285491b7b, 5, 0, 405, 28, 25.85
2026/09/08 21:42:40.604, GPU-ecc6a1f9-42fe-2932-7ea0-1dd285491b7b, 5, 0, 405, 28, 26.09
2026/09/08 21:42:40.807, GPU-ecc6a1f9-42fe-2932-7ea0-1dd285491b7b, 5, 0, 405, 28, 26.09
2026/09/08 21:42:41.011, GPU-ecc6a1f9-42fe-2932-7ea0-1dd285491b7b, 5, 0, 405, 28, 26.09
2026/09/08 21:42:41.214, GPU-ecc6a1f9-42fe-2932-7ea0-1dd285491b7b, 5, 0, 405, 28, 26.09
2026/09/08 21:42:41.418, GPU-ecc6a1f9-42fe-2932-7ea0-1dd285491b7b, 5, 0, 405, 28, 26.09
2026/09/08 21:42:41.624, GPU-ecc6a1f9-42fe-2932-7ea0-1dd285491b7b, 5, 0, 405, 28, 26.09
2026/09/08 21:42:41.828, GPU-ecc6a1f9-42fe-2932-7ea0-1dd285491b7b, 5, 0, 405, 28, 26.09
2026/09/08 21:42:42.031, GPU-ecc6a1f9-42fe-2932-7ea0-1dd285491b7b, 5, 0, 405, 28, 26.09
2026/09/08 21:42:42.235, GPU-ecc6a1f9-42fe-2932-7ea0-1dd285491b7b, 5, 0, 405, 28, 26.09
2026/09/08 21:42:42.438, GPU-ecc6a1f9-42fe-2932-7ea0-1dd285491b7b, 5, 0, 405, 28, 26.09
2026/09/08 21:42:42.642, GPU-ecc6a1f9-42fe-2932-7ea0-1dd285491b7b, 5, 0, 405, 28, 26.09
2026/09/08 21:42:42.847, GPU-ecc6a1f9-42fe-2932-7ea0-1dd285491b7b, 5, 0, 405, 28, 26.09
2026/09/08 21:42:43.051, GPU-ecc6a1f9-42fe-2932-7ea0-1dd285491b7b, 5, 0, 405, 28, 26.09
2026/09/08 21:42:43.254, GPU-ecc6a1f9-42fe-2932-7ea0-1dd285491b7b, 5, 0, 405, 28, 26.09
2026/09/08 21:42:43.458, GPU-ecc6a1f9-42fe-2932-7ea0-1dd285491b7b, 5, 0, 405, 28, 26.09
2026/09/08 21:42:43.661, GPU-ecc6a1f9-42fe-2932-7ea0-1dd285491b7b, 5, 0, 405, 28, 26.09
2026/09/08 21:42:43.865, GPU-ecc6a1f9-42fe-2932-7ea0-1dd285491b7b, 5, 0, 405, 28, 26.09
2026/09/08 21:42:44.071, GPU-ecc6a1f9-42fe-2932-7ea0-1dd285491b7b, 5, 0, 405, 28, 26.09
2026/09/08 21:42:44.274, GPU-ecc6a1f9-42fe-2932-7ea0-1dd285491b7b, 5, 0, 405, 28, 26.09
2026/09/08 21:42:44.478, GPU-ecc6a1f9-42fe-2932-7ea0-1dd285491b7b, 5, 0, 405, 28, 26.09
2026/09/08 21:42:44.681, GPU-ecc6a1f9-42fe-2932-7ea0-1dd285491b7b, 5, 0, 405, 28, 25.85
2026/09/08 21:42:44.885, GPU-ecc6a1f9-42fe-2932-7ea0-1dd285491b7b, 5, 0, 405, 28, 26.09
2026/09/08 21:42:45.092, GPU-ecc6a1f9-42fe-2932-7ea0-1dd285491b7b, 5, 0, 405, 28, 26.09
2026/09/08 21:42:45.295, GPU-ecc6a1f9-42fe-2932-7ea0-1dd285491b7b, 5, 0, 405, 28, 25.85
2026/09/08 21:42:45.499, GPU-ecc6a1f9-42fe-2932-7ea0-1dd285491b7b, 5, 0, 405, 28, 26.09
2026/09/08 21:42:45.702, GPU-ecc6a1f9-42fe-2932-7ea0-1dd285491b7b, 5, 0, 405, 28, 26.09
2026/09/08 21:42:45.906, GPU-ecc6a1f9-42fe-2932-7ea0-1dd285491b7b, 5, 0, 405, 28, 26.09
2026/09/08 21:42:46.111, GPU-ecc6a1f9-42fe-2932-7ea0-1dd285491b7b, 5, 0, 405, 28, 26.09
2026/09/08 21:42:46.314, GPU-ecc6a1f9-42fe-2932-7ea0-1dd285491b7b, 5, 0, 405, 28, 26.09
2026/09/08 21:42:46.518, GPU-ecc6a1f9-42fe-2932-7ea0-1dd285491b7b, 5, 0, 405, 28, 26.09
2026/09/08 21:42:46.721, GPU-ecc6a1f9-42fe-2932-7ea0-1dd285491b7b, 5, 0, 405, 28, 26.09
2026/09/08 21:42:46.925, GPU-ecc6a1f9-42fe-2932-7ea0-1dd285491b7b, 5, 0, 405, 28, 26.09
2026/09/08 21:42:47.131, GPU-ecc6a1f9-42fe-2932-7ea0-1dd285491b7b, 5, 0, 405, 28, 26.09
2026/09/08 21:42:47.334, GPU-ecc6a1f9-42fe-2932-7ea0-1dd285491b7b, 5, 0, 405, 28, 26.09
2026/09/08 21:42:47.538, GPU-ecc6a1f9-42fe-2932-7ea0-1dd285491b7b, 5, 0, 405, 28, 26.09
2026/09/08 21:42:47.741, GPU-ecc6a1f9-42fe-2932-7ea0-1dd285491b7b, 5, 0, 405, 28, 26.09
2026/09/08 21:42:47.945, GPU-ecc6a1f9-42fe-2932-7ea0-1dd285491b7b, 5, 0, 405, 28, 26.09
2026/09/08 21:42:48.151, GPU-ecc6a1f9-42fe-2932-7ea0-1dd285491b7b, 5, 0, 405, 28, 26.09
2026/09/08 21:42:48.355, GPU-ecc6a1f9-42fe-2932-7ea0-1dd285491b7b, 5, 0, 405, 28, 26.09
2026/09/08 21:42:48.558, GPU-ecc6a1f9-42fe-2932-7ea0-1dd285491b7b, 5, 0, 405, 28, 26.09
2026/09/08 21:42:48.762, GPU-ecc6a1f9-42fe-2932-7ea0-1dd285491b7b, 5, 0, 405, 28, 26.09
2026/09/08 21:42:48.965, GPU-ecc6a1f9-42fe-2932-7ea0-1dd285491b7b, 5, 0, 405, 28, 26.09
2026/09/08 21:42:49.171, GPU-ecc6a1f9-42fe-2932-7ea0-1dd285491b7b, 5, 0, 405, 28, 26.09
2026/09/08 21:42:49.374, GPU-ecc6a1f9-42fe-2932-7ea0-1dd285491b7b, 5, 0, 405, 28, 26.09
2026/09/08 21:42:49.578, GPU-ecc6a1f9-42fe-2932-7ea0-1dd285491b7b, 5, 0, 405, 28, 26.09
2026/09/08 21:42:49.782, GPU-ecc6a1f9-42fe-2932-7ea0-1dd285491b7b, 5, 0, 405, 28, 26.09
2026/09/08 21:42:49.985, GPU-ecc6a1f9-42fe-2932-7ea0-1dd285491b7b, 5, 0, 405, 28, 26.09
2026/09/08 21:42:50.190, GPU-ecc6a1f9-42fe-2932-7ea0-1dd285491b7b, 5, 0, 405, 28, 26.09
2026/09/08 21:42:50.394, GPU-ecc6a1f9-42fe-2932-7ea0-1dd285491b7b, 5, 0, 405, 28, 26.09
2026/09/08 21:42:50.598, GPU-ecc6a1f9-42fe-2932-7ea0-1dd285491b7b, 5, 0, 405, 28, 26.09
2026/09/08 21:42:50.801, GPU-ecc6a1f9-42fe-2932-7ea0-1dd285491b7b, 5, 0, 405, 28, 26.09
2026/09/08 21:42:51.005, GPU-ecc6a1f9-42fe-2932-7ea0-1dd285491b7b, 5, 0, 405, 28, 26.09
2026/09/08 21:42:51.210, GPU-ecc6a1f9-42fe-2932-7ea0-1dd285491b7b, 5, 0, 405, 28, 26.09
2026/09/08 21:42:51.413, GPU-ecc6a1f9-42fe-2932-7ea0-1dd285491b7b, 5, 0, 405, 28, 26.09
2026/09/08 21:42:51.617, GPU-ecc6a1f9-42fe-2932-7ea0-1dd285491b7b, 5, 0, 405, 28, 26.09
2026/09/08 21:42:51.820, GPU-ecc6a1f9-42fe-2932-7ea0-1dd285491b7b, 5, 0, 405, 28, 25.85
2026/09/08 21:42:52.024, GPU-ecc6a1f9-42fe-2932-7ea0-1dd285491b7b, 5, 0, 405, 28, 26.09
2026/09/08 21:42:52.229, GPU-ecc6a1f9-42fe-2932-7ea0-1dd285491b7b, 5, 0, 405, 28, 26.09
2026/09/08 21:42:52.433, GPU-ecc6a1f9-42fe-2932-7ea0-1dd285491b7b, 5, 0, 405, 28, 26.09
2026/09/08 21:42:52.636, GPU-ecc6a1f9-42fe-2932-7ea0-1dd285491b7b, 5, 0, 405, 28, 25.85
2026/09/08 21:42:52.840, GPU-ecc6a1f9-42fe-2932-7ea0-1dd285491b7b, 5, 0, 405, 28, 26.09
2026/09/08 21:42:53.043, GPU-ecc6a1f9-42fe-2932-7ea0-1dd285491b7b, 5, 0, 405, 28, 26.09
2026/09/08 21:42:53.248, GPU-ecc6a1f9-42fe-2932-7ea0-1dd285491b7b, 5, 0, 405, 28, 25.85
2026/09/08 21:42:53.452, GPU-ecc6a1f9-42fe-2932-7ea0-1dd285491b7b, 5, 0, 405, 28, 26.09
2026/09/08 21:42:53.655, GPU-ecc6a1f9-42fe-2932-7ea0-1dd285491b7b, 5, 0, 405, 28, 25.85
2026/09/08 21:42:53.859, GPU-ecc6a1f9-42fe-2932-7ea0-1dd285491b7b, 5, 0, 405, 28, 26.09
2026/09/08 21:42:54.063, GPU-ecc6a1f9-42fe-2932-7ea0-1dd285491b7b, 5, 0, 405, 28, 25.85
2026/09/08 21:42:54.268, GPU-ecc6a1f9-42fe-2932-7ea0-1dd285491b7b, 5, 0, 405, 28, 25.85
2026/09/08 21:42:54.471, GPU-ecc6a1f9-42fe-2932-7ea0-1dd285491b7b, 5, 0, 405, 28, 26.09
2026/09/08 21:42:54.675, GPU-ecc6a1f9-42fe-2932-7ea0-1dd285491b7b, 5, 0, 405, 28, 26.09
2026/09/08 21:42:54.878, GPU-ecc6a1f9-42fe-2932-7ea0-1dd285491b7b, 5, 0, 405, 28, 26.09
2026/09/08 21:42:55.082, GPU-ecc6a1f9-42fe-2932-7ea0-1dd285491b7b, 5, 0, 405, 28, 26.09
2026/09/08 21:42:55.287, GPU-ecc6a1f9-42fe-2932-7ea0-1dd285491b7b, 5, 0, 405, 28, 26.09
2026/09/08 21:42:55.490, GPU-ecc6a1f9-42fe-2932-7ea0-1dd285491b7b, 5, 0, 405, 28, 26.09
2026/09/08 21:42:55.694, GPU-ecc6a1f9-42fe-2932-7ea0-1dd285491b7b, 5, 0, 405, 28, 26.09
2026/09/08 21:42:55.898, GPU-ecc6a1f9-42fe-2932-7ea0-1dd285491b7b, 5, 0, 405, 28, 26.09
2026/09/08 21:42:56.101, GPU-ecc6a1f9-42fe-2932-7ea0-1dd285491b7b, 5, 0, 405, 28, 26.09
2026/09/08 21:42:56.307, GPU-ecc6a1f9-42fe-2932-7ea0-1dd285491b7b, 5, 0, 405, 28, 26.09
2026/09/08 21:42:56.510, GPU-ecc6a1f9-42fe-2932-7ea0-1dd285491b7b, 5, 0, 405, 28, 26.09
2026/09/08 21:42:56.714, GPU-ecc6a1f9-42fe-2932-7ea0-1dd285491b7b, 5, 0, 405, 28, 26.09
2026/09/08 21:42:56.917, GPU-ecc6a1f9-42fe-2932-7ea0-1dd285491b7b, 5, 0, 405, 28, 26.09
2026/09/08 21:42:57.121, GPU-ecc6a1f9-42fe-2932-7ea0-1dd285491b7b, 5, 0, 405, 28, 26.09
2026/09/08 21:42:57.326, GPU-ecc6a1f9-42fe-2932-7ea0-1dd285491b7b, 5, 0, 405, 28, 26.09
2026/09/08 21:42:57.530, GPU-ecc6a1f9-42fe-2932-7ea0-1dd285491b7b, 5, 0, 405, 28, 26.09
2026/09/08 21:42:57.733, GPU-ecc6a1f9-42fe-2932-7ea0-1dd285491b7b, 5, 0, 405, 28, 26.09
2026/09/08 21:42:57.937, GPU-ecc6a1f9-42fe-2932-7ea0-1dd285491b7b, 5, 0, 405, 28, 26.09
2026/09/08 21:42:58.140, GPU-ecc6a1f9-42fe-2932-7ea0-1dd285491b7b, 5, 0, 405, 28, 26.09
2026/09/08 21:42:58.345, GPU-ecc6a1f9-42fe-2932-7ea0-1dd285491b7b, 5, 0, 405, 28, 26.09
2026/09/08 21:42:58.549, GPU-ecc6a1f9-42fe-2932-7ea0-1dd285491b7b, 5, 0, 405, 28, 26.09
2026/09/08 21:42:58.752, GPU-ecc6a1f9-42fe-2932-7ea0-1dd285491b7b, 5, 0, 405, 28, 26.09
2026/09/08 21:42:58.956, GPU-ecc6a1f9-42fe-2932-7ea0-1dd285491b7b, 5, 0, 405, 28, 26.09
2026/09/08 21:42:59.160, GPU-ecc6a1f9-42fe-2932-7ea0-1dd285491b7b, 5, 0, 405, 28, 26.09
2026/09/08 21:42:59.365, GPU-ecc6a1f9-42fe-2932-7ea0-1dd285491b7b, 5, 0, 405, 28, 26.09
2026/09/08 21:42:59.568, GPU-ecc6a1f9-42fe-2932-7ea0-1dd285491b7b, 5, 0, 405, 28, 26.09
2026/09/08 21:42:59.772, GPU-ecc6a1f9-42fe-2932-7ea0-1dd285491b7b, 5, 0, 405, 28, 26.09
2026/09/08 21:42:59.975, GPU-ecc6a1f9-42fe-2932-7ea0-1dd285491b7b, 5, 0, 405, 28, 26.09
2026/09/08 21:43:00.179, GPU-ecc6a1f9-42fe-2932-7ea0-1dd285491b7b, 5, 0, 405, 28, 25.85
2026/09/08 21:43:00.384, GPU-ecc6a1f9-42fe-2932-7ea0-1dd285491b7b, 5, 0, 405, 28, 26.09
2026/09/08 21:43:00.588, GPU-ecc6a1f9-42fe-2932-7ea0-1dd285491b7b, 5, 0, 405, 28, 25.85
2026/09/08 21:43:00.791, GPU-ecc6a1f9-42fe-2932-7ea0-1dd285491b7b, 5, 0, 405, 28, 26.09
2026/09/08 21:43:00.995, GPU-ecc6a1f9-42fe-2932-7ea0-1dd285491b7b, 5, 0, 405, 28, 25.85
2026/09/08 21:43:01.198, GPU-ecc6a1f9-42fe-2932-7ea0-1dd285491b7b, 5, 0, 405, 28, 26.09
2026/09/08 21:43:01.404, GPU-ecc6a1f9-42fe-2932-7ea0-1dd285491b7b, 5, 0, 405, 28, 26.09
2026/09/08 21:43:01.607, GPU-ecc6a1f9-42fe-2932-7ea0-1dd285491b7b, 5, 0, 405, 28, 26.09
2026/09/08 21:43:01.811, GPU-ecc6a1f9-42fe-2932-7ea0-1dd285491b7b, 5, 0, 405, 28, 26.09
2026/09/08 21:43:02.014, GPU-ecc6a1f9-42fe-2932-7ea0-1dd285491b7b, 5, 0, 405, 28, 26.09
2026/09/08 21:43:02.218, GPU-ecc6a1f9-42fe-2932-7ea0-1dd285491b7b, 5, 0, 405, 28, 26.09
2026/09/08 21:43:02.423, GPU-ecc6a1f9-42fe-2932-7ea0-1dd285491b7b, 5, 0, 405, 28, 26.09
2026/09/08 21:43:02.626, GPU-ecc6a1f9-42fe-2932-7ea0-1dd285491b7b, 5, 0, 405, 28, 26.09
2026/09/08 21:43:02.830, GPU-ecc6a1f9-42fe-2932-7ea0-1dd285491b7b, 5, 0, 405, 28, 26.09
2026/09/08 21:43:03.033, GPU-ecc6a1f9-42fe-2932-7ea0-1dd285491b7b, 5, 0, 405, 28, 26.09
2026/09/08 21:43:03.237, GPU-ecc6a1f9-42fe-2932-7ea0-1dd285491b7b, 5, 0, 405, 28, 26.09
2026/09/08 21:43:03.442, GPU-ecc6a1f9-42fe-2932-7ea0-1dd285491b7b, 5, 0, 405, 28, 26.09
2026/09/08 21:43:03.646, GPU-ecc6a1f9-42fe-2932-7ea0-1dd285491b7b, 5, 0, 405, 28, 26.09
2026/09/08 21:43:03.849, GPU-ecc6a1f9-42fe-2932-7ea0-1dd285491b7b, 5, 0, 405, 28, 26.09
2026/09/08 21:43:04.053, GPU-ecc6a1f9-42fe-2932-7ea0-1dd285491b7b, 5, 0, 405, 28, 26.09
2026/09/08 21:43:04.257, GPU-ecc6a1f9-42fe-2932-7ea0-1dd285491b7b, 5, 0, 405, 28, 26.09
2026/09/08 21:43:04.460, GPU-ecc6a1f9-42fe-2932-7ea0-1dd285491b7b, 5, 0, 405, 28, 25.85
2026/09/08 21:43:04.666, GPU-ecc6a1f9-42fe-2932-7ea0-1dd285491b7b, 5, 0, 405, 28, 25.85
2026/09/08 21:43:04.869, GPU-ecc6a1f9-42fe-2932-7ea0-1dd285491b7b, 5, 0, 405, 28, 26.09
2026/09/08 21:43:05.073, GPU-ecc6a1f9-42fe-2932-7ea0-1dd285491b7b, 5, 0, 405, 28, 26.09
2026/09/08 21:43:05.276, GPU-ecc6a1f9-42fe-2932-7ea0-1dd285491b7b, 5, 0, 405, 28, 26.09
2026/09/08 21:43:05.480, GPU-ecc6a1f9-42fe-2932-7ea0-1dd285491b7b, 5, 0, 405, 28, 25.85
2026/09/08 21:43:05.685, GPU-ecc6a1f9-42fe-2932-7ea0-1dd285491b7b, 5, 0, 405, 28, 25.85
2026/09/08 21:43:05.889, GPU-ecc6a1f9-42fe-2932-7ea0-1dd285491b7b, 5, 0, 405, 28, 26.09
2026/09/08 21:43:06.093, GPU-ecc6a1f9-42fe-2932-7ea0-1dd285491b7b, 5, 0, 405, 28, 26.09
2026/09/08 21:43:06.296, GPU-ecc6a1f9-42fe-2932-7ea0-1dd285491b7b, 5, 0, 405, 28, 25.85
2026/09/08 21:43:06.500, GPU-ecc6a1f9-42fe-2932-7ea0-1dd285491b7b, 5, 0, 405, 28, 26.09
2026/09/08 21:43:06.703, GPU-ecc6a1f9-42fe-2932-7ea0-1dd285491b7b, 5, 0, 405, 28, 26.09
2026/09/08 21:43:06.907, GPU-ecc6a1f9-42fe-2932-7ea0-1dd285491b7b, 5, 0, 405, 28, 26.09
2026/09/08 21:43:07.112, GPU-ecc6a1f9-42fe-2932-7ea0-1dd285491b7b, 5, 0, 405, 28, 26.09
2026/09/08 21:43:07.315, GPU-ecc6a1f9-42fe-2932-7ea0-1dd285491b7b, 5, 0, 405, 28, 26.09
2026/09/08 21:43:07.519, GPU-ecc6a1f9-42fe-2932-7ea0-1dd285491b7b, 5, 0, 405, 28, 26.09
2026/09/08 21:43:07.722, GPU-ecc6a1f9-42fe-2932-7ea0-1dd285491b7b, 5, 0, 405, 28, 26.09
2026/09/08 21:43:07.926, GPU-ecc6a1f9-42fe-2932-7ea0-1dd285491b7b, 5, 0, 405, 28, 26.09
2026/09/08 21:43:08.131, GPU-ecc6a1f9-42fe-2932-7ea0-1dd285491b7b, 5, 0, 405, 28, 26.09
2026/09/08 21:43:08.334, GPU-ecc6a1f9-42fe-2932-7ea0-1dd285491b7b, 5, 0, 405, 28, 26.09
2026/09/08 21:43:08.538, GPU-ecc6a1f9-42fe-2932-7ea0-1dd285491b7b, 5, 0, 405, 28, 26.09
2026/09/08 21:43:08.741, GPU-ecc6a1f9-42fe-2932-7ea0-1dd285491b7b, 5, 0, 405, 28, 26.09
2026/09/08 21:43:08.945, GPU-ecc6a1f9-42fe-2932-7ea0-1dd285491b7b, 5, 0, 405, 28, 26.09
2026/09/08 21:43:09.150, GPU-ecc6a1f9-42fe-2932-7ea0-1dd285491b7b, 5, 0, 405, 28, 26.09
2026/09/08 21:43:09.354, GPU-ecc6a1f9-42fe-2932-7ea0-1dd285491b7b, 5, 0, 405, 28, 26.09
2026/09/08 21:43:09.557, GPU-ecc6a1f9-42fe-2932-7ea0-1dd285491b7b, 5, 0, 405, 28, 26.09
2026/09/08 21:43:09.761, GPU-ecc6a1f9-42fe-2932-7ea0-1dd285491b7b, 5, 0, 405, 28, 26.09
2026/09/08 21:43:09.964, GPU-ecc6a1f9-42fe-2932-7ea0-1dd285491b7b, 5, 0, 405, 28, 26.09
2026/09/08 21:43:10.170, GPU-ecc6a1f9-42fe-2932-7ea0-1dd285491b7b, 5, 0, 405, 28, 26.09
2026/09/08 21:43:10.374, GPU-ecc6a1f9-42fe-2932-7ea0-1dd285491b7b, 5, 0, 405, 28, 26.09
2026/09/08 21:43:10.577, GPU-ecc6a1f9-42fe-2932-7ea0-1dd285491b7b, 5, 0, 405, 28, 26.09
2026/09/08 21:43:10.781, GPU-ecc6a1f9-42fe-2932-7ea0-1dd285491b7b, 5, 0, 405, 28, 26.09
2026/09/08 21:43:10.984, GPU-ecc6a1f9-42fe-2932-7ea0-1dd285491b7b, 5, 0, 405, 28, 26.09
2026/09/08 21:43:11.190, GPU-ecc6a1f9-42fe-2932-7ea0-1dd285491b7b, 5, 0, 405, 28, 26.09
2026/09/08 21:43:11.394, GPU-ecc6a1f9-42fe-2932-7ea0-1dd285491b7b, 5, 0, 405, 28, 25.85
2026/09/08 21:43:11.597, GPU-ecc6a1f9-42fe-2932-7ea0-1dd285491b7b, 5, 0, 405, 28, 26.09
2026/09/08 21:43:11.801, GPU-ecc6a1f9-42fe-2932-7ea0-1dd285491b7b, 5, 0, 405, 28, 25.85
2026/09/08 21:43:12.005, GPU-ecc6a1f9-42fe-2932-7ea0-1dd285491b7b, 5, 0, 405, 28, 26.09
2026/09/08 21:43:12.210, GPU-ecc6a1f9-42fe-2932-7ea0-1dd285491b7b, 5, 0, 405, 28, 26.09
2026/09/08 21:43:12.413, GPU-ecc6a1f9-42fe-2932-7ea0-1dd285491b7b, 5, 0, 405, 28, 26.09
2026/09/08 21:43:12.617, GPU-ecc6a1f9-42fe-2932-7ea0-1dd285491b7b, 5, 0, 405, 28, 26.09
2026/09/08 21:43:12.821, GPU-ecc6a1f9-42fe-2932-7ea0-1dd285491b7b, 5, 0, 405, 28, 25.85
2026/09/08 21:43:13.024, GPU-ecc6a1f9-42fe-2932-7ea0-1dd285491b7b, 5, 0, 405, 28, 25.85
2026/09/08 21:43:13.229, GPU-ecc6a1f9-42fe-2932-7ea0-1dd285491b7b, 5, 0, 405, 28, 26.09
2026/09/08 21:43:13.433, GPU-ecc6a1f9-42fe-2932-7ea0-1dd285491b7b, 5, 0, 405, 28, 26.09
2026/09/08 21:43:13.636, GPU-ecc6a1f9-42fe-2932-7ea0-1dd285491b7b, 5, 0, 405, 28, 26.09
2026/09/08 21:43:13.840, GPU-ecc6a1f9-42fe-2932-7ea0-1dd285491b7b, 5, 0, 405, 28, 25.85
2026/09/08 21:43:14.043, GPU-ecc6a1f9-42fe-2932-7ea0-1dd285491b7b, 5, 0, 405, 28, 25.85
2026/09/08 21:43:14.249, GPU-ecc6a1f9-42fe-2932-7ea0-1dd285491b7b, 5, 0, 405, 28, 26.09
2026/09/08 21:43:14.452, GPU-ecc6a1f9-42fe-2932-7ea0-1dd285491b7b, 5, 0, 405, 28, 25.85
2026/09/08 21:43:14.656, GPU-ecc6a1f9-42fe-2932-7ea0-1dd285491b7b, 5, 0, 405, 28, 26.09
2026/09/08 21:43:14.859, GPU-ecc6a1f9-42fe-2932-7ea0-1dd285491b7b, 5, 0, 405, 28, 26.09
2026/09/08 21:43:15.063, GPU-ecc6a1f9-42fe-2932-7ea0-1dd285491b7b, 5, 0, 405, 28, 26.09
2026/09/08 21:43:15.268, GPU-ecc6a1f9-42fe-2932-7ea0-1dd285491b7b, 5, 0, 405, 28, 26.09
2026/09/08 21:43:15.472, GPU-ecc6a1f9-42fe-2932-7ea0-1dd285491b7b, 5, 0, 405, 28, 26.09
2026/09/08 21:43:15.675, GPU-ecc6a1f9-42fe-2932-7ea0-1dd285491b7b, 5, 0, 405, 28, 26.09
2026/09/08 21:43:15.879, GPU-ecc6a1f9-42fe-2932-7ea0-1dd285491b7b, 5, 0, 405, 28, 26.09
2026/09/08 21:43:16.083, GPU-ecc6a1f9-42fe-2932-7ea0-1dd285491b7b, 5, 0, 405, 28, 26.09
2026/09/08 21:43:16.287, GPU-ecc6a1f9-42fe-2932-7ea0-1dd285491b7b, 5, 0, 405, 28, 26.09
2026/09/08 21:43:16.491, GPU-ecc6a1f9-42fe-2932-7ea0-1dd285491b7b, 5, 0, 405, 28, 26.09
2026/09/08 21:43:16.694, GPU-ecc6a1f9-42fe-2932-7ea0-1dd285491b7b, 5, 0, 405, 28, 26.09
2026/09/08 21:43:16.898, GPU-ecc6a1f9-42fe-2932-7ea0-1dd285491b7b, 5, 0, 405, 28, 26.09
2026/09/08 21:43:17.102, GPU-ecc6a1f9-42fe-2932-7ea0-1dd285491b7b, 5, 0, 405, 28, 26.09
2026/09/08 21:43:17.306, GPU-ecc6a1f9-42fe-2932-7ea0-1dd285491b7b, 5, 0, 405, 28, 26.09
2026/09/08 21:43:17.510, GPU-ecc6a1f9-42fe-2932-7ea0-1dd285491b7b, 5, 0, 405, 28, 25.85
2026/09/08 21:43:17.714, GPU-ecc6a1f9-42fe-2932-7ea0-1dd285491b7b, 5, 0, 405, 28, 26.09
2026/09/08 21:43:17.917, GPU-ecc6a1f9-42fe-2932-7ea0-1dd285491b7b, 5, 0, 405, 28, 26.09
2026/09/08 21:43:18.121, GPU-ecc6a1f9-42fe-2932-7ea0-1dd285491b7b, 5, 0, 405, 28, 25.85
2026/09/08 21:43:18.326, GPU-ecc6a1f9-42fe-2932-7ea0-1dd285491b7b, 5, 0, 405, 28, 26.09
2026/09/08 21:43:18.530, GPU-ecc6a1f9-42fe-2932-7ea0-1dd285491b7b, 5, 0, 405, 28, 25.85
2026/09/08 21:43:18.733, GPU-ecc6a1f9-42fe-2932-7ea0-1dd285491b7b, 5, 0, 405, 28, 26.09
2026/09/08 21:43:18.937, GPU-ecc6a1f9-42fe-2932-7ea0-1dd285491b7b, 5, 0, 405, 28, 26.09
2026/09/08 21:43:19.140, GPU-ecc6a1f9-42fe-2932-7ea0-1dd285491b7b, 5, 0, 405, 28, 26.09
2026/09/08 21:43:19.345, GPU-ecc6a1f9-42fe-2932-7ea0-1dd285491b7b, 5, 0, 405, 28, 26.09
2026/09/08 21:43:19.549, GPU-ecc6a1f9-42fe-2932-7ea0-1dd285491b7b, 5, 0, 405, 28, 25.85
2026/09/08 21:43:19.752, GPU-ecc6a1f9-42fe-2932-7ea0-1dd285491b7b, 5, 0, 405, 28, 26.09
2026/09/08 21:43:19.956, GPU-ecc6a1f9-42fe-2932-7ea0-1dd285491b7b, 5, 0, 405, 28, 26.09
2026/09/08 21:43:20.159, GPU-ecc6a1f9-42fe-2932-7ea0-1dd285491b7b, 5, 0, 405, 28, 25.85
2026/09/08 21:43:20.365, GPU-ecc6a1f9-42fe-2932-7ea0-1dd285491b7b, 5, 0, 405, 28, 25.85
2026/09/08 21:43:20.568, GPU-ecc6a1f9-42fe-2932-7ea0-1dd285491b7b, 5, 0, 405, 28, 25.85
2026/09/08 21:43:20.772, GPU-ecc6a1f9-42fe-2932-7ea0-1dd285491b7b, 5, 0, 405, 28, 25.85
2026/09/08 21:43:20.975, GPU-ecc6a1f9-42fe-2932-7ea0-1dd285491b7b, 5, 0, 405, 28, 26.09
2026/09/08 21:43:21.179, GPU-ecc6a1f9-42fe-2932-7ea0-1dd285491b7b, 5, 0, 405, 28, 26.09
2026/09/08 21:43:21.384, GPU-ecc6a1f9-42fe-2932-7ea0-1dd285491b7b, 5, 0, 405, 28, 26.09
2026/09/08 21:43:21.587, GPU-ecc6a1f9-42fe-2932-7ea0-1dd285491b7b, 5, 0, 405, 28, 26.09
2026/09/08 21:43:21.791, GPU-ecc6a1f9-42fe-2932-7ea0-1dd285491b7b, 5, 0, 405, 28, 26.09
2026/09/08 21:43:21.994, GPU-ecc6a1f9-42fe-2932-7ea0-1dd285491b7b, 5, 0, 405, 28, 26.09
2026/09/08 21:43:22.198, GPU-ecc6a1f9-42fe-2932-7ea0-1dd285491b7b, 5, 0, 405, 28, 25.85
2026/09/08 21:43:22.404, GPU-ecc6a1f9-42fe-2932-7ea0-1dd285491b7b, 5, 0, 405, 28, 26.09
2026/09/08 21:43:22.607, GPU-ecc6a1f9-42fe-2932-7ea0-1dd285491b7b, 5, 0, 405, 28, 26.09
2026/09/08 21:43:22.811, GPU-ecc6a1f9-42fe-2932-7ea0-1dd285491b7b, 5, 0, 405, 28, 26.09
2026/09/08 21:43:23.014, GPU-ecc6a1f9-42fe-2932-7ea0-1dd285491b7b, 5, 0, 405, 28, 26.09
2026/09/08 21:43:23.218, GPU-ecc6a1f9-42fe-2932-7ea0-1dd285491b7b, 5, 0, 405, 28, 25.85
2026/09/08 21:43:23.423, GPU-ecc6a1f9-42fe-2932-7ea0-1dd285491b7b, 5, 0, 405, 28, 25.85
2026/09/08 21:43:23.626, GPU-ecc6a1f9-42fe-2932-7ea0-1dd285491b7b, 5, 0, 405, 28, 25.85
2026/09/08 21:43:23.830, GPU-ecc6a1f9-42fe-2932-7ea0-1dd285491b7b, 5, 0, 405, 28, 25.85
2026/09/08 21:43:24.034, GPU-ecc6a1f9-42fe-2932-7ea0-1dd285491b7b, 5, 0, 405, 28, 25.85
2026/09/08 21:43:24.237, GPU-ecc6a1f9-42fe-2932-7ea0-1dd285491b7b, 5, 0, 405, 28, 26.09
2026/09/08 21:43:24.442, GPU-ecc6a1f9-42fe-2932-7ea0-1dd285491b7b, 5, 0, 405, 28, 26.09
2026/09/08 21:43:24.646, GPU-ecc6a1f9-42fe-2932-7ea0-1dd285491b7b, 5, 0, 405, 28, 25.85
2026/09/08 21:43:24.849, GPU-ecc6a1f9-42fe-2932-7ea0-1dd285491b7b, 5, 0, 405, 28, 26.09
2026/09/08 21:43:25.053, GPU-ecc6a1f9-42fe-2932-7ea0-1dd285491b7b, 5, 0, 405, 28, 25.85
2026/09/08 21:43:25.256, GPU-ecc6a1f9-42fe-2932-7ea0-1dd285491b7b, 5, 0, 405, 28, 25.85
2026/09/08 21:43:25.461, GPU-ecc6a1f9-42fe-2932-7ea0-1dd285491b7b, 5, 0, 405, 28, 26.09
2026/09/08 21:43:25.665, GPU-ecc6a1f9-42fe-2932-7ea0-1dd285491b7b, 5, 0, 405, 28, 26.09
2026/09/08 21:43:25.868, GPU-ecc6a1f9-42fe-2932-7ea0-1dd285491b7b, 5, 0, 405, 28, 26.09
2026/09/08 21:43:26.072, GPU-ecc6a1f9-42fe-2932-7ea0-1dd285491b7b, 5, 0, 405, 28, 25.85
2026/09/08 21:43:26.275, GPU-ecc6a1f9-42fe-2932-7ea0-1dd285491b7b, 5, 0, 405, 28, 25.85
2026/09/08 21:43:26.479, GPU-ecc6a1f9-42fe-2932-7ea0-1dd285491b7b, 5, 0, 405, 28, 26.09
2026/09/08 21:43:26.685, GPU-ecc6a1f9-42fe-2932-7ea0-1dd285491b7b, 5, 0, 405, 28, 25.85
2026/09/08 21:43:26.888, GPU-ecc6a1f9-42fe-2932-7ea0-1dd285491b7b, 5, 0, 405, 28, 26.09
2026/09/08 21:43:27.092, GPU-ecc6a1f9-42fe-2932-7ea0-1dd285491b7b, 5, 0, 405, 28, 25.85
2026/09/08 21:43:27.295, GPU-ecc6a1f9-42fe-2932-7ea0-1dd285491b7b, 5, 0, 405, 28, 26.09
2026/09/08 21:43:27.499, GPU-ecc6a1f9-42fe-2932-7ea0-1dd285491b7b, 5, 0, 405, 28, 25.85
2026/09/08 21:43:27.706, GPU-ecc6a1f9-42fe-2932-7ea0-1dd285491b7b, 5, 0, 405, 28, 26.09
2026/09/08 21:43:27.909, GPU-ecc6a1f9-42fe-2932-7ea0-1dd285491b7b, 5, 0, 405, 28, 25.85
2026/09/08 21:43:28.113, GPU-ecc6a1f9-42fe-2932-7ea0-1dd285491b7b, 5, 0, 405, 28, 26.09
2026/09/08 21:43:28.316, GPU-ecc6a1f9-42fe-2932-7ea0-1dd285491b7b, 5, 0, 405, 28, 25.85
2026/09/08 21:43:28.520, GPU-ecc6a1f9-42fe-2932-7ea0-1dd285491b7b, 5, 0, 405, 28, 25.85
2026/09/08 21:43:28.723, GPU-ecc6a1f9-42fe-2932-7ea0-1dd285491b7b, 5, 0, 405, 28, 25.85
2026/09/08 21:43:28.928, GPU-ecc6a1f9-42fe-2932-7ea0-1dd285491b7b, 5, 0, 405, 28, 25.85
2026/09/08 21:43:29.132, GPU-ecc6a1f9-42fe-2932-7ea0-1dd285491b7b, 5, 0, 405, 28, 25.85
2026/09/08 21:43:29.335, GPU-ecc6a1f9-42fe-2932-7ea0-1dd285491b7b, 5, 0, 405, 28, 25.85
2026/09/08 21:43:29.539, GPU-ecc6a1f9-42fe-2932-7ea0-1dd285491b7b, 5, 0, 405, 28, 25.85
2026/09/08 21:43:29.742, GPU-ecc6a1f9-42fe-2932-7ea0-1dd285491b7b, 5, 0, 405, 28, 25.85
2026/09/08 21:43:29.948, GPU-ecc6a1f9-42fe-2932-7ea0-1dd285491b7b, 5, 0, 405, 28, 25.85
2026/09/08 21:43:30.151, GPU-ecc6a1f9-42fe-2932-7ea0-1dd285491b7b, 5, 0, 405, 28, 25.85
2026/09/08 21:43:30.355, GPU-ecc6a1f9-42fe-2932-7ea0-1dd285491b7b, 5, 0, 405, 28, 26.09
2026/09/08 21:43:30.559, GPU-ecc6a1f9-42fe-2932-7ea0-1dd285491b7b, 5, 0, 405, 28, 25.85
2026/09/08 21:43:30.762, GPU-ecc6a1f9-42fe-2932-7ea0-1dd285491b7b, 5, 0, 405, 28, 25.85
2026/09/08 21:43:30.967, GPU-ecc6a1f9-42fe-2932-7ea0-1dd285491b7b, 5, 0, 405, 28, 25.85
2026/09/08 21:43:31.171, GPU-ecc6a1f9-42fe-2932-7ea0-1dd285491b7b, 5, 0, 405, 28, 25.85
2026/09/08 21:43:31.375, GPU-ecc6a1f9-42fe-2932-7ea0-1dd285491b7b, 5, 0, 405, 28, 25.85
2026/09/08 21:43:31.578, GPU-ecc6a1f9-42fe-2932-7ea0-1dd285491b7b, 5, 0, 405, 28, 25.85
2026/09/08 21:43:31.782, GPU-ecc6a1f9-42fe-2932-7ea0-1dd285491b7b, 5, 0, 405, 28, 26.09
2026/09/08 21:43:31.988, GPU-ecc6a1f9-42fe-2932-7ea0-1dd285491b7b, 5, 0, 405, 28, 25.85
2026/09/08 21:43:32.191, GPU-ecc6a1f9-42fe-2932-7ea0-1dd285491b7b, 5, 0, 405, 28, 26.09
2026/09/08 21:43:32.395, GPU-ecc6a1f9-42fe-2932-7ea0-1dd285491b7b, 5, 0, 405, 28, 26.09
2026/09/08 21:43:32.598, GPU-ecc6a1f9-42fe-2932-7ea0-1dd285491b7b, 5, 0, 405, 28, 25.85
2026/09/08 21:43:32.802, GPU-ecc6a1f9-42fe-2932-7ea0-1dd285491b7b, 5, 0, 405, 28, 25.85
2026/09/08 21:43:33.008, GPU-ecc6a1f9-42fe-2932-7ea0-1dd285491b7b, 5, 0, 405, 28, 26.09
2026/09/08 21:43:33.211, GPU-ecc6a1f9-42fe-2932-7ea0-1dd285491b7b, 5, 0, 405, 28, 25.85
2026/09/08 21:43:33.415, GPU-ecc6a1f9-42fe-2932-7ea0-1dd285491b7b, 5, 0, 405, 28, 26.09
2026/09/08 21:43:33.618, GPU-ecc6a1f9-42fe-2932-7ea0-1dd285491b7b, 5, 0, 405, 28, 26.09
2026/09/08 21:43:33.822, GPU-ecc6a1f9-42fe-2932-7ea0-1dd285491b7b, 5, 0, 405, 28, 25.85
2026/09/08 21:43:34.027, GPU-ecc6a1f9-42fe-2932-7ea0-1dd285491b7b, 5, 0, 405, 28, 26.09
2026/09/08 21:43:34.231, GPU-ecc6a1f9-42fe-2932-7ea0-1dd285491b7b, 5, 0, 405, 28, 25.85
2026/09/08 21:43:34.434, GPU-ecc6a1f9-42fe-2932-7ea0-1dd285491b7b, 5, 0, 405, 28, 26.09
2026/09/08 21:43:34.638, GPU-ecc6a1f9-42fe-2932-7ea0-1dd285491b7b, 5, 0, 405, 28, 26.09
2026/09/08 21:43:34.842, GPU-ecc6a1f9-42fe-2932-7ea0-1dd285491b7b, 5, 0, 405, 28, 25.85
2026/09/08 21:43:35.047, GPU-ecc6a1f9-42fe-2932-7ea0-1dd285491b7b, 5, 0, 405, 28, 26.09
2026/09/08 21:43:35.250, GPU-ecc6a1f9-42fe-2932-7ea0-1dd285491b7b, 5, 0, 405, 28, 26.09
2026/09/08 21:43:35.454, GPU-ecc6a1f9-42fe-2932-7ea0-1dd285491b7b, 5, 0, 405, 28, 25.85
2026/09/08 21:43:35.657, GPU-ecc6a1f9-42fe-2932-7ea0-1dd285491b7b, 5, 0, 405, 28, 26.09
2026/09/08 21:43:35.861, GPU-ecc6a1f9-42fe-2932-7ea0-1dd285491b7b, 5, 0, 405, 28, 25.85
2026/09/08 21:43:36.066, GPU-ecc6a1f9-42fe-2932-7ea0-1dd285491b7b, 5, 0, 405, 28, 25.85
2026/09/08 21:43:36.270, GPU-ecc6a1f9-42fe-2932-7ea0-1dd285491b7b, 5, 0, 405, 28, 26.09
2026/09/08 21:43:36.473, GPU-ecc6a1f9-42fe-2932-7ea0-1dd285491b7b, 5, 0, 405, 28, 26.09
2026/09/08 21:43:36.677, GPU-ecc6a1f9-42fe-2932-7ea0-1dd285491b7b, 5, 0, 405, 28, 26.09
2026/09/08 21:43:36.880, GPU-ecc6a1f9-42fe-2932-7ea0-1dd285491b7b, 5, 0, 405, 28, 26.09
2026/09/08 21:43:37.085, GPU-ecc6a1f9-42fe-2932-7ea0-1dd285491b7b, 5, 0, 405, 28, 26.09
2026/09/08 21:43:37.289, GPU-ecc6a1f9-42fe-2932-7ea0-1dd285491b7b, 5, 0, 405, 28, 26.09
2026/09/08 21:43:37.492, GPU-ecc6a1f9-42fe-2932-7ea0-1dd285491b7b, 5, 0, 405, 28, 25.85
2026/09/08 21:43:37.696, GPU-ecc6a1f9-42fe-2932-7ea0-1dd285491b7b, 5, 0, 405, 28, 26.09
2026/09/08 21:43:37.899, GPU-ecc6a1f9-42fe-2932-7ea0-1dd285491b7b, 5, 0, 405, 28, 26.09
2026/09/08 21:43:38.105, GPU-ecc6a1f9-42fe-2932-7ea0-1dd285491b7b, 5, 0, 405, 28, 26.09
2026/09/08 21:43:38.308, GPU-ecc6a1f9-42fe-2932-7ea0-1dd285491b7b, 5, 0, 405, 28, 25.85
2026/09/08 21:43:38.512, GPU-ecc6a1f9-42fe-2932-7ea0-1dd285491b7b, 5, 0, 405, 28, 25.85
2026/09/08 21:43:38.715, GPU-ecc6a1f9-42fe-2932-7ea0-1dd285491b7b, 5, 0, 405, 28, 26.09
2026/09/08 21:43:38.919, GPU-ecc6a1f9-42fe-2932-7ea0-1dd285491b7b, 5, 0, 405, 28, 26.09
2026/09/08 21:43:39.124, GPU-ecc6a1f9-42fe-2932-7ea0-1dd285491b7b, 5, 0, 405, 28, 25.85
2026/09/08 21:43:39.327, GPU-ecc6a1f9-42fe-2932-7ea0-1dd285491b7b, 5, 0, 405, 28, 25.85
2026/09/08 21:43:39.531, GPU-ecc6a1f9-42fe-2932-7ea0-1dd285491b7b, 5, 0, 405, 28, 25.85
2026/09/08 21:43:39.735, GPU-ecc6a1f9-42fe-2932-7ea0-1dd285491b7b, 5, 0, 405, 28, 25.85
2026/09/08 21:43:39.938, GPU-ecc6a1f9-42fe-2932-7ea0-1dd285491b7b, 5, 0, 405, 28, 25.85
2026/09/08 21:43:40.144, GPU-ecc6a1f9-42fe-2932-7ea0-1dd285491b7b, 5, 0, 405, 28, 25.85
2026/09/08 21:43:40.347, GPU-ecc6a1f9-42fe-2932-7ea0-1dd285491b7b, 5, 0, 405, 28, 25.85
2026/09/08 21:43:40.551, GPU-ecc6a1f9-42fe-2932-7ea0-1dd285491b7b, 5, 0, 405, 28, 25.85
2026/09/08 21:43:40.754, GPU-ecc6a1f9-42fe-2932-7ea0-1dd285491b7b, 5, 0, 405, 28, 25.85
2026/09/08 21:43:40.958, GPU-ecc6a1f9-42fe-2932-7ea0-1dd285491b7b, 5, 0, 405, 28, 25.85
2026/09/08 21:43:41.163, GPU-ecc6a1f9-42fe-2932-7ea0-1dd285491b7b, 5, 0, 405, 28, 26.09
2026/09/08 21:43:41.366, GPU-ecc6a1f9-42fe-2932-7ea0-1dd285491b7b, 5, 0, 405, 28, 25.85
2026/09/08 21:43:41.570, GPU-ecc6a1f9-42fe-2932-7ea0-1dd285491b7b, 5, 0, 405, 28, 25.85
2026/09/08 21:43:41.773, GPU-ecc6a1f9-42fe-2932-7ea0-1dd285491b7b, 5, 0, 405, 28, 25.85
2026/09/08 21:43:41.977, GPU-ecc6a1f9-42fe-2932-7ea0-1dd285491b7b, 5, 0, 405, 28, 26.09
2026/09/08 21:43:42.182, GPU-ecc6a1f9-42fe-2932-7ea0-1dd285491b7b, 5, 0, 405, 28, 26.09
2026/09/08 21:43:42.386, GPU-ecc6a1f9-42fe-2932-7ea0-1dd285491b7b, 5, 0, 405, 28, 26.09
2026/09/08 21:43:42.589, GPU-ecc6a1f9-42fe-2932-7ea0-1dd285491b7b, 5, 0, 405, 28, 25.85
2026/09/08 21:43:42.793, GPU-ecc6a1f9-42fe-2932-7ea0-1dd285491b7b, 5, 0, 405, 28, 26.09
2026/09/08 21:43:42.996, GPU-ecc6a1f9-42fe-2932-7ea0-1dd285491b7b, 5, 0, 405, 28, 25.85
2026/09/08 21:43:43.201, GPU-ecc6a1f9-42fe-2932-7ea0-1dd285491b7b, 5, 0, 405, 28, 25.85
2026/09/08 21:43:43.405, GPU-ecc6a1f9-42fe-2932-7ea0-1dd285491b7b, 5, 0, 405, 28, 26.09
2026/09/08 21:43:43.609, GPU-ecc6a1f9-42fe-2932-7ea0-1dd285491b7b, 5, 0, 405, 28, 26.09
2026/09/08 21:43:43.812, GPU-ecc6a1f9-42fe-2932-7ea0-1dd285491b7b, 5, 0, 405, 28, 26.09
2026/09/08 21:43:44.016, GPU-ecc6a1f9-42fe-2932-7ea0-1dd285491b7b, 5, 0, 405, 28, 25.85
2026/09/08 21:43:44.221, GPU-ecc6a1f9-42fe-2932-7ea0-1dd285491b7b, 5, 0, 405, 28, 25.85
2026/09/08 21:43:44.424, GPU-ecc6a1f9-42fe-2932-7ea0-1dd285491b7b, 5, 0, 405, 28, 26.09
2026/09/08 21:43:44.628, GPU-ecc6a1f9-42fe-2932-7ea0-1dd285491b7b, 5, 0, 405, 28, 25.85
2026/09/08 21:43:44.831, GPU-ecc6a1f9-42fe-2932-7ea0-1dd285491b7b, 5, 0, 405, 28, 25.85
2026/09/08 21:43:45.035, GPU-ecc6a1f9-42fe-2932-7ea0-1dd285491b7b, 5, 0, 405, 28, 25.85
2026/09/08 21:43:45.240, GPU-ecc6a1f9-42fe-2932-7ea0-1dd285491b7b, 5, 0, 405, 28, 25.85
2026/09/08 21:43:45.444, GPU-ecc6a1f9-42fe-2932-7ea0-1dd285491b7b, 5, 0, 405, 28, 26.09
2026/09/08 21:43:45.647, GPU-ecc6a1f9-42fe-2932-7ea0-1dd285491b7b, 5, 0, 405, 28, 26.09
2026/09/08 21:43:45.851, GPU-ecc6a1f9-42fe-2932-7ea0-1dd285491b7b, 5, 0, 405, 28, 26.09
2026/09/08 21:43:46.055, GPU-ecc6a1f9-42fe-2932-7ea0-1dd285491b7b, 5, 0, 405, 28, 26.09
2026/09/08 21:43:46.260, GPU-ecc6a1f9-42fe-2932-7ea0-1dd285491b7b, 5, 0, 405, 28, 25.85
2026/09/08 21:43:46.463, GPU-ecc6a1f9-42fe-2932-7ea0-1dd285491b7b, 5, 0, 405, 28, 25.85
2026/09/08 21:43:46.667, GPU-ecc6a1f9-42fe-2932-7ea0-1dd285491b7b, 5, 0, 405, 28, 25.85
2026/09/08 21:43:46.870, GPU-ecc6a1f9-42fe-2932-7ea0-1dd285491b7b, 5, 0, 405, 28, 25.85
2026/09/08 21:43:47.074, GPU-ecc6a1f9-42fe-2932-7ea0-1dd285491b7b, 5, 0, 405, 28, 26.09
2026/09/08 21:43:47.279, GPU-ecc6a1f9-42fe-2932-7ea0-1dd285491b7b, 5, 0, 405, 28, 26.09
2026/09/08 21:43:47.483, GPU-ecc6a1f9-42fe-2932-7ea0-1dd285491b7b, 5, 0, 405, 28, 25.85
2026/09/08 21:43:47.687, GPU-ecc6a1f9-42fe-2932-7ea0-1dd285491b7b, 5, 0, 405, 28, 26.09
2026/09/08 21:43:47.891, GPU-ecc6a1f9-42fe-2932-7ea0-1dd285491b7b, 5, 0, 405, 28, 25.85
2026/09/08 21:43:48.094, GPU-ecc6a1f9-42fe-2932-7ea0-1dd285491b7b, 5, 0, 405, 28, 26.09
2026/09/08 21:43:48.300, GPU-ecc6a1f9-42fe-2932-7ea0-1dd285491b7b, 5, 0, 405, 28, 26.09
2026/09/08 21:43:48.503, GPU-ecc6a1f9-42fe-2932-7ea0-1dd285491b7b, 5, 0, 405, 28, 26.09
2026/09/08 21:43:48.707, GPU-ecc6a1f9-42fe-2932-7ea0-1dd285491b7b, 5, 0, 405, 28, 25.85
2026/09/08 21:43:48.910, GPU-ecc6a1f9-42fe-2932-7ea0-1dd285491b7b, 5, 0, 405, 28, 25.85
2026/09/08 21:43:49.114, GPU-ecc6a1f9-42fe-2932-7ea0-1dd285491b7b, 5, 0, 405, 28, 25.85
2026/09/08 21:43:49.317, GPU-ecc6a1f9-42fe-2932-7ea0-1dd285491b7b, 5, 0, 405, 28, 26.09
2026/09/08 21:43:49.523, GPU-ecc6a1f9-42fe-2932-7ea0-1dd285491b7b, 5, 0, 405, 28, 26.09
2026/09/08 21:43:49.727, GPU-ecc6a1f9-42fe-2932-7ea0-1dd285491b7b, 5, 0, 405, 28, 25.85
2026/09/08 21:43:49.931, GPU-ecc6a1f9-42fe-2932-7ea0-1dd285491b7b, 5, 0, 405, 28, 26.09
2026/09/08 21:43:50.134, GPU-ecc6a1f9-42fe-2932-7ea0-1dd285491b7b, 5, 0, 405, 28, 25.85
2026/09/08 21:43:50.338, GPU-ecc6a1f9-42fe-2932-7ea0-1dd285491b7b, 5, 0, 405, 28, 26.09
2026/09/08 21:43:50.541, GPU-ecc6a1f9-42fe-2932-7ea0-1dd285491b7b, 5, 0, 405, 28, 25.85
2026/09/08 21:43:50.746, GPU-ecc6a1f9-42fe-2932-7ea0-1dd285491b7b, 5, 0, 405, 28, 26.09
2026/09/08 21:43:50.950, GPU-ecc6a1f9-42fe-2932-7ea0-1dd285491b7b, 5, 0, 405, 28, 25.85
2026/09/08 21:43:51.153, GPU-ecc6a1f9-42fe-2932-7ea0-1dd285491b7b, 5, 0, 405, 28, 25.85
2026/09/08 21:43:51.357, GPU-ecc6a1f9-42fe-2932-7ea0-1dd285491b7b, 5, 0, 405, 28, 25.85
2026/09/08 21:43:51.560, GPU-ecc6a1f9-42fe-2932-7ea0-1dd285491b7b, 5, 0, 405, 28, 26.09
2026/09/08 21:43:51.766, GPU-ecc6a1f9-42fe-2932-7ea0-1dd285491b7b, 5, 0, 405, 28, 25.85
2026/09/08 21:43:51.970, GPU-ecc6a1f9-42fe-2932-7ea0-1dd285491b7b, 5, 0, 405, 28, 26.09
2026/09/08 21:43:52.173, GPU-ecc6a1f9-42fe-2932-7ea0-1dd285491b7b, 5, 0, 405, 28, 26.09
2026/09/08 21:43:52.377, GPU-ecc6a1f9-42fe-2932-7ea0-1dd285491b7b, 5, 0, 405, 28, 26.09
2026/09/08 21:43:52.580, GPU-ecc6a1f9-42fe-2932-7ea0-1dd285491b7b, 5, 0, 405, 28, 26.09
2026/09/08 21:43:52.785, GPU-ecc6a1f9-42fe-2932-7ea0-1dd285491b7b, 5, 0, 405, 28, 26.09
2026/09/08 21:43:52.989, GPU-ecc6a1f9-42fe-2932-7ea0-1dd285491b7b, 5, 0, 405, 28, 25.85
2026/09/08 21:43:53.193, GPU-ecc6a1f9-42fe-2932-7ea0-1dd285491b7b, 5, 0, 405, 28, 26.09
2026/09/08 21:43:53.396, GPU-ecc6a1f9-42fe-2932-7ea0-1dd285491b7b, 5, 0, 405, 28, 26.09
2026/09/08 21:43:53.600, GPU-ecc6a1f9-42fe-2932-7ea0-1dd285491b7b, 5, 0, 405, 28, 26.09
2026/09/08 21:43:53.806, GPU-ecc6a1f9-42fe-2932-7ea0-1dd285491b7b, 5, 0, 405, 28, 25.85
2026/09/08 21:43:54.009, GPU-ecc6a1f9-42fe-2932-7ea0-1dd285491b7b, 5, 0, 405, 28, 26.09
2026/09/08 21:43:54.213, GPU-ecc6a1f9-42fe-2932-7ea0-1dd285491b7b, 5, 0, 405, 28, 26.09
2026/09/08 21:43:54.416, GPU-ecc6a1f9-42fe-2932-7ea0-1dd285491b7b, 5, 0, 405, 28, 25.85
2026/09/08 21:43:54.620, GPU-ecc6a1f9-42fe-2932-7ea0-1dd285491b7b, 5, 0, 405, 27, 25.85
2026/09/08 21:43:54.826, GPU-ecc6a1f9-42fe-2932-7ea0-1dd285491b7b, 5, 0, 405, 28, 26.09
2026/09/08 21:43:55.029, GPU-ecc6a1f9-42fe-2932-7ea0-1dd285491b7b, 5, 0, 405, 28, 25.85
2026/09/08 21:43:55.233, GPU-ecc6a1f9-42fe-2932-7ea0-1dd285491b7b, 5, 0, 405, 28, 25.85
2026/09/08 21:43:55.436, GPU-ecc6a1f9-42fe-2932-7ea0-1dd285491b7b, 5, 0, 405, 28, 26.09
2026/09/08 21:43:55.640, GPU-ecc6a1f9-42fe-2932-7ea0-1dd285491b7b, 5, 0, 405, 28, 26.09
2026/09/08 21:43:55.845, GPU-ecc6a1f9-42fe-2932-7ea0-1dd285491b7b, 5, 0, 405, 28, 26.09
2026/09/08 21:43:56.049, GPU-ecc6a1f9-42fe-2932-7ea0-1dd285491b7b, 5, 0, 405, 28, 25.85
2026/09/08 21:43:56.252, GPU-ecc6a1f9-42fe-2932-7ea0-1dd285491b7b, 5, 0, 405, 28, 26.09
2026/09/08 21:43:56.456, GPU-ecc6a1f9-42fe-2932-7ea0-1dd285491b7b, 5, 0, 405, 28, 26.09
2026/09/08 21:43:56.659, GPU-ecc6a1f9-42fe-2932-7ea0-1dd285491b7b, 5, 0, 405, 28, 26.09
2026/09/08 21:43:56.865, GPU-ecc6a1f9-42fe-2932-7ea0-1dd285491b7b, 5, 0, 405, 28, 25.85
2026/09/08 21:43:57.068, GPU-ecc6a1f9-42fe-2932-7ea0-1dd285491b7b, 5, 0, 405, 28, 25.85
2026/09/08 21:43:57.272, GPU-ecc6a1f9-42fe-2932-7ea0-1dd285491b7b, 5, 0, 405, 28, 26.09
2026/09/08 21:43:57.475, GPU-ecc6a1f9-42fe-2932-7ea0-1dd285491b7b, 5, 0, 405, 28, 25.85
2026/09/08 21:43:57.679, GPU-ecc6a1f9-42fe-2932-7ea0-1dd285491b7b, 5, 0, 405, 28, 26.09
2026/09/08 21:43:57.885, GPU-ecc6a1f9-42fe-2932-7ea0-1dd285491b7b, 5, 0, 405, 28, 25.85
2026/09/08 21:43:58.088, GPU-ecc6a1f9-42fe-2932-7ea0-1dd285491b7b, 5, 0, 405, 28, 25.85
2026/09/08 21:43:58.291, GPU-ecc6a1f9-42fe-2932-7ea0-1dd285491b7b, 5, 0, 405, 28, 25.85
2026/09/08 21:43:58.495, GPU-ecc6a1f9-42fe-2932-7ea0-1dd285491b7b, 5, 0, 405, 28, 25.85
2026/09/08 21:43:58.698, GPU-ecc6a1f9-42fe-2932-7ea0-1dd285491b7b, 5, 0, 405, 28, 26.09
2026/09/08 21:43:58.904, GPU-ecc6a1f9-42fe-2932-7ea0-1dd285491b7b, 5, 0, 405, 28, 25.85
2026/09/08 21:43:59.107, GPU-ecc6a1f9-42fe-2932-7ea0-1dd285491b7b, 5, 0, 405, 28, 25.85
2026/09/08 21:43:59.311, GPU-ecc6a1f9-42fe-2932-7ea0-1dd285491b7b, 5, 0, 405, 28, 26.09
2026/09/08 21:43:59.514, GPU-ecc6a1f9-42fe-2932-7ea0-1dd285491b7b, 5, 0, 405, 28, 26.09
2026/09/08 21:43:59.718, GPU-ecc6a1f9-42fe-2932-7ea0-1dd285491b7b, 5, 0, 405, 28, 26.09
2026/09/08 21:43:59.923, GPU-ecc6a1f9-42fe-2932-7ea0-1dd285491b7b, 5, 0, 405, 28, 25.85
2026/09/08 21:44:00.127, GPU-ecc6a1f9-42fe-2932-7ea0-1dd285491b7b, 5, 0, 405, 28, 25.85
2026/09/08 21:44:00.330, GPU-ecc6a1f9-42fe-2932-7ea0-1dd285491b7b, 5, 0, 405, 28, 26.09
2026/09/08 21:44:00.534, GPU-ecc6a1f9-42fe-2932-7ea0-1dd285491b7b, 5, 0, 405, 28, 25.85
2026/09/08 21:44:00.737, GPU-ecc6a1f9-42fe-2932-7ea0-1dd285491b7b, 5, 0, 405, 28, 26.09
2026/09/08 21:44:00.942, GPU-ecc6a1f9-42fe-2932-7ea0-1dd285491b7b, 5, 0, 405, 28, 25.85
2026/09/08 21:44:01.146, GPU-ecc6a1f9-42fe-2932-7ea0-1dd285491b7b, 5, 0, 405, 28, 25.85
2026/09/08 21:44:01.350, GPU-ecc6a1f9-42fe-2932-7ea0-1dd285491b7b, 5, 0, 405, 28, 25.85
2026/09/08 21:44:01.553, GPU-ecc6a1f9-42fe-2932-7ea0-1dd285491b7b, 5, 0, 405, 28, 25.85
2026/09/08 21:44:01.757, GPU-ecc6a1f9-42fe-2932-7ea0-1dd285491b7b, 5, 0, 405, 28, 25.85
2026/09/08 21:44:01.962, GPU-ecc6a1f9-42fe-2932-7ea0-1dd285491b7b, 5, 0, 405, 28, 25.85
2026/09/08 21:44:02.165, GPU-ecc6a1f9-42fe-2932-7ea0-1dd285491b7b, 5, 0, 405, 28, 26.09
2026/09/08 21:44:02.369, GPU-ecc6a1f9-42fe-2932-7ea0-1dd285491b7b, 5, 0, 405, 28, 25.85
2026/09/08 21:44:02.572, GPU-ecc6a1f9-42fe-2932-7ea0-1dd285491b7b, 5, 0, 405, 28, 25.85
2026/09/08 21:44:02.776, GPU-ecc6a1f9-42fe-2932-7ea0-1dd285491b7b, 5, 0, 405, 28, 25.85
2026/09/08 21:44:02.981, GPU-ecc6a1f9-42fe-2932-7ea0-1dd285491b7b, 5, 0, 405, 28, 26.09
2026/09/08 21:44:03.185, GPU-ecc6a1f9-42fe-2932-7ea0-1dd285491b7b, 5, 0, 405, 28, 26.09
2026/09/08 21:44:03.389, GPU-ecc6a1f9-42fe-2932-7ea0-1dd285491b7b, 5, 0, 405, 28, 25.85
2026/09/08 21:44:03.592, GPU-ecc6a1f9-42fe-2932-7ea0-1dd285491b7b, 5, 0, 405, 28, 25.85
2026/09/08 21:44:03.796, GPU-ecc6a1f9-42fe-2932-7ea0-1dd285491b7b, 5, 0, 405, 28, 25.85
2026/09/08 21:44:04.001, GPU-ecc6a1f9-42fe-2932-7ea0-1dd285491b7b, 5, 0, 405, 28, 25.85
2026/09/08 21:44:04.204, GPU-ecc6a1f9-42fe-2932-7ea0-1dd285491b7b, 5, 0, 405, 28, 25.85
2026/09/08 21:44:04.408, GPU-ecc6a1f9-42fe-2932-7ea0-1dd285491b7b, 5, 0, 405, 28, 25.85
2026/09/08 21:44:04.611, GPU-ecc6a1f9-42fe-2932-7ea0-1dd285491b7b, 5, 0, 405, 28, 25.85
2026/09/08 21:44:04.815, GPU-ecc6a1f9-42fe-2932-7ea0-1dd285491b7b, 5, 0, 405, 28, 25.85
2026/09/08 21:44:05.020, GPU-ecc6a1f9-42fe-2932-7ea0-1dd285491b7b, 5, 0, 405, 28, 25.85
2026/09/08 21:44:05.223, GPU-ecc6a1f9-42fe-2932-7ea0-1dd285491b7b, 5, 0, 405, 28, 25.85
2026/09/08 21:44:05.427, GPU-ecc6a1f9-42fe-2932-7ea0-1dd285491b7b, 5, 0, 405, 28, 25.85
2026/09/08 21:44:05.631, GPU-ecc6a1f9-42fe-2932-7ea0-1dd285491b7b, 5, 0, 405, 28, 25.85
2026/09/08 21:44:05.834, GPU-ecc6a1f9-42fe-2932-7ea0-1dd285491b7b, 5, 0, 405, 28, 25.85
2026/09/08 21:44:06.039, GPU-ecc6a1f9-42fe-2932-7ea0-1dd285491b7b, 5, 0, 405, 28, 25.85
2026/09/08 21:44:06.243, GPU-ecc6a1f9-42fe-2932-7ea0-1dd285491b7b, 5, 0, 405, 28, 25.85
2026/09/08 21:44:06.446, GPU-ecc6a1f9-42fe-2932-7ea0-1dd285491b7b, 5, 0, 405, 28, 25.85
2026/09/08 21:44:06.650, GPU-ecc6a1f9-42fe-2932-7ea0-1dd285491b7b, 5, 0, 405, 28, 25.85
2026/09/08 21:44:06.854, GPU-ecc6a1f9-42fe-2932-7ea0-1dd285491b7b, 5, 0, 405, 28, 26.09
2026/09/08 21:44:07.059, GPU-ecc6a1f9-42fe-2932-7ea0-1dd285491b7b, 5, 0, 405, 28, 25.85
2026/09/08 21:44:07.262, GPU-ecc6a1f9-42fe-2932-7ea0-1dd285491b7b, 5, 0, 405, 28, 26.09
2026/09/08 21:44:07.466, GPU-ecc6a1f9-42fe-2932-7ea0-1dd285491b7b, 5, 0, 405, 28, 25.85
2026/09/08 21:44:07.669, GPU-ecc6a1f9-42fe-2932-7ea0-1dd285491b7b, 5, 0, 405, 28, 26.09
2026/09/08 21:44:07.873, GPU-ecc6a1f9-42fe-2932-7ea0-1dd285491b7b, 5, 0, 405, 28, 25.85
2026/09/08 21:44:08.078, GPU-ecc6a1f9-42fe-2932-7ea0-1dd285491b7b, 5, 0, 405, 28, 26.09
2026/09/08 21:44:08.282, GPU-ecc6a1f9-42fe-2932-7ea0-1dd285491b7b, 5, 0, 405, 28, 26.09
2026/09/08 21:44:08.485, GPU-ecc6a1f9-42fe-2932-7ea0-1dd285491b7b, 5, 0, 405, 28, 25.85
2026/09/08 21:44:08.688, GPU-ecc6a1f9-42fe-2932-7ea0-1dd285491b7b, 5, 0, 405, 28, 25.85
2026/09/08 21:44:08.892, GPU-ecc6a1f9-42fe-2932-7ea0-1dd285491b7b, 5, 0, 405, 28, 26.09
2026/09/08 21:44:09.097, GPU-ecc6a1f9-42fe-2932-7ea0-1dd285491b7b, 5, 0, 405, 28, 26.09
2026/09/08 21:44:09.301, GPU-ecc6a1f9-42fe-2932-7ea0-1dd285491b7b, 5, 0, 405, 28, 25.85
2026/09/08 21:44:09.504, GPU-ecc6a1f9-42fe-2932-7ea0-1dd285491b7b, 5, 0, 405, 28, 26.09
2026/09/08 21:44:09.708, GPU-ecc6a1f9-42fe-2932-7ea0-1dd285491b7b, 5, 0, 405, 28, 25.85
2026/09/08 21:44:09.912, GPU-ecc6a1f9-42fe-2932-7ea0-1dd285491b7b, 5, 0, 405, 28, 25.85
2026/09/08 21:44:10.117, GPU-ecc6a1f9-42fe-2932-7ea0-1dd285491b7b, 5, 0, 405, 28, 25.85
2026/09/08 21:44:10.320, GPU-ecc6a1f9-42fe-2932-7ea0-1dd285491b7b, 5, 0, 405, 28, 25.85
2026/09/08 21:44:10.523, GPU-ecc6a1f9-42fe-2932-7ea0-1dd285491b7b, 5, 0, 405, 28, 25.85
2026/09/08 21:44:10.727, GPU-ecc6a1f9-42fe-2932-7ea0-1dd285491b7b, 5, 0, 405, 28, 25.85
2026/09/08 21:44:10.930, GPU-ecc6a1f9-42fe-2932-7ea0-1dd285491b7b, 5, 0, 405, 28, 25.85
2026/09/08 21:44:11.134, GPU-ecc6a1f9-42fe-2932-7ea0-1dd285491b7b, 5, 0, 405, 28, 25.85
2026/09/08 21:44:11.340, GPU-ecc6a1f9-42fe-2932-7ea0-1dd285491b7b, 5, 0, 405, 28, 25.85
2026/09/08 21:44:11.543, GPU-ecc6a1f9-42fe-2932-7ea0-1dd285491b7b, 5, 0, 405, 28, 25.85
2026/09/08 21:44:11.747, GPU-ecc6a1f9-42fe-2932-7ea0-1dd285491b7b, 5, 0, 405, 28, 25.85
2026/09/08 21:44:11.950, GPU-ecc6a1f9-42fe-2932-7ea0-1dd285491b7b, 5, 0, 405, 28, 26.09
2026/09/08 21:44:12.154, GPU-ecc6a1f9-42fe-2932-7ea0-1dd285491b7b, 5, 0, 405, 28, 25.85
2026/09/08 21:44:12.357, GPU-ecc6a1f9-42fe-2932-7ea0-1dd285491b7b, 5, 0, 405, 28, 26.09
2026/09/08 21:44:12.564, GPU-ecc6a1f9-42fe-2932-7ea0-1dd285491b7b, 5, 0, 405, 28, 25.85
2026/09/08 21:44:12.768, GPU-ecc6a1f9-42fe-2932-7ea0-1dd285491b7b, 5, 0, 405, 28, 26.09
2026/09/08 21:44:12.971, GPU-ecc6a1f9-42fe-2932-7ea0-1dd285491b7b, 5, 0, 405, 28, 25.85
2026/09/08 21:44:13.175, GPU-ecc6a1f9-42fe-2932-7ea0-1dd285491b7b, 5, 0, 405, 28, 26.09
2026/09/08 21:44:13.379, GPU-ecc6a1f9-42fe-2932-7ea0-1dd285491b7b, 5, 0, 405, 28, 25.85
2026/09/08 21:44:13.582, GPU-ecc6a1f9-42fe-2932-7ea0-1dd285491b7b, 5, 0, 405, 28, 26.09
2026/09/08 21:44:13.786, GPU-ecc6a1f9-42fe-2932-7ea0-1dd285491b7b, 5, 0, 405, 28, 25.85
2026/09/08 21:44:13.989, GPU-ecc6a1f9-42fe-2932-7ea0-1dd285491b7b, 5, 0, 405, 28, 25.85
2026/09/08 21:44:14.193, GPU-ecc6a1f9-42fe-2932-7ea0-1dd285491b7b, 5, 0, 405, 28, 25.85
2026/09/08 21:44:14.397, GPU-ecc6a1f9-42fe-2932-7ea0-1dd285491b7b, 5, 0, 405, 28, 25.85
2026/09/08 21:44:14.600, GPU-ecc6a1f9-42fe-2932-7ea0-1dd285491b7b, 5, 0, 405, 28, 25.85
2026/09/08 21:44:14.805, GPU-ecc6a1f9-42fe-2932-7ea0-1dd285491b7b, 5, 0, 405, 28, 26.09
2026/09/08 21:44:15.009, GPU-ecc6a1f9-42fe-2932-7ea0-1dd285491b7b, 5, 0, 405, 28, 26.09
2026/09/08 21:44:15.212, GPU-ecc6a1f9-42fe-2932-7ea0-1dd285491b7b, 5, 0, 405, 28, 26.09
2026/09/08 21:44:15.416, GPU-ecc6a1f9-42fe-2932-7ea0-1dd285491b7b, 5, 0, 405, 28, 25.85
2026/09/08 21:44:15.619, GPU-ecc6a1f9-42fe-2932-7ea0-1dd285491b7b, 5, 0, 405, 28, 25.85
2026/09/08 21:44:15.826, GPU-ecc6a1f9-42fe-2932-7ea0-1dd285491b7b, 5, 0, 405, 28, 25.85
2026/09/08 21:44:16.029, GPU-ecc6a1f9-42fe-2932-7ea0-1dd285491b7b, 5, 0, 405, 28, 25.85
2026/09/08 21:44:16.233, GPU-ecc6a1f9-42fe-2932-7ea0-1dd285491b7b, 5, 0, 405, 28, 25.85
2026/09/08 21:44:16.436, GPU-ecc6a1f9-42fe-2932-7ea0-1dd285491b7b, 5, 0, 405, 28, 25.85
2026/09/08 21:44:16.640, GPU-ecc6a1f9-42fe-2932-7ea0-1dd285491b7b, 5, 0, 405, 28, 26.09
2026/09/08 21:44:16.845, GPU-ecc6a1f9-42fe-2932-7ea0-1dd285491b7b, 5, 0, 405, 28, 25.85
2026/09/08 21:44:17.049, GPU-ecc6a1f9-42fe-2932-7ea0-1dd285491b7b, 5, 0, 405, 28, 25.85
2026/09/08 21:44:17.252, GPU-ecc6a1f9-42fe-2932-7ea0-1dd285491b7b, 5, 0, 405, 28, 26.09
2026/09/08 21:44:17.456, GPU-ecc6a1f9-42fe-2932-7ea0-1dd285491b7b, 5, 0, 405, 28, 26.09
2026/09/08 21:44:17.659, GPU-ecc6a1f9-42fe-2932-7ea0-1dd285491b7b, 5, 0, 405, 28, 26.09
2026/09/08 21:44:17.865, GPU-ecc6a1f9-42fe-2932-7ea0-1dd285491b7b, 5, 0, 405, 28, 25.85
2026/09/08 21:44:18.069, GPU-ecc6a1f9-42fe-2932-7ea0-1dd285491b7b, 5, 0, 405, 28, 25.85
2026/09/08 21:44:18.272, GPU-ecc6a1f9-42fe-2932-7ea0-1dd285491b7b, 5, 0, 405, 28, 25.85
2026/09/08 21:44:18.476, GPU-ecc6a1f9-42fe-2932-7ea0-1dd285491b7b, 5, 0, 405, 28, 25.85
2026/09/08 21:44:18.679, GPU-ecc6a1f9-42fe-2932-7ea0-1dd285491b7b, 5, 0, 405, 28, 25.85
2026/09/08 21:44:18.885, GPU-ecc6a1f9-42fe-2932-7ea0-1dd285491b7b, 5, 0, 405, 28, 25.85
2026/09/08 21:44:19.088, GPU-ecc6a1f9-42fe-2932-7ea0-1dd285491b7b, 5, 0, 405, 28, 25.85
2026/09/08 21:44:19.292, GPU-ecc6a1f9-42fe-2932-7ea0-1dd285491b7b, 5, 0, 405, 28, 25.85
2026/09/08 21:44:19.495, GPU-ecc6a1f9-42fe-2932-7ea0-1dd285491b7b, 5, 0, 405, 28, 26.09
2026/09/08 21:44:19.699, GPU-ecc6a1f9-42fe-2932-7ea0-1dd285491b7b, 5, 0, 405, 28, 25.85
2026/09/08 21:44:19.904, GPU-ecc6a1f9-42fe-2932-7ea0-1dd285491b7b, 5, 0, 405, 28, 25.85
2026/09/08 21:44:20.107, GPU-ecc6a1f9-42fe-2932-7ea0-1dd285491b7b, 5, 0, 405, 28, 26.09
2026/09/08 21:44:20.311, GPU-ecc6a1f9-42fe-2932-7ea0-1dd285491b7b, 5, 0, 405, 28, 25.85
2026/09/08 21:44:20.515, GPU-ecc6a1f9-42fe-2932-7ea0-1dd285491b7b, 5, 0, 405, 28, 25.85
2026/09/08 21:44:20.718, GPU-ecc6a1f9-42fe-2932-7ea0-1dd285491b7b, 5, 0, 405, 28, 25.85
2026/09/08 21:44:20.923, GPU-ecc6a1f9-42fe-2932-7ea0-1dd285491b7b, 5, 0, 405, 28, 25.85
2026/09/08 21:44:21.127, GPU-ecc6a1f9-42fe-2932-7ea0-1dd285491b7b, 5, 0, 405, 28, 25.85
2026/09/08 21:44:21.331, GPU-ecc6a1f9-42fe-2932-7ea0-1dd285491b7b, 5, 0, 405, 28, 25.85
2026/09/08 21:44:21.534, GPU-ecc6a1f9-42fe-2932-7ea0-1dd285491b7b, 5, 0, 405, 28, 25.85
2026/09/08 21:44:21.738, GPU-ecc6a1f9-42fe-2932-7ea0-1dd285491b7b, 5, 0, 405, 28, 25.85
2026/09/08 21:44:21.943, GPU-ecc6a1f9-42fe-2932-7ea0-1dd285491b7b, 5, 0, 405, 28, 25.85
2026/09/08 21:44:22.146, GPU-ecc6a1f9-42fe-2932-7ea0-1dd285491b7b, 5, 0, 405, 28, 25.85
2026/09/08 21:44:22.350, GPU-ecc6a1f9-42fe-2932-7ea0-1dd285491b7b, 5, 0, 405, 28, 25.85
2026/09/08 21:44:22.553, GPU-ecc6a1f9-42fe-2932-7ea0-1dd285491b7b, 5, 0, 405, 28, 25.85
2026/09/08 21:44:22.757, GPU-ecc6a1f9-42fe-2932-7ea0-1dd285491b7b, 5, 0, 405, 28, 25.85
2026/09/08 21:44:22.962, GPU-ecc6a1f9-42fe-2932-7ea0-1dd285491b7b, 5, 0, 405, 28, 26.09
2026/09/08 21:44:23.166, GPU-ecc6a1f9-42fe-2932-7ea0-1dd285491b7b, 5, 0, 405, 28, 26.09
2026/09/08 21:44:23.376, GPU-ecc6a1f9-42fe-2932-7ea0-1dd285491b7b, 15, 0, 405, 28, 25.85
2026/09/08 21:44:23.622, GPU-ecc6a1f9-42fe-2932-7ea0-1dd285491b7b, 305, 3, 1189, 28, 31.44
2026/09/08 21:44:23.825, GPU-ecc6a1f9-42fe-2932-7ea0-1dd285491b7b, 305, 50, 1316, 28, 34.61
2026/09/08 21:44:24.029, GPU-ecc6a1f9-42fe-2932-7ea0-1dd285491b7b, 307, 58, 1328, 28, 37.29
2026/09/08 21:44:24.232, GPU-ecc6a1f9-42fe-2932-7ea0-1dd285491b7b, 309, 86, 1328, 28, 37.04
2026/09/08 21:44:24.436, GPU-ecc6a1f9-42fe-2932-7ea0-1dd285491b7b, 5, 62, 1328, 28, 36.31
2026/09/08 21:44:24.653, GPU-ecc6a1f9-42fe-2932-7ea0-1dd285491b7b, 5, 0, 1328, 28, 35.82
2026/09/08 21:44:24.856, GPU-ecc6a1f9-42fe-2932-7ea0-1dd285491b7b, 5, 0, 1328, 28, 35.82
2026/09/08 21:44:25.060, GPU-ecc6a1f9-42fe-2932-7ea0-1dd285491b7b, 5, 0, 1328, 28, 35.82
2026/09/08 21:44:25.263, GPU-ecc6a1f9-42fe-2932-7ea0-1dd285491b7b, 5, 0, 1328, 28, 35.82
2026/09/08 21:44:25.467, GPU-ecc6a1f9-42fe-2932-7ea0-1dd285491b7b, 5, 0, 1328, 28, 35.82
2026/09/08 21:44:25.670, GPU-ecc6a1f9-42fe-2932-7ea0-1dd285491b7b, 5, 0, 1328, 28, 35.82
2026/09/08 21:44:25.874, GPU-ecc6a1f9-42fe-2932-7ea0-1dd285491b7b, 5, 0, 1328, 28, 35.82
2026/09/08 21:44:26.077, GPU-ecc6a1f9-42fe-2932-7ea0-1dd285491b7b, 5, 0, 1328, 28, 35.82
2026/09/08 21:44:26.281, GPU-ecc6a1f9-42fe-2932-7ea0-1dd285491b7b, 5, 0, 1328, 28, 35.82
2026/09/08 21:44:26.486, GPU-ecc6a1f9-42fe-2932-7ea0-1dd285491b7b, 5, 0, 1328, 28, 35.82
2026/09/08 21:44:26.689, GPU-ecc6a1f9-42fe-2932-7ea0-1dd285491b7b, 5, 0, 1328, 28, 35.82
2026/09/08 21:44:26.893, GPU-ecc6a1f9-42fe-2932-7ea0-1dd285491b7b, 5, 0, 1328, 28, 35.82
2026/09/08 21:44:27.097, GPU-ecc6a1f9-42fe-2932-7ea0-1dd285491b7b, 5, 0, 620, 28, 27.07
2026/09/08 21:44:27.300, GPU-ecc6a1f9-42fe-2932-7ea0-1dd285491b7b, 5, 0, 620, 28, 26.83
2026/09/08 21:44:27.506, GPU-ecc6a1f9-42fe-2932-7ea0-1dd285491b7b, 5, 0, 620, 28, 27.07
2026/09/08 21:44:27.709, GPU-ecc6a1f9-42fe-2932-7ea0-1dd285491b7b, 5, 0, 620, 28, 26.83
2026/09/08 21:44:27.913, GPU-ecc6a1f9-42fe-2932-7ea0-1dd285491b7b, 5, 0, 620, 28, 26.83
2026/09/08 21:44:28.116, GPU-ecc6a1f9-42fe-2932-7ea0-1dd285491b7b, 5, 0, 620, 28, 26.83
2026/09/08 21:44:28.320, GPU-ecc6a1f9-42fe-2932-7ea0-1dd285491b7b, 5, 0, 620, 28, 26.83
2026/09/08 21:44:28.525, GPU-ecc6a1f9-42fe-2932-7ea0-1dd285491b7b, 5, 0, 620, 28, 26.83
2026/09/08 21:44:28.729, GPU-ecc6a1f9-42fe-2932-7ea0-1dd285491b7b, 5, 0, 620, 28, 26.83
2026/09/08 21:44:28.932, GPU-ecc6a1f9-42fe-2932-7ea0-1dd285491b7b, 5, 0, 620, 28, 26.83
2026/09/08 21:44:29.136, GPU-ecc6a1f9-42fe-2932-7ea0-1dd285491b7b, 5, 0, 620, 28, 26.83
2026/09/08 21:44:29.339, GPU-ecc6a1f9-42fe-2932-7ea0-1dd285491b7b, 5, 0, 620, 28, 26.83
2026/09/08 21:44:29.544, GPU-ecc6a1f9-42fe-2932-7ea0-1dd285491b7b, 5, 0, 620, 28, 26.83
2026/09/08 21:44:29.748, GPU-ecc6a1f9-42fe-2932-7ea0-1dd285491b7b, 5, 0, 405, 28, 25.85
2026/09/08 21:44:29.952, GPU-ecc6a1f9-42fe-2932-7ea0-1dd285491b7b, 5, 0, 405, 28, 25.85
2026/09/08 21:44:30.155, GPU-ecc6a1f9-42fe-2932-7ea0-1dd285491b7b, 5, 0, 405, 28, 25.85
2026/09/08 21:44:30.359, GPU-ecc6a1f9-42fe-2932-7ea0-1dd285491b7b, 5, 0, 405, 28, 25.85
2026/09/08 21:44:30.564, GPU-ecc6a1f9-42fe-2932-7ea0-1dd285491b7b, 5, 0, 405, 28, 25.85
2026/09/08 21:44:30.767, GPU-ecc6a1f9-42fe-2932-7ea0-1dd285491b7b, 5, 0, 405, 28, 25.85
2026/09/08 21:44:30.971, GPU-ecc6a1f9-42fe-2932-7ea0-1dd285491b7b, 5, 0, 405, 28, 25.85
2026/09/08 21:44:31.175, GPU-ecc6a1f9-42fe-2932-7ea0-1dd285491b7b, 5, 0, 405, 28, 25.85
2026/09/08 21:44:31.378, GPU-ecc6a1f9-42fe-2932-7ea0-1dd285491b7b, 5, 0, 405, 28, 25.85
2026/09/08 21:44:31.583, GPU-ecc6a1f9-42fe-2932-7ea0-1dd285491b7b, 5, 0, 405, 28, 25.85
2026/09/08 21:44:31.787, GPU-ecc6a1f9-42fe-2932-7ea0-1dd285491b7b, 5, 0, 405, 28, 25.85
2026/09/08 21:44:31.990, GPU-ecc6a1f9-42fe-2932-7ea0-1dd285491b7b, 5, 0, 405, 28, 25.85
2026/09/08 21:44:32.194, GPU-ecc6a1f9-42fe-2932-7ea0-1dd285491b7b, 5, 0, 405, 28, 25.85
2026/09/08 21:44:32.398, GPU-ecc6a1f9-42fe-2932-7ea0-1dd285491b7b, 5, 0, 405, 28, 25.85
2026/09/08 21:44:32.603, GPU-ecc6a1f9-42fe-2932-7ea0-1dd285491b7b, 5, 0, 405, 28, 25.85
2026/09/08 21:44:32.806, GPU-ecc6a1f9-42fe-2932-7ea0-1dd285491b7b, 5, 0, 405, 28, 25.85
2026/09/08 21:44:33.010, GPU-ecc6a1f9-42fe-2932-7ea0-1dd285491b7b, 5, 0, 405, 28, 25.85
2026/09/08 21:44:33.213, GPU-ecc6a1f9-42fe-2932-7ea0-1dd285491b7b, 5, 0, 405, 28, 25.85
2026/09/08 21:44:33.417, GPU-ecc6a1f9-42fe-2932-7ea0-1dd285491b7b, 5, 0, 405, 28, 25.85
2026/09/08 21:44:33.622, GPU-ecc6a1f9-42fe-2932-7ea0-1dd285491b7b, 5, 0, 405, 28, 25.85
2026/09/08 21:44:33.826, GPU-ecc6a1f9-42fe-2932-7ea0-1dd285491b7b, 5, 0, 405, 28, 25.85
2026/09/08 21:44:34.029, GPU-ecc6a1f9-42fe-2932-7ea0-1dd285491b7b, 5, 0, 405, 28, 25.85
2026/09/08 21:44:34.233, GPU-ecc6a1f9-42fe-2932-7ea0-1dd285491b7b, 5, 0, 405, 28, 26.09
2026/09/08 21:44:34.436, GPU-ecc6a1f9-42fe-2932-7ea0-1dd285491b7b, 5, 0, 405, 28, 25.85
2026/09/08 21:44:34.642, GPU-ecc6a1f9-42fe-2932-7ea0-1dd285491b7b, 5, 0, 405, 28, 25.85
2026/09/08 21:44:34.845, GPU-ecc6a1f9-42fe-2932-7ea0-1dd285491b7b, 5, 0, 405, 28, 26.09
2026/09/08 21:44:35.049, GPU-ecc6a1f9-42fe-2932-7ea0-1dd285491b7b, 5, 0, 405, 28, 25.85
2026/09/08 21:44:35.252, GPU-ecc6a1f9-42fe-2932-7ea0-1dd285491b7b, 5, 0, 405, 28, 25.85
2026/09/08 21:44:35.456, GPU-ecc6a1f9-42fe-2932-7ea0-1dd285491b7b, 5, 0, 405, 28, 26.09
2026/09/08 21:44:35.661, GPU-ecc6a1f9-42fe-2932-7ea0-1dd285491b7b, 5, 0, 405, 28, 26.09
2026/09/08 21:44:35.864, GPU-ecc6a1f9-42fe-2932-7ea0-1dd285491b7b, 5, 0, 405, 28, 26.09
2026/09/08 21:44:36.068, GPU-ecc6a1f9-42fe-2932-7ea0-1dd285491b7b, 5, 0, 405, 28, 26.09
2026/09/08 21:44:36.272, GPU-ecc6a1f9-42fe-2932-7ea0-1dd285491b7b, 5, 0, 405, 28, 26.09
2026/09/08 21:44:36.475, GPU-ecc6a1f9-42fe-2932-7ea0-1dd285491b7b, 5, 0, 405, 28, 25.85
2026/09/08 21:44:36.680, GPU-ecc6a1f9-42fe-2932-7ea0-1dd285491b7b, 5, 0, 405, 28, 26.09
2026/09/08 21:44:36.884, GPU-ecc6a1f9-42fe-2932-7ea0-1dd285491b7b, 5, 0, 405, 28, 25.85
2026/09/08 21:44:37.087, GPU-ecc6a1f9-42fe-2932-7ea0-1dd285491b7b, 5, 0, 405, 28, 25.85
2026/09/08 21:44:37.291, GPU-ecc6a1f9-42fe-2932-7ea0-1dd285491b7b, 5, 0, 405, 28, 26.09
2026/09/08 21:44:37.495, GPU-ecc6a1f9-42fe-2932-7ea0-1dd285491b7b, 5, 0, 405, 28, 26.09
2026/09/08 21:44:37.701, GPU-ecc6a1f9-42fe-2932-7ea0-1dd285491b7b, 5, 0, 405, 28, 25.85
2026/09/08 21:44:37.904, GPU-ecc6a1f9-42fe-2932-7ea0-1dd285491b7b, 5, 0, 405, 28, 26.09
2026/09/08 21:44:38.108, GPU-ecc6a1f9-42fe-2932-7ea0-1dd285491b7b, 5, 0, 405, 28, 25.85
2026/09/08 21:44:38.311, GPU-ecc6a1f9-42fe-2932-7ea0-1dd285491b7b, 5, 0, 405, 28, 25.85
2026/09/08 21:44:38.515, GPU-ecc6a1f9-42fe-2932-7ea0-1dd285491b7b, 5, 0, 405, 28, 25.85
2026/09/08 21:44:38.720, GPU-ecc6a1f9-42fe-2932-7ea0-1dd285491b7b, 5, 0, 405, 28, 26.09
2026/09/08 21:44:38.924, GPU-ecc6a1f9-42fe-2932-7ea0-1dd285491b7b, 5, 0, 405, 28, 25.85
2026/09/08 21:44:39.127, GPU-ecc6a1f9-42fe-2932-7ea0-1dd285491b7b, 5, 0, 405, 28, 25.85
2026/09/08 21:44:39.331, GPU-ecc6a1f9-42fe-2932-7ea0-1dd285491b7b, 5, 0, 405, 28, 26.09
2026/09/08 21:44:39.535, GPU-ecc6a1f9-42fe-2932-7ea0-1dd285491b7b, 5, 0, 405, 28, 25.85
2026/09/08 21:44:39.740, GPU-ecc6a1f9-42fe-2932-7ea0-1dd285491b7b, 5, 0, 405, 28, 26.09
2026/09/08 21:44:39.943, GPU-ecc6a1f9-42fe-2932-7ea0-1dd285491b7b, 5, 0, 405, 28, 26.09
2026/09/08 21:44:40.147, GPU-ecc6a1f9-42fe-2932-7ea0-1dd285491b7b, 5, 0, 405, 28, 26.09
2026/09/08 21:44:40.350, GPU-ecc6a1f9-42fe-2932-7ea0-1dd285491b7b, 5, 0, 405, 28, 25.85
2026/09/08 21:44:40.554, GPU-ecc6a1f9-42fe-2932-7ea0-1dd285491b7b, 5, 0, 405, 28, 25.85
2026/09/08 21:44:40.759, GPU-ecc6a1f9-42fe-2932-7ea0-1dd285491b7b, 5, 0, 405, 28, 26.09
2026/09/08 21:44:40.963, GPU-ecc6a1f9-42fe-2932-7ea0-1dd285491b7b, 5, 0, 405, 28, 26.09
2026/09/08 21:44:41.167, GPU-ecc6a1f9-42fe-2932-7ea0-1dd285491b7b, 5, 0, 405, 28, 25.85
2026/09/08 21:44:41.371, GPU-ecc6a1f9-42fe-2932-7ea0-1dd285491b7b, 5, 0, 405, 28, 25.85
2026/09/08 21:44:41.574, GPU-ecc6a1f9-42fe-2932-7ea0-1dd285491b7b, 5, 0, 405, 28, 25.85
2026/09/08 21:44:41.779, GPU-ecc6a1f9-42fe-2932-7ea0-1dd285491b7b, 5, 0, 405, 28, 26.09
2026/09/08 21:44:41.983, GPU-ecc6a1f9-42fe-2932-7ea0-1dd285491b7b, 5, 0, 405, 28, 25.85
2026/09/08 21:44:42.188, GPU-ecc6a1f9-42fe-2932-7ea0-1dd285491b7b, 5, 0, 405, 28, 25.85
2026/09/08 21:44:42.391, GPU-ecc6a1f9-42fe-2932-7ea0-1dd285491b7b, 5, 0, 405, 28, 25.85
2026/09/08 21:44:42.595, GPU-ecc6a1f9-42fe-2932-7ea0-1dd285491b7b, 5, 0, 405, 28, 25.85
2026/09/08 21:44:42.799, GPU-ecc6a1f9-42fe-2932-7ea0-1dd285491b7b, 5, 0, 405, 28, 25.85
2026/09/08 21:44:43.002, GPU-ecc6a1f9-42fe-2932-7ea0-1dd285491b7b, 5, 0, 405, 28, 25.85
2026/09/08 21:44:43.206, GPU-ecc6a1f9-42fe-2932-7ea0-1dd285491b7b, 5, 0, 405, 28, 25.85
2026/09/08 21:44:43.409, GPU-ecc6a1f9-42fe-2932-7ea0-1dd285491b7b, 5, 0, 405, 28, 25.85
2026/09/08 21:44:43.613, GPU-ecc6a1f9-42fe-2932-7ea0-1dd285491b7b, 5, 0, 405, 28, 26.09
2026/09/08 21:44:43.818, GPU-ecc6a1f9-42fe-2932-7ea0-1dd285491b7b, 5, 0, 405, 28, 25.85
2026/09/08 21:44:44.022, GPU-ecc6a1f9-42fe-2932-7ea0-1dd285491b7b, 5, 0, 405, 28, 25.85
2026/09/08 21:44:44.225, GPU-ecc6a1f9-42fe-2932-7ea0-1dd285491b7b, 5, 0, 405, 28, 25.85
2026/09/08 21:44:44.429, GPU-ecc6a1f9-42fe-2932-7ea0-1dd285491b7b, 5, 0, 405, 28, 25.85
2026/09/08 21:44:44.632, GPU-ecc6a1f9-42fe-2932-7ea0-1dd285491b7b, 5, 0, 405, 28, 26.09
2026/09/08 21:44:44.837, GPU-ecc6a1f9-42fe-2932-7ea0-1dd285491b7b, 7, 0, 405, 28, 25.85
2026/09/08 21:44:45.041, GPU-ecc6a1f9-42fe-2932-7ea0-1dd285491b7b, 15, 0, 405, 28, 26.09
2026/09/08 21:44:45.277, GPU-ecc6a1f9-42fe-2932-7ea0-1dd285491b7b, 297, 4, 1189, 28, 31.68
2026/09/08 21:44:45.480, GPU-ecc6a1f9-42fe-2932-7ea0-1dd285491b7b, 297, 0, 1189, 28, 31.68
2026/09/08 21:44:45.685, GPU-ecc6a1f9-42fe-2932-7ea0-1dd285491b7b, 297, 22, 1189, 29, 108.89
2026/09/08 21:44:45.888, GPU-ecc6a1f9-42fe-2932-7ea0-1dd285491b7b, 263, 93, 1328, 30, 79.25
2026/09/08 21:44:46.092, GPU-ecc6a1f9-42fe-2932-7ea0-1dd285491b7b, 5, 16, 1328, 29, 36.07
2026/09/08 21:44:46.297, GPU-ecc6a1f9-42fe-2932-7ea0-1dd285491b7b, 7, 0, 1328, 29, 35.82
2026/09/08 21:44:46.500, GPU-ecc6a1f9-42fe-2932-7ea0-1dd285491b7b, 15, 0, 1328, 29, 35.82
2026/09/08 21:44:46.769, GPU-ecc6a1f9-42fe-2932-7ea0-1dd285491b7b, 299, 4, 1328, 29, 37.04
2026/09/08 21:44:46.973, GPU-ecc6a1f9-42fe-2932-7ea0-1dd285491b7b, 299, 1, 1328, 28, 36.56
2026/09/08 21:44:47.180, GPU-ecc6a1f9-42fe-2932-7ea0-1dd285491b7b, 299, 1, 1328, 29, 36.31
2026/09/08 21:44:47.383, GPU-ecc6a1f9-42fe-2932-7ea0-1dd285491b7b, 299, 86, 1328, 30, 166.26
2026/09/08 21:44:47.587, GPU-ecc6a1f9-42fe-2932-7ea0-1dd285491b7b, 299, 95, 1328, 31, 163.51
2026/09/08 21:44:47.790, GPU-ecc6a1f9-42fe-2932-7ea0-1dd285491b7b, 299, 99, 1328, 32, 196.58
2026/09/08 21:44:47.994, GPU-ecc6a1f9-42fe-2932-7ea0-1dd285491b7b, 5, 99, 1328, 31, 39.48
2026/09/08 21:44:48.197, GPU-ecc6a1f9-42fe-2932-7ea0-1dd285491b7b, 5, 10, 1328, 30, 38.75
2026/09/08 21:44:48.401, GPU-ecc6a1f9-42fe-2932-7ea0-1dd285491b7b, 7, 0, 1328, 30, 38.75
2026/09/08 21:44:48.604, GPU-ecc6a1f9-42fe-2932-7ea0-1dd285491b7b, 25, 0, 1328, 30, 38.50
2026/09/08 21:44:48.811, GPU-ecc6a1f9-42fe-2932-7ea0-1dd285491b7b, 301, 5, 1328, 29, 43.11
2026/09/08 21:44:49.015, GPU-ecc6a1f9-42fe-2932-7ea0-1dd285491b7b, 301, 2, 1328, 29, 41.67
2026/09/08 21:44:49.218, GPU-ecc6a1f9-42fe-2932-7ea0-1dd285491b7b, 301, 2, 1328, 29, 39.45
2026/09/08 21:44:49.421, GPU-ecc6a1f9-42fe-2932-7ea0-1dd285491b7b, 301, 1, 1328, 30, 154.74
2026/09/08 21:44:49.625, GPU-ecc6a1f9-42fe-2932-7ea0-1dd285491b7b, 301, 88, 1328, 32, 200.66
2026/09/08 21:44:49.828, GPU-ecc6a1f9-42fe-2932-7ea0-1dd285491b7b, 301, 97, 1328, 33, 191.37
2026/09/08 21:44:50.032, GPU-ecc6a1f9-42fe-2932-7ea0-1dd285491b7b, 301, 100, 1328, 33, 215.83
2026/09/08 21:44:50.238, GPU-ecc6a1f9-42fe-2932-7ea0-1dd285491b7b, 301, 99, 1328, 33, 183.52
2026/09/08 21:44:50.441, GPU-ecc6a1f9-42fe-2932-7ea0-1dd285491b7b, 301, 100, 1328, 34, 222.70
2026/09/08 21:44:50.645, GPU-ecc6a1f9-42fe-2932-7ea0-1dd285491b7b, 5, 58, 1328, 32, 40.21
2026/09/08 21:44:50.848, GPU-ecc6a1f9-42fe-2932-7ea0-1dd285491b7b, 5, 0, 1328, 31, 39.48
2026/09/08 21:44:51.052, GPU-ecc6a1f9-42fe-2932-7ea0-1dd285491b7b, 5, 0, 1328, 31, 39.24
2026/09/08 21:44:51.259, GPU-ecc6a1f9-42fe-2932-7ea0-1dd285491b7b, 5, 0, 1328, 31, 38.99
2026/09/08 21:44:51.462, GPU-ecc6a1f9-42fe-2932-7ea0-1dd285491b7b, 5, 0, 1328, 31, 38.99
2026/09/08 21:44:51.666, GPU-ecc6a1f9-42fe-2932-7ea0-1dd285491b7b, 5, 0, 1328, 30, 38.75
2026/09/08 21:44:51.869, GPU-ecc6a1f9-42fe-2932-7ea0-1dd285491b7b, 5, 0, 1328, 30, 38.75
2026/09/08 21:44:52.073, GPU-ecc6a1f9-42fe-2932-7ea0-1dd285491b7b, 5, 0, 1328, 30, 36.07
2026/09/08 21:44:52.278, GPU-ecc6a1f9-42fe-2932-7ea0-1dd285491b7b, 5, 0, 1328, 30, 36.07
2026/09/08 21:44:52.481, GPU-ecc6a1f9-42fe-2932-7ea0-1dd285491b7b, 5, 0, 1328, 30, 36.07
2026/09/08 21:44:52.685, GPU-ecc6a1f9-42fe-2932-7ea0-1dd285491b7b, 5, 0, 1328, 30, 36.07
2026/09/08 21:44:52.888, GPU-ecc6a1f9-42fe-2932-7ea0-1dd285491b7b, 5, 0, 1328, 30, 36.07
2026/09/08 21:44:53.092, GPU-ecc6a1f9-42fe-2932-7ea0-1dd285491b7b, 5, 0, 1328, 30, 36.07
2026/09/08 21:44:53.298, GPU-ecc6a1f9-42fe-2932-7ea0-1dd285491b7b, 5, 0, 1328, 30, 36.07
2026/09/08 21:44:53.501, GPU-ecc6a1f9-42fe-2932-7ea0-1dd285491b7b, 5, 0, 1328, 30, 36.07
2026/09/08 21:44:53.705, GPU-ecc6a1f9-42fe-2932-7ea0-1dd285491b7b, 5, 0, 1328, 30, 36.07
2026/09/08 21:44:53.908, GPU-ecc6a1f9-42fe-2932-7ea0-1dd285491b7b, 5, 0, 1328, 29, 36.07
2026/09/08 21:44:54.112, GPU-ecc6a1f9-42fe-2932-7ea0-1dd285491b7b, 5, 0, 1328, 30, 36.07
2026/09/08 21:44:54.317, GPU-ecc6a1f9-42fe-2932-7ea0-1dd285491b7b, 5, 0, 1328, 30, 36.07
2026/09/08 21:44:54.520, GPU-ecc6a1f9-42fe-2932-7ea0-1dd285491b7b, 5, 0, 1328, 30, 36.07
2026/09/08 21:44:54.724, GPU-ecc6a1f9-42fe-2932-7ea0-1dd285491b7b, 5, 0, 1328, 30, 36.07
2026/09/08 21:44:54.927, GPU-ecc6a1f9-42fe-2932-7ea0-1dd285491b7b, 5, 0, 1328, 30, 36.07
2026/09/08 21:44:55.131, GPU-ecc6a1f9-42fe-2932-7ea0-1dd285491b7b, 5, 0, 1328, 30, 36.07
2026/09/08 21:44:55.336, GPU-ecc6a1f9-42fe-2932-7ea0-1dd285491b7b, 5, 0, 1328, 30, 36.07
2026/09/08 21:44:55.540, GPU-ecc6a1f9-42fe-2932-7ea0-1dd285491b7b, 5, 0, 1328, 29, 36.07
2026/09/08 21:44:55.743, GPU-ecc6a1f9-42fe-2932-7ea0-1dd285491b7b, 5, 0, 1328, 29, 36.07
2026/09/08 21:44:55.947, GPU-ecc6a1f9-42fe-2932-7ea0-1dd285491b7b, 5, 0, 1328, 29, 36.07
2026/09/08 21:44:56.150, GPU-ecc6a1f9-42fe-2932-7ea0-1dd285491b7b, 5, 0, 1328, 29, 36.07
2026/09/08 21:44:56.356, GPU-ecc6a1f9-42fe-2932-7ea0-1dd285491b7b, 5, 0, 1328, 29, 36.07
2026/09/08 21:44:56.559, GPU-ecc6a1f9-42fe-2932-7ea0-1dd285491b7b, 5, 0, 1328, 29, 36.07
2026/09/08 21:44:56.763, GPU-ecc6a1f9-42fe-2932-7ea0-1dd285491b7b, 5, 0, 1328, 30, 36.07
2026/09/08 21:44:56.966, GPU-ecc6a1f9-42fe-2932-7ea0-1dd285491b7b, 5, 0, 1328, 29, 36.07
2026/09/08 21:44:57.170, GPU-ecc6a1f9-42fe-2932-7ea0-1dd285491b7b, 5, 0, 1328, 30, 36.07
2026/09/08 21:44:57.375, GPU-ecc6a1f9-42fe-2932-7ea0-1dd285491b7b, 5, 0, 1328, 30, 36.07
2026/09/08 21:44:57.578, GPU-ecc6a1f9-42fe-2932-7ea0-1dd285491b7b, 5, 0, 1328, 30, 36.07
2026/09/08 21:44:57.782, GPU-ecc6a1f9-42fe-2932-7ea0-1dd285491b7b, 5, 0, 1328, 29, 36.07
2026/09/08 21:44:57.985, GPU-ecc6a1f9-42fe-2932-7ea0-1dd285491b7b, 5, 0, 1328, 30, 36.07
2026/09/08 21:44:58.189, GPU-ecc6a1f9-42fe-2932-7ea0-1dd285491b7b, 5, 0, 1328, 30, 36.07
2026/09/08 21:44:58.394, GPU-ecc6a1f9-42fe-2932-7ea0-1dd285491b7b, 5, 0, 1328, 30, 36.07
2026/09/08 21:44:58.598, GPU-ecc6a1f9-42fe-2932-7ea0-1dd285491b7b, 5, 0, 1328, 30, 36.07
2026/09/08 21:44:58.801, GPU-ecc6a1f9-42fe-2932-7ea0-1dd285491b7b, 5, 0, 1328, 30, 36.07
2026/09/08 21:44:59.005, GPU-ecc6a1f9-42fe-2932-7ea0-1dd285491b7b, 5, 0, 1328, 30, 36.07
2026/09/08 21:44:59.208, GPU-ecc6a1f9-42fe-2932-7ea0-1dd285491b7b, 5, 0, 1328, 30, 36.07
2026/09/08 21:44:59.414, GPU-ecc6a1f9-42fe-2932-7ea0-1dd285491b7b, 5, 0, 1328, 29, 36.07
2026/09/08 21:44:59.617, GPU-ecc6a1f9-42fe-2932-7ea0-1dd285491b7b, 5, 0, 1328, 30, 36.07
2026/09/08 21:44:59.821, GPU-ecc6a1f9-42fe-2932-7ea0-1dd285491b7b, 5, 0, 1328, 29, 36.07
2026/09/08 21:45:00.024, GPU-ecc6a1f9-42fe-2932-7ea0-1dd285491b7b, 5, 0, 1328, 29, 36.07
2026/09/08 21:45:00.228, GPU-ecc6a1f9-42fe-2932-7ea0-1dd285491b7b, 5, 0, 1328, 29, 36.07
2026/09/08 21:45:00.431, GPU-ecc6a1f9-42fe-2932-7ea0-1dd285491b7b, 5, 0, 1328, 29, 36.07
2026/09/08 21:45:00.637, GPU-ecc6a1f9-42fe-2932-7ea0-1dd285491b7b, 5, 0, 1328, 29, 36.07
2026/09/08 21:45:00.840, GPU-ecc6a1f9-42fe-2932-7ea0-1dd285491b7b, 5, 0, 1328, 29, 36.07
2026/09/08 21:45:01.044, GPU-ecc6a1f9-42fe-2932-7ea0-1dd285491b7b, 5, 0, 1328, 29, 36.07
2026/09/08 21:45:01.247, GPU-ecc6a1f9-42fe-2932-7ea0-1dd285491b7b, 5, 0, 1328, 29, 36.07
2026/09/08 21:45:01.451, GPU-ecc6a1f9-42fe-2932-7ea0-1dd285491b7b, 5, 0, 1328, 29, 36.07
2026/09/08 21:45:01.654, GPU-ecc6a1f9-42fe-2932-7ea0-1dd285491b7b, 5, 0, 1328, 29, 36.07
2026/09/08 21:45:01.858, GPU-ecc6a1f9-42fe-2932-7ea0-1dd285491b7b, 5, 0, 1328, 30, 36.07
2026/09/08 21:45:02.063, GPU-ecc6a1f9-42fe-2932-7ea0-1dd285491b7b, 5, 0, 1328, 29, 36.07
2026/09/08 21:45:02.267, GPU-ecc6a1f9-42fe-2932-7ea0-1dd285491b7b, 5, 0, 1328, 29, 36.07
2026/09/08 21:45:02.470, GPU-ecc6a1f9-42fe-2932-7ea0-1dd285491b7b, 5, 0, 1328, 29, 36.07
2026/09/08 21:45:02.674, GPU-ecc6a1f9-42fe-2932-7ea0-1dd285491b7b, 5, 0, 1328, 29, 36.07
2026/09/08 21:45:02.877, GPU-ecc6a1f9-42fe-2932-7ea0-1dd285491b7b, 5, 0, 1328, 29, 36.07
2026/09/08 21:45:03.081, GPU-ecc6a1f9-42fe-2932-7ea0-1dd285491b7b, 5, 0, 1328, 29, 36.07
2026/09/08 21:45:03.284, GPU-ecc6a1f9-42fe-2932-7ea0-1dd285491b7b, 5, 0, 1328, 29, 36.07
2026/09/08 21:45:03.491, GPU-ecc6a1f9-42fe-2932-7ea0-1dd285491b7b, 5, 0, 1328, 29, 36.07
2026/09/08 21:45:03.695, GPU-ecc6a1f9-42fe-2932-7ea0-1dd285491b7b, 5, 0, 1328, 29, 36.07
2026/09/08 21:45:03.898, GPU-ecc6a1f9-42fe-2932-7ea0-1dd285491b7b, 5, 0, 1328, 29, 36.07
2026/09/08 21:45:04.102, GPU-ecc6a1f9-42fe-2932-7ea0-1dd285491b7b, 5, 0, 1328, 30, 36.07
2026/09/08 21:45:04.305, GPU-ecc6a1f9-42fe-2932-7ea0-1dd285491b7b, 5, 0, 1328, 30, 36.07
2026/09/08 21:45:04.511, GPU-ecc6a1f9-42fe-2932-7ea0-1dd285491b7b, 5, 0, 1328, 30, 36.07
2026/09/08 21:45:04.714, GPU-ecc6a1f9-42fe-2932-7ea0-1dd285491b7b, 5, 0, 1328, 30, 36.07
2026/09/08 21:45:04.918, GPU-ecc6a1f9-42fe-2932-7ea0-1dd285491b7b, 5, 0, 1328, 29, 36.07
2026/09/08 21:45:05.121, GPU-ecc6a1f9-42fe-2932-7ea0-1dd285491b7b, 5, 0, 1328, 30, 36.07
2026/09/08 21:45:05.325, GPU-ecc6a1f9-42fe-2932-7ea0-1dd285491b7b, 5, 0, 1328, 30, 36.07
2026/09/08 21:45:05.530, GPU-ecc6a1f9-42fe-2932-7ea0-1dd285491b7b, 5, 0, 1328, 29, 36.07
2026/09/08 21:45:05.733, GPU-ecc6a1f9-42fe-2932-7ea0-1dd285491b7b, 5, 0, 1328, 29, 36.07
2026/09/08 21:45:05.937, GPU-ecc6a1f9-42fe-2932-7ea0-1dd285491b7b, 5, 0, 1328, 29, 36.07
2026/09/08 21:45:06.140, GPU-ecc6a1f9-42fe-2932-7ea0-1dd285491b7b, 5, 0, 1328, 29, 36.07
2026/09/08 21:45:06.344, GPU-ecc6a1f9-42fe-2932-7ea0-1dd285491b7b, 5, 0, 1328, 29, 36.07
2026/09/08 21:45:06.550, GPU-ecc6a1f9-42fe-2932-7ea0-1dd285491b7b, 5, 0, 1328, 29, 36.07
2026/09/08 21:45:06.753, GPU-ecc6a1f9-42fe-2932-7ea0-1dd285491b7b, 5, 0, 1328, 29, 36.07
2026/09/08 21:45:06.957, GPU-ecc6a1f9-42fe-2932-7ea0-1dd285491b7b, 5, 0, 1328, 29, 36.07
2026/09/08 21:45:07.160, GPU-ecc6a1f9-42fe-2932-7ea0-1dd285491b7b, 5, 0, 1328, 29, 36.07
2026/09/08 21:45:07.364, GPU-ecc6a1f9-42fe-2932-7ea0-1dd285491b7b, 5, 0, 1328, 29, 36.07
2026/09/08 21:45:07.569, GPU-ecc6a1f9-42fe-2932-7ea0-1dd285491b7b, 5, 0, 1328, 29, 36.07
2026/09/08 21:45:07.772, GPU-ecc6a1f9-42fe-2932-7ea0-1dd285491b7b, 5, 0, 1328, 29, 36.07
2026/09/08 21:45:07.976, GPU-ecc6a1f9-42fe-2932-7ea0-1dd285491b7b, 5, 0, 1328, 29, 36.07
2026/09/08 21:45:08.179, GPU-ecc6a1f9-42fe-2932-7ea0-1dd285491b7b, 5, 0, 1328, 29, 36.07
2026/09/08 21:45:08.383, GPU-ecc6a1f9-42fe-2932-7ea0-1dd285491b7b, 5, 0, 1328, 29, 36.07
2026/09/08 21:45:08.588, GPU-ecc6a1f9-42fe-2932-7ea0-1dd285491b7b, 5, 0, 1328, 29, 36.07
2026/09/08 21:45:08.792, GPU-ecc6a1f9-42fe-2932-7ea0-1dd285491b7b, 5, 0, 1328, 29, 36.07
2026/09/08 21:45:08.996, GPU-ecc6a1f9-42fe-2932-7ea0-1dd285491b7b, 5, 0, 1328, 29, 36.07
2026/09/08 21:45:09.199, GPU-ecc6a1f9-42fe-2932-7ea0-1dd285491b7b, 5, 0, 1328, 30, 36.07
2026/09/08 21:45:09.403, GPU-ecc6a1f9-42fe-2932-7ea0-1dd285491b7b, 5, 0, 1328, 30, 36.07
2026/09/08 21:45:09.608, GPU-ecc6a1f9-42fe-2932-7ea0-1dd285491b7b, 5, 0, 1328, 30, 36.07
2026/09/08 21:45:09.811, GPU-ecc6a1f9-42fe-2932-7ea0-1dd285491b7b, 5, 0, 1328, 30, 36.07
2026/09/08 21:45:10.015, GPU-ecc6a1f9-42fe-2932-7ea0-1dd285491b7b, 5, 0, 1328, 30, 36.07
2026/09/08 21:45:10.218, GPU-ecc6a1f9-42fe-2932-7ea0-1dd285491b7b, 5, 0, 1328, 29, 36.07
2026/09/08 21:45:10.422, GPU-ecc6a1f9-42fe-2932-7ea0-1dd285491b7b, 5, 0, 1328, 30, 36.07
2026/09/08 21:45:10.627, GPU-ecc6a1f9-42fe-2932-7ea0-1dd285491b7b, 5, 0, 1328, 30, 36.07
2026/09/08 21:45:10.831, GPU-ecc6a1f9-42fe-2932-7ea0-1dd285491b7b, 5, 0, 1328, 30, 36.07
2026/09/08 21:45:11.034, GPU-ecc6a1f9-42fe-2932-7ea0-1dd285491b7b, 5, 0, 1328, 29, 36.07
2026/09/08 21:45:11.238, GPU-ecc6a1f9-42fe-2932-7ea0-1dd285491b7b, 5, 0, 1328, 29, 36.07
2026/09/08 21:45:11.441, GPU-ecc6a1f9-42fe-2932-7ea0-1dd285491b7b, 5, 0, 1328, 30, 36.07
2026/09/08 21:45:11.646, GPU-ecc6a1f9-42fe-2932-7ea0-1dd285491b7b, 5, 0, 1328, 29, 36.07
2026/09/08 21:45:11.850, GPU-ecc6a1f9-42fe-2932-7ea0-1dd285491b7b, 5, 0, 1328, 29, 36.07
2026/09/08 21:45:12.053, GPU-ecc6a1f9-42fe-2932-7ea0-1dd285491b7b, 5, 0, 1328, 29, 36.07
2026/09/08 21:45:12.257, GPU-ecc6a1f9-42fe-2932-7ea0-1dd285491b7b, 5, 0, 1328, 29, 36.07
2026/09/08 21:45:12.460, GPU-ecc6a1f9-42fe-2932-7ea0-1dd285491b7b, 5, 0, 1328, 29, 36.07
2026/09/08 21:45:12.666, GPU-ecc6a1f9-42fe-2932-7ea0-1dd285491b7b, 5, 0, 1328, 29, 36.07
2026/09/08 21:45:12.869, GPU-ecc6a1f9-42fe-2932-7ea0-1dd285491b7b, 5, 0, 1328, 30, 36.07
2026/09/08 21:45:13.073, GPU-ecc6a1f9-42fe-2932-7ea0-1dd285491b7b, 5, 0, 1328, 30, 36.07
2026/09/08 21:45:13.276, GPU-ecc6a1f9-42fe-2932-7ea0-1dd285491b7b, 5, 0, 1328, 29, 36.07
2026/09/08 21:45:13.480, GPU-ecc6a1f9-42fe-2932-7ea0-1dd285491b7b, 5, 0, 1328, 30, 36.07
2026/09/08 21:45:13.685, GPU-ecc6a1f9-42fe-2932-7ea0-1dd285491b7b, 5, 0, 1328, 29, 36.07
2026/09/08 21:45:13.889, GPU-ecc6a1f9-42fe-2932-7ea0-1dd285491b7b, 5, 0, 1328, 29, 36.07
2026/09/08 21:45:14.093, GPU-ecc6a1f9-42fe-2932-7ea0-1dd285491b7b, 5, 0, 1328, 30, 36.07
2026/09/08 21:45:14.296, GPU-ecc6a1f9-42fe-2932-7ea0-1dd285491b7b, 5, 0, 1328, 30, 36.07
2026/09/08 21:45:14.500, GPU-ecc6a1f9-42fe-2932-7ea0-1dd285491b7b, 5, 0, 1328, 30, 36.07
2026/09/08 21:45:14.705, GPU-ecc6a1f9-42fe-2932-7ea0-1dd285491b7b, 5, 0, 405, 29, 26.34
2026/09/08 21:45:14.908, GPU-ecc6a1f9-42fe-2932-7ea0-1dd285491b7b, 5, 0, 405, 29, 26.34
2026/09/08 21:45:15.112, GPU-ecc6a1f9-42fe-2932-7ea0-1dd285491b7b, 5, 0, 405, 29, 26.34
2026/09/08 21:45:15.316, GPU-ecc6a1f9-42fe-2932-7ea0-1dd285491b7b, 5, 0, 405, 29, 26.34
2026/09/08 21:45:15.519, GPU-ecc6a1f9-42fe-2932-7ea0-1dd285491b7b, 5, 0, 405, 29, 26.34
2026/09/08 21:45:15.724, GPU-ecc6a1f9-42fe-2932-7ea0-1dd285491b7b, 5, 0, 405, 29, 26.34
2026/09/08 21:45:15.928, GPU-ecc6a1f9-42fe-2932-7ea0-1dd285491b7b, 5, 0, 405, 29, 26.34
2026/09/08 21:45:16.131, GPU-ecc6a1f9-42fe-2932-7ea0-1dd285491b7b, 5, 0, 405, 29, 26.34
2026/09/08 21:45:16.335, GPU-ecc6a1f9-42fe-2932-7ea0-1dd285491b7b, 5, 0, 405, 29, 26.34
2026/09/08 21:45:16.538, GPU-ecc6a1f9-42fe-2932-7ea0-1dd285491b7b, 5, 0, 405, 29, 26.34
2026/09/08 21:45:16.743, GPU-ecc6a1f9-42fe-2932-7ea0-1dd285491b7b, 5, 0, 405, 29, 26.09
2026/09/08 21:45:16.947, GPU-ecc6a1f9-42fe-2932-7ea0-1dd285491b7b, 5, 0, 405, 29, 26.34
2026/09/08 21:45:17.151, GPU-ecc6a1f9-42fe-2932-7ea0-1dd285491b7b, 5, 0, 405, 29, 26.34
2026/09/08 21:45:17.354, GPU-ecc6a1f9-42fe-2932-7ea0-1dd285491b7b, 5, 0, 405, 29, 26.34
2026/09/08 21:45:17.558, GPU-ecc6a1f9-42fe-2932-7ea0-1dd285491b7b, 5, 0, 405, 29, 26.09
2026/09/08 21:45:17.763, GPU-ecc6a1f9-42fe-2932-7ea0-1dd285491b7b, 5, 0, 405, 29, 26.34
2026/09/08 21:45:17.967, GPU-ecc6a1f9-42fe-2932-7ea0-1dd285491b7b, 5, 0, 405, 29, 26.34
2026/09/08 21:45:18.170, GPU-ecc6a1f9-42fe-2932-7ea0-1dd285491b7b, 5, 0, 405, 29, 26.34
2026/09/08 21:45:18.374, GPU-ecc6a1f9-42fe-2932-7ea0-1dd285491b7b, 5, 0, 405, 29, 26.09
2026/09/08 21:45:18.577, GPU-ecc6a1f9-42fe-2932-7ea0-1dd285491b7b, 5, 0, 405, 29, 26.09
2026/09/08 21:45:18.782, GPU-ecc6a1f9-42fe-2932-7ea0-1dd285491b7b, 5, 0, 405, 29, 26.34
2026/09/08 21:45:18.986, GPU-ecc6a1f9-42fe-2932-7ea0-1dd285491b7b, 5, 0, 405, 29, 26.09
2026/09/08 21:45:19.190, GPU-ecc6a1f9-42fe-2932-7ea0-1dd285491b7b, 5, 0, 405, 29, 26.09
2026/09/08 21:45:19.393, GPU-ecc6a1f9-42fe-2932-7ea0-1dd285491b7b, 5, 0, 405, 29, 26.34
2026/09/08 21:45:19.597, GPU-ecc6a1f9-42fe-2932-7ea0-1dd285491b7b, 5, 0, 405, 29, 26.09
2026/09/08 21:45:19.802, GPU-ecc6a1f9-42fe-2932-7ea0-1dd285491b7b, 5, 0, 405, 29, 26.09
2026/09/08 21:45:20.005, GPU-ecc6a1f9-42fe-2932-7ea0-1dd285491b7b, 5, 0, 405, 29, 26.09
2026/09/08 21:45:20.209, GPU-ecc6a1f9-42fe-2932-7ea0-1dd285491b7b, 5, 0, 405, 29, 26.34
2026/09/08 21:45:20.412, GPU-ecc6a1f9-42fe-2932-7ea0-1dd285491b7b, 5, 0, 405, 29, 26.09
2026/09/08 21:45:20.616, GPU-ecc6a1f9-42fe-2932-7ea0-1dd285491b7b, 5, 0, 405, 29, 26.09
2026/09/08 21:45:20.821, GPU-ecc6a1f9-42fe-2932-7ea0-1dd285491b7b, 5, 0, 405, 29, 26.09
2026/09/08 21:45:21.024, GPU-ecc6a1f9-42fe-2932-7ea0-1dd285491b7b, 5, 0, 405, 29, 26.34
2026/09/08 21:45:21.228, GPU-ecc6a1f9-42fe-2932-7ea0-1dd285491b7b, 5, 0, 405, 29, 26.09
2026/09/08 21:45:21.432, GPU-ecc6a1f9-42fe-2932-7ea0-1dd285491b7b, 5, 0, 405, 29, 26.09
2026/09/08 21:45:21.635, GPU-ecc6a1f9-42fe-2932-7ea0-1dd285491b7b, 5, 0, 405, 29, 26.09
2026/09/08 21:45:21.841, GPU-ecc6a1f9-42fe-2932-7ea0-1dd285491b7b, 5, 0, 405, 29, 26.34
2026/09/08 21:45:22.044, GPU-ecc6a1f9-42fe-2932-7ea0-1dd285491b7b, 5, 0, 405, 29, 26.09
2026/09/08 21:45:22.248, GPU-ecc6a1f9-42fe-2932-7ea0-1dd285491b7b, 5, 0, 405, 29, 26.34
2026/09/08 21:45:22.451, GPU-ecc6a1f9-42fe-2932-7ea0-1dd285491b7b, 5, 0, 405, 29, 26.34
2026/09/08 21:45:22.655, GPU-ecc6a1f9-42fe-2932-7ea0-1dd285491b7b, 5, 0, 405, 29, 26.34
2026/09/08 21:45:22.861, GPU-ecc6a1f9-42fe-2932-7ea0-1dd285491b7b, 5, 0, 405, 29, 26.09
2026/09/08 21:45:23.064, GPU-ecc6a1f9-42fe-2932-7ea0-1dd285491b7b, 5, 0, 405, 29, 26.09
2026/09/08 21:45:23.268, GPU-ecc6a1f9-42fe-2932-7ea0-1dd285491b7b, 5, 0, 405, 29, 26.09
2026/09/08 21:45:23.471, GPU-ecc6a1f9-42fe-2932-7ea0-1dd285491b7b, 5, 0, 405, 29, 26.34
2026/09/08 21:45:23.675, GPU-ecc6a1f9-42fe-2932-7ea0-1dd285491b7b, 5, 0, 405, 29, 26.09
2026/09/08 21:45:23.881, GPU-ecc6a1f9-42fe-2932-7ea0-1dd285491b7b, 5, 0, 405, 29, 26.09
2026/09/08 21:45:24.084, GPU-ecc6a1f9-42fe-2932-7ea0-1dd285491b7b, 5, 0, 405, 29, 26.09
2026/09/08 21:45:24.288, GPU-ecc6a1f9-42fe-2932-7ea0-1dd285491b7b, 5, 0, 405, 29, 26.09
2026/09/08 21:45:24.491, GPU-ecc6a1f9-42fe-2932-7ea0-1dd285491b7b, 5, 0, 405, 29, 26.09
2026/09/08 21:45:24.695, GPU-ecc6a1f9-42fe-2932-7ea0-1dd285491b7b, 5, 0, 405, 29, 26.34
2026/09/08 21:45:24.900, GPU-ecc6a1f9-42fe-2932-7ea0-1dd285491b7b, 5, 0, 405, 29, 26.09
2026/09/08 21:45:25.104, GPU-ecc6a1f9-42fe-2932-7ea0-1dd285491b7b, 5, 0, 405, 29, 26.09
2026/09/08 21:45:25.307, GPU-ecc6a1f9-42fe-2932-7ea0-1dd285491b7b, 5, 0, 405, 29, 26.34
2026/09/08 21:45:25.511, GPU-ecc6a1f9-42fe-2932-7ea0-1dd285491b7b, 5, 0, 405, 29, 26.34
2026/09/08 21:45:25.714, GPU-ecc6a1f9-42fe-2932-7ea0-1dd285491b7b, 5, 0, 405, 29, 26.34
2026/09/08 21:45:25.919, GPU-ecc6a1f9-42fe-2932-7ea0-1dd285491b7b, 5, 0, 405, 29, 26.09
2026/09/08 21:45:26.123, GPU-ecc6a1f9-42fe-2932-7ea0-1dd285491b7b, 5, 0, 405, 29, 26.34
2026/09/08 21:45:26.326, GPU-ecc6a1f9-42fe-2932-7ea0-1dd285491b7b, 5, 0, 405, 29, 26.09
2026/09/08 21:45:26.530, GPU-ecc6a1f9-42fe-2932-7ea0-1dd285491b7b, 5, 0, 405, 29, 26.34
2026/09/08 21:45:26.733, GPU-ecc6a1f9-42fe-2932-7ea0-1dd285491b7b, 5, 0, 405, 29, 26.34
2026/09/08 21:45:26.939, GPU-ecc6a1f9-42fe-2932-7ea0-1dd285491b7b, 5, 0, 405, 29, 26.34
2026/09/08 21:45:27.142, GPU-ecc6a1f9-42fe-2932-7ea0-1dd285491b7b, 5, 0, 405, 29, 26.34
2026/09/08 21:45:27.346, GPU-ecc6a1f9-42fe-2932-7ea0-1dd285491b7b, 5, 0, 405, 29, 26.34
2026/09/08 21:45:27.549, GPU-ecc6a1f9-42fe-2932-7ea0-1dd285491b7b, 5, 0, 405, 29, 26.09
2026/09/08 21:45:27.753, GPU-ecc6a1f9-42fe-2932-7ea0-1dd285491b7b, 5, 0, 405, 29, 26.09
2026/09/08 21:45:27.960, GPU-ecc6a1f9-42fe-2932-7ea0-1dd285491b7b, 5, 0, 405, 29, 26.34
2026/09/08 21:45:28.163, GPU-ecc6a1f9-42fe-2932-7ea0-1dd285491b7b, 5, 0, 405, 29, 26.34
2026/09/08 21:45:28.367, GPU-ecc6a1f9-42fe-2932-7ea0-1dd285491b7b, 5, 0, 405, 29, 26.34
2026/09/08 21:45:28.571, GPU-ecc6a1f9-42fe-2932-7ea0-1dd285491b7b, 5, 0, 405, 29, 26.09
2026/09/08 21:45:28.774, GPU-ecc6a1f9-42fe-2932-7ea0-1dd285491b7b, 5, 0, 405, 29, 26.09
2026/09/08 21:45:28.978, GPU-ecc6a1f9-42fe-2932-7ea0-1dd285491b7b, 5, 0, 405, 29, 26.09
2026/09/08 21:45:29.183, GPU-ecc6a1f9-42fe-2932-7ea0-1dd285491b7b, 5, 0, 405, 29, 26.09
2026/09/08 21:45:29.386, GPU-ecc6a1f9-42fe-2932-7ea0-1dd285491b7b, 5, 0, 405, 29, 26.09
2026/09/08 21:45:29.590, GPU-ecc6a1f9-42fe-2932-7ea0-1dd285491b7b, 5, 0, 405, 29, 26.09
2026/09/08 21:45:29.793, GPU-ecc6a1f9-42fe-2932-7ea0-1dd285491b7b, 5, 0, 405, 29, 26.09
2026/09/08 21:45:29.997, GPU-ecc6a1f9-42fe-2932-7ea0-1dd285491b7b, 5, 0, 405, 29, 26.09
2026/09/08 21:45:30.200, GPU-ecc6a1f9-42fe-2932-7ea0-1dd285491b7b, 5, 0, 405, 29, 26.34
2026/09/08 21:45:30.407, GPU-ecc6a1f9-42fe-2932-7ea0-1dd285491b7b, 5, 0, 405, 29, 26.09
2026/09/08 21:45:30.610, GPU-ecc6a1f9-42fe-2932-7ea0-1dd285491b7b, 5, 0, 405, 29, 26.09
2026/09/08 21:45:30.814, GPU-ecc6a1f9-42fe-2932-7ea0-1dd285491b7b, 5, 0, 405, 29, 26.34
2026/09/08 21:45:31.017, GPU-ecc6a1f9-42fe-2932-7ea0-1dd285491b7b, 5, 0, 405, 29, 26.09
2026/09/08 21:45:31.221, GPU-ecc6a1f9-42fe-2932-7ea0-1dd285491b7b, 5, 0, 405, 29, 26.09
2026/09/08 21:45:31.427, GPU-ecc6a1f9-42fe-2932-7ea0-1dd285491b7b, 5, 0, 405, 29, 26.34
2026/09/08 21:45:31.631, GPU-ecc6a1f9-42fe-2932-7ea0-1dd285491b7b, 5, 0, 405, 29, 26.09
2026/09/08 21:45:31.834, GPU-ecc6a1f9-42fe-2932-7ea0-1dd285491b7b, 5, 0, 405, 29, 26.09
2026/09/08 21:45:32.038, GPU-ecc6a1f9-42fe-2932-7ea0-1dd285491b7b, 5, 0, 405, 29, 26.09
2026/09/08 21:45:32.241, GPU-ecc6a1f9-42fe-2932-7ea0-1dd285491b7b, 5, 0, 405, 29, 26.09
2026/09/08 21:45:32.447, GPU-ecc6a1f9-42fe-2932-7ea0-1dd285491b7b, 5, 0, 405, 29, 26.09
2026/09/08 21:45:32.650, GPU-ecc6a1f9-42fe-2932-7ea0-1dd285491b7b, 5, 0, 405, 29, 26.09
2026/09/08 21:45:32.854, GPU-ecc6a1f9-42fe-2932-7ea0-1dd285491b7b, 5, 0, 405, 29, 26.09
2026/09/08 21:45:33.057, GPU-ecc6a1f9-42fe-2932-7ea0-1dd285491b7b, 5, 0, 405, 29, 26.09
2026/09/08 21:45:33.261, GPU-ecc6a1f9-42fe-2932-7ea0-1dd285491b7b, 5, 0, 405, 29, 26.09
2026/09/08 21:45:33.466, GPU-ecc6a1f9-42fe-2932-7ea0-1dd285491b7b, 5, 0, 405, 29, 26.09
2026/09/08 21:45:33.670, GPU-ecc6a1f9-42fe-2932-7ea0-1dd285491b7b, 5, 0, 405, 29, 26.09
2026/09/08 21:45:33.873, GPU-ecc6a1f9-42fe-2932-7ea0-1dd285491b7b, 5, 0, 405, 29, 26.09
2026/09/08 21:45:34.077, GPU-ecc6a1f9-42fe-2932-7ea0-1dd285491b7b, 5, 0, 405, 29, 26.09
2026/09/08 21:45:34.281, GPU-ecc6a1f9-42fe-2932-7ea0-1dd285491b7b, 5, 0, 405, 29, 26.09
2026/09/08 21:45:34.486, GPU-ecc6a1f9-42fe-2932-7ea0-1dd285491b7b, 5, 0, 405, 29, 26.09
2026/09/08 21:45:34.689, GPU-ecc6a1f9-42fe-2932-7ea0-1dd285491b7b, 5, 0, 405, 29, 26.09
2026/09/08 21:45:34.893, GPU-ecc6a1f9-42fe-2932-7ea0-1dd285491b7b, 5, 0, 405, 29, 26.09
2026/09/08 21:45:35.096, GPU-ecc6a1f9-42fe-2932-7ea0-1dd285491b7b, 5, 0, 405, 29, 26.09
2026/09/08 21:45:35.300, GPU-ecc6a1f9-42fe-2932-7ea0-1dd285491b7b, 5, 0, 405, 29, 26.09
2026/09/08 21:45:35.505, GPU-ecc6a1f9-42fe-2932-7ea0-1dd285491b7b, 5, 0, 405, 29, 26.09
2026/09/08 21:45:35.708, GPU-ecc6a1f9-42fe-2932-7ea0-1dd285491b7b, 5, 0, 405, 29, 26.09
2026/09/08 21:45:35.912, GPU-ecc6a1f9-42fe-2932-7ea0-1dd285491b7b, 5, 0, 405, 29, 26.09
2026/09/08 21:45:36.115, GPU-ecc6a1f9-42fe-2932-7ea0-1dd285491b7b, 5, 0, 405, 29, 26.09
2026/09/08 21:45:36.319, GPU-ecc6a1f9-42fe-2932-7ea0-1dd285491b7b, 5, 0, 405, 29, 26.09
2026/09/08 21:45:36.524, GPU-ecc6a1f9-42fe-2932-7ea0-1dd285491b7b, 5, 0, 405, 29, 26.09
2026/09/08 21:45:36.728, GPU-ecc6a1f9-42fe-2932-7ea0-1dd285491b7b, 5, 0, 405, 29, 26.09
2026/09/08 21:45:36.931, GPU-ecc6a1f9-42fe-2932-7ea0-1dd285491b7b, 5, 0, 405, 29, 26.34
2026/09/08 21:45:37.135, GPU-ecc6a1f9-42fe-2932-7ea0-1dd285491b7b, 5, 0, 405, 29, 26.09
2026/09/08 21:45:37.338, GPU-ecc6a1f9-42fe-2932-7ea0-1dd285491b7b, 5, 0, 405, 29, 26.09
2026/09/08 21:45:37.544, GPU-ecc6a1f9-42fe-2932-7ea0-1dd285491b7b, 5, 0, 405, 29, 26.09
2026/09/08 21:45:37.747, GPU-ecc6a1f9-42fe-2932-7ea0-1dd285491b7b, 5, 0, 405, 29, 26.09
2026/09/08 21:45:37.951, GPU-ecc6a1f9-42fe-2932-7ea0-1dd285491b7b, 5, 0, 405, 29, 26.09
2026/09/08 21:45:38.154, GPU-ecc6a1f9-42fe-2932-7ea0-1dd285491b7b, 5, 0, 405, 29, 26.09
2026/09/08 21:45:38.358, GPU-ecc6a1f9-42fe-2932-7ea0-1dd285491b7b, 5, 0, 405, 29, 26.09
2026/09/08 21:45:38.563, GPU-ecc6a1f9-42fe-2932-7ea0-1dd285491b7b, 5, 0, 405, 29, 26.09
2026/09/08 21:45:38.766, GPU-ecc6a1f9-42fe-2932-7ea0-1dd285491b7b, 5, 0, 405, 29, 26.09
2026/09/08 21:45:38.970, GPU-ecc6a1f9-42fe-2932-7ea0-1dd285491b7b, 5, 0, 405, 29, 26.09
2026/09/08 21:45:39.174, GPU-ecc6a1f9-42fe-2932-7ea0-1dd285491b7b, 5, 0, 405, 29, 26.09
2026/09/08 21:45:39.377, GPU-ecc6a1f9-42fe-2932-7ea0-1dd285491b7b, 5, 0, 405, 28, 25.85
2026/09/08 21:45:39.582, GPU-ecc6a1f9-42fe-2932-7ea0-1dd285491b7b, 5, 0, 405, 29, 26.09
2026/09/08 21:45:39.786, GPU-ecc6a1f9-42fe-2932-7ea0-1dd285491b7b, 5, 0, 405, 29, 26.09
2026/09/08 21:45:39.989, GPU-ecc6a1f9-42fe-2932-7ea0-1dd285491b7b, 5, 0, 405, 29, 26.09
2026/09/08 21:45:40.193, GPU-ecc6a1f9-42fe-2932-7ea0-1dd285491b7b, 5, 0, 405, 29, 26.09
2026/09/08 21:45:40.397, GPU-ecc6a1f9-42fe-2932-7ea0-1dd285491b7b, 5, 0, 405, 29, 26.09
2026/09/08 21:45:40.602, GPU-ecc6a1f9-42fe-2932-7ea0-1dd285491b7b, 5, 0, 405, 29, 26.09
2026/09/08 21:45:40.805, GPU-ecc6a1f9-42fe-2932-7ea0-1dd285491b7b, 5, 0, 405, 29, 26.09
2026/09/08 21:45:41.009, GPU-ecc6a1f9-42fe-2932-7ea0-1dd285491b7b, 5, 0, 405, 29, 26.09
2026/09/08 21:45:41.212, GPU-ecc6a1f9-42fe-2932-7ea0-1dd285491b7b, 5, 0, 405, 28, 26.09
2026/09/08 21:45:41.416, GPU-ecc6a1f9-42fe-2932-7ea0-1dd285491b7b, 5, 0, 405, 29, 26.09
2026/09/08 21:45:41.621, GPU-ecc6a1f9-42fe-2932-7ea0-1dd285491b7b, 5, 0, 405, 29, 26.09
2026/09/08 21:45:41.825, GPU-ecc6a1f9-42fe-2932-7ea0-1dd285491b7b, 5, 0, 405, 29, 26.09
2026/09/08 21:45:42.028, GPU-ecc6a1f9-42fe-2932-7ea0-1dd285491b7b, 5, 0, 405, 28, 26.09
2026/09/08 21:45:42.232, GPU-ecc6a1f9-42fe-2932-7ea0-1dd285491b7b, 5, 0, 405, 29, 26.09
2026/09/08 21:45:42.435, GPU-ecc6a1f9-42fe-2932-7ea0-1dd285491b7b, 5, 0, 405, 28, 26.09
2026/09/08 21:45:42.640, GPU-ecc6a1f9-42fe-2932-7ea0-1dd285491b7b, 5, 0, 405, 29, 26.09
2026/09/08 21:45:42.844, GPU-ecc6a1f9-42fe-2932-7ea0-1dd285491b7b, 5, 0, 405, 29, 26.09
2026/09/08 21:45:43.047, GPU-ecc6a1f9-42fe-2932-7ea0-1dd285491b7b, 5, 0, 405, 29, 25.85
2026/09/08 21:45:43.251, GPU-ecc6a1f9-42fe-2932-7ea0-1dd285491b7b, 5, 0, 405, 28, 26.09
2026/09/08 21:45:43.454, GPU-ecc6a1f9-42fe-2932-7ea0-1dd285491b7b, 5, 0, 405, 29, 26.09
2026/09/08 21:45:43.660, GPU-ecc6a1f9-42fe-2932-7ea0-1dd285491b7b, 5, 0, 405, 29, 26.09
2026/09/08 21:45:43.863, GPU-ecc6a1f9-42fe-2932-7ea0-1dd285491b7b, 5, 0, 405, 29, 26.09
2026/09/08 21:45:44.067, GPU-ecc6a1f9-42fe-2932-7ea0-1dd285491b7b, 5, 0, 405, 29, 26.09
2026/09/08 21:45:44.270, GPU-ecc6a1f9-42fe-2932-7ea0-1dd285491b7b, 5, 0, 405, 28, 26.09
2026/09/08 21:45:44.474, GPU-ecc6a1f9-42fe-2932-7ea0-1dd285491b7b, 5, 0, 405, 29, 25.85
2026/09/08 21:45:44.680, GPU-ecc6a1f9-42fe-2932-7ea0-1dd285491b7b, 5, 0, 405, 29, 26.09
2026/09/08 21:45:44.883, GPU-ecc6a1f9-42fe-2932-7ea0-1dd285491b7b, 5, 0, 405, 28, 26.09
2026/09/08 21:45:45.087, GPU-ecc6a1f9-42fe-2932-7ea0-1dd285491b7b, 5, 0, 405, 29, 26.34
2026/09/08 21:45:45.290, GPU-ecc6a1f9-42fe-2932-7ea0-1dd285491b7b, 5, 0, 405, 29, 26.09
2026/09/08 21:45:45.494, GPU-ecc6a1f9-42fe-2932-7ea0-1dd285491b7b, 5, 0, 405, 29, 26.09
2026/09/08 21:45:45.700, GPU-ecc6a1f9-42fe-2932-7ea0-1dd285491b7b, 5, 0, 405, 28, 26.09
2026/09/08 21:45:45.903, GPU-ecc6a1f9-42fe-2932-7ea0-1dd285491b7b, 5, 0, 405, 29, 26.09
2026/09/08 21:45:46.107, GPU-ecc6a1f9-42fe-2932-7ea0-1dd285491b7b, 5, 0, 405, 29, 26.09
2026/09/08 21:45:46.310, GPU-ecc6a1f9-42fe-2932-7ea0-1dd285491b7b, 5, 0, 405, 28, 26.09
2026/09/08 21:45:46.514, GPU-ecc6a1f9-42fe-2932-7ea0-1dd285491b7b, 5, 0, 405, 29, 25.85
2026/09/08 21:45:46.719, GPU-ecc6a1f9-42fe-2932-7ea0-1dd285491b7b, 5, 0, 405, 29, 26.09
2026/09/08 21:45:46.923, GPU-ecc6a1f9-42fe-2932-7ea0-1dd285491b7b, 5, 0, 405, 29, 25.85
2026/09/08 21:45:47.126, GPU-ecc6a1f9-42fe-2932-7ea0-1dd285491b7b, 5, 0, 405, 29, 25.85
2026/09/08 21:45:47.330, GPU-ecc6a1f9-42fe-2932-7ea0-1dd285491b7b, 5, 0, 405, 29, 25.85
2026/09/08 21:45:47.533, GPU-ecc6a1f9-42fe-2932-7ea0-1dd285491b7b, 5, 0, 405, 28, 25.85
2026/09/08 21:45:47.739, GPU-ecc6a1f9-42fe-2932-7ea0-1dd285491b7b, 5, 0, 405, 29, 25.85
2026/09/08 21:45:47.942, GPU-ecc6a1f9-42fe-2932-7ea0-1dd285491b7b, 5, 0, 405, 29, 26.09
2026/09/08 21:45:48.146, GPU-ecc6a1f9-42fe-2932-7ea0-1dd285491b7b, 5, 0, 405, 28, 25.85
2026/09/08 21:45:48.349, GPU-ecc6a1f9-42fe-2932-7ea0-1dd285491b7b, 5, 0, 405, 29, 26.09
2026/09/08 21:45:48.553, GPU-ecc6a1f9-42fe-2932-7ea0-1dd285491b7b, 5, 0, 405, 29, 26.09
2026/09/08 21:45:48.758, GPU-ecc6a1f9-42fe-2932-7ea0-1dd285491b7b, 5, 0, 405, 29, 26.09
2026/09/08 21:45:48.962, GPU-ecc6a1f9-42fe-2932-7ea0-1dd285491b7b, 5, 0, 405, 29, 26.09
2026/09/08 21:45:49.165, GPU-ecc6a1f9-42fe-2932-7ea0-1dd285491b7b, 5, 0, 405, 28, 26.09
2026/09/08 21:45:49.369, GPU-ecc6a1f9-42fe-2932-7ea0-1dd285491b7b, 5, 0, 405, 28, 26.09
2026/09/08 21:45:49.573, GPU-ecc6a1f9-42fe-2932-7ea0-1dd285491b7b, 5, 0, 405, 28, 26.09
2026/09/08 21:45:49.778, GPU-ecc6a1f9-42fe-2932-7ea0-1dd285491b7b, 5, 0, 405, 28, 26.09
2026/09/08 21:45:49.982, GPU-ecc6a1f9-42fe-2932-7ea0-1dd285491b7b, 5, 0, 405, 28, 26.09
2026/09/08 21:45:50.185, GPU-ecc6a1f9-42fe-2932-7ea0-1dd285491b7b, 5, 0, 405, 28, 26.09
2026/09/08 21:45:50.389, GPU-ecc6a1f9-42fe-2932-7ea0-1dd285491b7b, 5, 0, 405, 29, 26.09
2026/09/08 21:45:50.592, GPU-ecc6a1f9-42fe-2932-7ea0-1dd285491b7b, 5, 0, 405, 28, 26.09
2026/09/08 21:45:50.796, GPU-ecc6a1f9-42fe-2932-7ea0-1dd285491b7b, 5, 0, 405, 28, 26.09
2026/09/08 21:45:51.001, GPU-ecc6a1f9-42fe-2932-7ea0-1dd285491b7b, 5, 0, 405, 28, 26.09
2026/09/08 21:45:51.205, GPU-ecc6a1f9-42fe-2932-7ea0-1dd285491b7b, 5, 0, 405, 28, 25.85
2026/09/08 21:45:51.408, GPU-ecc6a1f9-42fe-2932-7ea0-1dd285491b7b, 5, 0, 405, 28, 26.09
2026/09/08 21:45:51.612, GPU-ecc6a1f9-42fe-2932-7ea0-1dd285491b7b, 5, 0, 405, 28, 26.09
2026/09/08 21:45:51.815, GPU-ecc6a1f9-42fe-2932-7ea0-1dd285491b7b, 5, 0, 405, 28, 25.85
2026/09/08 21:45:52.019, GPU-ecc6a1f9-42fe-2932-7ea0-1dd285491b7b, 5, 0, 405, 28, 25.85
2026/09/08 21:45:52.224, GPU-ecc6a1f9-42fe-2932-7ea0-1dd285491b7b, 5, 0, 405, 29, 25.85
2026/09/08 21:45:52.428, GPU-ecc6a1f9-42fe-2932-7ea0-1dd285491b7b, 5, 0, 405, 28, 25.85
2026/09/08 21:45:52.632, GPU-ecc6a1f9-42fe-2932-7ea0-1dd285491b7b, 5, 0, 405, 28, 25.85
2026/09/08 21:45:52.835, GPU-ecc6a1f9-42fe-2932-7ea0-1dd285491b7b, 5, 0, 405, 29, 25.85
2026/09/08 21:45:53.039, GPU-ecc6a1f9-42fe-2932-7ea0-1dd285491b7b, 5, 0, 405, 28, 25.85
2026/09/08 21:45:53.242, GPU-ecc6a1f9-42fe-2932-7ea0-1dd285491b7b, 5, 0, 405, 29, 26.09
2026/09/08 21:45:53.447, GPU-ecc6a1f9-42fe-2932-7ea0-1dd285491b7b, 5, 0, 405, 28, 26.09
2026/09/08 21:45:53.650, GPU-ecc6a1f9-42fe-2932-7ea0-1dd285491b7b, 5, 0, 405, 28, 25.85
2026/09/08 21:45:53.854, GPU-ecc6a1f9-42fe-2932-7ea0-1dd285491b7b, 5, 0, 405, 28, 26.09
2026/09/08 21:45:54.057, GPU-ecc6a1f9-42fe-2932-7ea0-1dd285491b7b, 5, 0, 405, 28, 25.85
2026/09/08 21:45:54.261, GPU-ecc6a1f9-42fe-2932-7ea0-1dd285491b7b, 5, 0, 405, 29, 25.85
2026/09/08 21:45:54.466, GPU-ecc6a1f9-42fe-2932-7ea0-1dd285491b7b, 5, 0, 405, 28, 25.85
2026/09/08 21:45:54.670, GPU-ecc6a1f9-42fe-2932-7ea0-1dd285491b7b, 5, 0, 405, 28, 25.85
2026/09/08 21:45:54.873, GPU-ecc6a1f9-42fe-2932-7ea0-1dd285491b7b, 5, 0, 405, 28, 26.09
2026/09/08 21:45:55.077, GPU-ecc6a1f9-42fe-2932-7ea0-1dd285491b7b, 5, 0, 405, 28, 26.09
2026/09/08 21:45:55.280, GPU-ecc6a1f9-42fe-2932-7ea0-1dd285491b7b, 5, 0, 405, 28, 25.85
2026/09/08 21:45:55.486, GPU-ecc6a1f9-42fe-2932-7ea0-1dd285491b7b, 5, 0, 405, 28, 25.85
2026/09/08 21:45:55.690, GPU-ecc6a1f9-42fe-2932-7ea0-1dd285491b7b, 5, 0, 405, 28, 25.85
2026/09/08 21:45:55.893, GPU-ecc6a1f9-42fe-2932-7ea0-1dd285491b7b, 5, 0, 405, 28, 25.85
2026/09/08 21:45:56.097, GPU-ecc6a1f9-42fe-2932-7ea0-1dd285491b7b, 5, 0, 405, 28, 25.85
2026/09/08 21:45:56.300, GPU-ecc6a1f9-42fe-2932-7ea0-1dd285491b7b, 5, 0, 405, 28, 25.85
2026/09/08 21:45:56.505, GPU-ecc6a1f9-42fe-2932-7ea0-1dd285491b7b, 5, 0, 405, 28, 26.09
2026/09/08 21:45:56.709, GPU-ecc6a1f9-42fe-2932-7ea0-1dd285491b7b, 5, 0, 405, 28, 25.85
2026/09/08 21:45:56.912, GPU-ecc6a1f9-42fe-2932-7ea0-1dd285491b7b, 5, 0, 405, 28, 26.09
2026/09/08 21:45:57.116, GPU-ecc6a1f9-42fe-2932-7ea0-1dd285491b7b, 5, 0, 405, 28, 25.85
2026/09/08 21:45:57.319, GPU-ecc6a1f9-42fe-2932-7ea0-1dd285491b7b, 5, 0, 405, 28, 25.85
2026/09/08 21:45:57.524, GPU-ecc6a1f9-42fe-2932-7ea0-1dd285491b7b, 5, 0, 405, 28, 25.85
2026/09/08 21:45:57.728, GPU-ecc6a1f9-42fe-2932-7ea0-1dd285491b7b, 5, 0, 405, 29, 26.09
2026/09/08 21:45:57.931, GPU-ecc6a1f9-42fe-2932-7ea0-1dd285491b7b, 5, 0, 405, 29, 25.85
2026/09/08 21:45:58.135, GPU-ecc6a1f9-42fe-2932-7ea0-1dd285491b7b, 5, 0, 405, 29, 26.09
2026/09/08 21:45:58.339, GPU-ecc6a1f9-42fe-2932-7ea0-1dd285491b7b, 5, 0, 405, 28, 26.09
2026/09/08 21:45:58.544, GPU-ecc6a1f9-42fe-2932-7ea0-1dd285491b7b, 5, 0, 405, 28, 25.85
2026/09/08 21:45:58.747, GPU-ecc6a1f9-42fe-2932-7ea0-1dd285491b7b, 5, 0, 405, 28, 26.09
2026/09/08 21:45:58.951, GPU-ecc6a1f9-42fe-2932-7ea0-1dd285491b7b, 5, 0, 405, 28, 26.09
2026/09/08 21:45:59.154, GPU-ecc6a1f9-42fe-2932-7ea0-1dd285491b7b, 5, 0, 405, 28, 26.09
2026/09/08 21:45:59.358, GPU-ecc6a1f9-42fe-2932-7ea0-1dd285491b7b, 5, 0, 405, 28, 25.85
2026/09/08 21:45:59.563, GPU-ecc6a1f9-42fe-2932-7ea0-1dd285491b7b, 5, 0, 405, 28, 26.09
2026/09/08 21:45:59.767, GPU-ecc6a1f9-42fe-2932-7ea0-1dd285491b7b, 5, 0, 405, 28, 25.85
2026/09/08 21:45:59.970, GPU-ecc6a1f9-42fe-2932-7ea0-1dd285491b7b, 5, 0, 405, 28, 26.09
2026/09/08 21:46:00.174, GPU-ecc6a1f9-42fe-2932-7ea0-1dd285491b7b, 5, 0, 405, 28, 25.85
2026/09/08 21:46:00.378, GPU-ecc6a1f9-42fe-2932-7ea0-1dd285491b7b, 5, 0, 405, 28, 25.85
2026/09/08 21:46:00.583, GPU-ecc6a1f9-42fe-2932-7ea0-1dd285491b7b, 5, 0, 405, 28, 25.85
2026/09/08 21:46:00.786, GPU-ecc6a1f9-42fe-2932-7ea0-1dd285491b7b, 5, 0, 405, 28, 25.85
2026/09/08 21:46:00.990, GPU-ecc6a1f9-42fe-2932-7ea0-1dd285491b7b, 5, 0, 405, 28, 26.09
2026/09/08 21:46:01.194, GPU-ecc6a1f9-42fe-2932-7ea0-1dd285491b7b, 5, 0, 405, 28, 25.85
2026/09/08 21:46:01.397, GPU-ecc6a1f9-42fe-2932-7ea0-1dd285491b7b, 5, 0, 405, 28, 25.85
2026/09/08 21:46:01.602, GPU-ecc6a1f9-42fe-2932-7ea0-1dd285491b7b, 5, 0, 405, 28, 25.85
2026/09/08 21:46:01.806, GPU-ecc6a1f9-42fe-2932-7ea0-1dd285491b7b, 5, 0, 405, 28, 25.85
2026/09/08 21:46:02.009, GPU-ecc6a1f9-42fe-2932-7ea0-1dd285491b7b, 5, 0, 405, 28, 25.85
2026/09/08 21:46:02.213, GPU-ecc6a1f9-42fe-2932-7ea0-1dd285491b7b, 5, 0, 405, 28, 26.09
2026/09/08 21:46:02.416, GPU-ecc6a1f9-42fe-2932-7ea0-1dd285491b7b, 5, 0, 405, 28, 25.85
2026/09/08 21:46:02.621, GPU-ecc6a1f9-42fe-2932-7ea0-1dd285491b7b, 5, 0, 405, 28, 25.85
2026/09/08 21:46:02.825, GPU-ecc6a1f9-42fe-2932-7ea0-1dd285491b7b, 5, 0, 405, 28, 26.09
2026/09/08 21:46:03.029, GPU-ecc6a1f9-42fe-2932-7ea0-1dd285491b7b, 5, 0, 405, 28, 26.09
2026/09/08 21:46:03.232, GPU-ecc6a1f9-42fe-2932-7ea0-1dd285491b7b, 5, 0, 405, 28, 25.85
2026/09/08 21:46:03.436, GPU-ecc6a1f9-42fe-2932-7ea0-1dd285491b7b, 5, 0, 405, 28, 25.85
2026/09/08 21:46:03.641, GPU-ecc6a1f9-42fe-2932-7ea0-1dd285491b7b, 5, 0, 405, 28, 25.85
2026/09/08 21:46:03.844, GPU-ecc6a1f9-42fe-2932-7ea0-1dd285491b7b, 5, 0, 405, 28, 26.09
2026/09/08 21:46:04.048, GPU-ecc6a1f9-42fe-2932-7ea0-1dd285491b7b, 5, 0, 405, 28, 26.09
2026/09/08 21:46:04.251, GPU-ecc6a1f9-42fe-2932-7ea0-1dd285491b7b, 5, 0, 405, 28, 26.09
2026/09/08 21:46:04.455, GPU-ecc6a1f9-42fe-2932-7ea0-1dd285491b7b, 5, 0, 405, 28, 26.09
2026/09/08 21:46:04.660, GPU-ecc6a1f9-42fe-2932-7ea0-1dd285491b7b, 5, 0, 405, 28, 25.85
2026/09/08 21:46:04.863, GPU-ecc6a1f9-42fe-2932-7ea0-1dd285491b7b, 5, 0, 405, 28, 25.85
2026/09/08 21:46:05.067, GPU-ecc6a1f9-42fe-2932-7ea0-1dd285491b7b, 5, 0, 405, 28, 25.85
2026/09/08 21:46:05.271, GPU-ecc6a1f9-42fe-2932-7ea0-1dd285491b7b, 5, 0, 405, 28, 25.85
2026/09/08 21:46:05.474, GPU-ecc6a1f9-42fe-2932-7ea0-1dd285491b7b, 5, 0, 405, 28, 26.09
2026/09/08 21:46:05.679, GPU-ecc6a1f9-42fe-2932-7ea0-1dd285491b7b, 5, 0, 405, 28, 26.09
2026/09/08 21:46:05.883, GPU-ecc6a1f9-42fe-2932-7ea0-1dd285491b7b, 5, 0, 405, 28, 25.85
2026/09/08 21:46:06.086, GPU-ecc6a1f9-42fe-2932-7ea0-1dd285491b7b, 5, 0, 405, 28, 25.85
2026/09/08 21:46:06.290, GPU-ecc6a1f9-42fe-2932-7ea0-1dd285491b7b, 5, 0, 405, 28, 26.09
2026/09/08 21:46:06.494, GPU-ecc6a1f9-42fe-2932-7ea0-1dd285491b7b, 5, 0, 405, 28, 25.85
2026/09/08 21:46:06.699, GPU-ecc6a1f9-42fe-2932-7ea0-1dd285491b7b, 5, 0, 405, 28, 26.09
2026/09/08 21:46:06.903, GPU-ecc6a1f9-42fe-2932-7ea0-1dd285491b7b, 5, 0, 405, 28, 26.09
2026/09/08 21:46:07.106, GPU-ecc6a1f9-42fe-2932-7ea0-1dd285491b7b, 5, 0, 405, 28, 26.09
2026/09/08 21:46:07.310, GPU-ecc6a1f9-42fe-2932-7ea0-1dd285491b7b, 5, 0, 405, 28, 25.85
2026/09/08 21:46:07.513, GPU-ecc6a1f9-42fe-2932-7ea0-1dd285491b7b, 5, 0, 405, 28, 25.85
2026/09/08 21:46:07.719, GPU-ecc6a1f9-42fe-2932-7ea0-1dd285491b7b, 5, 0, 405, 28, 25.85
2026/09/08 21:46:07.923, GPU-ecc6a1f9-42fe-2932-7ea0-1dd285491b7b, 5, 0, 405, 28, 25.85
2026/09/08 21:46:08.126, GPU-ecc6a1f9-42fe-2932-7ea0-1dd285491b7b, 5, 0, 405, 28, 25.85
2026/09/08 21:46:08.330, GPU-ecc6a1f9-42fe-2932-7ea0-1dd285491b7b, 5, 0, 405, 28, 25.85
2026/09/08 21:46:08.533, GPU-ecc6a1f9-42fe-2932-7ea0-1dd285491b7b, 5, 0, 405, 28, 25.85
2026/09/08 21:46:08.739, GPU-ecc6a1f9-42fe-2932-7ea0-1dd285491b7b, 5, 0, 405, 28, 25.85
2026/09/08 21:46:08.942, GPU-ecc6a1f9-42fe-2932-7ea0-1dd285491b7b, 5, 0, 405, 28, 25.85
2026/09/08 21:46:09.146, GPU-ecc6a1f9-42fe-2932-7ea0-1dd285491b7b, 5, 0, 405, 28, 26.09
2026/09/08 21:46:09.349, GPU-ecc6a1f9-42fe-2932-7ea0-1dd285491b7b, 5, 0, 405, 28, 25.85
2026/09/08 21:46:09.553, GPU-ecc6a1f9-42fe-2932-7ea0-1dd285491b7b, 5, 0, 405, 28, 25.85
2026/09/08 21:46:09.758, GPU-ecc6a1f9-42fe-2932-7ea0-1dd285491b7b, 5, 0, 405, 28, 25.85
2026/09/08 21:46:09.962, GPU-ecc6a1f9-42fe-2932-7ea0-1dd285491b7b, 5, 0, 405, 28, 26.09
2026/09/08 21:46:10.166, GPU-ecc6a1f9-42fe-2932-7ea0-1dd285491b7b, 5, 0, 405, 28, 25.85
2026/09/08 21:46:10.370, GPU-ecc6a1f9-42fe-2932-7ea0-1dd285491b7b, 5, 0, 405, 28, 25.85
2026/09/08 21:46:10.573, GPU-ecc6a1f9-42fe-2932-7ea0-1dd285491b7b, 5, 0, 405, 28, 26.09
2026/09/08 21:46:10.778, GPU-ecc6a1f9-42fe-2932-7ea0-1dd285491b7b, 5, 0, 405, 28, 25.85
2026/09/08 21:46:10.981, GPU-ecc6a1f9-42fe-2932-7ea0-1dd285491b7b, 5, 0, 405, 28, 25.85
2026/09/08 21:46:11.185, GPU-ecc6a1f9-42fe-2932-7ea0-1dd285491b7b, 5, 0, 405, 28, 25.85
2026/09/08 21:46:11.388, GPU-ecc6a1f9-42fe-2932-7ea0-1dd285491b7b, 5, 0, 405, 28, 25.85
2026/09/08 21:46:11.593, GPU-ecc6a1f9-42fe-2932-7ea0-1dd285491b7b, 5, 0, 405, 28, 25.85
2026/09/08 21:46:11.798, GPU-ecc6a1f9-42fe-2932-7ea0-1dd285491b7b, 5, 0, 405, 28, 25.85
2026/09/08 21:46:12.001, GPU-ecc6a1f9-42fe-2932-7ea0-1dd285491b7b, 5, 0, 405, 28, 26.09
2026/09/08 21:46:12.205, GPU-ecc6a1f9-42fe-2932-7ea0-1dd285491b7b, 5, 0, 405, 28, 25.85
2026/09/08 21:46:12.408, GPU-ecc6a1f9-42fe-2932-7ea0-1dd285491b7b, 5, 0, 405, 28, 25.85
2026/09/08 21:46:12.612, GPU-ecc6a1f9-42fe-2932-7ea0-1dd285491b7b, 5, 0, 405, 28, 26.09
2026/09/08 21:46:12.815, GPU-ecc6a1f9-42fe-2932-7ea0-1dd285491b7b, 5, 0, 405, 28, 25.85
2026/09/08 21:46:13.020, GPU-ecc6a1f9-42fe-2932-7ea0-1dd285491b7b, 5, 0, 405, 28, 25.85
2026/09/08 21:46:13.223, GPU-ecc6a1f9-42fe-2932-7ea0-1dd285491b7b, 5, 0, 405, 28, 25.85
2026/09/08 21:46:13.427, GPU-ecc6a1f9-42fe-2932-7ea0-1dd285491b7b, 5, 0, 405, 28, 26.09
2026/09/08 21:46:13.630, GPU-ecc6a1f9-42fe-2932-7ea0-1dd285491b7b, 5, 0, 405, 28, 25.85
2026/09/08 21:46:13.834, GPU-ecc6a1f9-42fe-2932-7ea0-1dd285491b7b, 5, 0, 405, 28, 26.09
2026/09/08 21:46:14.037, GPU-ecc6a1f9-42fe-2932-7ea0-1dd285491b7b, 5, 0, 405, 28, 25.85
2026/09/08 21:46:14.243, GPU-ecc6a1f9-42fe-2932-7ea0-1dd285491b7b, 5, 0, 405, 28, 26.09
2026/09/08 21:46:14.446, GPU-ecc6a1f9-42fe-2932-7ea0-1dd285491b7b, 5, 0, 405, 28, 25.85
2026/09/08 21:46:14.650, GPU-ecc6a1f9-42fe-2932-7ea0-1dd285491b7b, 5, 0, 405, 28, 25.85
2026/09/08 21:46:14.853, GPU-ecc6a1f9-42fe-2932-7ea0-1dd285491b7b, 5, 0, 405, 28, 25.85
2026/09/08 21:46:15.057, GPU-ecc6a1f9-42fe-2932-7ea0-1dd285491b7b, 5, 0, 405, 28, 25.85
2026/09/08 21:46:15.260, GPU-ecc6a1f9-42fe-2932-7ea0-1dd285491b7b, 5, 0, 405, 28, 25.85
2026/09/08 21:46:15.465, GPU-ecc6a1f9-42fe-2932-7ea0-1dd285491b7b, 5, 0, 405, 28, 25.85
2026/09/08 21:46:15.668, GPU-ecc6a1f9-42fe-2932-7ea0-1dd285491b7b, 5, 0, 405, 28, 25.85
2026/09/08 21:46:15.872, GPU-ecc6a1f9-42fe-2932-7ea0-1dd285491b7b, 5, 0, 405, 28, 25.85
2026/09/08 21:46:16.075, GPU-ecc6a1f9-42fe-2932-7ea0-1dd285491b7b, 5, 0, 405, 28, 25.85
2026/09/08 21:46:16.279, GPU-ecc6a1f9-42fe-2932-7ea0-1dd285491b7b, 5, 0, 405, 28, 25.85
2026/09/08 21:46:16.484, GPU-ecc6a1f9-42fe-2932-7ea0-1dd285491b7b, 5, 0, 405, 28, 25.85
2026/09/08 21:46:16.688, GPU-ecc6a1f9-42fe-2932-7ea0-1dd285491b7b, 5, 0, 405, 28, 26.09
2026/09/08 21:46:16.891, GPU-ecc6a1f9-42fe-2932-7ea0-1dd285491b7b, 5, 0, 405, 28, 26.09
2026/09/08 21:46:17.095, GPU-ecc6a1f9-42fe-2932-7ea0-1dd285491b7b, 5, 0, 405, 28, 26.09
2026/09/08 21:46:17.299, GPU-ecc6a1f9-42fe-2932-7ea0-1dd285491b7b, 5, 0, 405, 28, 26.09
2026/09/08 21:46:17.504, GPU-ecc6a1f9-42fe-2932-7ea0-1dd285491b7b, 5, 0, 405, 28, 26.09
2026/09/08 21:46:17.707, GPU-ecc6a1f9-42fe-2932-7ea0-1dd285491b7b, 5, 0, 405, 28, 25.85
2026/09/08 21:46:17.911, GPU-ecc6a1f9-42fe-2932-7ea0-1dd285491b7b, 5, 0, 405, 28, 26.09
2026/09/08 21:46:18.115, GPU-ecc6a1f9-42fe-2932-7ea0-1dd285491b7b, 5, 0, 405, 28, 25.85
2026/09/08 21:46:18.318, GPU-ecc6a1f9-42fe-2932-7ea0-1dd285491b7b, 5, 0, 405, 28, 26.09
2026/09/08 21:46:18.523, GPU-ecc6a1f9-42fe-2932-7ea0-1dd285491b7b, 5, 0, 405, 28, 25.85
2026/09/08 21:46:18.727, GPU-ecc6a1f9-42fe-2932-7ea0-1dd285491b7b, 5, 0, 405, 28, 26.09
2026/09/08 21:46:18.930, GPU-ecc6a1f9-42fe-2932-7ea0-1dd285491b7b, 5, 0, 405, 28, 26.09
2026/09/08 21:46:19.134, GPU-ecc6a1f9-42fe-2932-7ea0-1dd285491b7b, 5, 0, 405, 28, 26.09
2026/09/08 21:46:19.337, GPU-ecc6a1f9-42fe-2932-7ea0-1dd285491b7b, 5, 0, 405, 28, 26.09
2026/09/08 21:46:19.543, GPU-ecc6a1f9-42fe-2932-7ea0-1dd285491b7b, 5, 0, 405, 28, 25.85
2026/09/08 21:46:19.746, GPU-ecc6a1f9-42fe-2932-7ea0-1dd285491b7b, 5, 0, 405, 28, 25.85
2026/09/08 21:46:19.950, GPU-ecc6a1f9-42fe-2932-7ea0-1dd285491b7b, 5, 0, 405, 28, 26.09
2026/09/08 21:46:20.153, GPU-ecc6a1f9-42fe-2932-7ea0-1dd285491b7b, 5, 0, 405, 28, 26.09
2026/09/08 21:46:20.357, GPU-ecc6a1f9-42fe-2932-7ea0-1dd285491b7b, 5, 0, 405, 28, 26.09
2026/09/08 21:46:20.562, GPU-ecc6a1f9-42fe-2932-7ea0-1dd285491b7b, 5, 0, 405, 28, 25.85
2026/09/08 21:46:20.765, GPU-ecc6a1f9-42fe-2932-7ea0-1dd285491b7b, 5, 0, 405, 28, 25.85
2026/09/08 21:46:20.969, GPU-ecc6a1f9-42fe-2932-7ea0-1dd285491b7b, 5, 0, 405, 28, 25.85
2026/09/08 21:46:21.172, GPU-ecc6a1f9-42fe-2932-7ea0-1dd285491b7b, 5, 0, 405, 28, 25.85
2026/09/08 21:46:21.376, GPU-ecc6a1f9-42fe-2932-7ea0-1dd285491b7b, 5, 0, 405, 28, 25.85
2026/09/08 21:46:21.581, GPU-ecc6a1f9-42fe-2932-7ea0-1dd285491b7b, 5, 0, 405, 28, 25.85
2026/09/08 21:46:21.785, GPU-ecc6a1f9-42fe-2932-7ea0-1dd285491b7b, 5, 0, 405, 28, 25.85
2026/09/08 21:46:21.988, GPU-ecc6a1f9-42fe-2932-7ea0-1dd285491b7b, 5, 0, 405, 28, 26.09
2026/09/08 21:46:22.192, GPU-ecc6a1f9-42fe-2932-7ea0-1dd285491b7b, 5, 0, 405, 28, 25.85
2026/09/08 21:46:22.395, GPU-ecc6a1f9-42fe-2932-7ea0-1dd285491b7b, 5, 0, 405, 28, 26.09
2026/09/08 21:46:22.600, GPU-ecc6a1f9-42fe-2932-7ea0-1dd285491b7b, 5, 0, 405, 28, 26.09
2026/09/08 21:46:22.804, GPU-ecc6a1f9-42fe-2932-7ea0-1dd285491b7b, 5, 0, 405, 28, 26.09
2026/09/08 21:46:23.008, GPU-ecc6a1f9-42fe-2932-7ea0-1dd285491b7b, 5, 0, 405, 28, 25.85
2026/09/08 21:46:23.212, GPU-ecc6a1f9-42fe-2932-7ea0-1dd285491b7b, 5, 0, 405, 28, 25.85
2026/09/08 21:46:23.415, GPU-ecc6a1f9-42fe-2932-7ea0-1dd285491b7b, 5, 0, 405, 28, 26.09
2026/09/08 21:46:23.620, GPU-ecc6a1f9-42fe-2932-7ea0-1dd285491b7b, 5, 0, 405, 28, 26.09
2026/09/08 21:46:23.824, GPU-ecc6a1f9-42fe-2932-7ea0-1dd285491b7b, 5, 0, 405, 28, 25.85
2026/09/08 21:46:24.027, GPU-ecc6a1f9-42fe-2932-7ea0-1dd285491b7b, 5, 0, 405, 28, 25.85
2026/09/08 21:46:24.231, GPU-ecc6a1f9-42fe-2932-7ea0-1dd285491b7b, 5, 0, 405, 28, 26.09
2026/09/08 21:46:24.434, GPU-ecc6a1f9-42fe-2932-7ea0-1dd285491b7b, 5, 0, 405, 28, 26.09
2026/09/08 21:46:24.639, GPU-ecc6a1f9-42fe-2932-7ea0-1dd285491b7b, 5, 0, 405, 28, 26.09
2026/09/08 21:46:24.843, GPU-ecc6a1f9-42fe-2932-7ea0-1dd285491b7b, 5, 0, 405, 28, 26.09
2026/09/08 21:46:25.046, GPU-ecc6a1f9-42fe-2932-7ea0-1dd285491b7b, 5, 0, 405, 28, 26.09
2026/09/08 21:46:25.250, GPU-ecc6a1f9-42fe-2932-7ea0-1dd285491b7b, 5, 0, 405, 28, 25.85
2026/09/08 21:46:25.453, GPU-ecc6a1f9-42fe-2932-7ea0-1dd285491b7b, 5, 0, 405, 28, 26.09
2026/09/08 21:46:25.659, GPU-ecc6a1f9-42fe-2932-7ea0-1dd285491b7b, 5, 0, 405, 28, 25.85
2026/09/08 21:46:25.862, GPU-ecc6a1f9-42fe-2932-7ea0-1dd285491b7b, 5, 0, 405, 28, 25.85
2026/09/08 21:46:26.066, GPU-ecc6a1f9-42fe-2932-7ea0-1dd285491b7b, 5, 0, 405, 28, 26.09
2026/09/08 21:46:26.269, GPU-ecc6a1f9-42fe-2932-7ea0-1dd285491b7b, 5, 0, 405, 28, 26.09
2026/09/08 21:46:26.473, GPU-ecc6a1f9-42fe-2932-7ea0-1dd285491b7b, 5, 0, 405, 28, 26.09
2026/09/08 21:46:26.678, GPU-ecc6a1f9-42fe-2932-7ea0-1dd285491b7b, 5, 0, 405, 28, 25.85
2026/09/08 21:46:26.882, GPU-ecc6a1f9-42fe-2932-7ea0-1dd285491b7b, 5, 0, 405, 28, 25.85
2026/09/08 21:46:27.085, GPU-ecc6a1f9-42fe-2932-7ea0-1dd285491b7b, 5, 0, 405, 28, 26.09
2026/09/08 21:46:27.289, GPU-ecc6a1f9-42fe-2932-7ea0-1dd285491b7b, 5, 0, 405, 28, 25.85
2026/09/08 21:46:27.492, GPU-ecc6a1f9-42fe-2932-7ea0-1dd285491b7b, 5, 0, 405, 28, 26.09
2026/09/08 21:46:27.697, GPU-ecc6a1f9-42fe-2932-7ea0-1dd285491b7b, 5, 0, 405, 28, 26.09
2026/09/08 21:46:27.901, GPU-ecc6a1f9-42fe-2932-7ea0-1dd285491b7b, 5, 0, 405, 28, 26.09
2026/09/08 21:46:28.104, GPU-ecc6a1f9-42fe-2932-7ea0-1dd285491b7b, 5, 0, 405, 28, 26.09
2026/09/08 21:46:28.308, GPU-ecc6a1f9-42fe-2932-7ea0-1dd285491b7b, 5, 0, 405, 28, 25.85
2026/09/08 21:46:28.512, GPU-ecc6a1f9-42fe-2932-7ea0-1dd285491b7b, 5, 0, 405, 28, 26.09
2026/09/08 21:46:28.717, GPU-ecc6a1f9-42fe-2932-7ea0-1dd285491b7b, 5, 0, 405, 28, 25.85
2026/09/08 21:46:28.921, GPU-ecc6a1f9-42fe-2932-7ea0-1dd285491b7b, 5, 0, 405, 28, 26.09
2026/09/08 21:46:29.125, GPU-ecc6a1f9-42fe-2932-7ea0-1dd285491b7b, 5, 0, 405, 28, 25.85
2026/09/08 21:46:29.328, GPU-ecc6a1f9-42fe-2932-7ea0-1dd285491b7b, 5, 0, 405, 28, 25.85
2026/09/08 21:46:29.532, GPU-ecc6a1f9-42fe-2932-7ea0-1dd285491b7b, 5, 0, 405, 28, 25.85
2026/09/08 21:46:29.738, GPU-ecc6a1f9-42fe-2932-7ea0-1dd285491b7b, 5, 0, 405, 28, 26.09
2026/09/08 21:46:29.941, GPU-ecc6a1f9-42fe-2932-7ea0-1dd285491b7b, 5, 0, 405, 28, 25.85
2026/09/08 21:46:30.145, GPU-ecc6a1f9-42fe-2932-7ea0-1dd285491b7b, 5, 0, 405, 28, 25.85
2026/09/08 21:46:30.348, GPU-ecc6a1f9-42fe-2932-7ea0-1dd285491b7b, 5, 0, 405, 28, 25.85
2026/09/08 21:46:30.552, GPU-ecc6a1f9-42fe-2932-7ea0-1dd285491b7b, 5, 0, 405, 28, 25.85
2026/09/08 21:46:30.758, GPU-ecc6a1f9-42fe-2932-7ea0-1dd285491b7b, 5, 0, 405, 28, 25.85
2026/09/08 21:46:30.961, GPU-ecc6a1f9-42fe-2932-7ea0-1dd285491b7b, 5, 0, 405, 28, 26.09
2026/09/08 21:46:31.165, GPU-ecc6a1f9-42fe-2932-7ea0-1dd285491b7b, 5, 0, 405, 28, 26.09
2026/09/08 21:46:31.368, GPU-ecc6a1f9-42fe-2932-7ea0-1dd285491b7b, 5, 0, 405, 28, 25.85
2026/09/08 21:46:31.572, GPU-ecc6a1f9-42fe-2932-7ea0-1dd285491b7b, 5, 0, 405, 28, 25.85
2026/09/08 21:46:31.777, GPU-ecc6a1f9-42fe-2932-7ea0-1dd285491b7b, 5, 0, 405, 28, 25.85
2026/09/08 21:46:31.981, GPU-ecc6a1f9-42fe-2932-7ea0-1dd285491b7b, 5, 0, 405, 28, 25.85
2026/09/08 21:46:32.184, GPU-ecc6a1f9-42fe-2932-7ea0-1dd285491b7b, 5, 0, 405, 28, 25.85
2026/09/08 21:46:32.388, GPU-ecc6a1f9-42fe-2932-7ea0-1dd285491b7b, 5, 0, 405, 28, 25.85
2026/09/08 21:46:32.592, GPU-ecc6a1f9-42fe-2932-7ea0-1dd285491b7b, 5, 0, 405, 28, 25.85
2026/09/08 21:46:32.797, GPU-ecc6a1f9-42fe-2932-7ea0-1dd285491b7b, 5, 0, 405, 28, 25.85
2026/09/08 21:46:33.000, GPU-ecc6a1f9-42fe-2932-7ea0-1dd285491b7b, 5, 0, 405, 28, 25.85
2026/09/08 21:46:33.204, GPU-ecc6a1f9-42fe-2932-7ea0-1dd285491b7b, 5, 0, 405, 28, 26.09
2026/09/08 21:46:33.407, GPU-ecc6a1f9-42fe-2932-7ea0-1dd285491b7b, 5, 0, 405, 28, 25.85
2026/09/08 21:46:33.611, GPU-ecc6a1f9-42fe-2932-7ea0-1dd285491b7b, 5, 0, 405, 28, 25.85
2026/09/08 21:46:33.817, GPU-ecc6a1f9-42fe-2932-7ea0-1dd285491b7b, 5, 0, 405, 28, 25.85
2026/09/08 21:46:34.020, GPU-ecc6a1f9-42fe-2932-7ea0-1dd285491b7b, 5, 0, 405, 28, 25.85
2026/09/08 21:46:34.224, GPU-ecc6a1f9-42fe-2932-7ea0-1dd285491b7b, 5, 0, 405, 28, 25.85
2026/09/08 21:46:34.427, GPU-ecc6a1f9-42fe-2932-7ea0-1dd285491b7b, 5, 0, 405, 28, 25.85
2026/09/08 21:46:34.631, GPU-ecc6a1f9-42fe-2932-7ea0-1dd285491b7b, 5, 0, 405, 28, 25.85
2026/09/08 21:46:34.834, GPU-ecc6a1f9-42fe-2932-7ea0-1dd285491b7b, 5, 0, 405, 28, 25.85
2026/09/08 21:46:35.038, GPU-ecc6a1f9-42fe-2932-7ea0-1dd285491b7b, 5, 0, 405, 28, 26.09
2026/09/08 21:46:35.242, GPU-ecc6a1f9-42fe-2932-7ea0-1dd285491b7b, 5, 0, 405, 28, 25.85
2026/09/08 21:46:35.446, GPU-ecc6a1f9-42fe-2932-7ea0-1dd285491b7b, 5, 0, 405, 28, 25.85
2026/09/08 21:46:35.649, GPU-ecc6a1f9-42fe-2932-7ea0-1dd285491b7b, 5, 0, 405, 28, 26.09
2026/09/08 21:46:35.853, GPU-ecc6a1f9-42fe-2932-7ea0-1dd285491b7b, 5, 0, 405, 28, 25.85
2026/09/08 21:46:36.056, GPU-ecc6a1f9-42fe-2932-7ea0-1dd285491b7b, 5, 0, 405, 28, 25.85
2026/09/08 21:46:36.261, GPU-ecc6a1f9-42fe-2932-7ea0-1dd285491b7b, 5, 0, 405, 28, 26.09
2026/09/08 21:46:36.465, GPU-ecc6a1f9-42fe-2932-7ea0-1dd285491b7b, 5, 0, 405, 28, 25.85
2026/09/08 21:46:36.668, GPU-ecc6a1f9-42fe-2932-7ea0-1dd285491b7b, 5, 0, 405, 28, 26.09
2026/09/08 21:46:36.872, GPU-ecc6a1f9-42fe-2932-7ea0-1dd285491b7b, 5, 0, 405, 28, 25.85
2026/09/08 21:46:37.075, GPU-ecc6a1f9-42fe-2932-7ea0-1dd285491b7b, 5, 0, 405, 28, 25.85
2026/09/08 21:46:37.279, GPU-ecc6a1f9-42fe-2932-7ea0-1dd285491b7b, 5, 0, 405, 28, 25.85
2026/09/08 21:46:37.484, GPU-ecc6a1f9-42fe-2932-7ea0-1dd285491b7b, 5, 0, 405, 28, 25.85
2026/09/08 21:46:37.688, GPU-ecc6a1f9-42fe-2932-7ea0-1dd285491b7b, 5, 0, 405, 28, 25.85
2026/09/08 21:46:37.891, GPU-ecc6a1f9-42fe-2932-7ea0-1dd285491b7b, 5, 0, 405, 28, 25.85
2026/09/08 21:46:38.095, GPU-ecc6a1f9-42fe-2932-7ea0-1dd285491b7b, 5, 0, 405, 28, 25.85
2026/09/08 21:46:38.298, GPU-ecc6a1f9-42fe-2932-7ea0-1dd285491b7b, 5, 0, 405, 28, 25.85
2026/09/08 21:46:38.504, GPU-ecc6a1f9-42fe-2932-7ea0-1dd285491b7b, 5, 0, 405, 28, 25.85
2026/09/08 21:46:38.708, GPU-ecc6a1f9-42fe-2932-7ea0-1dd285491b7b, 5, 0, 405, 28, 25.85
2026/09/08 21:46:38.911, GPU-ecc6a1f9-42fe-2932-7ea0-1dd285491b7b, 5, 0, 405, 28, 25.85
2026/09/08 21:46:39.115, GPU-ecc6a1f9-42fe-2932-7ea0-1dd285491b7b, 5, 0, 405, 28, 25.85
2026/09/08 21:46:39.318, GPU-ecc6a1f9-42fe-2932-7ea0-1dd285491b7b, 5, 0, 405, 28, 25.85
2026/09/08 21:46:39.524, GPU-ecc6a1f9-42fe-2932-7ea0-1dd285491b7b, 5, 0, 405, 28, 25.85
2026/09/08 21:46:39.728, GPU-ecc6a1f9-42fe-2932-7ea0-1dd285491b7b, 5, 0, 405, 28, 25.85
2026/09/08 21:46:39.931, GPU-ecc6a1f9-42fe-2932-7ea0-1dd285491b7b, 5, 0, 405, 28, 26.09
2026/09/08 21:46:40.135, GPU-ecc6a1f9-42fe-2932-7ea0-1dd285491b7b, 5, 0, 405, 28, 25.85
2026/09/08 21:46:40.338, GPU-ecc6a1f9-42fe-2932-7ea0-1dd285491b7b, 5, 0, 405, 28, 25.85
2026/09/08 21:46:40.543, GPU-ecc6a1f9-42fe-2932-7ea0-1dd285491b7b, 5, 0, 405, 28, 25.85
2026/09/08 21:46:40.747, GPU-ecc6a1f9-42fe-2932-7ea0-1dd285491b7b, 5, 0, 405, 28, 25.85
2026/09/08 21:46:40.950, GPU-ecc6a1f9-42fe-2932-7ea0-1dd285491b7b, 5, 0, 405, 28, 26.09
2026/09/08 21:46:41.154, GPU-ecc6a1f9-42fe-2932-7ea0-1dd285491b7b, 5, 0, 405, 28, 25.85
2026/09/08 21:46:41.357, GPU-ecc6a1f9-42fe-2932-7ea0-1dd285491b7b, 5, 0, 405, 28, 25.85
2026/09/08 21:46:41.562, GPU-ecc6a1f9-42fe-2932-7ea0-1dd285491b7b, 5, 0, 405, 28, 26.09
2026/09/08 21:46:41.766, GPU-ecc6a1f9-42fe-2932-7ea0-1dd285491b7b, 5, 0, 405, 28, 26.09
2026/09/08 21:46:41.969, GPU-ecc6a1f9-42fe-2932-7ea0-1dd285491b7b, 5, 0, 405, 28, 25.85
2026/09/08 21:46:42.173, GPU-ecc6a1f9-42fe-2932-7ea0-1dd285491b7b, 5, 0, 405, 28, 25.85
2026/09/08 21:46:42.377, GPU-ecc6a1f9-42fe-2932-7ea0-1dd285491b7b, 5, 0, 405, 28, 25.85
2026/09/08 21:46:42.582, GPU-ecc6a1f9-42fe-2932-7ea0-1dd285491b7b, 5, 0, 405, 28, 26.09
2026/09/08 21:46:42.785, GPU-ecc6a1f9-42fe-2932-7ea0-1dd285491b7b, 5, 0, 405, 28, 25.85
2026/09/08 21:46:42.989, GPU-ecc6a1f9-42fe-2932-7ea0-1dd285491b7b, 5, 0, 405, 28, 25.85
2026/09/08 21:46:43.192, GPU-ecc6a1f9-42fe-2932-7ea0-1dd285491b7b, 5, 0, 405, 28, 25.85
2026/09/08 21:46:43.396, GPU-ecc6a1f9-42fe-2932-7ea0-1dd285491b7b, 5, 0, 405, 28, 26.09
2026/09/08 21:46:43.601, GPU-ecc6a1f9-42fe-2932-7ea0-1dd285491b7b, 5, 0, 405, 28, 26.09
2026/09/08 21:46:43.805, GPU-ecc6a1f9-42fe-2932-7ea0-1dd285491b7b, 5, 0, 405, 28, 25.85
2026/09/08 21:46:44.008, GPU-ecc6a1f9-42fe-2932-7ea0-1dd285491b7b, 5, 0, 405, 28, 25.85
2026/09/08 21:46:44.212, GPU-ecc6a1f9-42fe-2932-7ea0-1dd285491b7b, 5, 0, 405, 28, 26.09
2026/09/08 21:46:44.415, GPU-ecc6a1f9-42fe-2932-7ea0-1dd285491b7b, 5, 0, 405, 28, 25.85
2026/09/08 21:46:44.621, GPU-ecc6a1f9-42fe-2932-7ea0-1dd285491b7b, 5, 0, 405, 28, 25.85
2026/09/08 21:46:44.824, GPU-ecc6a1f9-42fe-2932-7ea0-1dd285491b7b, 5, 0, 405, 28, 25.85
2026/09/08 21:46:45.028, GPU-ecc6a1f9-42fe-2932-7ea0-1dd285491b7b, 5, 0, 405, 28, 25.85
2026/09/08 21:46:45.232, GPU-ecc6a1f9-42fe-2932-7ea0-1dd285491b7b, 5, 0, 405, 28, 26.09
2026/09/08 21:46:45.435, GPU-ecc6a1f9-42fe-2932-7ea0-1dd285491b7b, 5, 0, 405, 28, 26.09
2026/09/08 21:46:45.640, GPU-ecc6a1f9-42fe-2932-7ea0-1dd285491b7b, 5, 0, 405, 28, 25.85
2026/09/08 21:46:45.844, GPU-ecc6a1f9-42fe-2932-7ea0-1dd285491b7b, 5, 0, 405, 28, 25.85
2026/09/08 21:46:46.047, GPU-ecc6a1f9-42fe-2932-7ea0-1dd285491b7b, 5, 0, 405, 28, 26.09
2026/09/08 21:46:46.251, GPU-ecc6a1f9-42fe-2932-7ea0-1dd285491b7b, 5, 0, 405, 28, 25.85
2026/09/08 21:46:46.454, GPU-ecc6a1f9-42fe-2932-7ea0-1dd285491b7b, 5, 0, 405, 28, 25.85
2026/09/08 21:46:46.659, GPU-ecc6a1f9-42fe-2932-7ea0-1dd285491b7b, 5, 0, 405, 28, 25.85
2026/09/08 21:46:46.863, GPU-ecc6a1f9-42fe-2932-7ea0-1dd285491b7b, 5, 0, 405, 28, 26.09
2026/09/08 21:46:47.066, GPU-ecc6a1f9-42fe-2932-7ea0-1dd285491b7b, 5, 0, 405, 28, 26.09
2026/09/08 21:46:47.270, GPU-ecc6a1f9-42fe-2932-7ea0-1dd285491b7b, 5, 0, 405, 28, 25.85
2026/09/08 21:46:47.473, GPU-ecc6a1f9-42fe-2932-7ea0-1dd285491b7b, 5, 0, 405, 28, 26.09
2026/09/08 21:46:47.679, GPU-ecc6a1f9-42fe-2932-7ea0-1dd285491b7b, 5, 0, 405, 28, 25.85
2026/09/08 21:46:47.882, GPU-ecc6a1f9-42fe-2932-7ea0-1dd285491b7b, 5, 0, 405, 28, 26.09
2026/09/08 21:46:48.086, GPU-ecc6a1f9-42fe-2932-7ea0-1dd285491b7b, 5, 0, 405, 28, 25.85
2026/09/08 21:46:48.289, GPU-ecc6a1f9-42fe-2932-7ea0-1dd285491b7b, 5, 0, 405, 28, 26.09
2026/09/08 21:46:48.493, GPU-ecc6a1f9-42fe-2932-7ea0-1dd285491b7b, 5, 0, 405, 28, 26.09
2026/09/08 21:46:48.698, GPU-ecc6a1f9-42fe-2932-7ea0-1dd285491b7b, 5, 0, 405, 28, 26.09
2026/09/08 21:46:48.901, GPU-ecc6a1f9-42fe-2932-7ea0-1dd285491b7b, 5, 0, 405, 28, 26.09
2026/09/08 21:46:49.105, GPU-ecc6a1f9-42fe-2932-7ea0-1dd285491b7b, 5, 0, 405, 28, 25.85
2026/09/08 21:46:49.308, GPU-ecc6a1f9-42fe-2932-7ea0-1dd285491b7b, 5, 0, 405, 28, 25.85
2026/09/08 21:46:49.512, GPU-ecc6a1f9-42fe-2932-7ea0-1dd285491b7b, 5, 0, 405, 28, 25.85
2026/09/08 21:46:49.717, GPU-ecc6a1f9-42fe-2932-7ea0-1dd285491b7b, 5, 0, 405, 28, 25.85
2026/09/08 21:46:49.921, GPU-ecc6a1f9-42fe-2932-7ea0-1dd285491b7b, 5, 0, 405, 28, 25.85
2026/09/08 21:46:50.125, GPU-ecc6a1f9-42fe-2932-7ea0-1dd285491b7b, 5, 0, 405, 28, 26.09
2026/09/08 21:46:50.328, GPU-ecc6a1f9-42fe-2932-7ea0-1dd285491b7b, 5, 0, 405, 28, 25.85
2026/09/08 21:46:50.532, GPU-ecc6a1f9-42fe-2932-7ea0-1dd285491b7b, 5, 0, 405, 28, 26.09
2026/09/08 21:46:50.737, GPU-ecc6a1f9-42fe-2932-7ea0-1dd285491b7b, 5, 0, 405, 28, 25.85
2026/09/08 21:46:50.941, GPU-ecc6a1f9-42fe-2932-7ea0-1dd285491b7b, 5, 0, 405, 28, 25.85
2026/09/08 21:46:51.144, GPU-ecc6a1f9-42fe-2932-7ea0-1dd285491b7b, 5, 0, 405, 28, 26.09
2026/09/08 21:46:51.348, GPU-ecc6a1f9-42fe-2932-7ea0-1dd285491b7b, 5, 0, 405, 28, 26.09
2026/09/08 21:46:51.551, GPU-ecc6a1f9-42fe-2932-7ea0-1dd285491b7b, 5, 0, 405, 28, 25.85
2026/09/08 21:46:51.757, GPU-ecc6a1f9-42fe-2932-7ea0-1dd285491b7b, 5, 0, 405, 28, 25.85
2026/09/08 21:46:51.960, GPU-ecc6a1f9-42fe-2932-7ea0-1dd285491b7b, 5, 0, 405, 28, 26.09
2026/09/08 21:46:52.164, GPU-ecc6a1f9-42fe-2932-7ea0-1dd285491b7b, 5, 0, 405, 28, 26.09
2026/09/08 21:46:52.367, GPU-ecc6a1f9-42fe-2932-7ea0-1dd285491b7b, 5, 0, 405, 28, 26.09
2026/09/08 21:46:52.571, GPU-ecc6a1f9-42fe-2932-7ea0-1dd285491b7b, 5, 0, 405, 28, 25.85
2026/09/08 21:46:52.777, GPU-ecc6a1f9-42fe-2932-7ea0-1dd285491b7b, 5, 0, 405, 28, 26.09
2026/09/08 21:46:52.980, GPU-ecc6a1f9-42fe-2932-7ea0-1dd285491b7b, 5, 0, 405, 28, 26.09
2026/09/08 21:46:53.184, GPU-ecc6a1f9-42fe-2932-7ea0-1dd285491b7b, 5, 0, 405, 28, 25.85
2026/09/08 21:46:53.388, GPU-ecc6a1f9-42fe-2932-7ea0-1dd285491b7b, 5, 0, 405, 28, 26.09
2026/09/08 21:46:53.591, GPU-ecc6a1f9-42fe-2932-7ea0-1dd285491b7b, 5, 0, 405, 28, 25.85
2026/09/08 21:46:53.796, GPU-ecc6a1f9-42fe-2932-7ea0-1dd285491b7b, 5, 0, 405, 28, 25.85
2026/09/08 21:46:54.000, GPU-ecc6a1f9-42fe-2932-7ea0-1dd285491b7b, 5, 0, 405, 28, 26.09
2026/09/08 21:46:54.203, GPU-ecc6a1f9-42fe-2932-7ea0-1dd285491b7b, 5, 0, 405, 28, 26.09
2026/09/08 21:46:54.407, GPU-ecc6a1f9-42fe-2932-7ea0-1dd285491b7b, 5, 0, 405, 28, 25.85
2026/09/08 21:46:54.610, GPU-ecc6a1f9-42fe-2932-7ea0-1dd285491b7b, 5, 0, 405, 28, 25.85
2026/09/08 21:46:54.816, GPU-ecc6a1f9-42fe-2932-7ea0-1dd285491b7b, 5, 0, 405, 28, 25.85
2026/09/08 21:46:55.019, GPU-ecc6a1f9-42fe-2932-7ea0-1dd285491b7b, 5, 0, 405, 28, 25.85
2026/09/08 21:46:55.223, GPU-ecc6a1f9-42fe-2932-7ea0-1dd285491b7b, 5, 0, 405, 28, 25.85
2026/09/08 21:46:55.426, GPU-ecc6a1f9-42fe-2932-7ea0-1dd285491b7b, 5, 0, 405, 28, 25.85
2026/09/08 21:46:55.630, GPU-ecc6a1f9-42fe-2932-7ea0-1dd285491b7b, 5, 0, 405, 28, 25.85
2026/09/08 21:46:55.836, GPU-ecc6a1f9-42fe-2932-7ea0-1dd285491b7b, 5, 0, 405, 28, 25.85
2026/09/08 21:46:56.039, GPU-ecc6a1f9-42fe-2932-7ea0-1dd285491b7b, 5, 0, 405, 28, 26.09
2026/09/08 21:46:56.243, GPU-ecc6a1f9-42fe-2932-7ea0-1dd285491b7b, 5, 0, 405, 28, 25.85
2026/09/08 21:46:56.447, GPU-ecc6a1f9-42fe-2932-7ea0-1dd285491b7b, 5, 0, 405, 28, 26.09
2026/09/08 21:46:56.650, GPU-ecc6a1f9-42fe-2932-7ea0-1dd285491b7b, 5, 0, 405, 28, 25.85
2026/09/08 21:46:56.857, GPU-ecc6a1f9-42fe-2932-7ea0-1dd285491b7b, 5, 0, 405, 28, 25.85
2026/09/08 21:46:57.060, GPU-ecc6a1f9-42fe-2932-7ea0-1dd285491b7b, 5, 0, 405, 28, 25.85
2026/09/08 21:46:57.264, GPU-ecc6a1f9-42fe-2932-7ea0-1dd285491b7b, 5, 0, 405, 28, 25.85
2026/09/08 21:46:57.467, GPU-ecc6a1f9-42fe-2932-7ea0-1dd285491b7b, 5, 0, 405, 28, 25.85
2026/09/08 21:46:57.671, GPU-ecc6a1f9-42fe-2932-7ea0-1dd285491b7b, 5, 0, 405, 28, 25.85
2026/09/08 21:46:57.874, GPU-ecc6a1f9-42fe-2932-7ea0-1dd285491b7b, 5, 0, 405, 28, 25.85
2026/09/08 21:46:58.080, GPU-ecc6a1f9-42fe-2932-7ea0-1dd285491b7b, 5, 0, 405, 28, 25.85
2026/09/08 21:46:58.283, GPU-ecc6a1f9-42fe-2932-7ea0-1dd285491b7b, 5, 0, 405, 28, 25.85
2026/09/08 21:46:58.487, GPU-ecc6a1f9-42fe-2932-7ea0-1dd285491b7b, 5, 0, 405, 28, 26.09
2026/09/08 21:46:58.690, GPU-ecc6a1f9-42fe-2932-7ea0-1dd285491b7b, 5, 0, 405, 28, 26.09
2026/09/08 21:46:58.894, GPU-ecc6a1f9-42fe-2932-7ea0-1dd285491b7b, 5, 0, 405, 28, 26.09
2026/09/08 21:46:59.097, GPU-ecc6a1f9-42fe-2932-7ea0-1dd285491b7b, 5, 0, 405, 28, 25.85
2026/09/08 21:46:59.303, GPU-ecc6a1f9-42fe-2932-7ea0-1dd285491b7b, 5, 0, 405, 28, 25.85
2026/09/08 21:46:59.506, GPU-ecc6a1f9-42fe-2932-7ea0-1dd285491b7b, 5, 0, 405, 28, 25.85
2026/09/08 21:46:59.710, GPU-ecc6a1f9-42fe-2932-7ea0-1dd285491b7b, 5, 0, 405, 28, 26.09
2026/09/08 21:46:59.913, GPU-ecc6a1f9-42fe-2932-7ea0-1dd285491b7b, 5, 0, 405, 28, 25.85
2026/09/08 21:47:00.117, GPU-ecc6a1f9-42fe-2932-7ea0-1dd285491b7b, 5, 0, 405, 28, 25.85
2026/09/08 21:47:00.323, GPU-ecc6a1f9-42fe-2932-7ea0-1dd285491b7b, 5, 0, 405, 28, 26.09
2026/09/08 21:47:00.527, GPU-ecc6a1f9-42fe-2932-7ea0-1dd285491b7b, 5, 0, 405, 28, 25.85
2026/09/08 21:47:00.730, GPU-ecc6a1f9-42fe-2932-7ea0-1dd285491b7b, 5, 0, 405, 28, 25.85
2026/09/08 21:47:00.934, GPU-ecc6a1f9-42fe-2932-7ea0-1dd285491b7b, 5, 0, 405, 28, 25.85
2026/09/08 21:47:01.137, GPU-ecc6a1f9-42fe-2932-7ea0-1dd285491b7b, 5, 0, 405, 28, 25.85
2026/09/08 21:47:01.343, GPU-ecc6a1f9-42fe-2932-7ea0-1dd285491b7b, 5, 0, 405, 28, 25.85
2026/09/08 21:47:01.547, GPU-ecc6a1f9-42fe-2932-7ea0-1dd285491b7b, 5, 0, 405, 28, 26.09
2026/09/08 21:47:01.750, GPU-ecc6a1f9-42fe-2932-7ea0-1dd285491b7b, 5, 0, 405, 28, 25.85
2026/09/08 21:47:01.954, GPU-ecc6a1f9-42fe-2932-7ea0-1dd285491b7b, 5, 0, 405, 28, 25.85
2026/09/08 21:47:02.157, GPU-ecc6a1f9-42fe-2932-7ea0-1dd285491b7b, 5, 0, 405, 28, 25.85
2026/09/08 21:47:02.363, GPU-ecc6a1f9-42fe-2932-7ea0-1dd285491b7b, 5, 0, 405, 28, 25.85
2026/09/08 21:47:02.566, GPU-ecc6a1f9-42fe-2932-7ea0-1dd285491b7b, 5, 0, 405, 28, 25.85
2026/09/08 21:47:02.770, GPU-ecc6a1f9-42fe-2932-7ea0-1dd285491b7b, 5, 0, 405, 28, 25.85
2026/09/08 21:47:02.973, GPU-ecc6a1f9-42fe-2932-7ea0-1dd285491b7b, 5, 0, 405, 28, 25.85
2026/09/08 21:47:03.177, GPU-ecc6a1f9-42fe-2932-7ea0-1dd285491b7b, 5, 0, 405, 28, 25.85
2026/09/08 21:47:03.382, GPU-ecc6a1f9-42fe-2932-7ea0-1dd285491b7b, 5, 0, 405, 28, 26.09
2026/09/08 21:47:03.585, GPU-ecc6a1f9-42fe-2932-7ea0-1dd285491b7b, 5, 0, 405, 28, 25.85
2026/09/08 21:47:03.789, GPU-ecc6a1f9-42fe-2932-7ea0-1dd285491b7b, 5, 0, 405, 28, 25.85
2026/09/08 21:47:03.992, GPU-ecc6a1f9-42fe-2932-7ea0-1dd285491b7b, 5, 0, 405, 28, 25.85
2026/09/08 21:47:04.196, GPU-ecc6a1f9-42fe-2932-7ea0-1dd285491b7b, 5, 0, 405, 28, 25.85
2026/09/08 21:47:04.401, GPU-ecc6a1f9-42fe-2932-7ea0-1dd285491b7b, 5, 0, 405, 28, 25.85
2026/09/08 21:47:04.605, GPU-ecc6a1f9-42fe-2932-7ea0-1dd285491b7b, 5, 0, 405, 28, 25.85
2026/09/08 21:47:04.808, GPU-ecc6a1f9-42fe-2932-7ea0-1dd285491b7b, 5, 0, 405, 28, 26.09
2026/09/08 21:47:05.012, GPU-ecc6a1f9-42fe-2932-7ea0-1dd285491b7b, 5, 0, 405, 28, 25.85
2026/09/08 21:47:05.215, GPU-ecc6a1f9-42fe-2932-7ea0-1dd285491b7b, 5, 0, 405, 28, 25.85
2026/09/08 21:47:05.420, GPU-ecc6a1f9-42fe-2932-7ea0-1dd285491b7b, 15, 0, 405, 28, 25.85
2026/09/08 21:47:05.664, GPU-ecc6a1f9-42fe-2932-7ea0-1dd285491b7b, 303, 10, 1189, 28, 31.44
2026/09/08 21:47:05.867, GPU-ecc6a1f9-42fe-2932-7ea0-1dd285491b7b, 305, 7, 1189, 28, 31.44
2026/09/08 21:47:06.071, GPU-ecc6a1f9-42fe-2932-7ea0-1dd285491b7b, 307, 18, 1189, 28, 32.41
2026/09/08 21:47:06.274, GPU-ecc6a1f9-42fe-2932-7ea0-1dd285491b7b, 309, 60, 1316, 28, 37.04
2026/09/08 21:47:06.480, GPU-ecc6a1f9-42fe-2932-7ea0-1dd285491b7b, 311, 84, 1328, 28, 37.04
2026/09/08 21:47:06.685, GPU-ecc6a1f9-42fe-2932-7ea0-1dd285491b7b, 313, 86, 1328, 28, 37.77
2026/09/08 21:47:06.888, GPU-ecc6a1f9-42fe-2932-7ea0-1dd285491b7b, 311, 76, 1328, 28, 35.82
2026/09/08 21:47:07.092, GPU-ecc6a1f9-42fe-2932-7ea0-1dd285491b7b, 5, 16, 1328, 28, 35.82
2026/09/08 21:47:07.295, GPU-ecc6a1f9-42fe-2932-7ea0-1dd285491b7b, 5, 0, 1328, 28, 35.82
2026/09/08 21:47:07.502, GPU-ecc6a1f9-42fe-2932-7ea0-1dd285491b7b, 5, 0, 1328, 28, 35.82
2026/09/08 21:47:07.706, GPU-ecc6a1f9-42fe-2932-7ea0-1dd285491b7b, 5, 0, 1328, 28, 35.82
2026/09/08 21:47:07.909, GPU-ecc6a1f9-42fe-2932-7ea0-1dd285491b7b, 5, 0, 1328, 28, 35.82
2026/09/08 21:47:08.113, GPU-ecc6a1f9-42fe-2932-7ea0-1dd285491b7b, 5, 0, 1328, 28, 35.82
2026/09/08 21:47:08.316, GPU-ecc6a1f9-42fe-2932-7ea0-1dd285491b7b, 5, 0, 1328, 28, 35.82
2026/09/08 21:47:08.521, GPU-ecc6a1f9-42fe-2932-7ea0-1dd285491b7b, 5, 0, 1328, 28, 35.82
2026/09/08 21:47:08.725, GPU-ecc6a1f9-42fe-2932-7ea0-1dd285491b7b, 5, 0, 1328, 28, 35.82
2026/09/08 21:47:08.928, GPU-ecc6a1f9-42fe-2932-7ea0-1dd285491b7b, 5, 0, 1328, 28, 35.82
2026/09/08 21:47:09.132, GPU-ecc6a1f9-42fe-2932-7ea0-1dd285491b7b, 5, 0, 1328, 28, 35.82
2026/09/08 21:47:09.335, GPU-ecc6a1f9-42fe-2932-7ea0-1dd285491b7b, 5, 0, 1328, 28, 35.82
2026/09/08 21:47:09.541, GPU-ecc6a1f9-42fe-2932-7ea0-1dd285491b7b, 5, 0, 696, 28, 27.31
2026/09/08 21:47:09.745, GPU-ecc6a1f9-42fe-2932-7ea0-1dd285491b7b, 5, 0, 696, 28, 27.31
2026/09/08 21:47:09.948, GPU-ecc6a1f9-42fe-2932-7ea0-1dd285491b7b, 5, 0, 696, 28, 27.31
2026/09/08 21:47:10.152, GPU-ecc6a1f9-42fe-2932-7ea0-1dd285491b7b, 5, 0, 696, 28, 27.07
2026/09/08 21:47:10.355, GPU-ecc6a1f9-42fe-2932-7ea0-1dd285491b7b, 5, 0, 696, 28, 27.31
2026/09/08 21:47:10.561, GPU-ecc6a1f9-42fe-2932-7ea0-1dd285491b7b, 5, 0, 696, 28, 27.31
2026/09/08 21:47:10.764, GPU-ecc6a1f9-42fe-2932-7ea0-1dd285491b7b, 5, 0, 696, 28, 27.31
2026/09/08 21:47:10.968, GPU-ecc6a1f9-42fe-2932-7ea0-1dd285491b7b, 5, 0, 696, 28, 27.31
2026/09/08 21:47:11.171, GPU-ecc6a1f9-42fe-2932-7ea0-1dd285491b7b, 5, 0, 696, 28, 27.31
2026/09/08 21:47:11.375, GPU-ecc6a1f9-42fe-2932-7ea0-1dd285491b7b, 5, 0, 696, 28, 27.31
2026/09/08 21:47:11.579, GPU-ecc6a1f9-42fe-2932-7ea0-1dd285491b7b, 5, 0, 696, 28, 27.31
2026/09/08 21:47:11.784, GPU-ecc6a1f9-42fe-2932-7ea0-1dd285491b7b, 5, 0, 696, 28, 27.31
2026/09/08 21:47:11.987, GPU-ecc6a1f9-42fe-2932-7ea0-1dd285491b7b, 5, 0, 696, 28, 27.07
2026/09/08 21:47:12.191, GPU-ecc6a1f9-42fe-2932-7ea0-1dd285491b7b, 5, 0, 405, 28, 26.09
2026/09/08 21:47:12.394, GPU-ecc6a1f9-42fe-2932-7ea0-1dd285491b7b, 5, 0, 405, 28, 26.09
2026/09/08 21:47:12.598, GPU-ecc6a1f9-42fe-2932-7ea0-1dd285491b7b, 5, 0, 405, 28, 26.09
2026/09/08 21:47:12.801, GPU-ecc6a1f9-42fe-2932-7ea0-1dd285491b7b, 5, 0, 405, 28, 26.09
2026/09/08 21:47:13.005, GPU-ecc6a1f9-42fe-2932-7ea0-1dd285491b7b, 5, 0, 405, 28, 26.09
2026/09/08 21:47:13.209, GPU-ecc6a1f9-42fe-2932-7ea0-1dd285491b7b, 5, 0, 405, 28, 26.09
2026/09/08 21:47:13.412, GPU-ecc6a1f9-42fe-2932-7ea0-1dd285491b7b, 5, 0, 405, 28, 26.09
2026/09/08 21:47:13.616, GPU-ecc6a1f9-42fe-2932-7ea0-1dd285491b7b, 5, 0, 405, 28, 26.09
2026/09/08 21:47:13.820, GPU-ecc6a1f9-42fe-2932-7ea0-1dd285491b7b, 5, 0, 405, 28, 26.09
2026/09/08 21:47:14.025, GPU-ecc6a1f9-42fe-2932-7ea0-1dd285491b7b, 5, 0, 405, 28, 26.09
2026/09/08 21:47:14.229, GPU-ecc6a1f9-42fe-2932-7ea0-1dd285491b7b, 5, 0, 405, 28, 26.09
2026/09/08 21:47:14.432, GPU-ecc6a1f9-42fe-2932-7ea0-1dd285491b7b, 5, 0, 405, 28, 26.09
2026/09/08 21:47:14.636, GPU-ecc6a1f9-42fe-2932-7ea0-1dd285491b7b, 5, 0, 405, 28, 26.09
2026/09/08 21:47:14.840, GPU-ecc6a1f9-42fe-2932-7ea0-1dd285491b7b, 5, 0, 405, 28, 26.09
2026/09/08 21:47:15.045, GPU-ecc6a1f9-42fe-2932-7ea0-1dd285491b7b, 5, 0, 405, 28, 26.09
2026/09/08 21:47:15.249, GPU-ecc6a1f9-42fe-2932-7ea0-1dd285491b7b, 5, 0, 405, 28, 26.09
2026/09/08 21:47:15.453, GPU-ecc6a1f9-42fe-2932-7ea0-1dd285491b7b, 5, 0, 405, 28, 26.09
2026/09/08 21:47:15.656, GPU-ecc6a1f9-42fe-2932-7ea0-1dd285491b7b, 5, 0, 405, 28, 25.85
2026/09/08 21:47:15.860, GPU-ecc6a1f9-42fe-2932-7ea0-1dd285491b7b, 5, 0, 405, 28, 26.09
2026/09/08 21:47:16.066, GPU-ecc6a1f9-42fe-2932-7ea0-1dd285491b7b, 5, 0, 405, 28, 26.09
2026/09/08 21:47:16.269, GPU-ecc6a1f9-42fe-2932-7ea0-1dd285491b7b, 5, 0, 405, 28, 25.85
2026/09/08 21:47:16.473, GPU-ecc6a1f9-42fe-2932-7ea0-1dd285491b7b, 5, 0, 405, 28, 26.09
2026/09/08 21:47:16.676, GPU-ecc6a1f9-42fe-2932-7ea0-1dd285491b7b, 5, 0, 405, 28, 26.09
2026/09/08 21:47:16.880, GPU-ecc6a1f9-42fe-2932-7ea0-1dd285491b7b, 5, 0, 405, 28, 26.09
2026/09/08 21:47:17.084, GPU-ecc6a1f9-42fe-2932-7ea0-1dd285491b7b, 5, 0, 405, 28, 26.09
2026/09/08 21:47:17.288, GPU-ecc6a1f9-42fe-2932-7ea0-1dd285491b7b, 5, 0, 405, 28, 26.09
2026/09/08 21:47:17.492, GPU-ecc6a1f9-42fe-2932-7ea0-1dd285491b7b, 5, 0, 405, 28, 26.09
2026/09/08 21:47:17.695, GPU-ecc6a1f9-42fe-2932-7ea0-1dd285491b7b, 5, 0, 405, 28, 26.09
2026/09/08 21:47:17.899, GPU-ecc6a1f9-42fe-2932-7ea0-1dd285491b7b, 5, 0, 405, 28, 26.09
2026/09/08 21:47:18.104, GPU-ecc6a1f9-42fe-2932-7ea0-1dd285491b7b, 5, 0, 405, 28, 26.09
2026/09/08 21:47:18.307, GPU-ecc6a1f9-42fe-2932-7ea0-1dd285491b7b, 5, 0, 405, 28, 26.09
2026/09/08 21:47:18.511, GPU-ecc6a1f9-42fe-2932-7ea0-1dd285491b7b, 5, 0, 405, 28, 25.85
2026/09/08 21:47:18.714, GPU-ecc6a1f9-42fe-2932-7ea0-1dd285491b7b, 5, 0, 405, 28, 25.85
2026/09/08 21:47:18.918, GPU-ecc6a1f9-42fe-2932-7ea0-1dd285491b7b, 5, 0, 405, 28, 26.09
2026/09/08 21:47:19.123, GPU-ecc6a1f9-42fe-2932-7ea0-1dd285491b7b, 5, 0, 405, 28, 25.85
2026/09/08 21:47:19.327, GPU-ecc6a1f9-42fe-2932-7ea0-1dd285491b7b, 5, 0, 405, 28, 25.85
2026/09/08 21:47:19.530, GPU-ecc6a1f9-42fe-2932-7ea0-1dd285491b7b, 5, 0, 405, 28, 26.09
2026/09/08 21:47:19.734, GPU-ecc6a1f9-42fe-2932-7ea0-1dd285491b7b, 5, 0, 405, 28, 26.09
2026/09/08 21:47:19.937, GPU-ecc6a1f9-42fe-2932-7ea0-1dd285491b7b, 5, 0, 405, 28, 26.09
2026/09/08 21:47:20.142, GPU-ecc6a1f9-42fe-2932-7ea0-1dd285491b7b, 5, 0, 405, 28, 26.09
2026/09/08 21:47:20.346, GPU-ecc6a1f9-42fe-2932-7ea0-1dd285491b7b, 5, 0, 405, 28, 26.09
2026/09/08 21:47:20.549, GPU-ecc6a1f9-42fe-2932-7ea0-1dd285491b7b, 5, 0, 405, 28, 26.09
2026/09/08 21:47:20.753, GPU-ecc6a1f9-42fe-2932-7ea0-1dd285491b7b, 5, 0, 405, 28, 26.09
2026/09/08 21:47:20.957, GPU-ecc6a1f9-42fe-2932-7ea0-1dd285491b7b, 5, 0, 405, 28, 26.09
2026/09/08 21:47:21.163, GPU-ecc6a1f9-42fe-2932-7ea0-1dd285491b7b, 5, 0, 405, 28, 26.09
2026/09/08 21:47:21.366, GPU-ecc6a1f9-42fe-2932-7ea0-1dd285491b7b, 5, 0, 405, 28, 26.09
2026/09/08 21:47:21.570, GPU-ecc6a1f9-42fe-2932-7ea0-1dd285491b7b, 5, 0, 405, 28, 26.09
2026/09/08 21:47:21.773, GPU-ecc6a1f9-42fe-2932-7ea0-1dd285491b7b, 5, 0, 405, 28, 26.09
2026/09/08 21:47:21.977, GPU-ecc6a1f9-42fe-2932-7ea0-1dd285491b7b, 5, 0, 405, 28, 26.09
2026/09/08 21:47:22.180, GPU-ecc6a1f9-42fe-2932-7ea0-1dd285491b7b, 5, 0, 405, 28, 26.09
2026/09/08 21:47:22.386, GPU-ecc6a1f9-42fe-2932-7ea0-1dd285491b7b, 5, 0, 405, 28, 26.09
2026/09/08 21:47:22.589, GPU-ecc6a1f9-42fe-2932-7ea0-1dd285491b7b, 5, 0, 405, 28, 26.09
2026/09/08 21:47:22.793, GPU-ecc6a1f9-42fe-2932-7ea0-1dd285491b7b, 5, 0, 405, 28, 26.09
2026/09/08 21:47:22.997, GPU-ecc6a1f9-42fe-2932-7ea0-1dd285491b7b, 5, 0, 405, 28, 25.85
2026/09/08 21:47:23.200, GPU-ecc6a1f9-42fe-2932-7ea0-1dd285491b7b, 5, 0, 405, 28, 26.09
2026/09/08 21:47:23.404, GPU-ecc6a1f9-42fe-2932-7ea0-1dd285491b7b, 5, 0, 405, 28, 26.09
2026/09/08 21:47:23.608, GPU-ecc6a1f9-42fe-2932-7ea0-1dd285491b7b, 5, 0, 405, 28, 26.09
2026/09/08 21:47:23.812, GPU-ecc6a1f9-42fe-2932-7ea0-1dd285491b7b, 5, 0, 405, 28, 26.09
2026/09/08 21:47:24.016, GPU-ecc6a1f9-42fe-2932-7ea0-1dd285491b7b, 5, 0, 405, 28, 26.09
2026/09/08 21:47:24.219, GPU-ecc6a1f9-42fe-2932-7ea0-1dd285491b7b, 5, 0, 405, 28, 26.09
2026/09/08 21:47:24.423, GPU-ecc6a1f9-42fe-2932-7ea0-1dd285491b7b, 5, 0, 405, 28, 26.09
2026/09/08 21:47:24.629, GPU-ecc6a1f9-42fe-2932-7ea0-1dd285491b7b, 5, 0, 405, 28, 26.09
2026/09/08 21:47:24.832, GPU-ecc6a1f9-42fe-2932-7ea0-1dd285491b7b, 5, 0, 405, 28, 25.85
2026/09/08 21:47:25.036, GPU-ecc6a1f9-42fe-2932-7ea0-1dd285491b7b, 5, 0, 405, 28, 25.85
2026/09/08 21:47:25.240, GPU-ecc6a1f9-42fe-2932-7ea0-1dd285491b7b, 5, 0, 405, 28, 25.85
2026/09/08 21:47:25.443, GPU-ecc6a1f9-42fe-2932-7ea0-1dd285491b7b, 5, 0, 405, 28, 26.09
2026/09/08 21:47:25.648, GPU-ecc6a1f9-42fe-2932-7ea0-1dd285491b7b, 5, 0, 405, 28, 25.85
2026/09/08 21:47:25.852, GPU-ecc6a1f9-42fe-2932-7ea0-1dd285491b7b, 5, 0, 405, 28, 26.09
2026/09/08 21:47:26.056, GPU-ecc6a1f9-42fe-2932-7ea0-1dd285491b7b, 5, 0, 405, 28, 26.09
2026/09/08 21:47:26.259, GPU-ecc6a1f9-42fe-2932-7ea0-1dd285491b7b, 5, 0, 405, 28, 25.85
2026/09/08 21:47:26.463, GPU-ecc6a1f9-42fe-2932-7ea0-1dd285491b7b, 5, 0, 405, 28, 26.09
2026/09/08 21:47:26.668, GPU-ecc6a1f9-42fe-2932-7ea0-1dd285491b7b, 5, 0, 405, 28, 25.85
2026/09/08 21:47:26.872, GPU-ecc6a1f9-42fe-2932-7ea0-1dd285491b7b, 5, 0, 405, 28, 25.85
2026/09/08 21:47:27.075, GPU-ecc6a1f9-42fe-2932-7ea0-1dd285491b7b, 5, 0, 405, 28, 26.09
2026/09/08 21:47:27.279, GPU-ecc6a1f9-42fe-2932-7ea0-1dd285491b7b, 5, 0, 405, 28, 26.09
2026/09/08 21:47:27.482, GPU-ecc6a1f9-42fe-2932-7ea0-1dd285491b7b, 5, 0, 405, 28, 26.09
2026/09/08 21:47:27.687, GPU-ecc6a1f9-42fe-2932-7ea0-1dd285491b7b, 5, 0, 405, 28, 26.09
2026/09/08 21:47:27.891, GPU-ecc6a1f9-42fe-2932-7ea0-1dd285491b7b, 5, 0, 405, 28, 26.09
2026/09/08 21:47:28.094, GPU-ecc6a1f9-42fe-2932-7ea0-1dd285491b7b, 5, 0, 405, 28, 26.09
2026/09/08 21:47:28.298, GPU-ecc6a1f9-42fe-2932-7ea0-1dd285491b7b, 5, 0, 405, 28, 26.09
2026/09/08 21:47:28.501, GPU-ecc6a1f9-42fe-2932-7ea0-1dd285491b7b, 5, 0, 405, 28, 25.85
2026/09/08 21:47:28.707, GPU-ecc6a1f9-42fe-2932-7ea0-1dd285491b7b, 5, 0, 405, 28, 26.09
2026/09/08 21:47:28.910, GPU-ecc6a1f9-42fe-2932-7ea0-1dd285491b7b, 5, 0, 405, 28, 26.09
2026/09/08 21:47:29.114, GPU-ecc6a1f9-42fe-2932-7ea0-1dd285491b7b, 5, 0, 405, 28, 26.09
2026/09/08 21:47:29.317, GPU-ecc6a1f9-42fe-2932-7ea0-1dd285491b7b, 5, 0, 405, 28, 26.09
2026/09/08 21:47:29.521, GPU-ecc6a1f9-42fe-2932-7ea0-1dd285491b7b, 5, 0, 405, 28, 26.09
2026/09/08 21:47:29.726, GPU-ecc6a1f9-42fe-2932-7ea0-1dd285491b7b, 5, 0, 405, 28, 26.09
2026/09/08 21:47:29.930, GPU-ecc6a1f9-42fe-2932-7ea0-1dd285491b7b, 5, 0, 405, 28, 26.09
2026/09/08 21:47:30.133, GPU-ecc6a1f9-42fe-2932-7ea0-1dd285491b7b, 5, 0, 405, 28, 25.85
2026/09/08 21:47:30.337, GPU-ecc6a1f9-42fe-2932-7ea0-1dd285491b7b, 5, 0, 405, 28, 26.09
2026/09/08 21:47:30.540, GPU-ecc6a1f9-42fe-2932-7ea0-1dd285491b7b, 5, 0, 405, 28, 26.09
2026/09/08 21:47:30.745, GPU-ecc6a1f9-42fe-2932-7ea0-1dd285491b7b, 5, 0, 405, 28, 26.09
2026/09/08 21:47:30.949, GPU-ecc6a1f9-42fe-2932-7ea0-1dd285491b7b, 5, 0, 405, 28, 26.09
2026/09/08 21:47:31.152, GPU-ecc6a1f9-42fe-2932-7ea0-1dd285491b7b, 5, 0, 405, 28, 26.09
2026/09/08 21:47:31.356, GPU-ecc6a1f9-42fe-2932-7ea0-1dd285491b7b, 5, 0, 405, 28, 26.09
2026/09/08 21:47:31.559, GPU-ecc6a1f9-42fe-2932-7ea0-1dd285491b7b, 5, 0, 405, 28, 25.85
2026/09/08 21:47:31.765, GPU-ecc6a1f9-42fe-2932-7ea0-1dd285491b7b, 5, 0, 405, 28, 26.09
2026/09/08 21:47:31.968, GPU-ecc6a1f9-42fe-2932-7ea0-1dd285491b7b, 5, 0, 405, 28, 25.85
2026/09/08 21:47:32.172, GPU-ecc6a1f9-42fe-2932-7ea0-1dd285491b7b, 5, 0, 405, 28, 25.85
2026/09/08 21:47:32.375, GPU-ecc6a1f9-42fe-2932-7ea0-1dd285491b7b, 5, 0, 405, 28, 26.09
2026/09/08 21:47:32.579, GPU-ecc6a1f9-42fe-2932-7ea0-1dd285491b7b, 5, 0, 405, 28, 26.09
2026/09/08 21:47:32.784, GPU-ecc6a1f9-42fe-2932-7ea0-1dd285491b7b, 5, 0, 405, 28, 26.09
2026/09/08 21:47:32.987, GPU-ecc6a1f9-42fe-2932-7ea0-1dd285491b7b, 5, 0, 405, 28, 26.09
2026/09/08 21:47:33.191, GPU-ecc6a1f9-42fe-2932-7ea0-1dd285491b7b, 5, 0, 405, 28, 26.09
2026/09/08 21:47:33.394, GPU-ecc6a1f9-42fe-2932-7ea0-1dd285491b7b, 5, 0, 405, 28, 26.09
2026/09/08 21:47:33.598, GPU-ecc6a1f9-42fe-2932-7ea0-1dd285491b7b, 5, 0, 405, 28, 26.09
2026/09/08 21:47:33.803, GPU-ecc6a1f9-42fe-2932-7ea0-1dd285491b7b, 5, 0, 405, 28, 26.09
2026/09/08 21:47:34.007, GPU-ecc6a1f9-42fe-2932-7ea0-1dd285491b7b, 5, 0, 405, 28, 26.09
2026/09/08 21:47:34.210, GPU-ecc6a1f9-42fe-2932-7ea0-1dd285491b7b, 5, 0, 405, 28, 26.09
2026/09/08 21:47:34.414, GPU-ecc6a1f9-42fe-2932-7ea0-1dd285491b7b, 5, 0, 405, 28, 26.09
2026/09/08 21:47:34.617, GPU-ecc6a1f9-42fe-2932-7ea0-1dd285491b7b, 5, 0, 405, 28, 26.09
2026/09/08 21:47:34.822, GPU-ecc6a1f9-42fe-2932-7ea0-1dd285491b7b, 5, 0, 405, 28, 26.09
2026/09/08 21:47:35.026, GPU-ecc6a1f9-42fe-2932-7ea0-1dd285491b7b, 5, 0, 405, 28, 26.09
2026/09/08 21:47:35.230, GPU-ecc6a1f9-42fe-2932-7ea0-1dd285491b7b, 5, 0, 405, 28, 26.09
2026/09/08 21:47:35.433, GPU-ecc6a1f9-42fe-2932-7ea0-1dd285491b7b, 5, 0, 405, 28, 26.09
2026/09/08 21:47:35.637, GPU-ecc6a1f9-42fe-2932-7ea0-1dd285491b7b, 5, 0, 405, 28, 26.09
2026/09/08 21:47:35.842, GPU-ecc6a1f9-42fe-2932-7ea0-1dd285491b7b, 5, 0, 405, 28, 26.09
2026/09/08 21:47:36.046, GPU-ecc6a1f9-42fe-2932-7ea0-1dd285491b7b, 5, 0, 405, 28, 26.09
2026/09/08 21:47:36.250, GPU-ecc6a1f9-42fe-2932-7ea0-1dd285491b7b, 5, 0, 405, 28, 26.09
2026/09/08 21:47:36.453, GPU-ecc6a1f9-42fe-2932-7ea0-1dd285491b7b, 5, 0, 405, 28, 26.09
2026/09/08 21:47:36.657, GPU-ecc6a1f9-42fe-2932-7ea0-1dd285491b7b, 5, 0, 405, 28, 26.09
2026/09/08 21:47:36.862, GPU-ecc6a1f9-42fe-2932-7ea0-1dd285491b7b, 5, 0, 405, 28, 26.09
2026/09/08 21:47:37.066, GPU-ecc6a1f9-42fe-2932-7ea0-1dd285491b7b, 5, 0, 405, 28, 26.09
2026/09/08 21:47:37.270, GPU-ecc6a1f9-42fe-2932-7ea0-1dd285491b7b, 5, 0, 405, 28, 26.09
2026/09/08 21:47:37.473, GPU-ecc6a1f9-42fe-2932-7ea0-1dd285491b7b, 5, 0, 405, 28, 26.09
2026/09/08 21:47:37.677, GPU-ecc6a1f9-42fe-2932-7ea0-1dd285491b7b, 5, 0, 405, 28, 26.09
2026/09/08 21:47:37.883, GPU-ecc6a1f9-42fe-2932-7ea0-1dd285491b7b, 5, 0, 405, 28, 25.85
2026/09/08 21:47:38.086, GPU-ecc6a1f9-42fe-2932-7ea0-1dd285491b7b, 5, 0, 405, 28, 26.09
2026/09/08 21:47:38.290, GPU-ecc6a1f9-42fe-2932-7ea0-1dd285491b7b, 5, 0, 405, 28, 26.09
2026/09/08 21:47:38.493, GPU-ecc6a1f9-42fe-2932-7ea0-1dd285491b7b, 5, 0, 405, 28, 26.09
2026/09/08 21:47:38.697, GPU-ecc6a1f9-42fe-2932-7ea0-1dd285491b7b, 5, 0, 405, 28, 26.09
2026/09/08 21:47:38.902, GPU-ecc6a1f9-42fe-2932-7ea0-1dd285491b7b, 5, 0, 405, 28, 25.85
2026/09/08 21:47:39.105, GPU-ecc6a1f9-42fe-2932-7ea0-1dd285491b7b, 5, 0, 405, 28, 26.09
2026/09/08 21:47:39.309, GPU-ecc6a1f9-42fe-2932-7ea0-1dd285491b7b, 5, 0, 405, 28, 26.09
2026/09/08 21:47:39.512, GPU-ecc6a1f9-42fe-2932-7ea0-1dd285491b7b, 5, 0, 405, 28, 26.09
2026/09/08 21:47:39.716, GPU-ecc6a1f9-42fe-2932-7ea0-1dd285491b7b, 5, 0, 405, 28, 26.09
2026/09/08 21:47:39.921, GPU-ecc6a1f9-42fe-2932-7ea0-1dd285491b7b, 5, 0, 405, 28, 26.09
2026/09/08 21:47:40.125, GPU-ecc6a1f9-42fe-2932-7ea0-1dd285491b7b, 5, 0, 405, 28, 26.09
2026/09/08 21:47:40.328, GPU-ecc6a1f9-42fe-2932-7ea0-1dd285491b7b, 5, 0, 405, 28, 26.09
2026/09/08 21:47:40.532, GPU-ecc6a1f9-42fe-2932-7ea0-1dd285491b7b, 5, 0, 405, 28, 26.09
2026/09/08 21:47:40.735, GPU-ecc6a1f9-42fe-2932-7ea0-1dd285491b7b, 5, 0, 405, 28, 26.09
2026/09/08 21:47:40.941, GPU-ecc6a1f9-42fe-2932-7ea0-1dd285491b7b, 5, 0, 405, 28, 26.09
2026/09/08 21:47:41.144, GPU-ecc6a1f9-42fe-2932-7ea0-1dd285491b7b, 5, 0, 405, 28, 26.09
2026/09/08 21:47:41.348, GPU-ecc6a1f9-42fe-2932-7ea0-1dd285491b7b, 5, 0, 405, 28, 26.09
2026/09/08 21:47:41.551, GPU-ecc6a1f9-42fe-2932-7ea0-1dd285491b7b, 5, 0, 405, 28, 26.09
2026/09/08 21:47:41.755, GPU-ecc6a1f9-42fe-2932-7ea0-1dd285491b7b, 5, 0, 405, 28, 26.09
2026/09/08 21:47:41.960, GPU-ecc6a1f9-42fe-2932-7ea0-1dd285491b7b, 5, 0, 405, 28, 26.09
2026/09/08 21:47:42.163, GPU-ecc6a1f9-42fe-2932-7ea0-1dd285491b7b, 5, 0, 405, 28, 26.09
2026/09/08 21:47:42.367, GPU-ecc6a1f9-42fe-2932-7ea0-1dd285491b7b, 5, 0, 405, 28, 26.09
2026/09/08 21:47:42.570, GPU-ecc6a1f9-42fe-2932-7ea0-1dd285491b7b, 5, 0, 405, 28, 26.09
2026/09/08 21:47:42.774, GPU-ecc6a1f9-42fe-2932-7ea0-1dd285491b7b, 5, 0, 405, 28, 26.09
2026/09/08 21:47:42.979, GPU-ecc6a1f9-42fe-2932-7ea0-1dd285491b7b, 5, 0, 405, 28, 26.09
2026/09/08 21:47:43.183, GPU-ecc6a1f9-42fe-2932-7ea0-1dd285491b7b, 5, 0, 405, 28, 26.09
2026/09/08 21:47:43.387, GPU-ecc6a1f9-42fe-2932-7ea0-1dd285491b7b, 5, 0, 405, 28, 25.85
2026/09/08 21:47:43.590, GPU-ecc6a1f9-42fe-2932-7ea0-1dd285491b7b, 5, 0, 405, 28, 26.09
2026/09/08 21:47:43.794, GPU-ecc6a1f9-42fe-2932-7ea0-1dd285491b7b, 5, 0, 405, 28, 26.09
2026/09/08 21:47:43.997, GPU-ecc6a1f9-42fe-2932-7ea0-1dd285491b7b, 5, 0, 405, 28, 26.09
2026/09/08 21:47:44.202, GPU-ecc6a1f9-42fe-2932-7ea0-1dd285491b7b, 5, 0, 405, 28, 26.09
2026/09/08 21:47:44.406, GPU-ecc6a1f9-42fe-2932-7ea0-1dd285491b7b, 7, 0, 405, 28, 26.09
2026/09/08 21:47:44.609, GPU-ecc6a1f9-42fe-2932-7ea0-1dd285491b7b, 15, 0, 405, 28, 26.09
2026/09/08 21:47:44.889, GPU-ecc6a1f9-42fe-2932-7ea0-1dd285491b7b, 297, 1, 1189, 28, 31.94
2026/09/08 21:47:45.092, GPU-ecc6a1f9-42fe-2932-7ea0-1dd285491b7b, 297, 0, 1189, 28, 32.19
2026/09/08 21:47:45.296, GPU-ecc6a1f9-42fe-2932-7ea0-1dd285491b7b, 297, 1, 1189, 28, 32.41
2026/09/08 21:47:45.499, GPU-ecc6a1f9-42fe-2932-7ea0-1dd285491b7b, 297, 52, 1316, 29, 124.83
2026/09/08 21:47:45.704, GPU-ecc6a1f9-42fe-2932-7ea0-1dd285491b7b, 297, 87, 1328, 30, 151.44
2026/09/08 21:47:45.907, GPU-ecc6a1f9-42fe-2932-7ea0-1dd285491b7b, 5, 91, 1328, 29, 37.29
2026/09/08 21:47:46.111, GPU-ecc6a1f9-42fe-2932-7ea0-1dd285491b7b, 7, 0, 1328, 29, 36.80
2026/09/08 21:47:46.314, GPU-ecc6a1f9-42fe-2932-7ea0-1dd285491b7b, 15, 0, 1328, 29, 36.80
2026/09/08 21:47:46.545, GPU-ecc6a1f9-42fe-2932-7ea0-1dd285491b7b, 299, 0, 1328, 29, 38.24
2026/09/08 21:47:46.749, GPU-ecc6a1f9-42fe-2932-7ea0-1dd285491b7b, 299, 1, 1328, 28, 40.21
2026/09/08 21:47:46.952, GPU-ecc6a1f9-42fe-2932-7ea0-1dd285491b7b, 299, 2, 1328, 29, 38.49
2026/09/08 21:47:47.155, GPU-ecc6a1f9-42fe-2932-7ea0-1dd285491b7b, 299, 1, 1328, 29, 37.04
2026/09/08 21:47:47.359, GPU-ecc6a1f9-42fe-2932-7ea0-1dd285491b7b, 299, 49, 1328, 30, 176.13
2026/09/08 21:47:47.564, GPU-ecc6a1f9-42fe-2932-7ea0-1dd285491b7b, 299, 95, 1328, 32, 174.45
2026/09/08 21:47:47.768, GPU-ecc6a1f9-42fe-2932-7ea0-1dd285491b7b, 299, 99, 1328, 32, 189.66
2026/09/08 21:47:47.971, GPU-ecc6a1f9-42fe-2932-7ea0-1dd285491b7b, 299, 99, 1328, 33, 171.79
2026/09/08 21:47:48.175, GPU-ecc6a1f9-42fe-2932-7ea0-1dd285491b7b, 5, 41, 1328, 31, 39.73
2026/09/08 21:47:48.378, GPU-ecc6a1f9-42fe-2932-7ea0-1dd285491b7b, 7, 0, 1328, 30, 39.24
2026/09/08 21:47:48.584, GPU-ecc6a1f9-42fe-2932-7ea0-1dd285491b7b, 15, 0, 1328, 30, 38.99
2026/09/08 21:47:48.864, GPU-ecc6a1f9-42fe-2932-7ea0-1dd285491b7b, 301, 0, 1328, 30, 46.06
2026/09/08 21:47:49.067, GPU-ecc6a1f9-42fe-2932-7ea0-1dd285491b7b, 301, 5, 1328, 30, 39.48
2026/09/08 21:47:49.271, GPU-ecc6a1f9-42fe-2932-7ea0-1dd285491b7b, 301, 1, 1328, 29, 40.94
2026/09/08 21:47:49.474, GPU-ecc6a1f9-42fe-2932-7ea0-1dd285491b7b, 301, 2, 1328, 29, 44.07
2026/09/08 21:47:49.677, GPU-ecc6a1f9-42fe-2932-7ea0-1dd285491b7b, 301, 2, 1328, 29, 40.69
2026/09/08 21:47:49.883, GPU-ecc6a1f9-42fe-2932-7ea0-1dd285491b7b, 301, 2, 1328, 29, 40.69
2026/09/08 21:47:50.087, GPU-ecc6a1f9-42fe-2932-7ea0-1dd285491b7b, 301, 1, 1328, 29, 39.70
2026/09/08 21:47:50.291, GPU-ecc6a1f9-42fe-2932-7ea0-1dd285491b7b, 301, 84, 1328, 31, 180.23
2026/09/08 21:47:50.494, GPU-ecc6a1f9-42fe-2932-7ea0-1dd285491b7b, 301, 96, 1328, 33, 180.72
2026/09/08 21:47:50.698, GPU-ecc6a1f9-42fe-2932-7ea0-1dd285491b7b, 301, 99, 1328, 33, 179.40
2026/09/08 21:47:50.903, GPU-ecc6a1f9-42fe-2932-7ea0-1dd285491b7b, 301, 100, 1328, 34, 178.78
2026/09/08 21:47:51.106, GPU-ecc6a1f9-42fe-2932-7ea0-1dd285491b7b, 301, 100, 1328, 34, 195.32
2026/09/08 21:47:51.310, GPU-ecc6a1f9-42fe-2932-7ea0-1dd285491b7b, 301, 100, 1328, 34, 203.78
2026/09/08 21:47:51.513, GPU-ecc6a1f9-42fe-2932-7ea0-1dd285491b7b, 301, 100, 1328, 35, 202.57
2026/09/08 21:47:51.741, GPU-ecc6a1f9-42fe-2932-7ea0-1dd285491b7b, 5, 86, 1328, 33, 37.53
2026/09/08 21:47:51.947, GPU-ecc6a1f9-42fe-2932-7ea0-1dd285491b7b, 5, 0, 1328, 32, 37.04
2026/09/08 21:47:52.151, GPU-ecc6a1f9-42fe-2932-7ea0-1dd285491b7b, 5, 0, 1328, 31, 36.80
2026/09/08 21:47:52.354, GPU-ecc6a1f9-42fe-2932-7ea0-1dd285491b7b, 5, 0, 1328, 31, 36.31
2026/09/08 21:47:52.558, GPU-ecc6a1f9-42fe-2932-7ea0-1dd285491b7b, 5, 0, 1328, 31, 36.31
2026/09/08 21:47:52.761, GPU-ecc6a1f9-42fe-2932-7ea0-1dd285491b7b, 5, 0, 1328, 31, 36.07
2026/09/08 21:47:52.966, GPU-ecc6a1f9-42fe-2932-7ea0-1dd285491b7b, 5, 0, 1328, 30, 36.07
2026/09/08 21:47:53.170, GPU-ecc6a1f9-42fe-2932-7ea0-1dd285491b7b, 5, 0, 1328, 30, 36.07
2026/09/08 21:47:53.373, GPU-ecc6a1f9-42fe-2932-7ea0-1dd285491b7b, 5, 0, 1328, 30, 36.07
2026/09/08 21:47:53.577, GPU-ecc6a1f9-42fe-2932-7ea0-1dd285491b7b, 5, 0, 1328, 30, 36.07
2026/09/08 21:47:53.780, GPU-ecc6a1f9-42fe-2932-7ea0-1dd285491b7b, 5, 0, 1328, 30, 36.07
2026/09/08 21:47:53.985, GPU-ecc6a1f9-42fe-2932-7ea0-1dd285491b7b, 5, 0, 1328, 30, 36.07
2026/09/08 21:47:54.188, GPU-ecc6a1f9-42fe-2932-7ea0-1dd285491b7b, 5, 0, 1328, 30, 36.07
2026/09/08 21:47:54.392, GPU-ecc6a1f9-42fe-2932-7ea0-1dd285491b7b, 5, 0, 1328, 30, 36.07
2026/09/08 21:47:54.595, GPU-ecc6a1f9-42fe-2932-7ea0-1dd285491b7b, 5, 0, 1328, 30, 36.07
2026/09/08 21:47:54.799, GPU-ecc6a1f9-42fe-2932-7ea0-1dd285491b7b, 5, 0, 1328, 30, 36.07
2026/09/08 21:47:55.002, GPU-ecc6a1f9-42fe-2932-7ea0-1dd285491b7b, 5, 0, 1328, 30, 36.07
2026/09/08 21:47:55.207, GPU-ecc6a1f9-42fe-2932-7ea0-1dd285491b7b, 5, 0, 1328, 30, 35.82
2026/09/08 21:47:55.411, GPU-ecc6a1f9-42fe-2932-7ea0-1dd285491b7b, 5, 0, 1328, 30, 36.07
2026/09/08 21:47:55.614, GPU-ecc6a1f9-42fe-2932-7ea0-1dd285491b7b, 5, 0, 1328, 30, 35.82
2026/09/08 21:47:55.818, GPU-ecc6a1f9-42fe-2932-7ea0-1dd285491b7b, 5, 0, 1328, 30, 35.82
2026/09/08 21:47:56.021, GPU-ecc6a1f9-42fe-2932-7ea0-1dd285491b7b, 5, 0, 1328, 30, 35.82
2026/09/08 21:47:56.226, GPU-ecc6a1f9-42fe-2932-7ea0-1dd285491b7b, 5, 0, 1328, 30, 35.82
2026/09/08 21:47:56.430, GPU-ecc6a1f9-42fe-2932-7ea0-1dd285491b7b, 5, 0, 1328, 30, 35.82
2026/09/08 21:47:56.633, GPU-ecc6a1f9-42fe-2932-7ea0-1dd285491b7b, 5, 0, 1328, 30, 35.82
2026/09/08 21:47:56.837, GPU-ecc6a1f9-42fe-2932-7ea0-1dd285491b7b, 5, 0, 1328, 30, 35.82
2026/09/08 21:47:57.040, GPU-ecc6a1f9-42fe-2932-7ea0-1dd285491b7b, 5, 0, 1328, 30, 35.82
2026/09/08 21:47:57.246, GPU-ecc6a1f9-42fe-2932-7ea0-1dd285491b7b, 5, 0, 1328, 30, 35.82
2026/09/08 21:47:57.449, GPU-ecc6a1f9-42fe-2932-7ea0-1dd285491b7b, 5, 0, 1328, 30, 36.07
2026/09/08 21:47:57.653, GPU-ecc6a1f9-42fe-2932-7ea0-1dd285491b7b, 5, 0, 1328, 30, 35.82
2026/09/08 21:47:57.856, GPU-ecc6a1f9-42fe-2932-7ea0-1dd285491b7b, 5, 0, 1328, 30, 35.82
2026/09/08 21:47:58.060, GPU-ecc6a1f9-42fe-2932-7ea0-1dd285491b7b, 5, 0, 1328, 30, 35.82
2026/09/08 21:47:58.266, GPU-ecc6a1f9-42fe-2932-7ea0-1dd285491b7b, 5, 0, 1328, 30, 35.82
2026/09/08 21:47:58.470, GPU-ecc6a1f9-42fe-2932-7ea0-1dd285491b7b, 5, 0, 1328, 30, 36.07
2026/09/08 21:47:58.673, GPU-ecc6a1f9-42fe-2932-7ea0-1dd285491b7b, 5, 0, 1328, 30, 35.82
2026/09/08 21:47:58.877, GPU-ecc6a1f9-42fe-2932-7ea0-1dd285491b7b, 5, 0, 1328, 30, 35.82
2026/09/08 21:47:59.080, GPU-ecc6a1f9-42fe-2932-7ea0-1dd285491b7b, 5, 0, 1328, 30, 35.82
2026/09/08 21:47:59.286, GPU-ecc6a1f9-42fe-2932-7ea0-1dd285491b7b, 5, 0, 1328, 30, 35.82
2026/09/08 21:47:59.490, GPU-ecc6a1f9-42fe-2932-7ea0-1dd285491b7b, 5, 0, 1328, 30, 35.82
2026/09/08 21:47:59.694, GPU-ecc6a1f9-42fe-2932-7ea0-1dd285491b7b, 5, 0, 405, 30, 26.34
2026/09/08 21:47:59.898, GPU-ecc6a1f9-42fe-2932-7ea0-1dd285491b7b, 5, 0, 405, 30, 26.34
2026/09/08 21:48:00.101, GPU-ecc6a1f9-42fe-2932-7ea0-1dd285491b7b, 5, 0, 405, 30, 26.34
2026/09/08 21:48:00.305, GPU-ecc6a1f9-42fe-2932-7ea0-1dd285491b7b, 5, 0, 405, 29, 26.34
2026/09/08 21:48:00.509, GPU-ecc6a1f9-42fe-2932-7ea0-1dd285491b7b, 5, 0, 405, 29, 26.34
2026/09/08 21:48:00.713, GPU-ecc6a1f9-42fe-2932-7ea0-1dd285491b7b, 5, 0, 405, 29, 26.34
2026/09/08 21:48:00.916, GPU-ecc6a1f9-42fe-2932-7ea0-1dd285491b7b, 5, 0, 405, 29, 26.34
2026/09/08 21:48:01.120, GPU-ecc6a1f9-42fe-2932-7ea0-1dd285491b7b, 5, 0, 405, 30, 26.34
2026/09/08 21:48:01.323, GPU-ecc6a1f9-42fe-2932-7ea0-1dd285491b7b, 5, 0, 405, 29, 26.34
2026/09/08 21:48:01.529, GPU-ecc6a1f9-42fe-2932-7ea0-1dd285491b7b, 5, 0, 405, 29, 26.09
2026/09/08 21:48:01.732, GPU-ecc6a1f9-42fe-2932-7ea0-1dd285491b7b, 5, 0, 405, 29, 26.09
2026/09/08 21:48:01.936, GPU-ecc6a1f9-42fe-2932-7ea0-1dd285491b7b, 5, 0, 405, 29, 26.09
2026/09/08 21:48:02.139, GPU-ecc6a1f9-42fe-2932-7ea0-1dd285491b7b, 5, 0, 405, 29, 26.34
2026/09/08 21:48:02.343, GPU-ecc6a1f9-42fe-2932-7ea0-1dd285491b7b, 5, 0, 405, 29, 26.34
2026/09/08 21:48:02.548, GPU-ecc6a1f9-42fe-2932-7ea0-1dd285491b7b, 5, 0, 405, 29, 26.34
2026/09/08 21:48:02.751, GPU-ecc6a1f9-42fe-2932-7ea0-1dd285491b7b, 5, 0, 405, 29, 26.34
2026/09/08 21:48:02.955, GPU-ecc6a1f9-42fe-2932-7ea0-1dd285491b7b, 5, 0, 405, 29, 26.34
2026/09/08 21:48:03.158, GPU-ecc6a1f9-42fe-2932-7ea0-1dd285491b7b, 5, 0, 405, 29, 26.34
2026/09/08 21:48:03.362, GPU-ecc6a1f9-42fe-2932-7ea0-1dd285491b7b, 5, 0, 405, 29, 26.34
2026/09/08 21:48:03.567, GPU-ecc6a1f9-42fe-2932-7ea0-1dd285491b7b, 5, 0, 405, 29, 26.34
2026/09/08 21:48:03.770, GPU-ecc6a1f9-42fe-2932-7ea0-1dd285491b7b, 5, 0, 405, 29, 26.34
2026/09/08 21:48:03.974, GPU-ecc6a1f9-42fe-2932-7ea0-1dd285491b7b, 5, 0, 405, 29, 26.34
2026/09/08 21:48:04.177, GPU-ecc6a1f9-42fe-2932-7ea0-1dd285491b7b, 5, 0, 405, 29, 26.34
2026/09/08 21:48:04.381, GPU-ecc6a1f9-42fe-2932-7ea0-1dd285491b7b, 5, 0, 405, 29, 26.09
2026/09/08 21:48:04.586, GPU-ecc6a1f9-42fe-2932-7ea0-1dd285491b7b, 5, 0, 405, 29, 26.34
2026/09/08 21:48:04.790, GPU-ecc6a1f9-42fe-2932-7ea0-1dd285491b7b, 5, 0, 405, 29, 26.09
2026/09/08 21:48:04.994, GPU-ecc6a1f9-42fe-2932-7ea0-1dd285491b7b, 5, 0, 405, 29, 26.09
2026/09/08 21:48:05.197, GPU-ecc6a1f9-42fe-2932-7ea0-1dd285491b7b, 5, 0, 405, 29, 26.34
2026/09/08 21:48:05.401, GPU-ecc6a1f9-42fe-2932-7ea0-1dd285491b7b, 5, 0, 405, 29, 26.09
2026/09/08 21:48:05.606, GPU-ecc6a1f9-42fe-2932-7ea0-1dd285491b7b, 5, 0, 405, 29, 26.34
2026/09/08 21:48:05.809, GPU-ecc6a1f9-42fe-2932-7ea0-1dd285491b7b, 5, 0, 405, 29, 26.34
2026/09/08 21:48:06.013, GPU-ecc6a1f9-42fe-2932-7ea0-1dd285491b7b, 5, 0, 405, 29, 26.34
2026/09/08 21:48:06.217, GPU-ecc6a1f9-42fe-2932-7ea0-1dd285491b7b, 5, 0, 405, 29, 26.34
2026/09/08 21:48:06.420, GPU-ecc6a1f9-42fe-2932-7ea0-1dd285491b7b, 5, 0, 405, 29, 26.34
2026/09/08 21:48:06.625, GPU-ecc6a1f9-42fe-2932-7ea0-1dd285491b7b, 5, 0, 405, 29, 26.09
2026/09/08 21:48:06.829, GPU-ecc6a1f9-42fe-2932-7ea0-1dd285491b7b, 5, 0, 405, 29, 26.34
2026/09/08 21:48:07.033, GPU-ecc6a1f9-42fe-2932-7ea0-1dd285491b7b, 5, 0, 405, 29, 26.09
2026/09/08 21:48:07.236, GPU-ecc6a1f9-42fe-2932-7ea0-1dd285491b7b, 5, 0, 405, 29, 26.34
2026/09/08 21:48:07.440, GPU-ecc6a1f9-42fe-2932-7ea0-1dd285491b7b, 5, 0, 405, 29, 26.09
2026/09/08 21:48:07.645, GPU-ecc6a1f9-42fe-2932-7ea0-1dd285491b7b, 5, 0, 405, 29, 26.09
2026/09/08 21:48:07.848, GPU-ecc6a1f9-42fe-2932-7ea0-1dd285491b7b, 5, 0, 405, 29, 26.09
2026/09/08 21:48:08.052, GPU-ecc6a1f9-42fe-2932-7ea0-1dd285491b7b, 5, 0, 405, 29, 26.09
2026/09/08 21:48:08.255, GPU-ecc6a1f9-42fe-2932-7ea0-1dd285491b7b, 5, 0, 405, 29, 26.34
2026/09/08 21:48:08.459, GPU-ecc6a1f9-42fe-2932-7ea0-1dd285491b7b, 5, 0, 405, 29, 26.09
2026/09/08 21:48:08.664, GPU-ecc6a1f9-42fe-2932-7ea0-1dd285491b7b, 5, 0, 405, 29, 26.09
2026/09/08 21:48:08.868, GPU-ecc6a1f9-42fe-2932-7ea0-1dd285491b7b, 5, 0, 405, 29, 26.09
2026/09/08 21:48:09.071, GPU-ecc6a1f9-42fe-2932-7ea0-1dd285491b7b, 5, 0, 405, 29, 26.09
2026/09/08 21:48:09.275, GPU-ecc6a1f9-42fe-2932-7ea0-1dd285491b7b, 5, 0, 405, 29, 26.09
2026/09/08 21:48:09.478, GPU-ecc6a1f9-42fe-2932-7ea0-1dd285491b7b, 5, 0, 405, 29, 26.09
2026/09/08 21:48:09.685, GPU-ecc6a1f9-42fe-2932-7ea0-1dd285491b7b, 5, 0, 405, 29, 26.34
2026/09/08 21:48:09.888, GPU-ecc6a1f9-42fe-2932-7ea0-1dd285491b7b, 5, 0, 405, 29, 26.34
2026/09/08 21:48:10.092, GPU-ecc6a1f9-42fe-2932-7ea0-1dd285491b7b, 5, 0, 405, 29, 26.09
2026/09/08 21:48:10.295, GPU-ecc6a1f9-42fe-2932-7ea0-1dd285491b7b, 5, 0, 405, 29, 26.09
2026/09/08 21:48:10.499, GPU-ecc6a1f9-42fe-2932-7ea0-1dd285491b7b, 5, 0, 405, 29, 26.09
2026/09/08 21:48:10.703, GPU-ecc6a1f9-42fe-2932-7ea0-1dd285491b7b, 5, 0, 405, 29, 26.09
2026/09/08 21:48:10.906, GPU-ecc6a1f9-42fe-2932-7ea0-1dd285491b7b, 5, 0, 405, 29, 26.09
2026/09/08 21:48:11.110, GPU-ecc6a1f9-42fe-2932-7ea0-1dd285491b7b, 5, 0, 405, 29, 26.09
2026/09/08 21:48:11.314, GPU-ecc6a1f9-42fe-2932-7ea0-1dd285491b7b, 5, 0, 405, 29, 26.09
2026/09/08 21:48:11.517, GPU-ecc6a1f9-42fe-2932-7ea0-1dd285491b7b, 5, 0, 405, 29, 26.09
2026/09/08 21:48:11.722, GPU-ecc6a1f9-42fe-2932-7ea0-1dd285491b7b, 5, 0, 405, 29, 26.09
2026/09/08 21:48:11.926, GPU-ecc6a1f9-42fe-2932-7ea0-1dd285491b7b, 5, 0, 405, 29, 26.09
2026/09/08 21:48:12.129, GPU-ecc6a1f9-42fe-2932-7ea0-1dd285491b7b, 5, 0, 405, 29, 26.09
2026/09/08 21:48:12.333, GPU-ecc6a1f9-42fe-2932-7ea0-1dd285491b7b, 5, 0, 405, 29, 26.09
2026/09/08 21:48:12.537, GPU-ecc6a1f9-42fe-2932-7ea0-1dd285491b7b, 5, 0, 405, 29, 26.34
2026/09/08 21:48:12.742, GPU-ecc6a1f9-42fe-2932-7ea0-1dd285491b7b, 5, 0, 405, 29, 26.09
2026/09/08 21:48:12.945, GPU-ecc6a1f9-42fe-2932-7ea0-1dd285491b7b, 5, 0, 405, 29, 26.09
2026/09/08 21:48:13.149, GPU-ecc6a1f9-42fe-2932-7ea0-1dd285491b7b, 5, 0, 405, 29, 26.09
2026/09/08 21:48:13.352, GPU-ecc6a1f9-42fe-2932-7ea0-1dd285491b7b, 5, 0, 405, 29, 26.09
2026/09/08 21:48:13.556, GPU-ecc6a1f9-42fe-2932-7ea0-1dd285491b7b, 5, 0, 405, 29, 26.34
2026/09/08 21:48:13.761, GPU-ecc6a1f9-42fe-2932-7ea0-1dd285491b7b, 5, 0, 405, 29, 26.09
2026/09/08 21:48:13.964, GPU-ecc6a1f9-42fe-2932-7ea0-1dd285491b7b, 5, 0, 405, 29, 26.09
2026/09/08 21:48:14.168, GPU-ecc6a1f9-42fe-2932-7ea0-1dd285491b7b, 5, 0, 405, 29, 26.34
2026/09/08 21:48:14.372, GPU-ecc6a1f9-42fe-2932-7ea0-1dd285491b7b, 5, 0, 405, 29, 26.09
2026/09/08 21:48:14.575, GPU-ecc6a1f9-42fe-2932-7ea0-1dd285491b7b, 5, 0, 405, 29, 26.09
2026/09/08 21:48:14.780, GPU-ecc6a1f9-42fe-2932-7ea0-1dd285491b7b, 5, 0, 405, 29, 26.09
2026/09/08 21:48:14.984, GPU-ecc6a1f9-42fe-2932-7ea0-1dd285491b7b, 5, 0, 405, 29, 26.09
2026/09/08 21:48:15.188, GPU-ecc6a1f9-42fe-2932-7ea0-1dd285491b7b, 5, 0, 405, 29, 26.09
2026/09/08 21:48:15.392, GPU-ecc6a1f9-42fe-2932-7ea0-1dd285491b7b, 5, 0, 405, 29, 26.09
2026/09/08 21:48:15.595, GPU-ecc6a1f9-42fe-2932-7ea0-1dd285491b7b, 5, 0, 405, 29, 26.09
2026/09/08 21:48:15.800, GPU-ecc6a1f9-42fe-2932-7ea0-1dd285491b7b, 5, 0, 405, 29, 26.09
2026/09/08 21:48:16.003, GPU-ecc6a1f9-42fe-2932-7ea0-1dd285491b7b, 5, 0, 405, 29, 26.09
2026/09/08 21:48:16.207, GPU-ecc6a1f9-42fe-2932-7ea0-1dd285491b7b, 5, 0, 405, 29, 26.09
2026/09/08 21:48:16.410, GPU-ecc6a1f9-42fe-2932-7ea0-1dd285491b7b, 5, 0, 405, 29, 26.09
2026/09/08 21:48:16.614, GPU-ecc6a1f9-42fe-2932-7ea0-1dd285491b7b, 5, 0, 405, 29, 26.34
2026/09/08 21:48:16.819, GPU-ecc6a1f9-42fe-2932-7ea0-1dd285491b7b, 5, 0, 405, 29, 26.09
2026/09/08 21:48:17.022, GPU-ecc6a1f9-42fe-2932-7ea0-1dd285491b7b, 5, 0, 405, 29, 26.09
2026/09/08 21:48:17.226, GPU-ecc6a1f9-42fe-2932-7ea0-1dd285491b7b, 5, 0, 405, 29, 26.09
2026/09/08 21:48:17.430, GPU-ecc6a1f9-42fe-2932-7ea0-1dd285491b7b, 5, 0, 405, 29, 26.09
2026/09/08 21:48:17.633, GPU-ecc6a1f9-42fe-2932-7ea0-1dd285491b7b, 5, 0, 405, 29, 26.09
2026/09/08 21:48:17.837, GPU-ecc6a1f9-42fe-2932-7ea0-1dd285491b7b, 5, 0, 405, 29, 26.09
2026/09/08 21:48:18.042, GPU-ecc6a1f9-42fe-2932-7ea0-1dd285491b7b, 5, 0, 405, 29, 26.34
2026/09/08 21:48:18.245, GPU-ecc6a1f9-42fe-2932-7ea0-1dd285491b7b, 5, 0, 405, 29, 26.09
2026/09/08 21:48:18.449, GPU-ecc6a1f9-42fe-2932-7ea0-1dd285491b7b, 5, 0, 405, 29, 26.09
2026/09/08 21:48:18.652, GPU-ecc6a1f9-42fe-2932-7ea0-1dd285491b7b, 5, 0, 405, 29, 26.09
2026/09/08 21:48:18.856, GPU-ecc6a1f9-42fe-2932-7ea0-1dd285491b7b, 5, 0, 405, 29, 26.09
2026/09/08 21:48:19.059, GPU-ecc6a1f9-42fe-2932-7ea0-1dd285491b7b, 5, 0, 405, 29, 26.09
2026/09/08 21:48:19.265, GPU-ecc6a1f9-42fe-2932-7ea0-1dd285491b7b, 5, 0, 405, 29, 26.09
2026/09/08 21:48:19.468, GPU-ecc6a1f9-42fe-2932-7ea0-1dd285491b7b, 5, 0, 405, 29, 26.34
2026/09/08 21:48:19.672, GPU-ecc6a1f9-42fe-2932-7ea0-1dd285491b7b, 5, 0, 405, 29, 26.09
2026/09/08 21:48:19.875, GPU-ecc6a1f9-42fe-2932-7ea0-1dd285491b7b, 5, 0, 405, 29, 26.09
2026/09/08 21:48:20.079, GPU-ecc6a1f9-42fe-2932-7ea0-1dd285491b7b, 5, 0, 405, 29, 26.09
2026/09/08 21:48:20.282, GPU-ecc6a1f9-42fe-2932-7ea0-1dd285491b7b, 5, 0, 405, 29, 26.09
2026/09/08 21:48:20.487, GPU-ecc6a1f9-42fe-2932-7ea0-1dd285491b7b, 5, 0, 405, 29, 26.09
2026/09/08 21:48:20.690, GPU-ecc6a1f9-42fe-2932-7ea0-1dd285491b7b, 5, 0, 405, 29, 26.09
2026/09/08 21:48:20.894, GPU-ecc6a1f9-42fe-2932-7ea0-1dd285491b7b, 5, 0, 405, 29, 26.09
2026/09/08 21:48:21.097, GPU-ecc6a1f9-42fe-2932-7ea0-1dd285491b7b, 5, 0, 405, 29, 26.09
2026/09/08 21:48:21.301, GPU-ecc6a1f9-42fe-2932-7ea0-1dd285491b7b, 5, 0, 405, 29, 26.09
2026/09/08 21:48:21.507, GPU-ecc6a1f9-42fe-2932-7ea0-1dd285491b7b, 5, 0, 405, 29, 26.09
2026/09/08 21:48:21.710, GPU-ecc6a1f9-42fe-2932-7ea0-1dd285491b7b, 5, 0, 405, 29, 26.09
2026/09/08 21:48:21.914, GPU-ecc6a1f9-42fe-2932-7ea0-1dd285491b7b, 5, 0, 405, 29, 26.09
2026/09/08 21:48:22.117, GPU-ecc6a1f9-42fe-2932-7ea0-1dd285491b7b, 5, 0, 405, 29, 26.09
2026/09/08 21:48:22.321, GPU-ecc6a1f9-42fe-2932-7ea0-1dd285491b7b, 5, 0, 405, 29, 26.09
2026/09/08 21:48:22.527, GPU-ecc6a1f9-42fe-2932-7ea0-1dd285491b7b, 5, 0, 405, 29, 26.09
2026/09/08 21:48:22.731, GPU-ecc6a1f9-42fe-2932-7ea0-1dd285491b7b, 5, 0, 405, 29, 26.09
2026/09/08 21:48:22.934, GPU-ecc6a1f9-42fe-2932-7ea0-1dd285491b7b, 5, 0, 405, 29, 26.09
2026/09/08 21:48:23.138, GPU-ecc6a1f9-42fe-2932-7ea0-1dd285491b7b, 5, 0, 405, 29, 26.09
2026/09/08 21:48:23.341, GPU-ecc6a1f9-42fe-2932-7ea0-1dd285491b7b, 5, 0, 405, 29, 26.09
2026/09/08 21:48:23.546, GPU-ecc6a1f9-42fe-2932-7ea0-1dd285491b7b, 5, 0, 405, 29, 26.09
2026/09/08 21:48:23.750, GPU-ecc6a1f9-42fe-2932-7ea0-1dd285491b7b, 5, 0, 405, 29, 26.09
2026/09/08 21:48:23.953, GPU-ecc6a1f9-42fe-2932-7ea0-1dd285491b7b, 5, 0, 405, 29, 26.09
2026/09/08 21:48:24.157, GPU-ecc6a1f9-42fe-2932-7ea0-1dd285491b7b, 5, 0, 405, 29, 26.09
2026/09/08 21:48:24.360, GPU-ecc6a1f9-42fe-2932-7ea0-1dd285491b7b, 5, 0, 405, 29, 26.09
2026/09/08 21:48:24.565, GPU-ecc6a1f9-42fe-2932-7ea0-1dd285491b7b, 5, 0, 405, 29, 26.09
2026/09/08 21:48:24.769, GPU-ecc6a1f9-42fe-2932-7ea0-1dd285491b7b, 5, 0, 405, 29, 26.09
2026/09/08 21:48:24.973, GPU-ecc6a1f9-42fe-2932-7ea0-1dd285491b7b, 5, 0, 405, 29, 26.09
2026/09/08 21:48:25.176, GPU-ecc6a1f9-42fe-2932-7ea0-1dd285491b7b, 5, 0, 405, 29, 26.09
2026/09/08 21:48:25.380, GPU-ecc6a1f9-42fe-2932-7ea0-1dd285491b7b, 5, 0, 405, 29, 26.09
2026/09/08 21:48:25.585, GPU-ecc6a1f9-42fe-2932-7ea0-1dd285491b7b, 5, 0, 405, 29, 26.09
2026/09/08 21:48:25.788, GPU-ecc6a1f9-42fe-2932-7ea0-1dd285491b7b, 5, 0, 405, 29, 26.09
2026/09/08 21:48:25.992, GPU-ecc6a1f9-42fe-2932-7ea0-1dd285491b7b, 5, 0, 405, 29, 26.09
2026/09/08 21:48:26.195, GPU-ecc6a1f9-42fe-2932-7ea0-1dd285491b7b, 5, 0, 405, 29, 26.09
2026/09/08 21:48:26.399, GPU-ecc6a1f9-42fe-2932-7ea0-1dd285491b7b, 5, 0, 405, 29, 26.09
2026/09/08 21:48:26.604, GPU-ecc6a1f9-42fe-2932-7ea0-1dd285491b7b, 5, 0, 405, 29, 26.09
2026/09/08 21:48:26.808, GPU-ecc6a1f9-42fe-2932-7ea0-1dd285491b7b, 5, 0, 405, 29, 26.09
2026/09/08 21:48:27.011, GPU-ecc6a1f9-42fe-2932-7ea0-1dd285491b7b, 5, 0, 405, 29, 26.09
2026/09/08 21:48:27.215, GPU-ecc6a1f9-42fe-2932-7ea0-1dd285491b7b, 5, 0, 405, 29, 26.09
2026/09/08 21:48:27.418, GPU-ecc6a1f9-42fe-2932-7ea0-1dd285491b7b, 5, 0, 405, 29, 26.09
2026/09/08 21:48:27.623, GPU-ecc6a1f9-42fe-2932-7ea0-1dd285491b7b, 5, 0, 405, 29, 26.09
2026/09/08 21:48:27.827, GPU-ecc6a1f9-42fe-2932-7ea0-1dd285491b7b, 5, 0, 405, 29, 26.09
2026/09/08 21:48:28.031, GPU-ecc6a1f9-42fe-2932-7ea0-1dd285491b7b, 5, 0, 405, 29, 26.09
2026/09/08 21:48:28.234, GPU-ecc6a1f9-42fe-2932-7ea0-1dd285491b7b, 5, 0, 405, 29, 26.09
2026/09/08 21:48:28.438, GPU-ecc6a1f9-42fe-2932-7ea0-1dd285491b7b, 5, 0, 405, 29, 26.09
2026/09/08 21:48:28.643, GPU-ecc6a1f9-42fe-2932-7ea0-1dd285491b7b, 5, 0, 405, 29, 26.09
2026/09/08 21:48:28.846, GPU-ecc6a1f9-42fe-2932-7ea0-1dd285491b7b, 5, 0, 405, 29, 26.09
2026/09/08 21:48:29.050, GPU-ecc6a1f9-42fe-2932-7ea0-1dd285491b7b, 5, 0, 405, 29, 26.09
2026/09/08 21:48:29.253, GPU-ecc6a1f9-42fe-2932-7ea0-1dd285491b7b, 5, 0, 405, 29, 26.09
2026/09/08 21:48:29.457, GPU-ecc6a1f9-42fe-2932-7ea0-1dd285491b7b, 5, 0, 405, 29, 26.09
2026/09/08 21:48:29.662, GPU-ecc6a1f9-42fe-2932-7ea0-1dd285491b7b, 5, 0, 405, 29, 26.09
2026/09/08 21:48:29.866, GPU-ecc6a1f9-42fe-2932-7ea0-1dd285491b7b, 5, 0, 405, 29, 26.09
2026/09/08 21:48:30.069, GPU-ecc6a1f9-42fe-2932-7ea0-1dd285491b7b, 5, 0, 405, 29, 26.09
2026/09/08 21:48:30.273, GPU-ecc6a1f9-42fe-2932-7ea0-1dd285491b7b, 5, 0, 405, 29, 26.09
2026/09/08 21:48:30.476, GPU-ecc6a1f9-42fe-2932-7ea0-1dd285491b7b, 5, 0, 405, 29, 26.09
2026/09/08 21:48:30.682, GPU-ecc6a1f9-42fe-2932-7ea0-1dd285491b7b, 5, 0, 405, 29, 26.09
2026/09/08 21:48:30.885, GPU-ecc6a1f9-42fe-2932-7ea0-1dd285491b7b, 5, 0, 405, 29, 26.09
2026/09/08 21:48:31.089, GPU-ecc6a1f9-42fe-2932-7ea0-1dd285491b7b, 5, 0, 405, 29, 26.09
2026/09/08 21:48:31.292, GPU-ecc6a1f9-42fe-2932-7ea0-1dd285491b7b, 5, 0, 405, 29, 26.09
2026/09/08 21:48:31.496, GPU-ecc6a1f9-42fe-2932-7ea0-1dd285491b7b, 5, 0, 405, 29, 26.09
2026/09/08 21:48:31.701, GPU-ecc6a1f9-42fe-2932-7ea0-1dd285491b7b, 5, 0, 405, 29, 26.09
2026/09/08 21:48:31.905, GPU-ecc6a1f9-42fe-2932-7ea0-1dd285491b7b, 5, 0, 405, 29, 26.09
2026/09/08 21:48:32.108, GPU-ecc6a1f9-42fe-2932-7ea0-1dd285491b7b, 5, 0, 405, 29, 26.09
2026/09/08 21:48:32.312, GPU-ecc6a1f9-42fe-2932-7ea0-1dd285491b7b, 5, 0, 405, 29, 26.09
2026/09/08 21:48:32.515, GPU-ecc6a1f9-42fe-2932-7ea0-1dd285491b7b, 5, 0, 405, 29, 26.09
2026/09/08 21:48:32.720, GPU-ecc6a1f9-42fe-2932-7ea0-1dd285491b7b, 5, 0, 405, 29, 26.09
2026/09/08 21:48:32.924, GPU-ecc6a1f9-42fe-2932-7ea0-1dd285491b7b, 5, 0, 405, 29, 26.09
2026/09/08 21:48:33.128, GPU-ecc6a1f9-42fe-2932-7ea0-1dd285491b7b, 5, 0, 405, 29, 26.09
2026/09/08 21:48:33.331, GPU-ecc6a1f9-42fe-2932-7ea0-1dd285491b7b, 5, 0, 405, 29, 26.09
2026/09/08 21:48:33.535, GPU-ecc6a1f9-42fe-2932-7ea0-1dd285491b7b, 5, 0, 405, 29, 26.09
2026/09/08 21:48:33.740, GPU-ecc6a1f9-42fe-2932-7ea0-1dd285491b7b, 5, 0, 405, 29, 26.09
2026/09/08 21:48:33.943, GPU-ecc6a1f9-42fe-2932-7ea0-1dd285491b7b, 5, 0, 405, 29, 26.09
2026/09/08 21:48:34.146, GPU-ecc6a1f9-42fe-2932-7ea0-1dd285491b7b, 5, 0, 405, 29, 26.09
2026/09/08 21:48:34.350, GPU-ecc6a1f9-42fe-2932-7ea0-1dd285491b7b, 5, 0, 405, 29, 26.09
2026/09/08 21:48:34.554, GPU-ecc6a1f9-42fe-2932-7ea0-1dd285491b7b, 5, 0, 405, 29, 26.09
2026/09/08 21:48:34.759, GPU-ecc6a1f9-42fe-2932-7ea0-1dd285491b7b, 5, 0, 405, 29, 26.09
2026/09/08 21:48:34.963, GPU-ecc6a1f9-42fe-2932-7ea0-1dd285491b7b, 5, 0, 405, 28, 26.09
2026/09/08 21:48:35.166, GPU-ecc6a1f9-42fe-2932-7ea0-1dd285491b7b, 5, 0, 405, 29, 26.09
2026/09/08 21:48:35.370, GPU-ecc6a1f9-42fe-2932-7ea0-1dd285491b7b, 5, 0, 405, 29, 26.09
2026/09/08 21:48:35.573, GPU-ecc6a1f9-42fe-2932-7ea0-1dd285491b7b, 5, 0, 405, 29, 26.09
2026/09/08 21:48:35.779, GPU-ecc6a1f9-42fe-2932-7ea0-1dd285491b7b, 5, 0, 405, 29, 26.09
2026/09/08 21:48:35.982, GPU-ecc6a1f9-42fe-2932-7ea0-1dd285491b7b, 5, 0, 405, 29, 26.09
2026/09/08 21:48:36.186, GPU-ecc6a1f9-42fe-2932-7ea0-1dd285491b7b, 5, 0, 405, 29, 26.09
2026/09/08 21:48:36.390, GPU-ecc6a1f9-42fe-2932-7ea0-1dd285491b7b, 5, 0, 405, 29, 26.09
2026/09/08 21:48:36.593, GPU-ecc6a1f9-42fe-2932-7ea0-1dd285491b7b, 5, 0, 405, 29, 26.09
2026/09/08 21:48:36.798, GPU-ecc6a1f9-42fe-2932-7ea0-1dd285491b7b, 5, 0, 405, 29, 26.09
2026/09/08 21:48:37.002, GPU-ecc6a1f9-42fe-2932-7ea0-1dd285491b7b, 5, 0, 405, 28, 26.09
2026/09/08 21:48:37.205, GPU-ecc6a1f9-42fe-2932-7ea0-1dd285491b7b, 5, 0, 405, 29, 26.09
2026/09/08 21:48:37.409, GPU-ecc6a1f9-42fe-2932-7ea0-1dd285491b7b, 5, 0, 405, 28, 26.09
2026/09/08 21:48:37.612, GPU-ecc6a1f9-42fe-2932-7ea0-1dd285491b7b, 5, 0, 405, 29, 26.09
2026/09/08 21:48:37.817, GPU-ecc6a1f9-42fe-2932-7ea0-1dd285491b7b, 5, 0, 405, 28, 26.09
2026/09/08 21:48:38.021, GPU-ecc6a1f9-42fe-2932-7ea0-1dd285491b7b, 5, 0, 405, 29, 26.09
2026/09/08 21:48:38.224, GPU-ecc6a1f9-42fe-2932-7ea0-1dd285491b7b, 5, 0, 405, 28, 26.09
2026/09/08 21:48:38.428, GPU-ecc6a1f9-42fe-2932-7ea0-1dd285491b7b, 5, 0, 405, 28, 26.09
2026/09/08 21:48:38.631, GPU-ecc6a1f9-42fe-2932-7ea0-1dd285491b7b, 5, 0, 405, 29, 26.09
2026/09/08 21:48:38.837, GPU-ecc6a1f9-42fe-2932-7ea0-1dd285491b7b, 5, 0, 405, 28, 26.09
2026/09/08 21:48:39.040, GPU-ecc6a1f9-42fe-2932-7ea0-1dd285491b7b, 5, 0, 405, 28, 26.09
2026/09/08 21:48:39.244, GPU-ecc6a1f9-42fe-2932-7ea0-1dd285491b7b, 5, 0, 405, 28, 26.09
2026/09/08 21:48:39.447, GPU-ecc6a1f9-42fe-2932-7ea0-1dd285491b7b, 5, 0, 405, 28, 26.09
2026/09/08 21:48:39.651, GPU-ecc6a1f9-42fe-2932-7ea0-1dd285491b7b, 5, 0, 405, 29, 26.09
2026/09/08 21:48:39.858, GPU-ecc6a1f9-42fe-2932-7ea0-1dd285491b7b, 5, 0, 405, 29, 26.09
2026/09/08 21:48:40.062, GPU-ecc6a1f9-42fe-2932-7ea0-1dd285491b7b, 5, 0, 405, 28, 26.09
2026/09/08 21:48:40.265, GPU-ecc6a1f9-42fe-2932-7ea0-1dd285491b7b, 5, 0, 405, 28, 26.09
2026/09/08 21:48:40.469, GPU-ecc6a1f9-42fe-2932-7ea0-1dd285491b7b, 5, 0, 405, 29, 26.09
2026/09/08 21:48:40.672, GPU-ecc6a1f9-42fe-2932-7ea0-1dd285491b7b, 5, 0, 405, 28, 26.09
2026/09/08 21:48:40.876, GPU-ecc6a1f9-42fe-2932-7ea0-1dd285491b7b, 5, 0, 405, 28, 26.09
2026/09/08 21:48:41.082, GPU-ecc6a1f9-42fe-2932-7ea0-1dd285491b7b, 5, 0, 405, 28, 26.09
2026/09/08 21:48:41.285, GPU-ecc6a1f9-42fe-2932-7ea0-1dd285491b7b, 5, 0, 405, 28, 26.09
2026/09/08 21:48:41.489, GPU-ecc6a1f9-42fe-2932-7ea0-1dd285491b7b, 5, 0, 405, 28, 26.09
2026/09/08 21:48:41.692, GPU-ecc6a1f9-42fe-2932-7ea0-1dd285491b7b, 5, 0, 405, 28, 26.09
2026/09/08 21:48:41.896, GPU-ecc6a1f9-42fe-2932-7ea0-1dd285491b7b, 5, 0, 405, 28, 26.09
2026/09/08 21:48:42.099, GPU-ecc6a1f9-42fe-2932-7ea0-1dd285491b7b, 5, 0, 405, 28, 26.09
2026/09/08 21:48:42.305, GPU-ecc6a1f9-42fe-2932-7ea0-1dd285491b7b, 5, 0, 405, 28, 26.09
2026/09/08 21:48:42.508, GPU-ecc6a1f9-42fe-2932-7ea0-1dd285491b7b, 5, 0, 405, 28, 26.09
2026/09/08 21:48:42.712, GPU-ecc6a1f9-42fe-2932-7ea0-1dd285491b7b, 5, 0, 405, 28, 26.09
2026/09/08 21:48:42.915, GPU-ecc6a1f9-42fe-2932-7ea0-1dd285491b7b, 5, 0, 405, 29, 26.09
2026/09/08 21:48:43.119, GPU-ecc6a1f9-42fe-2932-7ea0-1dd285491b7b, 5, 0, 405, 29, 26.09
2026/09/08 21:48:43.325, GPU-ecc6a1f9-42fe-2932-7ea0-1dd285491b7b, 5, 0, 405, 29, 26.09
2026/09/08 21:48:43.528, GPU-ecc6a1f9-42fe-2932-7ea0-1dd285491b7b, 5, 0, 405, 29, 26.09
2026/09/08 21:48:43.732, GPU-ecc6a1f9-42fe-2932-7ea0-1dd285491b7b, 5, 0, 405, 29, 26.09
2026/09/08 21:48:43.935, GPU-ecc6a1f9-42fe-2932-7ea0-1dd285491b7b, 5, 0, 405, 29, 26.09
2026/09/08 21:48:44.139, GPU-ecc6a1f9-42fe-2932-7ea0-1dd285491b7b, 5, 0, 405, 28, 26.09
2026/09/08 21:48:44.345, GPU-ecc6a1f9-42fe-2932-7ea0-1dd285491b7b, 5, 0, 405, 28, 26.09
2026/09/08 21:48:44.549, GPU-ecc6a1f9-42fe-2932-7ea0-1dd285491b7b, 5, 0, 405, 29, 26.09
2026/09/08 21:48:44.752, GPU-ecc6a1f9-42fe-2932-7ea0-1dd285491b7b, 5, 0, 405, 29, 26.09
2026/09/08 21:48:44.956, GPU-ecc6a1f9-42fe-2932-7ea0-1dd285491b7b, 5, 0, 405, 29, 26.09
2026/09/08 21:48:45.159, GPU-ecc6a1f9-42fe-2932-7ea0-1dd285491b7b, 5, 0, 405, 28, 26.09
2026/09/08 21:48:45.365, GPU-ecc6a1f9-42fe-2932-7ea0-1dd285491b7b, 5, 0, 405, 28, 26.09
2026/09/08 21:48:45.568, GPU-ecc6a1f9-42fe-2932-7ea0-1dd285491b7b, 5, 0, 405, 28, 26.09
2026/09/08 21:48:45.772, GPU-ecc6a1f9-42fe-2932-7ea0-1dd285491b7b, 5, 0, 405, 28, 26.09
2026/09/08 21:48:45.975, GPU-ecc6a1f9-42fe-2932-7ea0-1dd285491b7b, 5, 0, 405, 28, 26.09
2026/09/08 21:48:46.179, GPU-ecc6a1f9-42fe-2932-7ea0-1dd285491b7b, 5, 0, 405, 28, 26.09
2026/09/08 21:48:46.384, GPU-ecc6a1f9-42fe-2932-7ea0-1dd285491b7b, 5, 0, 405, 28, 26.09
2026/09/08 21:48:46.588, GPU-ecc6a1f9-42fe-2932-7ea0-1dd285491b7b, 5, 0, 405, 28, 26.09
2026/09/08 21:48:46.791, GPU-ecc6a1f9-42fe-2932-7ea0-1dd285491b7b, 5, 0, 405, 28, 26.09
2026/09/08 21:48:46.995, GPU-ecc6a1f9-42fe-2932-7ea0-1dd285491b7b, 5, 0, 405, 28, 26.09
2026/09/08 21:48:47.198, GPU-ecc6a1f9-42fe-2932-7ea0-1dd285491b7b, 5, 0, 405, 28, 26.09
2026/09/08 21:48:47.403, GPU-ecc6a1f9-42fe-2932-7ea0-1dd285491b7b, 5, 0, 405, 28, 26.09
2026/09/08 21:48:47.607, GPU-ecc6a1f9-42fe-2932-7ea0-1dd285491b7b, 5, 0, 405, 29, 26.09
2026/09/08 21:48:47.810, GPU-ecc6a1f9-42fe-2932-7ea0-1dd285491b7b, 5, 0, 405, 28, 26.09
2026/09/08 21:48:48.014, GPU-ecc6a1f9-42fe-2932-7ea0-1dd285491b7b, 5, 0, 405, 28, 26.09
2026/09/08 21:48:48.217, GPU-ecc6a1f9-42fe-2932-7ea0-1dd285491b7b, 5, 0, 405, 28, 26.09
2026/09/08 21:48:48.423, GPU-ecc6a1f9-42fe-2932-7ea0-1dd285491b7b, 5, 0, 405, 28, 26.09
2026/09/08 21:48:48.626, GPU-ecc6a1f9-42fe-2932-7ea0-1dd285491b7b, 5, 0, 405, 28, 26.09
2026/09/08 21:48:48.830, GPU-ecc6a1f9-42fe-2932-7ea0-1dd285491b7b, 5, 0, 405, 28, 26.09
2026/09/08 21:48:49.033, GPU-ecc6a1f9-42fe-2932-7ea0-1dd285491b7b, 5, 0, 405, 28, 26.09
2026/09/08 21:48:49.237, GPU-ecc6a1f9-42fe-2932-7ea0-1dd285491b7b, 5, 0, 405, 28, 26.09
2026/09/08 21:48:49.442, GPU-ecc6a1f9-42fe-2932-7ea0-1dd285491b7b, 5, 0, 405, 28, 26.09
2026/09/08 21:48:49.646, GPU-ecc6a1f9-42fe-2932-7ea0-1dd285491b7b, 5, 0, 405, 28, 26.09
2026/09/08 21:48:49.849, GPU-ecc6a1f9-42fe-2932-7ea0-1dd285491b7b, 5, 0, 405, 28, 26.09
2026/09/08 21:48:50.053, GPU-ecc6a1f9-42fe-2932-7ea0-1dd285491b7b, 5, 0, 405, 28, 26.09
2026/09/08 21:48:50.256, GPU-ecc6a1f9-42fe-2932-7ea0-1dd285491b7b, 5, 0, 405, 28, 26.09
2026/09/08 21:48:50.462, GPU-ecc6a1f9-42fe-2932-7ea0-1dd285491b7b, 5, 0, 405, 28, 26.09
2026/09/08 21:48:50.665, GPU-ecc6a1f9-42fe-2932-7ea0-1dd285491b7b, 5, 0, 405, 28, 26.09
2026/09/08 21:48:50.869, GPU-ecc6a1f9-42fe-2932-7ea0-1dd285491b7b, 5, 0, 405, 28, 26.09
2026/09/08 21:48:51.072, GPU-ecc6a1f9-42fe-2932-7ea0-1dd285491b7b, 5, 0, 405, 28, 26.09
2026/09/08 21:48:51.276, GPU-ecc6a1f9-42fe-2932-7ea0-1dd285491b7b, 5, 0, 405, 28, 26.09
2026/09/08 21:48:51.481, GPU-ecc6a1f9-42fe-2932-7ea0-1dd285491b7b, 5, 0, 405, 28, 26.09
2026/09/08 21:48:51.685, GPU-ecc6a1f9-42fe-2932-7ea0-1dd285491b7b, 5, 0, 405, 28, 26.09
2026/09/08 21:48:51.888, GPU-ecc6a1f9-42fe-2932-7ea0-1dd285491b7b, 5, 0, 405, 28, 26.09
2026/09/08 21:48:52.092, GPU-ecc6a1f9-42fe-2932-7ea0-1dd285491b7b, 5, 0, 405, 28, 26.09
2026/09/08 21:48:52.295, GPU-ecc6a1f9-42fe-2932-7ea0-1dd285491b7b, 5, 0, 405, 28, 26.09
2026/09/08 21:48:52.500, GPU-ecc6a1f9-42fe-2932-7ea0-1dd285491b7b, 5, 0, 405, 28, 26.09
2026/09/08 21:48:52.704, GPU-ecc6a1f9-42fe-2932-7ea0-1dd285491b7b, 5, 0, 405, 28, 26.09
2026/09/08 21:48:52.907, GPU-ecc6a1f9-42fe-2932-7ea0-1dd285491b7b, 5, 0, 405, 28, 26.09
2026/09/08 21:48:53.111, GPU-ecc6a1f9-42fe-2932-7ea0-1dd285491b7b, 5, 0, 405, 28, 26.09
2026/09/08 21:48:53.314, GPU-ecc6a1f9-42fe-2932-7ea0-1dd285491b7b, 5, 0, 405, 28, 26.09
2026/09/08 21:48:53.520, GPU-ecc6a1f9-42fe-2932-7ea0-1dd285491b7b, 5, 0, 405, 28, 26.09
2026/09/08 21:48:53.723, GPU-ecc6a1f9-42fe-2932-7ea0-1dd285491b7b, 5, 0, 405, 28, 26.09
2026/09/08 21:48:53.927, GPU-ecc6a1f9-42fe-2932-7ea0-1dd285491b7b, 5, 0, 405, 28, 26.09
2026/09/08 21:48:54.130, GPU-ecc6a1f9-42fe-2932-7ea0-1dd285491b7b, 5, 0, 405, 28, 26.09
2026/09/08 21:48:54.334, GPU-ecc6a1f9-42fe-2932-7ea0-1dd285491b7b, 5, 0, 405, 28, 26.09
2026/09/08 21:48:54.539, GPU-ecc6a1f9-42fe-2932-7ea0-1dd285491b7b, 5, 0, 405, 28, 26.09
2026/09/08 21:48:54.743, GPU-ecc6a1f9-42fe-2932-7ea0-1dd285491b7b, 5, 0, 405, 28, 26.09
2026/09/08 21:48:54.946, GPU-ecc6a1f9-42fe-2932-7ea0-1dd285491b7b, 5, 0, 405, 28, 25.85
2026/09/08 21:48:55.150, GPU-ecc6a1f9-42fe-2932-7ea0-1dd285491b7b, 5, 0, 405, 28, 26.09
2026/09/08 21:48:55.353, GPU-ecc6a1f9-42fe-2932-7ea0-1dd285491b7b, 5, 0, 405, 28, 26.09
2026/09/08 21:48:55.558, GPU-ecc6a1f9-42fe-2932-7ea0-1dd285491b7b, 5, 0, 405, 28, 26.09
2026/09/08 21:48:55.762, GPU-ecc6a1f9-42fe-2932-7ea0-1dd285491b7b, 5, 0, 405, 28, 26.09
2026/09/08 21:48:55.965, GPU-ecc6a1f9-42fe-2932-7ea0-1dd285491b7b, 5, 0, 405, 28, 26.09
2026/09/08 21:48:56.170, GPU-ecc6a1f9-42fe-2932-7ea0-1dd285491b7b, 5, 0, 405, 28, 26.09
2026/09/08 21:48:56.373, GPU-ecc6a1f9-42fe-2932-7ea0-1dd285491b7b, 5, 0, 405, 28, 26.09
2026/09/08 21:48:56.578, GPU-ecc6a1f9-42fe-2932-7ea0-1dd285491b7b, 5, 0, 405, 28, 26.09
2026/09/08 21:48:56.781, GPU-ecc6a1f9-42fe-2932-7ea0-1dd285491b7b, 5, 0, 405, 28, 25.85
2026/09/08 21:48:56.985, GPU-ecc6a1f9-42fe-2932-7ea0-1dd285491b7b, 5, 0, 405, 28, 26.09
2026/09/08 21:48:57.188, GPU-ecc6a1f9-42fe-2932-7ea0-1dd285491b7b, 5, 0, 405, 28, 26.09
2026/09/08 21:48:57.392, GPU-ecc6a1f9-42fe-2932-7ea0-1dd285491b7b, 5, 0, 405, 28, 26.09
2026/09/08 21:48:57.597, GPU-ecc6a1f9-42fe-2932-7ea0-1dd285491b7b, 5, 0, 405, 28, 26.09
2026/09/08 21:48:57.801, GPU-ecc6a1f9-42fe-2932-7ea0-1dd285491b7b, 5, 0, 405, 28, 26.09
2026/09/08 21:48:58.004, GPU-ecc6a1f9-42fe-2932-7ea0-1dd285491b7b, 5, 0, 405, 28, 26.09
2026/09/08 21:48:58.208, GPU-ecc6a1f9-42fe-2932-7ea0-1dd285491b7b, 5, 0, 405, 28, 26.09
2026/09/08 21:48:58.412, GPU-ecc6a1f9-42fe-2932-7ea0-1dd285491b7b, 5, 0, 405, 28, 26.09
2026/09/08 21:48:58.617, GPU-ecc6a1f9-42fe-2932-7ea0-1dd285491b7b, 5, 0, 405, 28, 26.09
2026/09/08 21:48:58.820, GPU-ecc6a1f9-42fe-2932-7ea0-1dd285491b7b, 5, 0, 405, 28, 26.09
2026/09/08 21:48:59.024, GPU-ecc6a1f9-42fe-2932-7ea0-1dd285491b7b, 5, 0, 405, 28, 26.09
2026/09/08 21:48:59.227, GPU-ecc6a1f9-42fe-2932-7ea0-1dd285491b7b, 5, 0, 405, 28, 26.09
2026/09/08 21:48:59.431, GPU-ecc6a1f9-42fe-2932-7ea0-1dd285491b7b, 5, 0, 405, 28, 26.09
2026/09/08 21:48:59.636, GPU-ecc6a1f9-42fe-2932-7ea0-1dd285491b7b, 5, 0, 405, 28, 26.09
2026/09/08 21:48:59.839, GPU-ecc6a1f9-42fe-2932-7ea0-1dd285491b7b, 5, 0, 405, 28, 26.09
2026/09/08 21:49:00.043, GPU-ecc6a1f9-42fe-2932-7ea0-1dd285491b7b, 5, 0, 405, 28, 26.09
2026/09/08 21:49:00.247, GPU-ecc6a1f9-42fe-2932-7ea0-1dd285491b7b, 5, 0, 405, 28, 26.09
2026/09/08 21:49:00.450, GPU-ecc6a1f9-42fe-2932-7ea0-1dd285491b7b, 5, 0, 405, 28, 26.09
2026/09/08 21:49:00.656, GPU-ecc6a1f9-42fe-2932-7ea0-1dd285491b7b, 5, 0, 405, 28, 26.09
2026/09/08 21:49:00.859, GPU-ecc6a1f9-42fe-2932-7ea0-1dd285491b7b, 5, 0, 405, 28, 26.09
2026/09/08 21:49:01.063, GPU-ecc6a1f9-42fe-2932-7ea0-1dd285491b7b, 5, 0, 405, 28, 26.09
2026/09/08 21:49:01.266, GPU-ecc6a1f9-42fe-2932-7ea0-1dd285491b7b, 5, 0, 405, 28, 26.09
2026/09/08 21:49:01.470, GPU-ecc6a1f9-42fe-2932-7ea0-1dd285491b7b, 5, 0, 405, 28, 26.09
2026/09/08 21:49:01.676, GPU-ecc6a1f9-42fe-2932-7ea0-1dd285491b7b, 5, 0, 405, 28, 26.09
2026/09/08 21:49:01.880, GPU-ecc6a1f9-42fe-2932-7ea0-1dd285491b7b, 5, 0, 405, 28, 26.09
2026/09/08 21:49:02.083, GPU-ecc6a1f9-42fe-2932-7ea0-1dd285491b7b, 5, 0, 405, 28, 26.09
2026/09/08 21:49:02.287, GPU-ecc6a1f9-42fe-2932-7ea0-1dd285491b7b, 5, 0, 405, 28, 26.09
2026/09/08 21:49:02.490, GPU-ecc6a1f9-42fe-2932-7ea0-1dd285491b7b, 5, 0, 405, 28, 26.09
2026/09/08 21:49:02.694, GPU-ecc6a1f9-42fe-2932-7ea0-1dd285491b7b, 5, 0, 405, 28, 26.09
2026/09/08 21:49:02.899, GPU-ecc6a1f9-42fe-2932-7ea0-1dd285491b7b, 5, 0, 405, 28, 26.09
2026/09/08 21:49:03.102, GPU-ecc6a1f9-42fe-2932-7ea0-1dd285491b7b, 5, 0, 405, 28, 26.09
2026/09/08 21:49:03.306, GPU-ecc6a1f9-42fe-2932-7ea0-1dd285491b7b, 5, 0, 405, 28, 26.09
2026/09/08 21:49:03.510, GPU-ecc6a1f9-42fe-2932-7ea0-1dd285491b7b, 5, 0, 405, 28, 26.09
2026/09/08 21:49:03.713, GPU-ecc6a1f9-42fe-2932-7ea0-1dd285491b7b, 5, 0, 405, 28, 26.09
2026/09/08 21:49:03.917, GPU-ecc6a1f9-42fe-2932-7ea0-1dd285491b7b, 5, 0, 405, 28, 26.09
2026/09/08 21:49:04.122, GPU-ecc6a1f9-42fe-2932-7ea0-1dd285491b7b, 5, 0, 405, 28, 26.09
2026/09/08 21:49:04.325, GPU-ecc6a1f9-42fe-2932-7ea0-1dd285491b7b, 5, 0, 405, 28, 26.09
2026/09/08 21:49:04.529, GPU-ecc6a1f9-42fe-2932-7ea0-1dd285491b7b, 5, 0, 405, 28, 25.85
2026/09/08 21:49:04.732, GPU-ecc6a1f9-42fe-2932-7ea0-1dd285491b7b, 5, 0, 405, 28, 25.85
2026/09/08 21:49:04.936, GPU-ecc6a1f9-42fe-2932-7ea0-1dd285491b7b, 5, 0, 405, 28, 25.85
2026/09/08 21:49:05.139, GPU-ecc6a1f9-42fe-2932-7ea0-1dd285491b7b, 5, 0, 405, 28, 26.09
2026/09/08 21:49:05.343, GPU-ecc6a1f9-42fe-2932-7ea0-1dd285491b7b, 5, 0, 405, 28, 26.09
2026/09/08 21:49:05.547, GPU-ecc6a1f9-42fe-2932-7ea0-1dd285491b7b, 5, 0, 405, 28, 26.09
2026/09/08 21:49:05.750, GPU-ecc6a1f9-42fe-2932-7ea0-1dd285491b7b, 5, 0, 405, 28, 26.09
2026/09/08 21:49:05.954, GPU-ecc6a1f9-42fe-2932-7ea0-1dd285491b7b, 5, 0, 405, 28, 26.09
2026/09/08 21:49:06.158, GPU-ecc6a1f9-42fe-2932-7ea0-1dd285491b7b, 5, 0, 405, 28, 26.09
2026/09/08 21:49:06.364, GPU-ecc6a1f9-42fe-2932-7ea0-1dd285491b7b, 5, 0, 405, 28, 26.09
2026/09/08 21:49:06.567, GPU-ecc6a1f9-42fe-2932-7ea0-1dd285491b7b, 5, 0, 405, 28, 26.09
2026/09/08 21:49:06.771, GPU-ecc6a1f9-42fe-2932-7ea0-1dd285491b7b, 5, 0, 405, 28, 26.09
2026/09/08 21:49:06.974, GPU-ecc6a1f9-42fe-2932-7ea0-1dd285491b7b, 5, 0, 405, 28, 26.09
2026/09/08 21:49:07.178, GPU-ecc6a1f9-42fe-2932-7ea0-1dd285491b7b, 5, 0, 405, 28, 26.09
2026/09/08 21:49:07.384, GPU-ecc6a1f9-42fe-2932-7ea0-1dd285491b7b, 5, 0, 405, 28, 25.85
2026/09/08 21:49:07.587, GPU-ecc6a1f9-42fe-2932-7ea0-1dd285491b7b, 5, 0, 405, 28, 26.09
2026/09/08 21:49:07.791, GPU-ecc6a1f9-42fe-2932-7ea0-1dd285491b7b, 5, 0, 405, 28, 26.09
2026/09/08 21:49:07.994, GPU-ecc6a1f9-42fe-2932-7ea0-1dd285491b7b, 5, 0, 405, 28, 26.09
2026/09/08 21:49:08.198, GPU-ecc6a1f9-42fe-2932-7ea0-1dd285491b7b, 5, 0, 405, 28, 26.09
2026/09/08 21:49:08.403, GPU-ecc6a1f9-42fe-2932-7ea0-1dd285491b7b, 5, 0, 405, 28, 26.09
2026/09/08 21:49:08.606, GPU-ecc6a1f9-42fe-2932-7ea0-1dd285491b7b, 5, 0, 405, 28, 26.09
2026/09/08 21:49:08.810, GPU-ecc6a1f9-42fe-2932-7ea0-1dd285491b7b, 5, 0, 405, 28, 25.85
2026/09/08 21:49:09.013, GPU-ecc6a1f9-42fe-2932-7ea0-1dd285491b7b, 5, 0, 405, 28, 26.09
2026/09/08 21:49:09.217, GPU-ecc6a1f9-42fe-2932-7ea0-1dd285491b7b, 5, 0, 405, 28, 26.09
2026/09/08 21:49:09.422, GPU-ecc6a1f9-42fe-2932-7ea0-1dd285491b7b, 5, 0, 405, 28, 26.09
2026/09/08 21:49:09.625, GPU-ecc6a1f9-42fe-2932-7ea0-1dd285491b7b, 5, 0, 405, 28, 26.09
2026/09/08 21:49:09.829, GPU-ecc6a1f9-42fe-2932-7ea0-1dd285491b7b, 5, 0, 405, 28, 26.09
2026/09/08 21:49:10.033, GPU-ecc6a1f9-42fe-2932-7ea0-1dd285491b7b, 5, 0, 405, 28, 26.09
2026/09/08 21:49:10.236, GPU-ecc6a1f9-42fe-2932-7ea0-1dd285491b7b, 5, 0, 405, 28, 26.09
2026/09/08 21:49:10.441, GPU-ecc6a1f9-42fe-2932-7ea0-1dd285491b7b, 5, 0, 405, 28, 26.09
2026/09/08 21:49:10.645, GPU-ecc6a1f9-42fe-2932-7ea0-1dd285491b7b, 5, 0, 405, 28, 26.09
2026/09/08 21:49:10.848, GPU-ecc6a1f9-42fe-2932-7ea0-1dd285491b7b, 5, 0, 405, 28, 25.85
2026/09/08 21:49:11.052, GPU-ecc6a1f9-42fe-2932-7ea0-1dd285491b7b, 5, 0, 405, 28, 26.09
2026/09/08 21:49:11.255, GPU-ecc6a1f9-42fe-2932-7ea0-1dd285491b7b, 5, 0, 405, 28, 26.09
2026/09/08 21:49:11.461, GPU-ecc6a1f9-42fe-2932-7ea0-1dd285491b7b, 5, 0, 405, 28, 25.85
2026/09/08 21:49:11.664, GPU-ecc6a1f9-42fe-2932-7ea0-1dd285491b7b, 5, 0, 405, 28, 26.09
2026/09/08 21:49:11.868, GPU-ecc6a1f9-42fe-2932-7ea0-1dd285491b7b, 5, 0, 405, 28, 26.09
2026/09/08 21:49:12.071, GPU-ecc6a1f9-42fe-2932-7ea0-1dd285491b7b, 5, 0, 405, 28, 26.09
2026/09/08 21:49:12.275, GPU-ecc6a1f9-42fe-2932-7ea0-1dd285491b7b, 5, 0, 405, 28, 26.09
2026/09/08 21:49:12.480, GPU-ecc6a1f9-42fe-2932-7ea0-1dd285491b7b, 5, 0, 405, 28, 25.85
2026/09/08 21:49:12.685, GPU-ecc6a1f9-42fe-2932-7ea0-1dd285491b7b, 5, 0, 405, 28, 26.09
2026/09/08 21:49:12.888, GPU-ecc6a1f9-42fe-2932-7ea0-1dd285491b7b, 5, 0, 405, 28, 26.09
2026/09/08 21:49:13.092, GPU-ecc6a1f9-42fe-2932-7ea0-1dd285491b7b, 5, 0, 405, 28, 26.09
2026/09/08 21:49:13.295, GPU-ecc6a1f9-42fe-2932-7ea0-1dd285491b7b, 5, 0, 405, 28, 25.85
2026/09/08 21:49:13.499, GPU-ecc6a1f9-42fe-2932-7ea0-1dd285491b7b, 5, 0, 405, 28, 26.09
2026/09/08 21:49:13.703, GPU-ecc6a1f9-42fe-2932-7ea0-1dd285491b7b, 5, 0, 405, 28, 25.85
2026/09/08 21:49:13.907, GPU-ecc6a1f9-42fe-2932-7ea0-1dd285491b7b, 5, 0, 405, 28, 26.09
2026/09/08 21:49:14.110, GPU-ecc6a1f9-42fe-2932-7ea0-1dd285491b7b, 5, 0, 405, 28, 26.09
2026/09/08 21:49:14.314, GPU-ecc6a1f9-42fe-2932-7ea0-1dd285491b7b, 5, 0, 405, 28, 25.85
2026/09/08 21:49:14.519, GPU-ecc6a1f9-42fe-2932-7ea0-1dd285491b7b, 5, 0, 405, 28, 26.09
2026/09/08 21:49:14.722, GPU-ecc6a1f9-42fe-2932-7ea0-1dd285491b7b, 5, 0, 405, 28, 26.09
2026/09/08 21:49:14.926, GPU-ecc6a1f9-42fe-2932-7ea0-1dd285491b7b, 5, 0, 405, 28, 26.09
2026/09/08 21:49:15.129, GPU-ecc6a1f9-42fe-2932-7ea0-1dd285491b7b, 5, 0, 405, 28, 26.09
2026/09/08 21:49:15.333, GPU-ecc6a1f9-42fe-2932-7ea0-1dd285491b7b, 5, 0, 405, 28, 26.09
2026/09/08 21:49:15.538, GPU-ecc6a1f9-42fe-2932-7ea0-1dd285491b7b, 5, 0, 405, 28, 26.09
2026/09/08 21:49:15.742, GPU-ecc6a1f9-42fe-2932-7ea0-1dd285491b7b, 5, 0, 405, 28, 26.09
2026/09/08 21:49:15.946, GPU-ecc6a1f9-42fe-2932-7ea0-1dd285491b7b, 5, 0, 405, 28, 26.09
2026/09/08 21:49:16.149, GPU-ecc6a1f9-42fe-2932-7ea0-1dd285491b7b, 5, 0, 405, 28, 26.09
2026/09/08 21:49:16.353, GPU-ecc6a1f9-42fe-2932-7ea0-1dd285491b7b, 5, 0, 405, 28, 26.09
2026/09/08 21:49:16.557, GPU-ecc6a1f9-42fe-2932-7ea0-1dd285491b7b, 5, 0, 405, 28, 26.09
2026/09/08 21:49:16.761, GPU-ecc6a1f9-42fe-2932-7ea0-1dd285491b7b, 5, 0, 405, 28, 26.09
2026/09/08 21:49:16.965, GPU-ecc6a1f9-42fe-2932-7ea0-1dd285491b7b, 5, 0, 405, 28, 26.09
2026/09/08 21:49:17.168, GPU-ecc6a1f9-42fe-2932-7ea0-1dd285491b7b, 5, 0, 405, 28, 26.09
2026/09/08 21:49:17.372, GPU-ecc6a1f9-42fe-2932-7ea0-1dd285491b7b, 5, 0, 405, 28, 26.09
2026/09/08 21:49:17.577, GPU-ecc6a1f9-42fe-2932-7ea0-1dd285491b7b, 5, 0, 405, 28, 26.09
2026/09/08 21:49:17.781, GPU-ecc6a1f9-42fe-2932-7ea0-1dd285491b7b, 5, 0, 405, 28, 26.09
2026/09/08 21:49:17.985, GPU-ecc6a1f9-42fe-2932-7ea0-1dd285491b7b, 5, 0, 405, 28, 26.09
2026/09/08 21:49:18.188, GPU-ecc6a1f9-42fe-2932-7ea0-1dd285491b7b, 5, 0, 405, 28, 26.09
2026/09/08 21:49:18.392, GPU-ecc6a1f9-42fe-2932-7ea0-1dd285491b7b, 5, 0, 405, 28, 26.09
2026/09/08 21:49:18.596, GPU-ecc6a1f9-42fe-2932-7ea0-1dd285491b7b, 5, 0, 405, 28, 26.09
2026/09/08 21:49:18.800, GPU-ecc6a1f9-42fe-2932-7ea0-1dd285491b7b, 5, 0, 405, 28, 26.09
2026/09/08 21:49:19.004, GPU-ecc6a1f9-42fe-2932-7ea0-1dd285491b7b, 5, 0, 405, 28, 26.09
2026/09/08 21:49:19.207, GPU-ecc6a1f9-42fe-2932-7ea0-1dd285491b7b, 5, 0, 405, 28, 26.09
2026/09/08 21:49:19.411, GPU-ecc6a1f9-42fe-2932-7ea0-1dd285491b7b, 5, 0, 405, 28, 26.09
2026/09/08 21:49:19.616, GPU-ecc6a1f9-42fe-2932-7ea0-1dd285491b7b, 5, 0, 405, 28, 26.09
2026/09/08 21:49:19.819, GPU-ecc6a1f9-42fe-2932-7ea0-1dd285491b7b, 5, 0, 405, 28, 26.09
2026/09/08 21:49:20.023, GPU-ecc6a1f9-42fe-2932-7ea0-1dd285491b7b, 5, 0, 405, 28, 26.09
2026/09/08 21:49:20.226, GPU-ecc6a1f9-42fe-2932-7ea0-1dd285491b7b, 5, 0, 405, 28, 26.09
2026/09/08 21:49:20.430, GPU-ecc6a1f9-42fe-2932-7ea0-1dd285491b7b, 5, 0, 405, 28, 26.09
2026/09/08 21:49:20.635, GPU-ecc6a1f9-42fe-2932-7ea0-1dd285491b7b, 5, 0, 405, 28, 26.09
2026/09/08 21:49:20.839, GPU-ecc6a1f9-42fe-2932-7ea0-1dd285491b7b, 5, 0, 405, 28, 26.09
2026/09/08 21:49:21.042, GPU-ecc6a1f9-42fe-2932-7ea0-1dd285491b7b, 5, 0, 405, 28, 26.09
2026/09/08 21:49:21.246, GPU-ecc6a1f9-42fe-2932-7ea0-1dd285491b7b, 5, 0, 405, 28, 26.09
2026/09/08 21:49:21.449, GPU-ecc6a1f9-42fe-2932-7ea0-1dd285491b7b, 5, 0, 405, 28, 26.09
2026/09/08 21:49:21.655, GPU-ecc6a1f9-42fe-2932-7ea0-1dd285491b7b, 5, 0, 405, 28, 26.09
2026/09/08 21:49:21.858, GPU-ecc6a1f9-42fe-2932-7ea0-1dd285491b7b, 5, 0, 405, 28, 26.09
2026/09/08 21:49:22.062, GPU-ecc6a1f9-42fe-2932-7ea0-1dd285491b7b, 5, 0, 405, 28, 26.09
2026/09/08 21:49:22.265, GPU-ecc6a1f9-42fe-2932-7ea0-1dd285491b7b, 5, 0, 405, 28, 26.09
2026/09/08 21:49:22.469, GPU-ecc6a1f9-42fe-2932-7ea0-1dd285491b7b, 5, 0, 405, 28, 26.09
2026/09/08 21:49:22.674, GPU-ecc6a1f9-42fe-2932-7ea0-1dd285491b7b, 5, 0, 405, 28, 26.09
2026/09/08 21:49:22.878, GPU-ecc6a1f9-42fe-2932-7ea0-1dd285491b7b, 5, 0, 405, 28, 26.09
2026/09/08 21:49:23.081, GPU-ecc6a1f9-42fe-2932-7ea0-1dd285491b7b, 5, 0, 405, 28, 26.09
2026/09/08 21:49:23.285, GPU-ecc6a1f9-42fe-2932-7ea0-1dd285491b7b, 5, 0, 405, 28, 26.09
2026/09/08 21:49:23.489, GPU-ecc6a1f9-42fe-2932-7ea0-1dd285491b7b, 5, 0, 405, 28, 26.09
2026/09/08 21:49:23.694, GPU-ecc6a1f9-42fe-2932-7ea0-1dd285491b7b, 5, 0, 405, 28, 26.09
2026/09/08 21:49:23.898, GPU-ecc6a1f9-42fe-2932-7ea0-1dd285491b7b, 5, 0, 405, 28, 26.09
2026/09/08 21:49:24.101, GPU-ecc6a1f9-42fe-2932-7ea0-1dd285491b7b, 5, 0, 405, 28, 26.09
2026/09/08 21:49:24.305, GPU-ecc6a1f9-42fe-2932-7ea0-1dd285491b7b, 5, 0, 405, 28, 26.09
2026/09/08 21:49:24.509, GPU-ecc6a1f9-42fe-2932-7ea0-1dd285491b7b, 5, 0, 405, 28, 26.09
2026/09/08 21:49:24.712, GPU-ecc6a1f9-42fe-2932-7ea0-1dd285491b7b, 5, 0, 405, 28, 25.85
2026/09/08 21:49:24.917, GPU-ecc6a1f9-42fe-2932-7ea0-1dd285491b7b, 5, 0, 405, 28, 26.09
2026/09/08 21:49:25.121, GPU-ecc6a1f9-42fe-2932-7ea0-1dd285491b7b, 5, 0, 405, 28, 26.09
2026/09/08 21:49:25.325, GPU-ecc6a1f9-42fe-2932-7ea0-1dd285491b7b, 5, 0, 405, 28, 26.09
2026/09/08 21:49:25.528, GPU-ecc6a1f9-42fe-2932-7ea0-1dd285491b7b, 5, 0, 405, 28, 26.09
2026/09/08 21:49:25.732, GPU-ecc6a1f9-42fe-2932-7ea0-1dd285491b7b, 5, 0, 405, 28, 26.09
2026/09/08 21:49:25.935, GPU-ecc6a1f9-42fe-2932-7ea0-1dd285491b7b, 5, 0, 405, 28, 26.09
2026/09/08 21:49:26.140, GPU-ecc6a1f9-42fe-2932-7ea0-1dd285491b7b, 5, 0, 405, 28, 26.09
2026/09/08 21:49:26.344, GPU-ecc6a1f9-42fe-2932-7ea0-1dd285491b7b, 5, 0, 405, 28, 26.09
2026/09/08 21:49:26.547, GPU-ecc6a1f9-42fe-2932-7ea0-1dd285491b7b, 5, 0, 405, 28, 26.09
2026/09/08 21:49:26.751, GPU-ecc6a1f9-42fe-2932-7ea0-1dd285491b7b, 5, 0, 405, 28, 26.09
2026/09/08 21:49:26.955, GPU-ecc6a1f9-42fe-2932-7ea0-1dd285491b7b, 5, 0, 405, 28, 26.09
2026/09/08 21:49:27.158, GPU-ecc6a1f9-42fe-2932-7ea0-1dd285491b7b, 5, 0, 405, 28, 26.09
2026/09/08 21:49:27.362, GPU-ecc6a1f9-42fe-2932-7ea0-1dd285491b7b, 5, 0, 405, 28, 26.09
2026/09/08 21:49:27.566, GPU-ecc6a1f9-42fe-2932-7ea0-1dd285491b7b, 5, 0, 405, 28, 26.09
2026/09/08 21:49:27.769, GPU-ecc6a1f9-42fe-2932-7ea0-1dd285491b7b, 5, 0, 405, 28, 26.09
2026/09/08 21:49:27.973, GPU-ecc6a1f9-42fe-2932-7ea0-1dd285491b7b, 5, 0, 405, 28, 26.09
2026/09/08 21:49:28.177, GPU-ecc6a1f9-42fe-2932-7ea0-1dd285491b7b, 5, 0, 405, 28, 26.09
2026/09/08 21:49:28.383, GPU-ecc6a1f9-42fe-2932-7ea0-1dd285491b7b, 5, 0, 405, 28, 26.09
2026/09/08 21:49:28.586, GPU-ecc6a1f9-42fe-2932-7ea0-1dd285491b7b, 5, 0, 405, 28, 26.09
2026/09/08 21:49:28.790, GPU-ecc6a1f9-42fe-2932-7ea0-1dd285491b7b, 5, 0, 405, 28, 26.09
2026/09/08 21:49:28.993, GPU-ecc6a1f9-42fe-2932-7ea0-1dd285491b7b, 5, 0, 405, 28, 26.09
2026/09/08 21:49:29.197, GPU-ecc6a1f9-42fe-2932-7ea0-1dd285491b7b, 5, 0, 405, 28, 26.09
2026/09/08 21:49:29.403, GPU-ecc6a1f9-42fe-2932-7ea0-1dd285491b7b, 5, 0, 405, 28, 26.09
2026/09/08 21:49:29.606, GPU-ecc6a1f9-42fe-2932-7ea0-1dd285491b7b, 5, 0, 405, 28, 26.09
2026/09/08 21:49:29.810, GPU-ecc6a1f9-42fe-2932-7ea0-1dd285491b7b, 5, 0, 405, 28, 26.09
2026/09/08 21:49:30.013, GPU-ecc6a1f9-42fe-2932-7ea0-1dd285491b7b, 5, 0, 405, 28, 26.09
2026/09/08 21:49:30.217, GPU-ecc6a1f9-42fe-2932-7ea0-1dd285491b7b, 5, 0, 405, 28, 26.09
2026/09/08 21:49:30.422, GPU-ecc6a1f9-42fe-2932-7ea0-1dd285491b7b, 5, 0, 405, 28, 26.09
2026/09/08 21:49:30.625, GPU-ecc6a1f9-42fe-2932-7ea0-1dd285491b7b, 5, 0, 405, 28, 26.09
2026/09/08 21:49:30.829, GPU-ecc6a1f9-42fe-2932-7ea0-1dd285491b7b, 5, 0, 405, 28, 26.09
2026/09/08 21:49:31.032, GPU-ecc6a1f9-42fe-2932-7ea0-1dd285491b7b, 5, 0, 405, 28, 26.09
2026/09/08 21:49:31.236, GPU-ecc6a1f9-42fe-2932-7ea0-1dd285491b7b, 5, 0, 405, 28, 26.09
2026/09/08 21:49:31.441, GPU-ecc6a1f9-42fe-2932-7ea0-1dd285491b7b, 5, 0, 405, 28, 26.09
2026/09/08 21:49:31.644, GPU-ecc6a1f9-42fe-2932-7ea0-1dd285491b7b, 5, 0, 405, 28, 26.09
2026/09/08 21:49:31.848, GPU-ecc6a1f9-42fe-2932-7ea0-1dd285491b7b, 5, 0, 405, 28, 26.09
2026/09/08 21:49:32.051, GPU-ecc6a1f9-42fe-2932-7ea0-1dd285491b7b, 5, 0, 405, 28, 26.09
2026/09/08 21:49:32.255, GPU-ecc6a1f9-42fe-2932-7ea0-1dd285491b7b, 5, 0, 405, 28, 26.09
2026/09/08 21:49:32.460, GPU-ecc6a1f9-42fe-2932-7ea0-1dd285491b7b, 5, 0, 405, 28, 26.09
2026/09/08 21:49:32.664, GPU-ecc6a1f9-42fe-2932-7ea0-1dd285491b7b, 5, 0, 405, 28, 26.09
2026/09/08 21:49:32.867, GPU-ecc6a1f9-42fe-2932-7ea0-1dd285491b7b, 5, 0, 405, 28, 26.09
2026/09/08 21:49:33.071, GPU-ecc6a1f9-42fe-2932-7ea0-1dd285491b7b, 5, 0, 405, 28, 26.09
2026/09/08 21:49:33.274, GPU-ecc6a1f9-42fe-2932-7ea0-1dd285491b7b, 5, 0, 405, 28, 26.09
2026/09/08 21:49:33.480, GPU-ecc6a1f9-42fe-2932-7ea0-1dd285491b7b, 5, 0, 405, 28, 26.09
2026/09/08 21:49:33.683, GPU-ecc6a1f9-42fe-2932-7ea0-1dd285491b7b, 5, 0, 405, 28, 26.09
2026/09/08 21:49:33.887, GPU-ecc6a1f9-42fe-2932-7ea0-1dd285491b7b, 5, 0, 405, 28, 26.09
2026/09/08 21:49:34.090, GPU-ecc6a1f9-42fe-2932-7ea0-1dd285491b7b, 5, 0, 405, 28, 26.09
2026/09/08 21:49:34.294, GPU-ecc6a1f9-42fe-2932-7ea0-1dd285491b7b, 5, 0, 405, 28, 26.09
2026/09/08 21:49:34.499, GPU-ecc6a1f9-42fe-2932-7ea0-1dd285491b7b, 5, 0, 405, 28, 26.09
2026/09/08 21:49:34.703, GPU-ecc6a1f9-42fe-2932-7ea0-1dd285491b7b, 5, 0, 405, 28, 26.09
2026/09/08 21:49:34.906, GPU-ecc6a1f9-42fe-2932-7ea0-1dd285491b7b, 5, 0, 405, 28, 26.09
2026/09/08 21:49:35.110, GPU-ecc6a1f9-42fe-2932-7ea0-1dd285491b7b, 5, 0, 405, 28, 26.09
2026/09/08 21:49:35.313, GPU-ecc6a1f9-42fe-2932-7ea0-1dd285491b7b, 5, 0, 405, 28, 25.85
2026/09/08 21:49:35.518, GPU-ecc6a1f9-42fe-2932-7ea0-1dd285491b7b, 5, 0, 405, 28, 26.09
2026/09/08 21:49:35.722, GPU-ecc6a1f9-42fe-2932-7ea0-1dd285491b7b, 5, 0, 405, 28, 26.09
2026/09/08 21:49:35.925, GPU-ecc6a1f9-42fe-2932-7ea0-1dd285491b7b, 5, 0, 405, 28, 25.85
2026/09/08 21:49:36.129, GPU-ecc6a1f9-42fe-2932-7ea0-1dd285491b7b, 5, 0, 405, 28, 26.09
2026/09/08 21:49:36.333, GPU-ecc6a1f9-42fe-2932-7ea0-1dd285491b7b, 5, 0, 405, 28, 26.09
2026/09/08 21:49:36.538, GPU-ecc6a1f9-42fe-2932-7ea0-1dd285491b7b, 5, 0, 405, 28, 26.09
2026/09/08 21:49:36.741, GPU-ecc6a1f9-42fe-2932-7ea0-1dd285491b7b, 5, 0, 405, 28, 26.09
2026/09/08 21:49:36.945, GPU-ecc6a1f9-42fe-2932-7ea0-1dd285491b7b, 5, 0, 405, 28, 26.09
2026/09/08 21:49:37.148, GPU-ecc6a1f9-42fe-2932-7ea0-1dd285491b7b, 5, 0, 405, 28, 26.09
2026/09/08 21:49:37.352, GPU-ecc6a1f9-42fe-2932-7ea0-1dd285491b7b, 5, 0, 405, 28, 26.09
2026/09/08 21:49:37.557, GPU-ecc6a1f9-42fe-2932-7ea0-1dd285491b7b, 5, 0, 405, 28, 26.09
2026/09/08 21:49:37.761, GPU-ecc6a1f9-42fe-2932-7ea0-1dd285491b7b, 5, 0, 405, 28, 25.85
2026/09/08 21:49:37.964, GPU-ecc6a1f9-42fe-2932-7ea0-1dd285491b7b, 5, 0, 405, 28, 26.09
2026/09/08 21:49:38.168, GPU-ecc6a1f9-42fe-2932-7ea0-1dd285491b7b, 5, 0, 405, 28, 25.85
2026/09/08 21:49:38.371, GPU-ecc6a1f9-42fe-2932-7ea0-1dd285491b7b, 5, 0, 405, 28, 26.09
2026/09/08 21:49:38.577, GPU-ecc6a1f9-42fe-2932-7ea0-1dd285491b7b, 5, 0, 405, 28, 26.09
2026/09/08 21:49:38.780, GPU-ecc6a1f9-42fe-2932-7ea0-1dd285491b7b, 5, 0, 405, 28, 26.09
2026/09/08 21:49:38.984, GPU-ecc6a1f9-42fe-2932-7ea0-1dd285491b7b, 5, 0, 405, 28, 25.85
2026/09/08 21:49:39.188, GPU-ecc6a1f9-42fe-2932-7ea0-1dd285491b7b, 5, 0, 405, 28, 26.09
2026/09/08 21:49:39.392, GPU-ecc6a1f9-42fe-2932-7ea0-1dd285491b7b, 5, 0, 405, 28, 25.85
2026/09/08 21:49:39.596, GPU-ecc6a1f9-42fe-2932-7ea0-1dd285491b7b, 5, 0, 405, 28, 26.09
2026/09/08 21:49:39.800, GPU-ecc6a1f9-42fe-2932-7ea0-1dd285491b7b, 5, 0, 405, 28, 26.09
2026/09/08 21:49:40.003, GPU-ecc6a1f9-42fe-2932-7ea0-1dd285491b7b, 5, 0, 405, 28, 26.09
2026/09/08 21:49:40.207, GPU-ecc6a1f9-42fe-2932-7ea0-1dd285491b7b, 5, 0, 405, 28, 26.09
2026/09/08 21:49:40.411, GPU-ecc6a1f9-42fe-2932-7ea0-1dd285491b7b, 5, 0, 405, 28, 26.09
2026/09/08 21:49:40.616, GPU-ecc6a1f9-42fe-2932-7ea0-1dd285491b7b, 5, 0, 405, 28, 26.09
2026/09/08 21:49:40.819, GPU-ecc6a1f9-42fe-2932-7ea0-1dd285491b7b, 5, 0, 405, 28, 26.09
2026/09/08 21:49:41.023, GPU-ecc6a1f9-42fe-2932-7ea0-1dd285491b7b, 5, 0, 405, 28, 26.09
2026/09/08 21:49:41.226, GPU-ecc6a1f9-42fe-2932-7ea0-1dd285491b7b, 5, 0, 405, 28, 26.09
2026/09/08 21:49:41.430, GPU-ecc6a1f9-42fe-2932-7ea0-1dd285491b7b, 5, 0, 405, 28, 26.09
2026/09/08 21:49:41.635, GPU-ecc6a1f9-42fe-2932-7ea0-1dd285491b7b, 5, 0, 405, 28, 26.09
2026/09/08 21:49:41.838, GPU-ecc6a1f9-42fe-2932-7ea0-1dd285491b7b, 5, 0, 405, 28, 26.09
2026/09/08 21:49:42.042, GPU-ecc6a1f9-42fe-2932-7ea0-1dd285491b7b, 5, 0, 405, 28, 26.09
2026/09/08 21:49:42.246, GPU-ecc6a1f9-42fe-2932-7ea0-1dd285491b7b, 5, 0, 405, 28, 25.85
2026/09/08 21:49:42.449, GPU-ecc6a1f9-42fe-2932-7ea0-1dd285491b7b, 5, 0, 405, 28, 25.85
2026/09/08 21:49:42.654, GPU-ecc6a1f9-42fe-2932-7ea0-1dd285491b7b, 5, 0, 405, 28, 26.09
2026/09/08 21:49:42.858, GPU-ecc6a1f9-42fe-2932-7ea0-1dd285491b7b, 5, 0, 405, 28, 26.09
2026/09/08 21:49:43.061, GPU-ecc6a1f9-42fe-2932-7ea0-1dd285491b7b, 5, 0, 405, 28, 26.09
2026/09/08 21:49:43.265, GPU-ecc6a1f9-42fe-2932-7ea0-1dd285491b7b, 5, 0, 405, 28, 26.09
2026/09/08 21:49:43.468, GPU-ecc6a1f9-42fe-2932-7ea0-1dd285491b7b, 5, 0, 405, 28, 26.09
2026/09/08 21:49:43.674, GPU-ecc6a1f9-42fe-2932-7ea0-1dd285491b7b, 5, 0, 405, 28, 25.85
2026/09/08 21:49:43.877, GPU-ecc6a1f9-42fe-2932-7ea0-1dd285491b7b, 5, 0, 405, 28, 25.85
2026/09/08 21:49:44.081, GPU-ecc6a1f9-42fe-2932-7ea0-1dd285491b7b, 5, 0, 405, 28, 26.09
2026/09/08 21:49:44.284, GPU-ecc6a1f9-42fe-2932-7ea0-1dd285491b7b, 5, 0, 405, 28, 26.09
2026/09/08 21:49:44.488, GPU-ecc6a1f9-42fe-2932-7ea0-1dd285491b7b, 5, 0, 405, 28, 26.09
2026/09/08 21:49:44.693, GPU-ecc6a1f9-42fe-2932-7ea0-1dd285491b7b, 5, 0, 405, 28, 26.09
2026/09/08 21:49:44.896, GPU-ecc6a1f9-42fe-2932-7ea0-1dd285491b7b, 5, 0, 405, 28, 26.09
2026/09/08 21:49:45.100, GPU-ecc6a1f9-42fe-2932-7ea0-1dd285491b7b, 5, 0, 405, 28, 26.09
2026/09/08 21:49:45.304, GPU-ecc6a1f9-42fe-2932-7ea0-1dd285491b7b, 5, 0, 405, 28, 26.09
2026/09/08 21:49:45.508, GPU-ecc6a1f9-42fe-2932-7ea0-1dd285491b7b, 5, 0, 405, 28, 26.09
2026/09/08 21:49:45.713, GPU-ecc6a1f9-42fe-2932-7ea0-1dd285491b7b, 5, 0, 405, 28, 26.09
2026/09/08 21:49:45.916, GPU-ecc6a1f9-42fe-2932-7ea0-1dd285491b7b, 5, 0, 405, 28, 26.09
2026/09/08 21:49:46.120, GPU-ecc6a1f9-42fe-2932-7ea0-1dd285491b7b, 5, 0, 405, 28, 26.09
2026/09/08 21:49:46.323, GPU-ecc6a1f9-42fe-2932-7ea0-1dd285491b7b, 5, 0, 405, 28, 26.09
2026/09/08 21:49:46.527, GPU-ecc6a1f9-42fe-2932-7ea0-1dd285491b7b, 5, 0, 405, 28, 26.09
2026/09/08 21:49:46.730, GPU-ecc6a1f9-42fe-2932-7ea0-1dd285491b7b, 5, 0, 405, 28, 26.09
2026/09/08 21:49:46.935, GPU-ecc6a1f9-42fe-2932-7ea0-1dd285491b7b, 5, 0, 405, 28, 26.09
2026/09/08 21:49:47.139, GPU-ecc6a1f9-42fe-2932-7ea0-1dd285491b7b, 5, 0, 405, 28, 26.09
2026/09/08 21:49:47.342, GPU-ecc6a1f9-42fe-2932-7ea0-1dd285491b7b, 5, 0, 405, 28, 26.09
2026/09/08 21:49:47.546, GPU-ecc6a1f9-42fe-2932-7ea0-1dd285491b7b, 5, 0, 405, 28, 25.85
2026/09/08 21:49:47.749, GPU-ecc6a1f9-42fe-2932-7ea0-1dd285491b7b, 5, 0, 405, 28, 26.09
2026/09/08 21:49:47.953, GPU-ecc6a1f9-42fe-2932-7ea0-1dd285491b7b, 5, 0, 405, 28, 26.09
2026/09/08 21:49:48.158, GPU-ecc6a1f9-42fe-2932-7ea0-1dd285491b7b, 5, 0, 405, 28, 26.09
2026/09/08 21:49:48.362, GPU-ecc6a1f9-42fe-2932-7ea0-1dd285491b7b, 5, 0, 405, 28, 26.09
2026/09/08 21:49:48.565, GPU-ecc6a1f9-42fe-2932-7ea0-1dd285491b7b, 5, 0, 405, 28, 26.09
2026/09/08 21:49:48.769, GPU-ecc6a1f9-42fe-2932-7ea0-1dd285491b7b, 5, 0, 405, 28, 26.09
2026/09/08 21:49:48.972, GPU-ecc6a1f9-42fe-2932-7ea0-1dd285491b7b, 5, 0, 405, 28, 26.09
2026/09/08 21:49:49.176, GPU-ecc6a1f9-42fe-2932-7ea0-1dd285491b7b, 5, 0, 405, 28, 26.09
2026/09/08 21:49:49.381, GPU-ecc6a1f9-42fe-2932-7ea0-1dd285491b7b, 5, 0, 405, 28, 26.09
2026/09/08 21:49:49.584, GPU-ecc6a1f9-42fe-2932-7ea0-1dd285491b7b, 5, 0, 405, 28, 26.09
2026/09/08 21:49:49.788, GPU-ecc6a1f9-42fe-2932-7ea0-1dd285491b7b, 5, 0, 405, 28, 26.09
2026/09/08 21:49:49.991, GPU-ecc6a1f9-42fe-2932-7ea0-1dd285491b7b, 5, 0, 405, 28, 26.09
2026/09/08 21:49:50.195, GPU-ecc6a1f9-42fe-2932-7ea0-1dd285491b7b, 5, 0, 405, 28, 26.09
2026/09/08 21:49:50.402, GPU-ecc6a1f9-42fe-2932-7ea0-1dd285491b7b, 5, 0, 405, 28, 26.09
2026/09/08 21:49:50.605, GPU-ecc6a1f9-42fe-2932-7ea0-1dd285491b7b, 5, 0, 405, 28, 26.09
2026/09/08 21:49:50.809, GPU-ecc6a1f9-42fe-2932-7ea0-1dd285491b7b, 5, 0, 405, 28, 26.09
2026/09/08 21:49:51.012, GPU-ecc6a1f9-42fe-2932-7ea0-1dd285491b7b, 5, 0, 405, 28, 26.09
2026/09/08 21:49:51.216, GPU-ecc6a1f9-42fe-2932-7ea0-1dd285491b7b, 5, 0, 405, 28, 26.09
2026/09/08 21:49:51.421, GPU-ecc6a1f9-42fe-2932-7ea0-1dd285491b7b, 5, 0, 405, 28, 26.09
2026/09/08 21:49:51.625, GPU-ecc6a1f9-42fe-2932-7ea0-1dd285491b7b, 5, 0, 405, 28, 26.09
2026/09/08 21:49:51.828, GPU-ecc6a1f9-42fe-2932-7ea0-1dd285491b7b, 5, 0, 405, 28, 26.09
2026/09/08 21:49:52.032, GPU-ecc6a1f9-42fe-2932-7ea0-1dd285491b7b, 5, 0, 405, 28, 26.09
2026/09/08 21:49:52.235, GPU-ecc6a1f9-42fe-2932-7ea0-1dd285491b7b, 5, 0, 405, 28, 26.09
2026/09/08 21:49:52.441, GPU-ecc6a1f9-42fe-2932-7ea0-1dd285491b7b, 5, 0, 405, 28, 26.09
2026/09/08 21:49:52.644, GPU-ecc6a1f9-42fe-2932-7ea0-1dd285491b7b, 5, 0, 405, 28, 26.09
2026/09/08 21:49:52.848, GPU-ecc6a1f9-42fe-2932-7ea0-1dd285491b7b, 5, 0, 405, 28, 26.09
2026/09/08 21:49:53.051, GPU-ecc6a1f9-42fe-2932-7ea0-1dd285491b7b, 5, 0, 405, 28, 26.09
2026/09/08 21:49:53.255, GPU-ecc6a1f9-42fe-2932-7ea0-1dd285491b7b, 5, 0, 405, 28, 26.09
2026/09/08 21:49:53.460, GPU-ecc6a1f9-42fe-2932-7ea0-1dd285491b7b, 5, 0, 405, 28, 26.09
2026/09/08 21:49:53.663, GPU-ecc6a1f9-42fe-2932-7ea0-1dd285491b7b, 5, 0, 405, 28, 26.09
2026/09/08 21:49:53.867, GPU-ecc6a1f9-42fe-2932-7ea0-1dd285491b7b, 5, 0, 405, 28, 26.09
2026/09/08 21:49:54.071, GPU-ecc6a1f9-42fe-2932-7ea0-1dd285491b7b, 5, 0, 405, 28, 26.09
2026/09/08 21:49:54.274, GPU-ecc6a1f9-42fe-2932-7ea0-1dd285491b7b, 5, 0, 405, 28, 26.09
2026/09/08 21:49:54.479, GPU-ecc6a1f9-42fe-2932-7ea0-1dd285491b7b, 5, 0, 405, 28, 26.09
2026/09/08 21:49:54.683, GPU-ecc6a1f9-42fe-2932-7ea0-1dd285491b7b, 5, 0, 405, 28, 26.09
2026/09/08 21:49:54.886, GPU-ecc6a1f9-42fe-2932-7ea0-1dd285491b7b, 5, 0, 405, 28, 26.09
2026/09/08 21:49:55.090, GPU-ecc6a1f9-42fe-2932-7ea0-1dd285491b7b, 5, 0, 405, 28, 26.09
2026/09/08 21:49:55.293, GPU-ecc6a1f9-42fe-2932-7ea0-1dd285491b7b, 5, 0, 405, 28, 26.09
2026/09/08 21:49:55.499, GPU-ecc6a1f9-42fe-2932-7ea0-1dd285491b7b, 5, 0, 405, 28, 26.09
2026/09/08 21:49:55.702, GPU-ecc6a1f9-42fe-2932-7ea0-1dd285491b7b, 5, 0, 405, 28, 26.09
2026/09/08 21:49:55.906, GPU-ecc6a1f9-42fe-2932-7ea0-1dd285491b7b, 5, 0, 405, 28, 26.09
2026/09/08 21:49:56.109, GPU-ecc6a1f9-42fe-2932-7ea0-1dd285491b7b, 5, 0, 405, 28, 26.09
2026/09/08 21:49:56.313, GPU-ecc6a1f9-42fe-2932-7ea0-1dd285491b7b, 5, 0, 405, 28, 26.09
2026/09/08 21:49:56.518, GPU-ecc6a1f9-42fe-2932-7ea0-1dd285491b7b, 5, 0, 405, 28, 26.09
2026/09/08 21:49:56.721, GPU-ecc6a1f9-42fe-2932-7ea0-1dd285491b7b, 5, 0, 405, 28, 26.09
2026/09/08 21:49:56.925, GPU-ecc6a1f9-42fe-2932-7ea0-1dd285491b7b, 5, 0, 405, 28, 26.09
2026/09/08 21:49:57.128, GPU-ecc6a1f9-42fe-2932-7ea0-1dd285491b7b, 5, 0, 405, 28, 26.09
2026/09/08 21:49:57.332, GPU-ecc6a1f9-42fe-2932-7ea0-1dd285491b7b, 5, 0, 405, 28, 26.09
2026/09/08 21:49:57.537, GPU-ecc6a1f9-42fe-2932-7ea0-1dd285491b7b, 5, 0, 405, 28, 26.09
2026/09/08 21:49:57.741, GPU-ecc6a1f9-42fe-2932-7ea0-1dd285491b7b, 5, 0, 405, 28, 26.09
2026/09/08 21:49:57.944, GPU-ecc6a1f9-42fe-2932-7ea0-1dd285491b7b, 5, 0, 405, 28, 26.09
2026/09/08 21:49:58.148, GPU-ecc6a1f9-42fe-2932-7ea0-1dd285491b7b, 5, 0, 405, 28, 26.09
2026/09/08 21:49:58.352, GPU-ecc6a1f9-42fe-2932-7ea0-1dd285491b7b, 5, 0, 405, 28, 26.09
2026/09/08 21:49:58.557, GPU-ecc6a1f9-42fe-2932-7ea0-1dd285491b7b, 5, 0, 405, 28, 26.09
2026/09/08 21:49:58.760, GPU-ecc6a1f9-42fe-2932-7ea0-1dd285491b7b, 5, 0, 405, 28, 26.09
2026/09/08 21:49:58.964, GPU-ecc6a1f9-42fe-2932-7ea0-1dd285491b7b, 5, 0, 405, 28, 25.85
2026/09/08 21:49:59.167, GPU-ecc6a1f9-42fe-2932-7ea0-1dd285491b7b, 5, 0, 405, 28, 26.09
2026/09/08 21:49:59.371, GPU-ecc6a1f9-42fe-2932-7ea0-1dd285491b7b, 5, 0, 405, 28, 26.09
2026/09/08 21:49:59.576, GPU-ecc6a1f9-42fe-2932-7ea0-1dd285491b7b, 5, 0, 405, 28, 26.09
2026/09/08 21:49:59.780, GPU-ecc6a1f9-42fe-2932-7ea0-1dd285491b7b, 5, 0, 405, 28, 26.09
2026/09/08 21:49:59.985, GPU-ecc6a1f9-42fe-2932-7ea0-1dd285491b7b, 5, 0, 405, 28, 26.09
2026/09/08 21:50:00.188, GPU-ecc6a1f9-42fe-2932-7ea0-1dd285491b7b, 5, 0, 405, 28, 26.09
2026/09/08 21:50:00.392, GPU-ecc6a1f9-42fe-2932-7ea0-1dd285491b7b, 5, 0, 405, 28, 26.09
2026/09/08 21:50:00.596, GPU-ecc6a1f9-42fe-2932-7ea0-1dd285491b7b, 5, 0, 405, 28, 26.09
2026/09/08 21:50:00.799, GPU-ecc6a1f9-42fe-2932-7ea0-1dd285491b7b, 5, 0, 405, 28, 26.09
2026/09/08 21:50:01.003, GPU-ecc6a1f9-42fe-2932-7ea0-1dd285491b7b, 5, 0, 405, 28, 26.09
2026/09/08 21:50:01.206, GPU-ecc6a1f9-42fe-2932-7ea0-1dd285491b7b, 5, 0, 405, 28, 26.09
2026/09/08 21:50:01.410, GPU-ecc6a1f9-42fe-2932-7ea0-1dd285491b7b, 5, 0, 405, 28, 26.09
2026/09/08 21:50:01.615, GPU-ecc6a1f9-42fe-2932-7ea0-1dd285491b7b, 5, 0, 405, 28, 26.09
2026/09/08 21:50:01.818, GPU-ecc6a1f9-42fe-2932-7ea0-1dd285491b7b, 5, 0, 405, 28, 26.09
2026/09/08 21:50:02.022, GPU-ecc6a1f9-42fe-2932-7ea0-1dd285491b7b, 5, 0, 405, 28, 26.09
2026/09/08 21:50:02.226, GPU-ecc6a1f9-42fe-2932-7ea0-1dd285491b7b, 5, 0, 405, 28, 26.09
2026/09/08 21:50:02.429, GPU-ecc6a1f9-42fe-2932-7ea0-1dd285491b7b, 5, 0, 405, 28, 26.09
2026/09/08 21:50:02.634, GPU-ecc6a1f9-42fe-2932-7ea0-1dd285491b7b, 5, 0, 405, 28, 26.09
2026/09/08 21:50:02.838, GPU-ecc6a1f9-42fe-2932-7ea0-1dd285491b7b, 5, 0, 405, 28, 26.09
2026/09/08 21:50:03.041, GPU-ecc6a1f9-42fe-2932-7ea0-1dd285491b7b, 5, 0, 405, 28, 26.09
2026/09/08 21:50:03.245, GPU-ecc6a1f9-42fe-2932-7ea0-1dd285491b7b, 5, 0, 405, 28, 26.09
2026/09/08 21:50:03.449, GPU-ecc6a1f9-42fe-2932-7ea0-1dd285491b7b, 5, 0, 405, 28, 26.09
2026/09/08 21:50:03.654, GPU-ecc6a1f9-42fe-2932-7ea0-1dd285491b7b, 5, 0, 405, 28, 26.09
2026/09/08 21:50:03.857, GPU-ecc6a1f9-42fe-2932-7ea0-1dd285491b7b, 5, 0, 405, 28, 26.09
2026/09/08 21:50:04.061, GPU-ecc6a1f9-42fe-2932-7ea0-1dd285491b7b, 5, 0, 405, 28, 26.09
2026/09/08 21:50:04.264, GPU-ecc6a1f9-42fe-2932-7ea0-1dd285491b7b, 5, 0, 405, 28, 26.09
2026/09/08 21:50:04.468, GPU-ecc6a1f9-42fe-2932-7ea0-1dd285491b7b, 5, 0, 405, 28, 26.09
2026/09/08 21:50:04.673, GPU-ecc6a1f9-42fe-2932-7ea0-1dd285491b7b, 5, 0, 405, 28, 26.09
2026/09/08 21:50:04.877, GPU-ecc6a1f9-42fe-2932-7ea0-1dd285491b7b, 5, 0, 405, 28, 26.09
2026/09/08 21:50:05.080, GPU-ecc6a1f9-42fe-2932-7ea0-1dd285491b7b, 5, 0, 405, 28, 26.09
2026/09/08 21:50:05.284, GPU-ecc6a1f9-42fe-2932-7ea0-1dd285491b7b, 5, 0, 405, 28, 25.85
2026/09/08 21:50:05.487, GPU-ecc6a1f9-42fe-2932-7ea0-1dd285491b7b, 5, 0, 405, 28, 25.85
2026/09/08 21:50:05.692, GPU-ecc6a1f9-42fe-2932-7ea0-1dd285491b7b, 5, 0, 405, 28, 26.09
2026/09/08 21:50:05.896, GPU-ecc6a1f9-42fe-2932-7ea0-1dd285491b7b, 5, 0, 405, 28, 26.09
2026/09/08 21:50:06.100, GPU-ecc6a1f9-42fe-2932-7ea0-1dd285491b7b, 5, 0, 405, 28, 26.09
2026/09/08 21:50:06.303, GPU-ecc6a1f9-42fe-2932-7ea0-1dd285491b7b, 5, 0, 405, 28, 26.09
2026/09/08 21:50:06.507, GPU-ecc6a1f9-42fe-2932-7ea0-1dd285491b7b, 5, 0, 405, 28, 25.85
2026/09/08 21:50:06.712, GPU-ecc6a1f9-42fe-2932-7ea0-1dd285491b7b, 5, 0, 405, 28, 26.09
2026/09/08 21:50:06.915, GPU-ecc6a1f9-42fe-2932-7ea0-1dd285491b7b, 5, 0, 405, 28, 26.09
2026/09/08 21:50:07.119, GPU-ecc6a1f9-42fe-2932-7ea0-1dd285491b7b, 5, 0, 405, 28, 26.09
2026/09/08 21:50:07.322, GPU-ecc6a1f9-42fe-2932-7ea0-1dd285491b7b, 5, 0, 405, 28, 26.09
2026/09/08 21:50:07.526, GPU-ecc6a1f9-42fe-2932-7ea0-1dd285491b7b, 5, 0, 405, 28, 26.09
2026/09/08 21:50:07.731, GPU-ecc6a1f9-42fe-2932-7ea0-1dd285491b7b, 5, 0, 405, 28, 25.85
2026/09/08 21:50:07.935, GPU-ecc6a1f9-42fe-2932-7ea0-1dd285491b7b, 5, 0, 405, 28, 26.09
2026/09/08 21:50:08.139, GPU-ecc6a1f9-42fe-2932-7ea0-1dd285491b7b, 5, 0, 405, 28, 26.09
2026/09/08 21:50:08.342, GPU-ecc6a1f9-42fe-2932-7ea0-1dd285491b7b, 5, 0, 405, 28, 26.09
2026/09/08 21:50:08.546, GPU-ecc6a1f9-42fe-2932-7ea0-1dd285491b7b, 5, 0, 405, 28, 26.09
2026/09/08 21:50:08.753, GPU-ecc6a1f9-42fe-2932-7ea0-1dd285491b7b, 5, 0, 405, 28, 26.09
2026/09/08 21:50:08.956, GPU-ecc6a1f9-42fe-2932-7ea0-1dd285491b7b, 5, 0, 405, 28, 26.09
2026/09/08 21:50:09.160, GPU-ecc6a1f9-42fe-2932-7ea0-1dd285491b7b, 5, 0, 405, 28, 26.09
2026/09/08 21:50:09.364, GPU-ecc6a1f9-42fe-2932-7ea0-1dd285491b7b, 5, 0, 405, 28, 26.09
2026/09/08 21:50:09.567, GPU-ecc6a1f9-42fe-2932-7ea0-1dd285491b7b, 5, 0, 405, 28, 26.09
2026/09/08 21:50:09.771, GPU-ecc6a1f9-42fe-2932-7ea0-1dd285491b7b, 5, 0, 405, 28, 26.09
2026/09/08 21:50:09.976, GPU-ecc6a1f9-42fe-2932-7ea0-1dd285491b7b, 5, 0, 405, 28, 26.09
2026/09/08 21:50:10.180, GPU-ecc6a1f9-42fe-2932-7ea0-1dd285491b7b, 5, 0, 405, 28, 26.09
2026/09/08 21:50:10.383, GPU-ecc6a1f9-42fe-2932-7ea0-1dd285491b7b, 5, 0, 405, 28, 26.09
2026/09/08 21:50:10.587, GPU-ecc6a1f9-42fe-2932-7ea0-1dd285491b7b, 5, 0, 405, 28, 26.09
2026/09/08 21:50:10.790, GPU-ecc6a1f9-42fe-2932-7ea0-1dd285491b7b, 5, 0, 405, 28, 26.09
2026/09/08 21:50:10.994, GPU-ecc6a1f9-42fe-2932-7ea0-1dd285491b7b, 5, 0, 405, 28, 26.09
2026/09/08 21:50:11.199, GPU-ecc6a1f9-42fe-2932-7ea0-1dd285491b7b, 5, 0, 405, 28, 25.85
2026/09/08 21:50:11.403, GPU-ecc6a1f9-42fe-2932-7ea0-1dd285491b7b, 5, 0, 405, 28, 26.09
2026/09/08 21:50:11.606, GPU-ecc6a1f9-42fe-2932-7ea0-1dd285491b7b, 5, 0, 405, 28, 26.09
2026/09/08 21:50:11.810, GPU-ecc6a1f9-42fe-2932-7ea0-1dd285491b7b, 5, 0, 405, 28, 26.09
2026/09/08 21:50:12.013, GPU-ecc6a1f9-42fe-2932-7ea0-1dd285491b7b, 5, 0, 405, 28, 26.09
2026/09/08 21:50:12.221, GPU-ecc6a1f9-42fe-2932-7ea0-1dd285491b7b, 5, 0, 405, 28, 26.09
2026/09/08 21:50:12.424, GPU-ecc6a1f9-42fe-2932-7ea0-1dd285491b7b, 5, 0, 405, 28, 26.09
2026/09/08 21:50:12.628, GPU-ecc6a1f9-42fe-2932-7ea0-1dd285491b7b, 5, 0, 405, 28, 26.09
2026/09/08 21:50:12.831, GPU-ecc6a1f9-42fe-2932-7ea0-1dd285491b7b, 5, 0, 405, 28, 26.09
2026/09/08 21:50:13.035, GPU-ecc6a1f9-42fe-2932-7ea0-1dd285491b7b, 5, 0, 405, 28, 26.09
2026/09/08 21:50:13.240, GPU-ecc6a1f9-42fe-2932-7ea0-1dd285491b7b, 5, 0, 405, 28, 26.09
2026/09/08 21:50:13.444, GPU-ecc6a1f9-42fe-2932-7ea0-1dd285491b7b, 5, 0, 405, 28, 26.09
2026/09/08 21:50:13.647, GPU-ecc6a1f9-42fe-2932-7ea0-1dd285491b7b, 5, 0, 405, 28, 25.85
2026/09/08 21:50:13.851, GPU-ecc6a1f9-42fe-2932-7ea0-1dd285491b7b, 5, 0, 405, 28, 25.85
2026/09/08 21:50:14.054, GPU-ecc6a1f9-42fe-2932-7ea0-1dd285491b7b, 5, 0, 405, 28, 25.85
2026/09/08 21:50:14.259, GPU-ecc6a1f9-42fe-2932-7ea0-1dd285491b7b, 5, 0, 405, 28, 25.85
2026/09/08 21:50:14.463, GPU-ecc6a1f9-42fe-2932-7ea0-1dd285491b7b, 5, 0, 405, 28, 26.09
2026/09/08 21:50:14.666, GPU-ecc6a1f9-42fe-2932-7ea0-1dd285491b7b, 5, 0, 405, 28, 26.09
2026/09/08 21:50:14.870, GPU-ecc6a1f9-42fe-2932-7ea0-1dd285491b7b, 5, 0, 405, 28, 25.85
2026/09/08 21:50:15.073, GPU-ecc6a1f9-42fe-2932-7ea0-1dd285491b7b, 5, 0, 405, 28, 26.09
2026/09/08 21:50:15.279, GPU-ecc6a1f9-42fe-2932-7ea0-1dd285491b7b, 5, 0, 405, 28, 26.09
2026/09/08 21:50:15.482, GPU-ecc6a1f9-42fe-2932-7ea0-1dd285491b7b, 5, 0, 405, 28, 26.09
2026/09/08 21:50:15.686, GPU-ecc6a1f9-42fe-2932-7ea0-1dd285491b7b, 5, 0, 405, 28, 26.09
2026/09/08 21:50:15.889, GPU-ecc6a1f9-42fe-2932-7ea0-1dd285491b7b, 5, 0, 405, 28, 26.09
2026/09/08 21:50:16.093, GPU-ecc6a1f9-42fe-2932-7ea0-1dd285491b7b, 5, 0, 405, 28, 25.85
2026/09/08 21:50:16.298, GPU-ecc6a1f9-42fe-2932-7ea0-1dd285491b7b, 5, 0, 405, 28, 26.09
2026/09/08 21:50:16.502, GPU-ecc6a1f9-42fe-2932-7ea0-1dd285491b7b, 5, 0, 405, 28, 26.09
2026/09/08 21:50:16.705, GPU-ecc6a1f9-42fe-2932-7ea0-1dd285491b7b, 5, 0, 405, 28, 26.09
2026/09/08 21:50:16.909, GPU-ecc6a1f9-42fe-2932-7ea0-1dd285491b7b, 5, 0, 405, 28, 26.09
2026/09/08 21:50:17.112, GPU-ecc6a1f9-42fe-2932-7ea0-1dd285491b7b, 5, 0, 405, 28, 26.09
2026/09/08 21:50:17.318, GPU-ecc6a1f9-42fe-2932-7ea0-1dd285491b7b, 5, 0, 405, 28, 25.85
2026/09/08 21:50:17.521, GPU-ecc6a1f9-42fe-2932-7ea0-1dd285491b7b, 5, 0, 405, 28, 26.09
2026/09/08 21:50:17.725, GPU-ecc6a1f9-42fe-2932-7ea0-1dd285491b7b, 5, 0, 405, 28, 26.09
2026/09/08 21:50:17.928, GPU-ecc6a1f9-42fe-2932-7ea0-1dd285491b7b, 5, 0, 405, 28, 26.09
2026/09/08 21:50:18.132, GPU-ecc6a1f9-42fe-2932-7ea0-1dd285491b7b, 5, 0, 405, 28, 26.09
2026/09/08 21:50:18.337, GPU-ecc6a1f9-42fe-2932-7ea0-1dd285491b7b, 5, 0, 405, 28, 26.09
2026/09/08 21:50:18.541, GPU-ecc6a1f9-42fe-2932-7ea0-1dd285491b7b, 5, 0, 405, 28, 26.09
2026/09/08 21:50:18.744, GPU-ecc6a1f9-42fe-2932-7ea0-1dd285491b7b, 5, 0, 405, 28, 25.85
2026/09/08 21:50:18.948, GPU-ecc6a1f9-42fe-2932-7ea0-1dd285491b7b, 5, 0, 405, 28, 26.09
2026/09/08 21:50:19.151, GPU-ecc6a1f9-42fe-2932-7ea0-1dd285491b7b, 5, 0, 405, 28, 26.09
2026/09/08 21:50:19.357, GPU-ecc6a1f9-42fe-2932-7ea0-1dd285491b7b, 5, 0, 405, 28, 26.09
2026/09/08 21:50:19.560, GPU-ecc6a1f9-42fe-2932-7ea0-1dd285491b7b, 5, 0, 405, 28, 26.09
2026/09/08 21:50:19.764, GPU-ecc6a1f9-42fe-2932-7ea0-1dd285491b7b, 5, 0, 405, 28, 26.09
2026/09/08 21:50:19.967, GPU-ecc6a1f9-42fe-2932-7ea0-1dd285491b7b, 5, 0, 405, 28, 26.09
2026/09/08 21:50:20.171, GPU-ecc6a1f9-42fe-2932-7ea0-1dd285491b7b, 5, 0, 405, 28, 26.09
2026/09/08 21:50:20.376, GPU-ecc6a1f9-42fe-2932-7ea0-1dd285491b7b, 5, 0, 405, 28, 26.09
2026/09/08 21:50:20.579, GPU-ecc6a1f9-42fe-2932-7ea0-1dd285491b7b, 5, 0, 405, 28, 26.09
2026/09/08 21:50:20.783, GPU-ecc6a1f9-42fe-2932-7ea0-1dd285491b7b, 5, 0, 405, 28, 26.09
2026/09/08 21:50:20.986, GPU-ecc6a1f9-42fe-2932-7ea0-1dd285491b7b, 5, 0, 405, 28, 26.09
2026/09/08 21:50:21.190, GPU-ecc6a1f9-42fe-2932-7ea0-1dd285491b7b, 5, 0, 405, 28, 26.09
2026/09/08 21:50:21.395, GPU-ecc6a1f9-42fe-2932-7ea0-1dd285491b7b, 5, 0, 405, 28, 26.09
2026/09/08 21:50:21.599, GPU-ecc6a1f9-42fe-2932-7ea0-1dd285491b7b, 5, 0, 405, 28, 26.09
2026/09/08 21:50:21.802, GPU-ecc6a1f9-42fe-2932-7ea0-1dd285491b7b, 5, 0, 405, 28, 25.85
2026/09/08 21:50:22.006, GPU-ecc6a1f9-42fe-2932-7ea0-1dd285491b7b, 5, 0, 405, 28, 25.85
2026/09/08 21:50:22.209, GPU-ecc6a1f9-42fe-2932-7ea0-1dd285491b7b, 5, 0, 405, 28, 26.09
2026/09/08 21:50:22.415, GPU-ecc6a1f9-42fe-2932-7ea0-1dd285491b7b, 5, 0, 405, 28, 26.09
2026/09/08 21:50:22.618, GPU-ecc6a1f9-42fe-2932-7ea0-1dd285491b7b, 5, 0, 405, 28, 26.09
2026/09/08 21:50:22.822, GPU-ecc6a1f9-42fe-2932-7ea0-1dd285491b7b, 5, 0, 405, 28, 26.09
2026/09/08 21:50:23.025, GPU-ecc6a1f9-42fe-2932-7ea0-1dd285491b7b, 5, 0, 405, 28, 26.09
2026/09/08 21:50:23.229, GPU-ecc6a1f9-42fe-2932-7ea0-1dd285491b7b, 5, 0, 405, 28, 26.09
2026/09/08 21:50:23.434, GPU-ecc6a1f9-42fe-2932-7ea0-1dd285491b7b, 5, 0, 405, 28, 26.09
2026/09/08 21:50:23.638, GPU-ecc6a1f9-42fe-2932-7ea0-1dd285491b7b, 5, 0, 405, 28, 26.09
2026/09/08 21:50:23.841, GPU-ecc6a1f9-42fe-2932-7ea0-1dd285491b7b, 5, 0, 405, 28, 26.09
2026/09/08 21:50:24.045, GPU-ecc6a1f9-42fe-2932-7ea0-1dd285491b7b, 5, 0, 405, 28, 26.09
2026/09/08 21:50:24.248, GPU-ecc6a1f9-42fe-2932-7ea0-1dd285491b7b, 5, 0, 405, 28, 26.09
2026/09/08 21:50:24.454, GPU-ecc6a1f9-42fe-2932-7ea0-1dd285491b7b, 5, 0, 405, 28, 26.09
2026/09/08 21:50:24.657, GPU-ecc6a1f9-42fe-2932-7ea0-1dd285491b7b, 5, 0, 405, 28, 26.09
2026/09/08 21:50:24.861, GPU-ecc6a1f9-42fe-2932-7ea0-1dd285491b7b, 5, 0, 405, 28, 26.09
2026/09/08 21:50:25.064, GPU-ecc6a1f9-42fe-2932-7ea0-1dd285491b7b, 5, 0, 405, 28, 26.09
2026/09/08 21:50:25.268, GPU-ecc6a1f9-42fe-2932-7ea0-1dd285491b7b, 5, 0, 405, 28, 25.85
2026/09/08 21:50:25.473, GPU-ecc6a1f9-42fe-2932-7ea0-1dd285491b7b, 5, 0, 405, 28, 26.09
2026/09/08 21:50:25.676, GPU-ecc6a1f9-42fe-2932-7ea0-1dd285491b7b, 5, 0, 405, 28, 26.09
2026/09/08 21:50:25.880, GPU-ecc6a1f9-42fe-2932-7ea0-1dd285491b7b, 5, 0, 405, 28, 25.85
2026/09/08 21:50:26.083, GPU-ecc6a1f9-42fe-2932-7ea0-1dd285491b7b, 5, 0, 405, 28, 25.85
2026/09/08 21:50:26.287, GPU-ecc6a1f9-42fe-2932-7ea0-1dd285491b7b, 5, 0, 405, 28, 26.09
2026/09/08 21:50:26.492, GPU-ecc6a1f9-42fe-2932-7ea0-1dd285491b7b, 5, 0, 405, 28, 25.85
2026/09/08 21:50:26.696, GPU-ecc6a1f9-42fe-2932-7ea0-1dd285491b7b, 5, 0, 405, 28, 25.85
2026/09/08 21:50:26.899, GPU-ecc6a1f9-42fe-2932-7ea0-1dd285491b7b, 5, 0, 405, 28, 26.09
2026/09/08 21:50:27.103, GPU-ecc6a1f9-42fe-2932-7ea0-1dd285491b7b, 5, 0, 405, 28, 26.09
2026/09/08 21:50:27.306, GPU-ecc6a1f9-42fe-2932-7ea0-1dd285491b7b, 5, 0, 405, 28, 25.85
2026/09/08 21:50:27.512, GPU-ecc6a1f9-42fe-2932-7ea0-1dd285491b7b, 5, 0, 405, 28, 25.85
2026/09/08 21:50:27.715, GPU-ecc6a1f9-42fe-2932-7ea0-1dd285491b7b, 5, 0, 405, 28, 26.09
2026/09/08 21:50:27.919, GPU-ecc6a1f9-42fe-2932-7ea0-1dd285491b7b, 5, 0, 405, 28, 25.85
2026/09/08 21:50:28.122, GPU-ecc6a1f9-42fe-2932-7ea0-1dd285491b7b, 5, 0, 405, 28, 25.85
2026/09/08 21:50:28.326, GPU-ecc6a1f9-42fe-2932-7ea0-1dd285491b7b, 5, 0, 405, 28, 26.09
2026/09/08 21:50:28.531, GPU-ecc6a1f9-42fe-2932-7ea0-1dd285491b7b, 5, 0, 405, 28, 25.85
2026/09/08 21:50:28.734, GPU-ecc6a1f9-42fe-2932-7ea0-1dd285491b7b, 5, 0, 405, 28, 25.85
2026/09/08 21:50:28.938, GPU-ecc6a1f9-42fe-2932-7ea0-1dd285491b7b, 5, 0, 405, 28, 25.85
2026/09/08 21:50:29.141, GPU-ecc6a1f9-42fe-2932-7ea0-1dd285491b7b, 5, 0, 405, 28, 25.85
2026/09/08 21:50:29.345, GPU-ecc6a1f9-42fe-2932-7ea0-1dd285491b7b, 5, 0, 405, 28, 26.09
2026/09/08 21:50:29.550, GPU-ecc6a1f9-42fe-2932-7ea0-1dd285491b7b, 5, 0, 405, 28, 26.09
2026/09/08 21:50:29.754, GPU-ecc6a1f9-42fe-2932-7ea0-1dd285491b7b, 5, 0, 405, 28, 25.85
2026/09/08 21:50:29.957, GPU-ecc6a1f9-42fe-2932-7ea0-1dd285491b7b, 5, 0, 405, 28, 26.09
2026/09/08 21:50:30.161, GPU-ecc6a1f9-42fe-2932-7ea0-1dd285491b7b, 5, 0, 405, 28, 26.09
2026/09/08 21:50:30.364, GPU-ecc6a1f9-42fe-2932-7ea0-1dd285491b7b, 5, 0, 405, 28, 25.85
2026/09/08 21:50:30.571, GPU-ecc6a1f9-42fe-2932-7ea0-1dd285491b7b, 5, 0, 405, 28, 26.09
2026/09/08 21:50:30.774, GPU-ecc6a1f9-42fe-2932-7ea0-1dd285491b7b, 5, 0, 405, 28, 25.85
2026/09/08 21:50:30.978, GPU-ecc6a1f9-42fe-2932-7ea0-1dd285491b7b, 5, 0, 405, 28, 26.09
2026/09/08 21:50:31.181, GPU-ecc6a1f9-42fe-2932-7ea0-1dd285491b7b, 5, 0, 405, 28, 25.85
2026/09/08 21:50:31.385, GPU-ecc6a1f9-42fe-2932-7ea0-1dd285491b7b, 5, 0, 405, 28, 26.09
2026/09/08 21:50:31.588, GPU-ecc6a1f9-42fe-2932-7ea0-1dd285491b7b, 5, 0, 405, 28, 26.09
2026/09/08 21:50:31.794, GPU-ecc6a1f9-42fe-2932-7ea0-1dd285491b7b, 5, 0, 405, 28, 26.09
2026/09/08 21:50:31.997, GPU-ecc6a1f9-42fe-2932-7ea0-1dd285491b7b, 5, 0, 405, 28, 25.85
2026/09/08 21:50:32.201, GPU-ecc6a1f9-42fe-2932-7ea0-1dd285491b7b, 5, 0, 405, 28, 25.85
2026/09/08 21:50:32.404, GPU-ecc6a1f9-42fe-2932-7ea0-1dd285491b7b, 5, 0, 405, 28, 25.85
2026/09/08 21:50:32.608, GPU-ecc6a1f9-42fe-2932-7ea0-1dd285491b7b, 5, 0, 405, 28, 26.09
2026/09/08 21:50:32.811, GPU-ecc6a1f9-42fe-2932-7ea0-1dd285491b7b, 5, 0, 405, 28, 26.09
2026/09/08 21:50:33.017, GPU-ecc6a1f9-42fe-2932-7ea0-1dd285491b7b, 5, 0, 405, 28, 25.85
2026/09/08 21:50:33.221, GPU-ecc6a1f9-42fe-2932-7ea0-1dd285491b7b, 5, 0, 405, 28, 25.85
2026/09/08 21:50:33.424, GPU-ecc6a1f9-42fe-2932-7ea0-1dd285491b7b, 5, 0, 405, 28, 25.85
2026/09/08 21:50:33.628, GPU-ecc6a1f9-42fe-2932-7ea0-1dd285491b7b, 5, 0, 405, 28, 26.09
2026/09/08 21:50:33.831, GPU-ecc6a1f9-42fe-2932-7ea0-1dd285491b7b, 5, 0, 405, 28, 26.09
2026/09/08 21:50:34.035, GPU-ecc6a1f9-42fe-2932-7ea0-1dd285491b7b, 5, 0, 405, 28, 26.09
2026/09/08 21:50:34.239, GPU-ecc6a1f9-42fe-2932-7ea0-1dd285491b7b, 5, 0, 405, 28, 26.09
2026/09/08 21:50:34.443, GPU-ecc6a1f9-42fe-2932-7ea0-1dd285491b7b, 5, 0, 405, 28, 26.09
2026/09/08 21:50:34.646, GPU-ecc6a1f9-42fe-2932-7ea0-1dd285491b7b, 5, 0, 405, 28, 26.09
2026/09/08 21:50:34.849, GPU-ecc6a1f9-42fe-2932-7ea0-1dd285491b7b, 5, 0, 405, 28, 26.09
2026/09/08 21:50:35.053, GPU-ecc6a1f9-42fe-2932-7ea0-1dd285491b7b, 5, 0, 405, 28, 26.09
2026/09/08 21:50:35.259, GPU-ecc6a1f9-42fe-2932-7ea0-1dd285491b7b, 5, 0, 405, 28, 26.09
2026/09/08 21:50:35.463, GPU-ecc6a1f9-42fe-2932-7ea0-1dd285491b7b, 5, 0, 405, 28, 26.09
2026/09/08 21:50:35.666, GPU-ecc6a1f9-42fe-2932-7ea0-1dd285491b7b, 5, 0, 405, 28, 26.09
2026/09/08 21:50:35.870, GPU-ecc6a1f9-42fe-2932-7ea0-1dd285491b7b, 5, 0, 405, 28, 26.09
2026/09/08 21:50:36.073, GPU-ecc6a1f9-42fe-2932-7ea0-1dd285491b7b, 5, 0, 405, 28, 26.09
2026/09/08 21:50:36.278, GPU-ecc6a1f9-42fe-2932-7ea0-1dd285491b7b, 5, 0, 405, 28, 26.09
2026/09/08 21:50:36.482, GPU-ecc6a1f9-42fe-2932-7ea0-1dd285491b7b, 5, 0, 405, 28, 26.09
2026/09/08 21:50:36.685, GPU-ecc6a1f9-42fe-2932-7ea0-1dd285491b7b, 5, 0, 405, 28, 25.85
2026/09/08 21:50:36.889, GPU-ecc6a1f9-42fe-2932-7ea0-1dd285491b7b, 5, 0, 405, 28, 26.09
2026/09/08 21:50:37.092, GPU-ecc6a1f9-42fe-2932-7ea0-1dd285491b7b, 5, 0, 405, 28, 26.09
2026/09/08 21:50:37.298, GPU-ecc6a1f9-42fe-2932-7ea0-1dd285491b7b, 5, 0, 405, 28, 26.09
2026/09/08 21:50:37.501, GPU-ecc6a1f9-42fe-2932-7ea0-1dd285491b7b, 5, 0, 405, 28, 25.85
2026/09/08 21:50:37.705, GPU-ecc6a1f9-42fe-2932-7ea0-1dd285491b7b, 5, 0, 405, 28, 26.09
2026/09/08 21:50:37.908, GPU-ecc6a1f9-42fe-2932-7ea0-1dd285491b7b, 5, 0, 405, 28, 26.09
2026/09/08 21:50:38.162, GPU-ecc6a1f9-42fe-2932-7ea0-1dd285491b7b, 5, 0, 405, 28, 25.85
2026/09/08 21:50:38.366, GPU-ecc6a1f9-42fe-2932-7ea0-1dd285491b7b, 5, 0, 405, 28, 25.85
2026/09/08 21:50:38.569, GPU-ecc6a1f9-42fe-2932-7ea0-1dd285491b7b, 5, 0, 405, 28, 26.09
2026/09/08 21:50:38.773, GPU-ecc6a1f9-42fe-2932-7ea0-1dd285491b7b, 5, 0, 405, 28, 25.85
2026/09/08 21:50:38.977, GPU-ecc6a1f9-42fe-2932-7ea0-1dd285491b7b, 5, 0, 405, 28, 26.09
2026/09/08 21:50:39.180, GPU-ecc6a1f9-42fe-2932-7ea0-1dd285491b7b, 5, 0, 405, 28, 25.85
2026/09/08 21:50:39.384, GPU-ecc6a1f9-42fe-2932-7ea0-1dd285491b7b, 5, 0, 405, 28, 26.09
2026/09/08 21:50:39.587, GPU-ecc6a1f9-42fe-2932-7ea0-1dd285491b7b, 5, 0, 405, 28, 25.85
2026/09/08 21:50:39.791, GPU-ecc6a1f9-42fe-2932-7ea0-1dd285491b7b, 5, 0, 405, 28, 26.09
2026/09/08 21:50:39.996, GPU-ecc6a1f9-42fe-2932-7ea0-1dd285491b7b, 5, 0, 405, 28, 26.09
2026/09/08 21:50:40.199, GPU-ecc6a1f9-42fe-2932-7ea0-1dd285491b7b, 5, 0, 405, 28, 26.09
2026/09/08 21:50:40.403, GPU-ecc6a1f9-42fe-2932-7ea0-1dd285491b7b, 5, 0, 405, 28, 26.09
2026/09/08 21:50:40.607, GPU-ecc6a1f9-42fe-2932-7ea0-1dd285491b7b, 5, 0, 405, 28, 25.85
2026/09/08 21:50:40.810, GPU-ecc6a1f9-42fe-2932-7ea0-1dd285491b7b, 5, 0, 405, 28, 26.09
2026/09/08 21:50:41.015, GPU-ecc6a1f9-42fe-2932-7ea0-1dd285491b7b, 5, 0, 405, 28, 25.85
2026/09/08 21:50:41.219, GPU-ecc6a1f9-42fe-2932-7ea0-1dd285491b7b, 5, 0, 405, 28, 26.09
2026/09/08 21:50:41.422, GPU-ecc6a1f9-42fe-2932-7ea0-1dd285491b7b, 5, 0, 405, 28, 26.09
2026/09/08 21:50:41.626, GPU-ecc6a1f9-42fe-2932-7ea0-1dd285491b7b, 5, 0, 405, 28, 25.85
2026/09/08 21:50:41.829, GPU-ecc6a1f9-42fe-2932-7ea0-1dd285491b7b, 5, 0, 405, 28, 26.09
2026/09/08 21:50:42.035, GPU-ecc6a1f9-42fe-2932-7ea0-1dd285491b7b, 5, 0, 405, 28, 26.09
2026/09/08 21:50:42.238, GPU-ecc6a1f9-42fe-2932-7ea0-1dd285491b7b, 5, 0, 405, 28, 25.85
2026/09/08 21:50:42.442, GPU-ecc6a1f9-42fe-2932-7ea0-1dd285491b7b, 5, 0, 405, 28, 25.85
2026/09/08 21:50:42.646, GPU-ecc6a1f9-42fe-2932-7ea0-1dd285491b7b, 5, 0, 405, 28, 26.09
2026/09/08 21:50:42.849, GPU-ecc6a1f9-42fe-2932-7ea0-1dd285491b7b, 5, 0, 405, 28, 26.09
2026/09/08 21:50:43.054, GPU-ecc6a1f9-42fe-2932-7ea0-1dd285491b7b, 5, 0, 405, 28, 26.09
2026/09/08 21:50:43.258, GPU-ecc6a1f9-42fe-2932-7ea0-1dd285491b7b, 5, 0, 405, 28, 25.85
2026/09/08 21:50:43.462, GPU-ecc6a1f9-42fe-2932-7ea0-1dd285491b7b, 5, 0, 405, 28, 26.09
2026/09/08 21:50:43.665, GPU-ecc6a1f9-42fe-2932-7ea0-1dd285491b7b, 5, 0, 405, 28, 26.09
2026/09/08 21:50:43.869, GPU-ecc6a1f9-42fe-2932-7ea0-1dd285491b7b, 5, 0, 405, 28, 26.09
2026/09/08 21:50:44.074, GPU-ecc6a1f9-42fe-2932-7ea0-1dd285491b7b, 5, 0, 405, 28, 26.09
2026/09/08 21:50:44.277, GPU-ecc6a1f9-42fe-2932-7ea0-1dd285491b7b, 5, 0, 405, 28, 26.09
2026/09/08 21:50:44.481, GPU-ecc6a1f9-42fe-2932-7ea0-1dd285491b7b, 5, 0, 405, 28, 26.09
2026/09/08 21:50:44.685, GPU-ecc6a1f9-42fe-2932-7ea0-1dd285491b7b, 5, 0, 405, 28, 26.09
2026/09/08 21:50:44.888, GPU-ecc6a1f9-42fe-2932-7ea0-1dd285491b7b, 5, 0, 405, 28, 25.85
2026/09/08 21:50:45.093, GPU-ecc6a1f9-42fe-2932-7ea0-1dd285491b7b, 5, 0, 405, 28, 26.09
2026/09/08 21:50:45.297, GPU-ecc6a1f9-42fe-2932-7ea0-1dd285491b7b, 5, 0, 405, 28, 26.09
2026/09/08 21:50:45.500, GPU-ecc6a1f9-42fe-2932-7ea0-1dd285491b7b, 5, 0, 405, 27, 26.09
2026/09/08 21:50:45.704, GPU-ecc6a1f9-42fe-2932-7ea0-1dd285491b7b, 5, 0, 405, 28, 26.09
2026/09/08 21:50:45.907, GPU-ecc6a1f9-42fe-2932-7ea0-1dd285491b7b, 5, 0, 405, 28, 26.09
2026/09/08 21:50:46.112, GPU-ecc6a1f9-42fe-2932-7ea0-1dd285491b7b, 5, 0, 405, 28, 25.85
2026/09/08 21:50:46.316, GPU-ecc6a1f9-42fe-2932-7ea0-1dd285491b7b, 5, 0, 405, 28, 26.09
2026/09/08 21:50:46.519, GPU-ecc6a1f9-42fe-2932-7ea0-1dd285491b7b, 5, 0, 405, 28, 26.09
2026/09/08 21:50:46.723, GPU-ecc6a1f9-42fe-2932-7ea0-1dd285491b7b, 5, 0, 405, 28, 25.85
2026/09/08 21:50:46.926, GPU-ecc6a1f9-42fe-2932-7ea0-1dd285491b7b, 5, 0, 405, 28, 26.09
2026/09/08 21:50:47.132, GPU-ecc6a1f9-42fe-2932-7ea0-1dd285491b7b, 5, 0, 405, 28, 25.85
2026/09/08 21:50:47.335, GPU-ecc6a1f9-42fe-2932-7ea0-1dd285491b7b, 5, 0, 405, 28, 25.85
2026/09/08 21:50:47.539, GPU-ecc6a1f9-42fe-2932-7ea0-1dd285491b7b, 5, 0, 405, 28, 26.09
2026/09/08 21:50:47.742, GPU-ecc6a1f9-42fe-2932-7ea0-1dd285491b7b, 5, 0, 405, 28, 26.09
2026/09/08 21:50:47.946, GPU-ecc6a1f9-42fe-2932-7ea0-1dd285491b7b, 5, 0, 405, 27, 26.09
2026/09/08 21:50:48.151, GPU-ecc6a1f9-42fe-2932-7ea0-1dd285491b7b, 5, 0, 405, 28, 26.09
2026/09/08 21:50:48.355, GPU-ecc6a1f9-42fe-2932-7ea0-1dd285491b7b, 5, 0, 405, 28, 26.09
2026/09/08 21:50:48.558, GPU-ecc6a1f9-42fe-2932-7ea0-1dd285491b7b, 5, 0, 405, 28, 25.85
2026/09/08 21:50:48.762, GPU-ecc6a1f9-42fe-2932-7ea0-1dd285491b7b, 5, 0, 405, 27, 25.85
2026/09/08 21:50:48.966, GPU-ecc6a1f9-42fe-2932-7ea0-1dd285491b7b, 5, 0, 405, 27, 25.85
2026/09/08 21:50:49.171, GPU-ecc6a1f9-42fe-2932-7ea0-1dd285491b7b, 5, 0, 405, 28, 26.09
2026/09/08 21:50:49.374, GPU-ecc6a1f9-42fe-2932-7ea0-1dd285491b7b, 5, 0, 405, 28, 25.85
2026/09/08 21:50:49.578, GPU-ecc6a1f9-42fe-2932-7ea0-1dd285491b7b, 5, 0, 405, 28, 26.09
2026/09/08 21:50:49.781, GPU-ecc6a1f9-42fe-2932-7ea0-1dd285491b7b, 5, 0, 405, 28, 26.09
2026/09/08 21:50:49.985, GPU-ecc6a1f9-42fe-2932-7ea0-1dd285491b7b, 5, 0, 405, 28, 25.85
2026/09/08 21:50:50.190, GPU-ecc6a1f9-42fe-2932-7ea0-1dd285491b7b, 5, 0, 405, 28, 25.85
2026/09/08 21:50:50.393, GPU-ecc6a1f9-42fe-2932-7ea0-1dd285491b7b, 5, 0, 405, 28, 26.09
2026/09/08 21:50:50.597, GPU-ecc6a1f9-42fe-2932-7ea0-1dd285491b7b, 5, 0, 405, 28, 25.85
2026/09/08 21:50:50.800, GPU-ecc6a1f9-42fe-2932-7ea0-1dd285491b7b, 5, 0, 405, 28, 25.85
2026/09/08 21:50:51.004, GPU-ecc6a1f9-42fe-2932-7ea0-1dd285491b7b, 5, 0, 405, 28, 25.85
2026/09/08 21:50:51.209, GPU-ecc6a1f9-42fe-2932-7ea0-1dd285491b7b, 5, 0, 405, 28, 25.85
2026/09/08 21:50:51.413, GPU-ecc6a1f9-42fe-2932-7ea0-1dd285491b7b, 5, 0, 405, 28, 25.85
2026/09/08 21:50:51.616, GPU-ecc6a1f9-42fe-2932-7ea0-1dd285491b7b, 5, 0, 405, 28, 26.09
2026/09/08 21:50:51.820, GPU-ecc6a1f9-42fe-2932-7ea0-1dd285491b7b, 5, 0, 405, 28, 25.85
2026/09/08 21:50:52.023, GPU-ecc6a1f9-42fe-2932-7ea0-1dd285491b7b, 5, 0, 405, 28, 25.85
2026/09/08 21:50:52.228, GPU-ecc6a1f9-42fe-2932-7ea0-1dd285491b7b, 5, 0, 405, 28, 25.85
2026/09/08 21:50:52.432, GPU-ecc6a1f9-42fe-2932-7ea0-1dd285491b7b, 5, 0, 405, 28, 26.09
2026/09/08 21:50:52.635, GPU-ecc6a1f9-42fe-2932-7ea0-1dd285491b7b, 5, 0, 405, 28, 25.85
2026/09/08 21:50:52.839, GPU-ecc6a1f9-42fe-2932-7ea0-1dd285491b7b, 5, 0, 405, 28, 25.85
2026/09/08 21:50:53.043, GPU-ecc6a1f9-42fe-2932-7ea0-1dd285491b7b, 5, 0, 405, 28, 25.85
2026/09/08 21:50:53.246, GPU-ecc6a1f9-42fe-2932-7ea0-1dd285491b7b, 5, 0, 405, 28, 26.09
2026/09/08 21:50:53.451, GPU-ecc6a1f9-42fe-2932-7ea0-1dd285491b7b, 5, 0, 405, 28, 25.85
2026/09/08 21:50:53.654, GPU-ecc6a1f9-42fe-2932-7ea0-1dd285491b7b, 5, 0, 405, 28, 25.85
2026/09/08 21:50:53.858, GPU-ecc6a1f9-42fe-2932-7ea0-1dd285491b7b, 5, 0, 405, 28, 25.85
2026/09/08 21:50:54.061, GPU-ecc6a1f9-42fe-2932-7ea0-1dd285491b7b, 5, 0, 405, 28, 25.85
2026/09/08 21:50:54.265, GPU-ecc6a1f9-42fe-2932-7ea0-1dd285491b7b, 5, 0, 405, 28, 26.09
2026/09/08 21:50:54.468, GPU-ecc6a1f9-42fe-2932-7ea0-1dd285491b7b, 5, 0, 405, 28, 26.09
2026/09/08 21:50:54.675, GPU-ecc6a1f9-42fe-2932-7ea0-1dd285491b7b, 5, 0, 405, 28, 25.85
2026/09/08 21:50:54.878, GPU-ecc6a1f9-42fe-2932-7ea0-1dd285491b7b, 5, 0, 405, 28, 26.09
2026/09/08 21:50:55.082, GPU-ecc6a1f9-42fe-2932-7ea0-1dd285491b7b, 5, 0, 405, 28, 26.09
2026/09/08 21:50:55.285, GPU-ecc6a1f9-42fe-2932-7ea0-1dd285491b7b, 5, 0, 405, 28, 25.85
2026/09/08 21:50:55.489, GPU-ecc6a1f9-42fe-2932-7ea0-1dd285491b7b, 5, 0, 405, 28, 25.85
2026/09/08 21:50:55.692, GPU-ecc6a1f9-42fe-2932-7ea0-1dd285491b7b, 5, 0, 405, 28, 26.09
2026/09/08 21:50:55.897, GPU-ecc6a1f9-42fe-2932-7ea0-1dd285491b7b, 5, 0, 405, 28, 26.09
2026/09/08 21:50:56.100, GPU-ecc6a1f9-42fe-2932-7ea0-1dd285491b7b, 5, 0, 405, 28, 25.85
2026/09/08 21:50:56.304, GPU-ecc6a1f9-42fe-2932-7ea0-1dd285491b7b, 5, 0, 405, 28, 25.85
2026/09/08 21:50:56.507, GPU-ecc6a1f9-42fe-2932-7ea0-1dd285491b7b, 5, 0, 405, 28, 25.85
2026/09/08 21:50:56.711, GPU-ecc6a1f9-42fe-2932-7ea0-1dd285491b7b, 5, 0, 405, 28, 25.85
2026/09/08 21:50:56.917, GPU-ecc6a1f9-42fe-2932-7ea0-1dd285491b7b, 5, 0, 405, 28, 26.09
2026/09/08 21:50:57.121, GPU-ecc6a1f9-42fe-2932-7ea0-1dd285491b7b, 5, 0, 405, 28, 25.85
2026/09/08 21:50:57.324, GPU-ecc6a1f9-42fe-2932-7ea0-1dd285491b7b, 5, 0, 405, 28, 26.09
2026/09/08 21:50:57.528, GPU-ecc6a1f9-42fe-2932-7ea0-1dd285491b7b, 5, 0, 405, 28, 25.85
2026/09/08 21:50:57.731, GPU-ecc6a1f9-42fe-2932-7ea0-1dd285491b7b, 5, 0, 405, 28, 25.85
2026/09/08 21:50:57.937, GPU-ecc6a1f9-42fe-2932-7ea0-1dd285491b7b, 5, 0, 405, 28, 25.85
2026/09/08 21:50:58.140, GPU-ecc6a1f9-42fe-2932-7ea0-1dd285491b7b, 5, 0, 405, 28, 26.09
2026/09/08 21:50:58.344, GPU-ecc6a1f9-42fe-2932-7ea0-1dd285491b7b, 5, 0, 405, 28, 26.09
2026/09/08 21:50:58.547, GPU-ecc6a1f9-42fe-2932-7ea0-1dd285491b7b, 5, 0, 405, 28, 25.85
2026/09/08 21:50:58.751, GPU-ecc6a1f9-42fe-2932-7ea0-1dd285491b7b, 5, 0, 405, 28, 26.09
2026/09/08 21:50:58.956, GPU-ecc6a1f9-42fe-2932-7ea0-1dd285491b7b, 5, 0, 405, 27, 25.60
2026/09/08 21:50:59.160, GPU-ecc6a1f9-42fe-2932-7ea0-1dd285491b7b, 5, 0, 405, 28, 26.09
2026/09/08 21:50:59.363, GPU-ecc6a1f9-42fe-2932-7ea0-1dd285491b7b, 5, 0, 405, 28, 26.09
2026/09/08 21:50:59.567, GPU-ecc6a1f9-42fe-2932-7ea0-1dd285491b7b, 5, 0, 405, 27, 25.85
2026/09/08 21:50:59.770, GPU-ecc6a1f9-42fe-2932-7ea0-1dd285491b7b, 5, 0, 405, 28, 25.85
2026/09/08 21:50:59.975, GPU-ecc6a1f9-42fe-2932-7ea0-1dd285491b7b, 15, 0, 405, 28, 25.85
2026/09/08 21:51:00.248, GPU-ecc6a1f9-42fe-2932-7ea0-1dd285491b7b, 303, 7, 1189, 28, 31.44
2026/09/08 21:51:00.451, GPU-ecc6a1f9-42fe-2932-7ea0-1dd285491b7b, 305, 4, 1189, 28, 31.44
2026/09/08 21:51:00.657, GPU-ecc6a1f9-42fe-2932-7ea0-1dd285491b7b, 307, 6, 1189, 28, 32.17
2026/09/08 21:51:00.860, GPU-ecc6a1f9-42fe-2932-7ea0-1dd285491b7b, 307, 55, 1316, 28, 35.82
2026/09/08 21:51:01.064, GPU-ecc6a1f9-42fe-2932-7ea0-1dd285491b7b, 309, 60, 1328, 28, 38.26
2026/09/08 21:51:01.267, GPU-ecc6a1f9-42fe-2932-7ea0-1dd285491b7b, 311, 84, 1328, 28, 36.80
2026/09/08 21:51:01.471, GPU-ecc6a1f9-42fe-2932-7ea0-1dd285491b7b, 313, 88, 1328, 28, 37.53
2026/09/08 21:51:01.674, GPU-ecc6a1f9-42fe-2932-7ea0-1dd285491b7b, 315, 77, 1328, 28, 35.82
2026/09/08 21:51:01.879, GPU-ecc6a1f9-42fe-2932-7ea0-1dd285491b7b, 5, 13, 1328, 28, 36.31
2026/09/08 21:51:02.098, GPU-ecc6a1f9-42fe-2932-7ea0-1dd285491b7b, 5, 13, 1328, 28, 35.82
2026/09/08 21:51:02.302, GPU-ecc6a1f9-42fe-2932-7ea0-1dd285491b7b, 5, 0, 1328, 28, 35.82
2026/09/08 21:51:02.505, GPU-ecc6a1f9-42fe-2932-7ea0-1dd285491b7b, 5, 0, 1328, 28, 35.82
2026/09/08 21:51:02.709, GPU-ecc6a1f9-42fe-2932-7ea0-1dd285491b7b, 5, 0, 1328, 28, 35.82
2026/09/08 21:51:02.912, GPU-ecc6a1f9-42fe-2932-7ea0-1dd285491b7b, 5, 0, 1328, 28, 35.82
2026/09/08 21:51:03.118, GPU-ecc6a1f9-42fe-2932-7ea0-1dd285491b7b, 5, 0, 1328, 28, 35.36
2026/09/08 21:51:03.321, GPU-ecc6a1f9-42fe-2932-7ea0-1dd285491b7b, 5, 0, 1328, 28, 35.82
2026/09/08 21:51:03.525, GPU-ecc6a1f9-42fe-2932-7ea0-1dd285491b7b, 5, 0, 1328, 28, 35.82
2026/09/08 21:51:03.728, GPU-ecc6a1f9-42fe-2932-7ea0-1dd285491b7b, 5, 0, 1328, 28, 35.82
2026/09/08 21:51:03.932, GPU-ecc6a1f9-42fe-2932-7ea0-1dd285491b7b, 5, 0, 1328, 28, 35.82
2026/09/08 21:51:04.137, GPU-ecc6a1f9-42fe-2932-7ea0-1dd285491b7b, 5, 0, 1328, 28, 35.82
2026/09/08 21:51:04.341, GPU-ecc6a1f9-42fe-2932-7ea0-1dd285491b7b, 5, 0, 645, 28, 27.56
2026/09/08 21:51:04.544, GPU-ecc6a1f9-42fe-2932-7ea0-1dd285491b7b, 5, 0, 645, 28, 27.07
2026/09/08 21:51:04.748, GPU-ecc6a1f9-42fe-2932-7ea0-1dd285491b7b, 5, 0, 645, 28, 27.07
2026/09/08 21:51:04.951, GPU-ecc6a1f9-42fe-2932-7ea0-1dd285491b7b, 5, 0, 645, 28, 27.07
2026/09/08 21:51:05.155, GPU-ecc6a1f9-42fe-2932-7ea0-1dd285491b7b, 5, 0, 645, 28, 27.07
2026/09/08 21:51:05.360, GPU-ecc6a1f9-42fe-2932-7ea0-1dd285491b7b, 5, 0, 645, 28, 27.07
2026/09/08 21:51:05.563, GPU-ecc6a1f9-42fe-2932-7ea0-1dd285491b7b, 5, 0, 645, 28, 26.83
2026/09/08 21:51:05.767, GPU-ecc6a1f9-42fe-2932-7ea0-1dd285491b7b, 5, 0, 645, 28, 27.07
2026/09/08 21:51:05.970, GPU-ecc6a1f9-42fe-2932-7ea0-1dd285491b7b, 5, 0, 645, 28, 26.83
2026/09/08 21:51:06.174, GPU-ecc6a1f9-42fe-2932-7ea0-1dd285491b7b, 5, 0, 645, 28, 26.83
2026/09/08 21:51:06.378, GPU-ecc6a1f9-42fe-2932-7ea0-1dd285491b7b, 5, 0, 645, 28, 27.07
2026/09/08 21:51:06.581, GPU-ecc6a1f9-42fe-2932-7ea0-1dd285491b7b, 5, 0, 645, 28, 26.83
2026/09/08 21:51:06.787, GPU-ecc6a1f9-42fe-2932-7ea0-1dd285491b7b, 5, 0, 645, 28, 27.07
2026/09/08 21:51:06.991, GPU-ecc6a1f9-42fe-2932-7ea0-1dd285491b7b, 5, 0, 405, 28, 26.83
2026/09/08 21:51:07.200, GPU-ecc6a1f9-42fe-2932-7ea0-1dd285491b7b, 5, 0, 405, 28, 26.09
2026/09/08 21:51:07.403, GPU-ecc6a1f9-42fe-2932-7ea0-1dd285491b7b, 5, 0, 405, 28, 25.85
2026/09/08 21:51:07.608, GPU-ecc6a1f9-42fe-2932-7ea0-1dd285491b7b, 5, 0, 405, 28, 25.85
2026/09/08 21:51:07.811, GPU-ecc6a1f9-42fe-2932-7ea0-1dd285491b7b, 5, 0, 405, 28, 25.85
2026/09/08 21:51:08.015, GPU-ecc6a1f9-42fe-2932-7ea0-1dd285491b7b, 5, 0, 405, 28, 25.85
2026/09/08 21:51:08.218, GPU-ecc6a1f9-42fe-2932-7ea0-1dd285491b7b, 5, 0, 405, 28, 25.85
2026/09/08 21:51:08.422, GPU-ecc6a1f9-42fe-2932-7ea0-1dd285491b7b, 5, 0, 405, 28, 25.85
2026/09/08 21:51:08.691, GPU-ecc6a1f9-42fe-2932-7ea0-1dd285491b7b, 5, 0, 405, 28, 25.85
2026/09/08 21:51:08.895, GPU-ecc6a1f9-42fe-2932-7ea0-1dd285491b7b, 5, 0, 405, 28, 25.85
2026/09/08 21:51:09.099, GPU-ecc6a1f9-42fe-2932-7ea0-1dd285491b7b, 5, 0, 405, 28, 25.85
2026/09/08 21:51:09.302, GPU-ecc6a1f9-42fe-2932-7ea0-1dd285491b7b, 5, 0, 405, 28, 25.85
2026/09/08 21:51:09.507, GPU-ecc6a1f9-42fe-2932-7ea0-1dd285491b7b, 5, 0, 405, 28, 25.85
2026/09/08 21:51:09.710, GPU-ecc6a1f9-42fe-2932-7ea0-1dd285491b7b, 5, 0, 405, 28, 25.85
2026/09/08 21:51:09.914, GPU-ecc6a1f9-42fe-2932-7ea0-1dd285491b7b, 5, 0, 405, 28, 25.85
2026/09/08 21:51:10.117, GPU-ecc6a1f9-42fe-2932-7ea0-1dd285491b7b, 5, 0, 405, 28, 25.85
2026/09/08 21:51:10.321, GPU-ecc6a1f9-42fe-2932-7ea0-1dd285491b7b, 5, 0, 405, 28, 25.85
2026/09/08 21:51:10.526, GPU-ecc6a1f9-42fe-2932-7ea0-1dd285491b7b, 5, 0, 405, 28, 25.85
2026/09/08 21:51:10.730, GPU-ecc6a1f9-42fe-2932-7ea0-1dd285491b7b, 5, 0, 405, 28, 25.85
2026/09/08 21:51:10.933, GPU-ecc6a1f9-42fe-2932-7ea0-1dd285491b7b, 5, 0, 405, 28, 25.85
2026/09/08 21:51:11.137, GPU-ecc6a1f9-42fe-2932-7ea0-1dd285491b7b, 5, 0, 405, 28, 25.85
2026/09/08 21:51:11.340, GPU-ecc6a1f9-42fe-2932-7ea0-1dd285491b7b, 5, 0, 405, 28, 25.85
2026/09/08 21:51:11.546, GPU-ecc6a1f9-42fe-2932-7ea0-1dd285491b7b, 5, 0, 405, 28, 25.85
2026/09/08 21:51:11.749, GPU-ecc6a1f9-42fe-2932-7ea0-1dd285491b7b, 5, 0, 405, 28, 25.85
2026/09/08 21:51:11.953, GPU-ecc6a1f9-42fe-2932-7ea0-1dd285491b7b, 5, 0, 405, 28, 25.85
2026/09/08 21:51:12.156, GPU-ecc6a1f9-42fe-2932-7ea0-1dd285491b7b, 5, 0, 405, 28, 26.09
2026/09/08 21:51:12.360, GPU-ecc6a1f9-42fe-2932-7ea0-1dd285491b7b, 5, 0, 405, 28, 26.09
2026/09/08 21:51:12.565, GPU-ecc6a1f9-42fe-2932-7ea0-1dd285491b7b, 5, 0, 405, 28, 26.09
2026/09/08 21:51:12.768, GPU-ecc6a1f9-42fe-2932-7ea0-1dd285491b7b, 5, 0, 405, 28, 25.85
2026/09/08 21:51:12.972, GPU-ecc6a1f9-42fe-2932-7ea0-1dd285491b7b, 5, 0, 405, 28, 26.09
2026/09/08 21:51:13.175, GPU-ecc6a1f9-42fe-2932-7ea0-1dd285491b7b, 5, 0, 405, 28, 26.09
2026/09/08 21:51:13.379, GPU-ecc6a1f9-42fe-2932-7ea0-1dd285491b7b, 5, 0, 405, 28, 26.09
2026/09/08 21:51:13.584, GPU-ecc6a1f9-42fe-2932-7ea0-1dd285491b7b, 5, 0, 405, 28, 26.09
2026/09/08 21:51:13.788, GPU-ecc6a1f9-42fe-2932-7ea0-1dd285491b7b, 5, 0, 405, 28, 26.09
2026/09/08 21:51:13.991, GPU-ecc6a1f9-42fe-2932-7ea0-1dd285491b7b, 5, 0, 405, 28, 25.85
2026/09/08 21:51:14.195, GPU-ecc6a1f9-42fe-2932-7ea0-1dd285491b7b, 5, 0, 405, 28, 26.09
2026/09/08 21:51:14.398, GPU-ecc6a1f9-42fe-2932-7ea0-1dd285491b7b, 5, 0, 405, 28, 25.85
2026/09/08 21:51:14.602, GPU-ecc6a1f9-42fe-2932-7ea0-1dd285491b7b, 5, 0, 405, 28, 25.85
2026/09/08 21:51:14.807, GPU-ecc6a1f9-42fe-2932-7ea0-1dd285491b7b, 5, 0, 405, 28, 25.85
2026/09/08 21:51:15.011, GPU-ecc6a1f9-42fe-2932-7ea0-1dd285491b7b, 5, 0, 405, 28, 25.85
2026/09/08 21:51:15.214, GPU-ecc6a1f9-42fe-2932-7ea0-1dd285491b7b, 5, 0, 405, 28, 25.85
2026/09/08 21:51:15.418, GPU-ecc6a1f9-42fe-2932-7ea0-1dd285491b7b, 5, 0, 405, 28, 26.09
2026/09/08 21:51:15.621, GPU-ecc6a1f9-42fe-2932-7ea0-1dd285491b7b, 5, 0, 405, 28, 25.85
2026/09/08 21:51:15.825, GPU-ecc6a1f9-42fe-2932-7ea0-1dd285491b7b, 5, 0, 405, 28, 25.85
2026/09/08 21:51:16.031, GPU-ecc6a1f9-42fe-2932-7ea0-1dd285491b7b, 5, 0, 405, 28, 26.09
2026/09/08 21:51:16.234, GPU-ecc6a1f9-42fe-2932-7ea0-1dd285491b7b, 5, 0, 405, 28, 25.85
2026/09/08 21:51:16.438, GPU-ecc6a1f9-42fe-2932-7ea0-1dd285491b7b, 5, 0, 405, 28, 25.85
2026/09/08 21:51:16.641, GPU-ecc6a1f9-42fe-2932-7ea0-1dd285491b7b, 5, 0, 405, 28, 26.09
2026/09/08 21:51:16.845, GPU-ecc6a1f9-42fe-2932-7ea0-1dd285491b7b, 5, 0, 405, 28, 26.09
2026/09/08 21:51:17.048, GPU-ecc6a1f9-42fe-2932-7ea0-1dd285491b7b, 5, 0, 405, 28, 25.85
2026/09/08 21:51:17.252, GPU-ecc6a1f9-42fe-2932-7ea0-1dd285491b7b, 5, 0, 405, 28, 25.85
2026/09/08 21:51:17.456, GPU-ecc6a1f9-42fe-2932-7ea0-1dd285491b7b, 5, 0, 405, 28, 25.85
2026/09/08 21:51:17.659, GPU-ecc6a1f9-42fe-2932-7ea0-1dd285491b7b, 5, 0, 405, 28, 26.09
2026/09/08 21:51:17.863, GPU-ecc6a1f9-42fe-2932-7ea0-1dd285491b7b, 5, 0, 405, 28, 25.85
2026/09/08 21:51:18.066, GPU-ecc6a1f9-42fe-2932-7ea0-1dd285491b7b, 5, 0, 405, 28, 25.85
2026/09/08 21:51:18.272, GPU-ecc6a1f9-42fe-2932-7ea0-1dd285491b7b, 5, 0, 405, 28, 25.85
2026/09/08 21:51:18.476, GPU-ecc6a1f9-42fe-2932-7ea0-1dd285491b7b, 5, 0, 405, 28, 26.09
2026/09/08 21:51:18.679, GPU-ecc6a1f9-42fe-2932-7ea0-1dd285491b7b, 5, 0, 405, 28, 26.09
2026/09/08 21:51:18.883, GPU-ecc6a1f9-42fe-2932-7ea0-1dd285491b7b, 5, 0, 405, 28, 25.85
2026/09/08 21:51:19.086, GPU-ecc6a1f9-42fe-2932-7ea0-1dd285491b7b, 5, 0, 405, 28, 25.85
2026/09/08 21:51:19.292, GPU-ecc6a1f9-42fe-2932-7ea0-1dd285491b7b, 5, 0, 405, 28, 25.85
2026/09/08 21:51:19.496, GPU-ecc6a1f9-42fe-2932-7ea0-1dd285491b7b, 5, 0, 405, 28, 25.85
2026/09/08 21:51:19.700, GPU-ecc6a1f9-42fe-2932-7ea0-1dd285491b7b, 5, 0, 405, 28, 25.85
2026/09/08 21:51:19.903, GPU-ecc6a1f9-42fe-2932-7ea0-1dd285491b7b, 5, 0, 405, 28, 25.85
2026/09/08 21:51:20.107, GPU-ecc6a1f9-42fe-2932-7ea0-1dd285491b7b, 5, 0, 405, 28, 25.85
2026/09/08 21:51:20.312, GPU-ecc6a1f9-42fe-2932-7ea0-1dd285491b7b, 5, 0, 405, 28, 26.09
2026/09/08 21:51:20.516, GPU-ecc6a1f9-42fe-2932-7ea0-1dd285491b7b, 5, 0, 405, 28, 26.09
2026/09/08 21:51:20.720, GPU-ecc6a1f9-42fe-2932-7ea0-1dd285491b7b, 5, 0, 405, 28, 25.85
2026/09/08 21:51:20.923, GPU-ecc6a1f9-42fe-2932-7ea0-1dd285491b7b, 5, 0, 405, 28, 26.09
2026/09/08 21:51:21.127, GPU-ecc6a1f9-42fe-2932-7ea0-1dd285491b7b, 5, 0, 405, 28, 25.85
2026/09/08 21:51:21.332, GPU-ecc6a1f9-42fe-2932-7ea0-1dd285491b7b, 5, 0, 405, 28, 26.09
2026/09/08 21:51:21.535, GPU-ecc6a1f9-42fe-2932-7ea0-1dd285491b7b, 5, 0, 405, 28, 26.09
2026/09/08 21:51:21.739, GPU-ecc6a1f9-42fe-2932-7ea0-1dd285491b7b, 5, 0, 405, 28, 26.09
2026/09/08 21:51:21.942, GPU-ecc6a1f9-42fe-2932-7ea0-1dd285491b7b, 5, 0, 405, 28, 26.09
2026/09/08 21:51:22.146, GPU-ecc6a1f9-42fe-2932-7ea0-1dd285491b7b, 5, 0, 405, 28, 25.85
2026/09/08 21:51:22.351, GPU-ecc6a1f9-42fe-2932-7ea0-1dd285491b7b, 5, 0, 405, 28, 25.85
2026/09/08 21:51:22.554, GPU-ecc6a1f9-42fe-2932-7ea0-1dd285491b7b, 5, 0, 405, 28, 26.09
2026/09/08 21:51:22.758, GPU-ecc6a1f9-42fe-2932-7ea0-1dd285491b7b, 5, 0, 405, 28, 25.85
2026/09/08 21:51:22.961, GPU-ecc6a1f9-42fe-2932-7ea0-1dd285491b7b, 5, 0, 405, 28, 25.85
2026/09/08 21:51:23.165, GPU-ecc6a1f9-42fe-2932-7ea0-1dd285491b7b, 5, 0, 405, 28, 26.09
2026/09/08 21:51:23.370, GPU-ecc6a1f9-42fe-2932-7ea0-1dd285491b7b, 5, 0, 405, 27, 25.85
2026/09/08 21:51:23.574, GPU-ecc6a1f9-42fe-2932-7ea0-1dd285491b7b, 5, 0, 405, 28, 25.85
2026/09/08 21:51:23.777, GPU-ecc6a1f9-42fe-2932-7ea0-1dd285491b7b, 5, 0, 405, 28, 25.85
2026/09/08 21:51:23.981, GPU-ecc6a1f9-42fe-2932-7ea0-1dd285491b7b, 5, 0, 405, 28, 26.09
2026/09/08 21:51:24.185, GPU-ecc6a1f9-42fe-2932-7ea0-1dd285491b7b, 5, 0, 405, 28, 25.85
2026/09/08 21:51:24.390, GPU-ecc6a1f9-42fe-2932-7ea0-1dd285491b7b, 5, 0, 405, 28, 26.09
2026/09/08 21:51:24.593, GPU-ecc6a1f9-42fe-2932-7ea0-1dd285491b7b, 5, 0, 405, 28, 25.85
2026/09/08 21:51:24.797, GPU-ecc6a1f9-42fe-2932-7ea0-1dd285491b7b, 5, 0, 405, 28, 26.09
2026/09/08 21:51:25.000, GPU-ecc6a1f9-42fe-2932-7ea0-1dd285491b7b, 5, 0, 405, 28, 25.85
2026/09/08 21:51:25.204, GPU-ecc6a1f9-42fe-2932-7ea0-1dd285491b7b, 5, 0, 405, 28, 26.09
2026/09/08 21:51:25.409, GPU-ecc6a1f9-42fe-2932-7ea0-1dd285491b7b, 5, 0, 405, 28, 26.09
2026/09/08 21:51:25.613, GPU-ecc6a1f9-42fe-2932-7ea0-1dd285491b7b, 5, 0, 405, 28, 26.09
2026/09/08 21:51:25.816, GPU-ecc6a1f9-42fe-2932-7ea0-1dd285491b7b, 5, 0, 405, 28, 26.09
2026/09/08 21:51:26.020, GPU-ecc6a1f9-42fe-2932-7ea0-1dd285491b7b, 5, 0, 405, 28, 25.85
2026/09/08 21:51:26.223, GPU-ecc6a1f9-42fe-2932-7ea0-1dd285491b7b, 5, 0, 405, 28, 26.09
2026/09/08 21:51:26.428, GPU-ecc6a1f9-42fe-2932-7ea0-1dd285491b7b, 5, 0, 405, 27, 26.09
2026/09/08 21:51:26.632, GPU-ecc6a1f9-42fe-2932-7ea0-1dd285491b7b, 5, 0, 405, 28, 26.09
2026/09/08 21:51:26.835, GPU-ecc6a1f9-42fe-2932-7ea0-1dd285491b7b, 5, 0, 405, 28, 26.09
2026/09/08 21:51:27.039, GPU-ecc6a1f9-42fe-2932-7ea0-1dd285491b7b, 5, 0, 405, 28, 26.09
2026/09/08 21:51:27.242, GPU-ecc6a1f9-42fe-2932-7ea0-1dd285491b7b, 5, 0, 405, 28, 26.09
2026/09/08 21:51:27.448, GPU-ecc6a1f9-42fe-2932-7ea0-1dd285491b7b, 5, 0, 405, 28, 26.09
2026/09/08 21:51:27.651, GPU-ecc6a1f9-42fe-2932-7ea0-1dd285491b7b, 5, 0, 405, 28, 25.85
2026/09/08 21:51:27.855, GPU-ecc6a1f9-42fe-2932-7ea0-1dd285491b7b, 5, 0, 405, 28, 26.09
2026/09/08 21:51:28.058, GPU-ecc6a1f9-42fe-2932-7ea0-1dd285491b7b, 5, 0, 405, 28, 26.09
2026/09/08 21:51:28.262, GPU-ecc6a1f9-42fe-2932-7ea0-1dd285491b7b, 5, 0, 405, 28, 26.09
2026/09/08 21:51:28.467, GPU-ecc6a1f9-42fe-2932-7ea0-1dd285491b7b, 5, 0, 405, 28, 25.85
2026/09/08 21:51:28.671, GPU-ecc6a1f9-42fe-2932-7ea0-1dd285491b7b, 5, 0, 405, 28, 26.09
2026/09/08 21:51:28.874, GPU-ecc6a1f9-42fe-2932-7ea0-1dd285491b7b, 5, 0, 405, 28, 26.09
2026/09/08 21:51:29.078, GPU-ecc6a1f9-42fe-2932-7ea0-1dd285491b7b, 5, 0, 405, 28, 26.09
2026/09/08 21:51:29.281, GPU-ecc6a1f9-42fe-2932-7ea0-1dd285491b7b, 5, 0, 405, 28, 26.09
2026/09/08 21:51:29.486, GPU-ecc6a1f9-42fe-2932-7ea0-1dd285491b7b, 5, 0, 405, 28, 26.09
2026/09/08 21:51:29.690, GPU-ecc6a1f9-42fe-2932-7ea0-1dd285491b7b, 5, 0, 405, 28, 25.85
2026/09/08 21:51:29.894, GPU-ecc6a1f9-42fe-2932-7ea0-1dd285491b7b, 5, 0, 405, 28, 26.09
2026/09/08 21:51:30.097, GPU-ecc6a1f9-42fe-2932-7ea0-1dd285491b7b, 5, 0, 405, 28, 26.09
2026/09/08 21:51:30.301, GPU-ecc6a1f9-42fe-2932-7ea0-1dd285491b7b, 5, 0, 405, 28, 26.09
2026/09/08 21:51:30.506, GPU-ecc6a1f9-42fe-2932-7ea0-1dd285491b7b, 5, 0, 405, 28, 26.09
2026/09/08 21:51:30.709, GPU-ecc6a1f9-42fe-2932-7ea0-1dd285491b7b, 5, 0, 405, 28, 26.09
2026/09/08 21:51:30.913, GPU-ecc6a1f9-42fe-2932-7ea0-1dd285491b7b, 5, 0, 405, 28, 25.85
2026/09/08 21:51:31.117, GPU-ecc6a1f9-42fe-2932-7ea0-1dd285491b7b, 5, 0, 405, 28, 25.85
2026/09/08 21:51:31.320, GPU-ecc6a1f9-42fe-2932-7ea0-1dd285491b7b, 5, 0, 405, 28, 26.09
2026/09/08 21:51:31.525, GPU-ecc6a1f9-42fe-2932-7ea0-1dd285491b7b, 5, 0, 405, 28, 26.09
2026/09/08 21:51:31.729, GPU-ecc6a1f9-42fe-2932-7ea0-1dd285491b7b, 5, 0, 405, 28, 25.85
2026/09/08 21:51:31.932, GPU-ecc6a1f9-42fe-2932-7ea0-1dd285491b7b, 5, 0, 405, 28, 26.09
2026/09/08 21:51:32.136, GPU-ecc6a1f9-42fe-2932-7ea0-1dd285491b7b, 5, 0, 405, 28, 25.85
2026/09/08 21:51:32.340, GPU-ecc6a1f9-42fe-2932-7ea0-1dd285491b7b, 5, 0, 405, 28, 26.09
2026/09/08 21:51:32.545, GPU-ecc6a1f9-42fe-2932-7ea0-1dd285491b7b, 5, 0, 405, 28, 25.85
2026/09/08 21:51:32.748, GPU-ecc6a1f9-42fe-2932-7ea0-1dd285491b7b, 5, 0, 405, 28, 25.85
2026/09/08 21:51:32.952, GPU-ecc6a1f9-42fe-2932-7ea0-1dd285491b7b, 5, 0, 405, 28, 25.85
2026/09/08 21:51:33.155, GPU-ecc6a1f9-42fe-2932-7ea0-1dd285491b7b, 5, 0, 405, 28, 26.09
2026/09/08 21:51:33.359, GPU-ecc6a1f9-42fe-2932-7ea0-1dd285491b7b, 5, 0, 405, 28, 26.09
2026/09/08 21:51:33.564, GPU-ecc6a1f9-42fe-2932-7ea0-1dd285491b7b, 5, 0, 405, 28, 26.09
2026/09/08 21:51:33.768, GPU-ecc6a1f9-42fe-2932-7ea0-1dd285491b7b, 5, 0, 405, 28, 26.09
2026/09/08 21:51:33.971, GPU-ecc6a1f9-42fe-2932-7ea0-1dd285491b7b, 5, 0, 405, 28, 26.09
2026/09/08 21:51:34.175, GPU-ecc6a1f9-42fe-2932-7ea0-1dd285491b7b, 5, 0, 405, 28, 26.09
2026/09/08 21:51:34.378, GPU-ecc6a1f9-42fe-2932-7ea0-1dd285491b7b, 5, 0, 405, 28, 26.09
2026/09/08 21:51:34.583, GPU-ecc6a1f9-42fe-2932-7ea0-1dd285491b7b, 5, 0, 405, 28, 26.09
2026/09/08 21:51:34.787, GPU-ecc6a1f9-42fe-2932-7ea0-1dd285491b7b, 5, 0, 405, 28, 26.09
2026/09/08 21:51:34.991, GPU-ecc6a1f9-42fe-2932-7ea0-1dd285491b7b, 5, 0, 405, 28, 26.09
2026/09/08 21:51:35.194, GPU-ecc6a1f9-42fe-2932-7ea0-1dd285491b7b, 7, 0, 405, 28, 26.09
2026/09/08 21:51:35.398, GPU-ecc6a1f9-42fe-2932-7ea0-1dd285491b7b, 15, 0, 405, 27, 26.09
2026/09/08 21:51:35.613, GPU-ecc6a1f9-42fe-2932-7ea0-1dd285491b7b, 297, 4, 1189, 28, 31.92
2026/09/08 21:51:35.817, GPU-ecc6a1f9-42fe-2932-7ea0-1dd285491b7b, 297, 1, 1189, 28, 31.92
2026/09/08 21:51:36.023, GPU-ecc6a1f9-42fe-2932-7ea0-1dd285491b7b, 297, 1, 1189, 28, 112.04
2026/09/08 21:51:36.226, GPU-ecc6a1f9-42fe-2932-7ea0-1dd285491b7b, 297, 54, 1316, 29, 136.05
2026/09/08 21:51:36.429, GPU-ecc6a1f9-42fe-2932-7ea0-1dd285491b7b, 297, 97, 1328, 30, 156.19
2026/09/08 21:51:36.633, GPU-ecc6a1f9-42fe-2932-7ea0-1dd285491b7b, 5, 26, 1328, 29, 37.04
2026/09/08 21:51:36.836, GPU-ecc6a1f9-42fe-2932-7ea0-1dd285491b7b, 7, 0, 1328, 29, 36.80
2026/09/08 21:51:37.042, GPU-ecc6a1f9-42fe-2932-7ea0-1dd285491b7b, 15, 0, 1328, 29, 36.56
2026/09/08 21:51:37.283, GPU-ecc6a1f9-42fe-2932-7ea0-1dd285491b7b, 299, 5, 1328, 28, 38.26
2026/09/08 21:51:37.486, GPU-ecc6a1f9-42fe-2932-7ea0-1dd285491b7b, 299, 1, 1328, 29, 38.26
2026/09/08 21:51:37.689, GPU-ecc6a1f9-42fe-2932-7ea0-1dd285491b7b, 299, 1, 1328, 28, 37.53
2026/09/08 21:51:37.893, GPU-ecc6a1f9-42fe-2932-7ea0-1dd285491b7b, 299, 1, 1328, 28, 38.48
2026/09/08 21:51:38.096, GPU-ecc6a1f9-42fe-2932-7ea0-1dd285491b7b, 299, 1, 1328, 28, 38.51
2026/09/08 21:51:38.302, GPU-ecc6a1f9-42fe-2932-7ea0-1dd285491b7b, 299, 1, 1328, 29, 37.04
2026/09/08 21:51:38.505, GPU-ecc6a1f9-42fe-2932-7ea0-1dd285491b7b, 299, 55, 1328, 31, 174.58
2026/09/08 21:51:38.708, GPU-ecc6a1f9-42fe-2932-7ea0-1dd285491b7b, 299, 94, 1328, 32, 204.28
2026/09/08 21:51:38.912, GPU-ecc6a1f9-42fe-2932-7ea0-1dd285491b7b, 299, 99, 1328, 32, 196.82
2026/09/08 21:51:39.115, GPU-ecc6a1f9-42fe-2932-7ea0-1dd285491b7b, 299, 99, 1328, 33, 207.29
2026/09/08 21:51:39.321, GPU-ecc6a1f9-42fe-2932-7ea0-1dd285491b7b, 299, 99, 1328, 33, 202.11
2026/09/08 21:51:39.525, GPU-ecc6a1f9-42fe-2932-7ea0-1dd285491b7b, 5, 71, 1328, 31, 39.97
2026/09/08 21:51:39.728, GPU-ecc6a1f9-42fe-2932-7ea0-1dd285491b7b, 5, 2, 1328, 31, 39.24
2026/09/08 21:51:39.941, GPU-ecc6a1f9-42fe-2932-7ea0-1dd285491b7b, 15, 0, 1328, 30, 38.99
2026/09/08 21:51:40.172, GPU-ecc6a1f9-42fe-2932-7ea0-1dd285491b7b, 301, 1, 1328, 30, 40.43
2026/09/08 21:51:40.375, GPU-ecc6a1f9-42fe-2932-7ea0-1dd285491b7b, 301, 6, 1328, 30, 40.68
2026/09/08 21:51:40.581, GPU-ecc6a1f9-42fe-2932-7ea0-1dd285491b7b, 301, 2, 1328, 30, 41.67
2026/09/08 21:51:40.785, GPU-ecc6a1f9-42fe-2932-7ea0-1dd285491b7b, 301, 2, 1328, 30, 43.87
2026/09/08 21:51:40.988, GPU-ecc6a1f9-42fe-2932-7ea0-1dd285491b7b, 301, 2, 1328, 30, 41.19
2026/09/08 21:51:41.191, GPU-ecc6a1f9-42fe-2932-7ea0-1dd285491b7b, 301, 2, 1328, 29, 41.67
2026/09/08 21:51:41.395, GPU-ecc6a1f9-42fe-2932-7ea0-1dd285491b7b, 301, 2, 1328, 30, 42.16
2026/09/08 21:51:41.601, GPU-ecc6a1f9-42fe-2932-7ea0-1dd285491b7b, 301, 2, 1328, 29, 40.94
2026/09/08 21:51:41.804, GPU-ecc6a1f9-42fe-2932-7ea0-1dd285491b7b, 303, 11, 1328, 31, 195.47
2026/09/08 21:51:42.008, GPU-ecc6a1f9-42fe-2932-7ea0-1dd285491b7b, 303, 97, 1328, 32, 197.04
2026/09/08 21:51:42.211, GPU-ecc6a1f9-42fe-2932-7ea0-1dd285491b7b, 303, 97, 1328, 33, 192.59
2026/09/08 21:51:42.415, GPU-ecc6a1f9-42fe-2932-7ea0-1dd285491b7b, 303, 100, 1328, 34, 211.38
2026/09/08 21:51:42.620, GPU-ecc6a1f9-42fe-2932-7ea0-1dd285491b7b, 303, 100, 1328, 34, 219.44
2026/09/08 21:51:42.824, GPU-ecc6a1f9-42fe-2932-7ea0-1dd285491b7b, 303, 100, 1328, 34, 202.11
2026/09/08 21:51:43.027, GPU-ecc6a1f9-42fe-2932-7ea0-1dd285491b7b, 303, 100, 1328, 35, 222.57
2026/09/08 21:51:43.231, GPU-ecc6a1f9-42fe-2932-7ea0-1dd285491b7b, 303, 100, 1328, 35, 198.12
2026/09/08 21:51:43.434, GPU-ecc6a1f9-42fe-2932-7ea0-1dd285491b7b, 303, 100, 1328, 35, 182.80
2026/09/08 21:51:43.638, GPU-ecc6a1f9-42fe-2932-7ea0-1dd285491b7b, 303, 99, 1328, 35, 171.95
2026/09/08 21:51:43.846, GPU-ecc6a1f9-42fe-2932-7ea0-1dd285491b7b, 5, 95, 1328, 34, 41.19
2026/09/08 21:51:44.058, GPU-ecc6a1f9-42fe-2932-7ea0-1dd285491b7b, 5, 15, 1328, 33, 39.48
2026/09/08 21:51:44.261, GPU-ecc6a1f9-42fe-2932-7ea0-1dd285491b7b, 7, 0, 1328, 32, 39.24
2026/09/08 21:51:44.465, GPU-ecc6a1f9-42fe-2932-7ea0-1dd285491b7b, 63, 0, 1328, 32, 39.23
2026/09/08 21:51:44.672, GPU-ecc6a1f9-42fe-2932-7ea0-1dd285491b7b, 289, 4, 1328, 31, 39.23
2026/09/08 21:51:44.875, GPU-ecc6a1f9-42fe-2932-7ea0-1dd285491b7b, 289, 0, 1328, 31, 39.73
2026/09/08 21:51:45.078, GPU-ecc6a1f9-42fe-2932-7ea0-1dd285491b7b, 289, 0, 1328, 31, 39.24
2026/09/08 21:51:45.282, GPU-ecc6a1f9-42fe-2932-7ea0-1dd285491b7b, 289, 61, 1328, 32, 138.72
2026/09/08 21:51:45.485, GPU-ecc6a1f9-42fe-2932-7ea0-1dd285491b7b, 289, 88, 1328, 33, 140.48
2026/09/08 21:51:45.689, GPU-ecc6a1f9-42fe-2932-7ea0-1dd285491b7b, 5, 97, 1328, 32, 40.45
2026/09/08 21:51:45.894, GPU-ecc6a1f9-42fe-2932-7ea0-1dd285491b7b, 5, 10, 1328, 32, 39.48
2026/09/08 21:51:46.098, GPU-ecc6a1f9-42fe-2932-7ea0-1dd285491b7b, 7, 0, 1328, 31, 39.24
2026/09/08 21:51:46.301, GPU-ecc6a1f9-42fe-2932-7ea0-1dd285491b7b, 15, 0, 1328, 31, 38.99
2026/09/08 21:51:46.505, GPU-ecc6a1f9-42fe-2932-7ea0-1dd285491b7b, 289, 4, 1328, 31, 40.21
2026/09/08 21:51:46.708, GPU-ecc6a1f9-42fe-2932-7ea0-1dd285491b7b, 289, 1, 1328, 31, 39.48
2026/09/08 21:51:46.914, GPU-ecc6a1f9-42fe-2932-7ea0-1dd285491b7b, 289, 4, 1328, 32, 145.16
2026/09/08 21:51:47.117, GPU-ecc6a1f9-42fe-2932-7ea0-1dd285491b7b, 289, 90, 1328, 33, 163.93
2026/09/08 21:51:47.321, GPU-ecc6a1f9-42fe-2932-7ea0-1dd285491b7b, 5, 69, 1328, 32, 39.97
2026/09/08 21:51:47.524, GPU-ecc6a1f9-42fe-2932-7ea0-1dd285491b7b, 5, 0, 1328, 32, 39.48
2026/09/08 21:51:47.728, GPU-ecc6a1f9-42fe-2932-7ea0-1dd285491b7b, 7, 0, 1328, 31, 39.24
2026/09/08 21:51:47.933, GPU-ecc6a1f9-42fe-2932-7ea0-1dd285491b7b, 295, 0, 1328, 31, 43.82
2026/09/08 21:51:48.137, GPU-ecc6a1f9-42fe-2932-7ea0-1dd285491b7b, 295, 3, 1328, 31, 45.33
2026/09/08 21:51:48.340, GPU-ecc6a1f9-42fe-2932-7ea0-1dd285491b7b, 295, 2, 1328, 31, 44.08
2026/09/08 21:51:48.544, GPU-ecc6a1f9-42fe-2932-7ea0-1dd285491b7b, 295, 2, 1328, 31, 42.40
2026/09/08 21:51:48.747, GPU-ecc6a1f9-42fe-2932-7ea0-1dd285491b7b, 295, 1, 1328, 31, 41.40
2026/09/08 21:51:48.952, GPU-ecc6a1f9-42fe-2932-7ea0-1dd285491b7b, 295, 2, 1328, 31, 40.69
2026/09/08 21:51:49.156, GPU-ecc6a1f9-42fe-2932-7ea0-1dd285491b7b, 295, 2, 1328, 31, 40.21
2026/09/08 21:51:49.359, GPU-ecc6a1f9-42fe-2932-7ea0-1dd285491b7b, 297, 2, 1328, 32, 188.49
2026/09/08 21:51:49.563, GPU-ecc6a1f9-42fe-2932-7ea0-1dd285491b7b, 297, 95, 1328, 33, 186.56
2026/09/08 21:51:49.766, GPU-ecc6a1f9-42fe-2932-7ea0-1dd285491b7b, 297, 96, 1328, 35, 205.73
2026/09/08 21:51:49.972, GPU-ecc6a1f9-42fe-2932-7ea0-1dd285491b7b, 297, 100, 1328, 35, 198.37
2026/09/08 21:51:50.175, GPU-ecc6a1f9-42fe-2932-7ea0-1dd285491b7b, 297, 100, 1328, 35, 206.07
2026/09/08 21:51:50.379, GPU-ecc6a1f9-42fe-2932-7ea0-1dd285491b7b, 297, 100, 1328, 36, 195.94
2026/09/08 21:51:50.582, GPU-ecc6a1f9-42fe-2932-7ea0-1dd285491b7b, 297, 100, 1328, 36, 175.43
2026/09/08 21:51:50.786, GPU-ecc6a1f9-42fe-2932-7ea0-1dd285491b7b, 297, 99, 1328, 36, 205.71
2026/09/08 21:51:50.991, GPU-ecc6a1f9-42fe-2932-7ea0-1dd285491b7b, 297, 100, 1328, 36, 159.91
2026/09/08 21:51:51.195, GPU-ecc6a1f9-42fe-2932-7ea0-1dd285491b7b, 5, 91, 1328, 35, 41.67
2026/09/08 21:51:51.398, GPU-ecc6a1f9-42fe-2932-7ea0-1dd285491b7b, 5, 5, 1328, 34, 40.46
2026/09/08 21:51:51.602, GPU-ecc6a1f9-42fe-2932-7ea0-1dd285491b7b, 7, 0, 1328, 33, 39.97
2026/09/08 21:51:51.805, GPU-ecc6a1f9-42fe-2932-7ea0-1dd285491b7b, 19, 0, 1328, 33, 39.97
2026/09/08 21:51:52.010, GPU-ecc6a1f9-42fe-2932-7ea0-1dd285491b7b, 295, 6, 1328, 33, 42.89
2026/09/08 21:51:52.214, GPU-ecc6a1f9-42fe-2932-7ea0-1dd285491b7b, 295, 2, 1328, 33, 44.81
2026/09/08 21:51:52.417, GPU-ecc6a1f9-42fe-2932-7ea0-1dd285491b7b, 295, 2, 1328, 32, 41.89
2026/09/08 21:51:52.620, GPU-ecc6a1f9-42fe-2932-7ea0-1dd285491b7b, 295, 2, 1328, 32, 43.35
2026/09/08 21:51:52.823, GPU-ecc6a1f9-42fe-2932-7ea0-1dd285491b7b, 295, 2, 1328, 32, 41.91
2026/09/08 21:51:53.030, GPU-ecc6a1f9-42fe-2932-7ea0-1dd285491b7b, 297, 2, 1328, 32, 131.54
2026/09/08 21:51:53.233, GPU-ecc6a1f9-42fe-2932-7ea0-1dd285491b7b, 297, 61, 1328, 35, 195.47
2026/09/08 21:51:53.436, GPU-ecc6a1f9-42fe-2932-7ea0-1dd285491b7b, 297, 96, 1328, 35, 199.23
2026/09/08 21:51:53.639, GPU-ecc6a1f9-42fe-2932-7ea0-1dd285491b7b, 297, 98, 1328, 36, 208.48
2026/09/08 21:51:53.842, GPU-ecc6a1f9-42fe-2932-7ea0-1dd285491b7b, 297, 100, 1328, 37, 198.35
2026/09/08 21:51:54.049, GPU-ecc6a1f9-42fe-2932-7ea0-1dd285491b7b, 297, 100, 1328, 37, 211.72
2026/09/08 21:51:54.252, GPU-ecc6a1f9-42fe-2932-7ea0-1dd285491b7b, 297, 100, 1328, 37, 201.50
2026/09/08 21:51:54.456, GPU-ecc6a1f9-42fe-2932-7ea0-1dd285491b7b, 297, 100, 1328, 37, 218.00
2026/09/08 21:51:54.659, GPU-ecc6a1f9-42fe-2932-7ea0-1dd285491b7b, 297, 100, 1328, 38, 215.71
2026/09/08 21:51:54.862, GPU-ecc6a1f9-42fe-2932-7ea0-1dd285491b7b, 265, 100, 1328, 37, 50.90
2026/09/08 21:51:55.069, GPU-ecc6a1f9-42fe-2932-7ea0-1dd285491b7b, 5, 23, 1328, 35, 40.94
2026/09/08 21:51:55.272, GPU-ecc6a1f9-42fe-2932-7ea0-1dd285491b7b, 5, 0, 1328, 35, 40.46
2026/09/08 21:51:55.475, GPU-ecc6a1f9-42fe-2932-7ea0-1dd285491b7b, 5, 0, 1328, 34, 40.21
2026/09/08 21:51:55.679, GPU-ecc6a1f9-42fe-2932-7ea0-1dd285491b7b, 5, 0, 1328, 34, 39.97
2026/09/08 21:51:55.882, GPU-ecc6a1f9-42fe-2932-7ea0-1dd285491b7b, 5, 0, 1328, 34, 39.73
2026/09/08 21:51:56.088, GPU-ecc6a1f9-42fe-2932-7ea0-1dd285491b7b, 5, 0, 1328, 33, 39.24
2026/09/08 21:51:56.293, GPU-ecc6a1f9-42fe-2932-7ea0-1dd285491b7b, 5, 0, 1328, 33, 37.04
2026/09/08 21:51:56.497, GPU-ecc6a1f9-42fe-2932-7ea0-1dd285491b7b, 5, 0, 1328, 33, 37.04
2026/09/08 21:51:56.700, GPU-ecc6a1f9-42fe-2932-7ea0-1dd285491b7b, 5, 0, 1328, 33, 37.04
2026/09/08 21:51:56.904, GPU-ecc6a1f9-42fe-2932-7ea0-1dd285491b7b, 5, 0, 1328, 33, 37.04
2026/09/08 21:51:57.110, GPU-ecc6a1f9-42fe-2932-7ea0-1dd285491b7b, 5, 0, 1328, 33, 36.56
2026/09/08 21:51:57.313, GPU-ecc6a1f9-42fe-2932-7ea0-1dd285491b7b, 5, 0, 1328, 33, 36.80
2026/09/08 21:51:57.517, GPU-ecc6a1f9-42fe-2932-7ea0-1dd285491b7b, 5, 0, 885, 33, 29.02
2026/09/08 21:51:57.721, GPU-ecc6a1f9-42fe-2932-7ea0-1dd285491b7b, 5, 0, 885, 32, 28.53
2026/09/08 21:51:57.924, GPU-ecc6a1f9-42fe-2932-7ea0-1dd285491b7b, 5, 0, 885, 32, 28.53
2026/09/08 21:51:58.129, GPU-ecc6a1f9-42fe-2932-7ea0-1dd285491b7b, 5, 0, 885, 32, 28.77
2026/09/08 21:51:58.333, GPU-ecc6a1f9-42fe-2932-7ea0-1dd285491b7b, 5, 0, 885, 32, 28.77
2026/09/08 21:51:58.536, GPU-ecc6a1f9-42fe-2932-7ea0-1dd285491b7b, 5, 0, 885, 32, 28.53
2026/09/08 21:51:58.740, GPU-ecc6a1f9-42fe-2932-7ea0-1dd285491b7b, 5, 0, 885, 32, 28.77
2026/09/08 21:51:58.944, GPU-ecc6a1f9-42fe-2932-7ea0-1dd285491b7b, 5, 0, 885, 32, 28.53
2026/09/08 21:51:59.149, GPU-ecc6a1f9-42fe-2932-7ea0-1dd285491b7b, 5, 0, 885, 32, 28.53
2026/09/08 21:51:59.352, GPU-ecc6a1f9-42fe-2932-7ea0-1dd285491b7b, 5, 0, 885, 32, 28.53
2026/09/08 21:51:59.556, GPU-ecc6a1f9-42fe-2932-7ea0-1dd285491b7b, 5, 0, 885, 32, 28.53
2026/09/08 21:51:59.759, GPU-ecc6a1f9-42fe-2932-7ea0-1dd285491b7b, 5, 0, 885, 32, 28.53
2026/09/08 21:51:59.963, GPU-ecc6a1f9-42fe-2932-7ea0-1dd285491b7b, 5, 0, 885, 32, 28.53
2026/09/08 21:52:00.169, GPU-ecc6a1f9-42fe-2932-7ea0-1dd285491b7b, 5, 0, 405, 32, 26.83
2026/09/08 21:52:00.372, GPU-ecc6a1f9-42fe-2932-7ea0-1dd285491b7b, 5, 0, 405, 32, 26.58
2026/09/08 21:52:00.576, GPU-ecc6a1f9-42fe-2932-7ea0-1dd285491b7b, 5, 0, 405, 32, 26.58
2026/09/08 21:52:00.779, GPU-ecc6a1f9-42fe-2932-7ea0-1dd285491b7b, 5, 0, 405, 32, 26.58
2026/09/08 21:52:00.983, GPU-ecc6a1f9-42fe-2932-7ea0-1dd285491b7b, 5, 0, 405, 32, 26.58
2026/09/08 21:52:01.188, GPU-ecc6a1f9-42fe-2932-7ea0-1dd285491b7b, 5, 0, 405, 32, 26.58
2026/09/08 21:52:01.392, GPU-ecc6a1f9-42fe-2932-7ea0-1dd285491b7b, 5, 0, 405, 32, 26.58
2026/09/08 21:52:01.595, GPU-ecc6a1f9-42fe-2932-7ea0-1dd285491b7b, 5, 0, 405, 32, 26.58
2026/09/08 21:52:01.799, GPU-ecc6a1f9-42fe-2932-7ea0-1dd285491b7b, 5, 0, 405, 32, 26.58
2026/09/08 21:52:02.002, GPU-ecc6a1f9-42fe-2932-7ea0-1dd285491b7b, 5, 0, 405, 32, 26.58
2026/09/08 21:52:02.208, GPU-ecc6a1f9-42fe-2932-7ea0-1dd285491b7b, 5, 0, 405, 31, 26.58
2026/09/08 21:52:02.411, GPU-ecc6a1f9-42fe-2932-7ea0-1dd285491b7b, 5, 0, 405, 32, 26.58
2026/09/08 21:52:02.615, GPU-ecc6a1f9-42fe-2932-7ea0-1dd285491b7b, 5, 0, 405, 32, 26.58
2026/09/08 21:52:02.818, GPU-ecc6a1f9-42fe-2932-7ea0-1dd285491b7b, 5, 0, 405, 32, 26.58
2026/09/08 21:52:03.022, GPU-ecc6a1f9-42fe-2932-7ea0-1dd285491b7b, 5, 0, 405, 32, 26.58
2026/09/08 21:52:03.228, GPU-ecc6a1f9-42fe-2932-7ea0-1dd285491b7b, 5, 0, 405, 31, 26.58
2026/09/08 21:52:03.431, GPU-ecc6a1f9-42fe-2932-7ea0-1dd285491b7b, 5, 0, 405, 31, 26.58
2026/09/08 21:52:03.635, GPU-ecc6a1f9-42fe-2932-7ea0-1dd285491b7b, 5, 0, 405, 31, 26.58
2026/09/08 21:52:03.838, GPU-ecc6a1f9-42fe-2932-7ea0-1dd285491b7b, 5, 0, 405, 31, 26.58
2026/09/08 21:52:04.042, GPU-ecc6a1f9-42fe-2932-7ea0-1dd285491b7b, 5, 0, 405, 31, 26.58
2026/09/08 21:52:04.247, GPU-ecc6a1f9-42fe-2932-7ea0-1dd285491b7b, 5, 0, 405, 32, 26.58
2026/09/08 21:52:04.451, GPU-ecc6a1f9-42fe-2932-7ea0-1dd285491b7b, 5, 0, 405, 32, 26.58
2026/09/08 21:52:04.655, GPU-ecc6a1f9-42fe-2932-7ea0-1dd285491b7b, 5, 0, 405, 31, 26.58
2026/09/08 21:52:04.858, GPU-ecc6a1f9-42fe-2932-7ea0-1dd285491b7b, 5, 0, 405, 31, 26.58
2026/09/08 21:52:05.062, GPU-ecc6a1f9-42fe-2932-7ea0-1dd285491b7b, 5, 0, 405, 31, 26.58
2026/09/08 21:52:05.268, GPU-ecc6a1f9-42fe-2932-7ea0-1dd285491b7b, 5, 0, 405, 31, 26.58
2026/09/08 21:52:05.471, GPU-ecc6a1f9-42fe-2932-7ea0-1dd285491b7b, 5, 0, 405, 31, 26.58
2026/09/08 21:52:05.675, GPU-ecc6a1f9-42fe-2932-7ea0-1dd285491b7b, 5, 0, 405, 31, 26.58
2026/09/08 21:52:05.878, GPU-ecc6a1f9-42fe-2932-7ea0-1dd285491b7b, 5, 0, 405, 31, 26.58
2026/09/08 21:52:06.082, GPU-ecc6a1f9-42fe-2932-7ea0-1dd285491b7b, 5, 0, 405, 31, 26.58
2026/09/08 21:52:06.287, GPU-ecc6a1f9-42fe-2932-7ea0-1dd285491b7b, 5, 0, 405, 31, 26.58
2026/09/08 21:52:06.490, GPU-ecc6a1f9-42fe-2932-7ea0-1dd285491b7b, 5, 0, 405, 31, 26.58
2026/09/08 21:52:06.694, GPU-ecc6a1f9-42fe-2932-7ea0-1dd285491b7b, 5, 0, 405, 31, 26.58
2026/09/08 21:52:06.897, GPU-ecc6a1f9-42fe-2932-7ea0-1dd285491b7b, 5, 0, 405, 31, 26.58
2026/09/08 21:52:07.101, GPU-ecc6a1f9-42fe-2932-7ea0-1dd285491b7b, 5, 0, 405, 31, 26.58
2026/09/08 21:52:07.306, GPU-ecc6a1f9-42fe-2932-7ea0-1dd285491b7b, 5, 0, 405, 31, 26.58
2026/09/08 21:52:07.510, GPU-ecc6a1f9-42fe-2932-7ea0-1dd285491b7b, 5, 0, 405, 31, 26.58
2026/09/08 21:52:07.713, GPU-ecc6a1f9-42fe-2932-7ea0-1dd285491b7b, 5, 0, 405, 31, 26.58
2026/09/08 21:52:07.917, GPU-ecc6a1f9-42fe-2932-7ea0-1dd285491b7b, 5, 0, 405, 31, 26.58
2026/09/08 21:52:08.120, GPU-ecc6a1f9-42fe-2932-7ea0-1dd285491b7b, 5, 0, 405, 31, 26.58
2026/09/08 21:52:08.326, GPU-ecc6a1f9-42fe-2932-7ea0-1dd285491b7b, 5, 0, 405, 31, 26.58
2026/09/08 21:52:08.529, GPU-ecc6a1f9-42fe-2932-7ea0-1dd285491b7b, 5, 0, 405, 31, 26.58
2026/09/08 21:52:08.733, GPU-ecc6a1f9-42fe-2932-7ea0-1dd285491b7b, 5, 0, 405, 31, 26.58
2026/09/08 21:52:08.936, GPU-ecc6a1f9-42fe-2932-7ea0-1dd285491b7b, 5, 0, 405, 31, 26.58
2026/09/08 21:52:09.140, GPU-ecc6a1f9-42fe-2932-7ea0-1dd285491b7b, 5, 0, 405, 31, 26.58
2026/09/08 21:52:09.345, GPU-ecc6a1f9-42fe-2932-7ea0-1dd285491b7b, 5, 0, 405, 31, 26.58
2026/09/08 21:52:09.549, GPU-ecc6a1f9-42fe-2932-7ea0-1dd285491b7b, 5, 0, 405, 31, 26.58
2026/09/08 21:52:09.752, GPU-ecc6a1f9-42fe-2932-7ea0-1dd285491b7b, 5, 0, 405, 31, 26.58
2026/09/08 21:52:09.956, GPU-ecc6a1f9-42fe-2932-7ea0-1dd285491b7b, 5, 0, 405, 31, 26.58
2026/09/08 21:52:10.160, GPU-ecc6a1f9-42fe-2932-7ea0-1dd285491b7b, 5, 0, 405, 31, 26.58
2026/09/08 21:52:10.365, GPU-ecc6a1f9-42fe-2932-7ea0-1dd285491b7b, 5, 0, 405, 31, 26.58
2026/09/08 21:52:10.568, GPU-ecc6a1f9-42fe-2932-7ea0-1dd285491b7b, 5, 0, 405, 31, 26.58
2026/09/08 21:52:10.772, GPU-ecc6a1f9-42fe-2932-7ea0-1dd285491b7b, 5, 0, 405, 31, 26.58
2026/09/08 21:52:10.976, GPU-ecc6a1f9-42fe-2932-7ea0-1dd285491b7b, 5, 0, 405, 31, 26.58
2026/09/08 21:52:11.179, GPU-ecc6a1f9-42fe-2932-7ea0-1dd285491b7b, 5, 0, 405, 31, 26.58
2026/09/08 21:52:11.385, GPU-ecc6a1f9-42fe-2932-7ea0-1dd285491b7b, 5, 0, 405, 31, 26.58
2026/09/08 21:52:11.588, GPU-ecc6a1f9-42fe-2932-7ea0-1dd285491b7b, 5, 0, 405, 31, 26.58
2026/09/08 21:52:11.792, GPU-ecc6a1f9-42fe-2932-7ea0-1dd285491b7b, 5, 0, 405, 31, 26.58
2026/09/08 21:52:11.995, GPU-ecc6a1f9-42fe-2932-7ea0-1dd285491b7b, 5, 0, 405, 31, 26.58
2026/09/08 21:52:12.199, GPU-ecc6a1f9-42fe-2932-7ea0-1dd285491b7b, 5, 0, 405, 31, 26.58
2026/09/08 21:52:12.404, GPU-ecc6a1f9-42fe-2932-7ea0-1dd285491b7b, 5, 0, 405, 31, 26.58
2026/09/08 21:52:12.607, GPU-ecc6a1f9-42fe-2932-7ea0-1dd285491b7b, 5, 0, 405, 31, 26.58
2026/09/08 21:52:12.811, GPU-ecc6a1f9-42fe-2932-7ea0-1dd285491b7b, 5, 0, 405, 31, 26.58
2026/09/08 21:52:13.014, GPU-ecc6a1f9-42fe-2932-7ea0-1dd285491b7b, 5, 0, 405, 31, 26.58
2026/09/08 21:52:13.218, GPU-ecc6a1f9-42fe-2932-7ea0-1dd285491b7b, 5, 0, 405, 31, 26.58
2026/09/08 21:52:13.423, GPU-ecc6a1f9-42fe-2932-7ea0-1dd285491b7b, 5, 0, 405, 31, 26.58
2026/09/08 21:52:13.627, GPU-ecc6a1f9-42fe-2932-7ea0-1dd285491b7b, 5, 0, 405, 31, 26.58
2026/09/08 21:52:13.830, GPU-ecc6a1f9-42fe-2932-7ea0-1dd285491b7b, 5, 0, 405, 31, 26.58
2026/09/08 21:52:14.034, GPU-ecc6a1f9-42fe-2932-7ea0-1dd285491b7b, 5, 0, 405, 31, 26.34
2026/09/08 21:52:14.237, GPU-ecc6a1f9-42fe-2932-7ea0-1dd285491b7b, 5, 0, 405, 31, 26.58
2026/09/08 21:52:14.443, GPU-ecc6a1f9-42fe-2932-7ea0-1dd285491b7b, 5, 0, 405, 31, 26.58
2026/09/08 21:52:14.646, GPU-ecc6a1f9-42fe-2932-7ea0-1dd285491b7b, 5, 0, 405, 31, 26.58
2026/09/08 21:52:14.850, GPU-ecc6a1f9-42fe-2932-7ea0-1dd285491b7b, 5, 0, 405, 31, 26.58
2026/09/08 21:52:15.053, GPU-ecc6a1f9-42fe-2932-7ea0-1dd285491b7b, 5, 0, 405, 31, 26.58
2026/09/08 21:52:15.257, GPU-ecc6a1f9-42fe-2932-7ea0-1dd285491b7b, 5, 0, 405, 31, 26.58
2026/09/08 21:52:15.461, GPU-ecc6a1f9-42fe-2932-7ea0-1dd285491b7b, 5, 0, 405, 31, 26.34
2026/09/08 21:52:15.665, GPU-ecc6a1f9-42fe-2932-7ea0-1dd285491b7b, 5, 0, 405, 31, 26.34
2026/09/08 21:52:15.868, GPU-ecc6a1f9-42fe-2932-7ea0-1dd285491b7b, 5, 0, 405, 31, 26.34
2026/09/08 21:52:16.072, GPU-ecc6a1f9-42fe-2932-7ea0-1dd285491b7b, 5, 0, 405, 31, 26.34
2026/09/08 21:52:16.275, GPU-ecc6a1f9-42fe-2932-7ea0-1dd285491b7b, 5, 0, 405, 31, 26.34
2026/09/08 21:52:16.479, GPU-ecc6a1f9-42fe-2932-7ea0-1dd285491b7b, 5, 0, 405, 31, 26.34
2026/09/08 21:52:16.682, GPU-ecc6a1f9-42fe-2932-7ea0-1dd285491b7b, 5, 0, 405, 31, 26.34
2026/09/08 21:52:16.888, GPU-ecc6a1f9-42fe-2932-7ea0-1dd285491b7b, 5, 0, 405, 31, 26.34
2026/09/08 21:52:17.092, GPU-ecc6a1f9-42fe-2932-7ea0-1dd285491b7b, 5, 0, 405, 31, 26.34
2026/09/08 21:52:17.295, GPU-ecc6a1f9-42fe-2932-7ea0-1dd285491b7b, 5, 0, 405, 31, 26.34
2026/09/08 21:52:17.499, GPU-ecc6a1f9-42fe-2932-7ea0-1dd285491b7b, 5, 0, 405, 31, 26.34
2026/09/08 21:52:17.702, GPU-ecc6a1f9-42fe-2932-7ea0-1dd285491b7b, 5, 0, 405, 31, 26.34
2026/09/08 21:52:17.906, GPU-ecc6a1f9-42fe-2932-7ea0-1dd285491b7b, 5, 0, 405, 31, 26.34
2026/09/08 21:52:18.112, GPU-ecc6a1f9-42fe-2932-7ea0-1dd285491b7b, 5, 0, 405, 31, 26.34
2026/09/08 21:52:18.315, GPU-ecc6a1f9-42fe-2932-7ea0-1dd285491b7b, 5, 0, 405, 31, 26.34
2026/09/08 21:52:18.519, GPU-ecc6a1f9-42fe-2932-7ea0-1dd285491b7b, 5, 0, 405, 31, 26.34
2026/09/08 21:52:18.722, GPU-ecc6a1f9-42fe-2932-7ea0-1dd285491b7b, 5, 0, 405, 31, 26.34
2026/09/08 21:52:18.926, GPU-ecc6a1f9-42fe-2932-7ea0-1dd285491b7b, 5, 0, 405, 30, 26.34
2026/09/08 21:52:19.131, GPU-ecc6a1f9-42fe-2932-7ea0-1dd285491b7b, 5, 0, 405, 31, 26.34
2026/09/08 21:52:19.335, GPU-ecc6a1f9-42fe-2932-7ea0-1dd285491b7b, 5, 0, 405, 30, 26.34
2026/09/08 21:52:19.538, GPU-ecc6a1f9-42fe-2932-7ea0-1dd285491b7b, 5, 0, 405, 30, 26.34
2026/09/08 21:52:19.742, GPU-ecc6a1f9-42fe-2932-7ea0-1dd285491b7b, 5, 0, 405, 31, 26.58
2026/09/08 21:52:19.946, GPU-ecc6a1f9-42fe-2932-7ea0-1dd285491b7b, 5, 0, 405, 30, 26.34
2026/09/08 21:52:20.151, GPU-ecc6a1f9-42fe-2932-7ea0-1dd285491b7b, 5, 0, 405, 30, 26.34
2026/09/08 21:52:20.355, GPU-ecc6a1f9-42fe-2932-7ea0-1dd285491b7b, 5, 0, 405, 30, 26.34
2026/09/08 21:52:20.558, GPU-ecc6a1f9-42fe-2932-7ea0-1dd285491b7b, 5, 0, 405, 30, 26.34
2026/09/08 21:52:20.762, GPU-ecc6a1f9-42fe-2932-7ea0-1dd285491b7b, 5, 0, 405, 30, 26.34
2026/09/08 21:52:20.965, GPU-ecc6a1f9-42fe-2932-7ea0-1dd285491b7b, 5, 0, 405, 30, 26.34
2026/09/08 21:52:21.171, GPU-ecc6a1f9-42fe-2932-7ea0-1dd285491b7b, 5, 0, 405, 30, 26.34
2026/09/08 21:52:21.374, GPU-ecc6a1f9-42fe-2932-7ea0-1dd285491b7b, 5, 0, 405, 30, 26.58
2026/09/08 21:52:21.578, GPU-ecc6a1f9-42fe-2932-7ea0-1dd285491b7b, 5, 0, 405, 30, 26.34
2026/09/08 21:52:21.782, GPU-ecc6a1f9-42fe-2932-7ea0-1dd285491b7b, 5, 0, 405, 30, 26.34
2026/09/08 21:52:21.985, GPU-ecc6a1f9-42fe-2932-7ea0-1dd285491b7b, 5, 0, 405, 30, 26.58
2026/09/08 21:52:22.190, GPU-ecc6a1f9-42fe-2932-7ea0-1dd285491b7b, 5, 0, 405, 30, 26.34
2026/09/08 21:52:22.394, GPU-ecc6a1f9-42fe-2932-7ea0-1dd285491b7b, 5, 0, 405, 30, 26.34
2026/09/08 21:52:22.597, GPU-ecc6a1f9-42fe-2932-7ea0-1dd285491b7b, 5, 0, 405, 30, 26.34
2026/09/08 21:52:22.801, GPU-ecc6a1f9-42fe-2932-7ea0-1dd285491b7b, 5, 0, 405, 30, 26.58
2026/09/08 21:52:23.004, GPU-ecc6a1f9-42fe-2932-7ea0-1dd285491b7b, 5, 0, 405, 30, 26.34
2026/09/08 21:52:23.210, GPU-ecc6a1f9-42fe-2932-7ea0-1dd285491b7b, 5, 0, 405, 30, 26.34
2026/09/08 21:52:23.413, GPU-ecc6a1f9-42fe-2932-7ea0-1dd285491b7b, 5, 0, 405, 30, 26.34
2026/09/08 21:52:23.617, GPU-ecc6a1f9-42fe-2932-7ea0-1dd285491b7b, 5, 0, 405, 31, 26.34
2026/09/08 21:52:23.820, GPU-ecc6a1f9-42fe-2932-7ea0-1dd285491b7b, 5, 0, 405, 30, 26.34
2026/09/08 21:52:24.024, GPU-ecc6a1f9-42fe-2932-7ea0-1dd285491b7b, 5, 0, 405, 30, 26.34
2026/09/08 21:52:24.230, GPU-ecc6a1f9-42fe-2932-7ea0-1dd285491b7b, 5, 0, 405, 30, 26.34
2026/09/08 21:52:24.433, GPU-ecc6a1f9-42fe-2932-7ea0-1dd285491b7b, 5, 0, 405, 30, 26.34
2026/09/08 21:52:24.637, GPU-ecc6a1f9-42fe-2932-7ea0-1dd285491b7b, 5, 0, 405, 30, 26.34
2026/09/08 21:52:24.840, GPU-ecc6a1f9-42fe-2932-7ea0-1dd285491b7b, 5, 0, 405, 30, 26.34
2026/09/08 21:52:25.044, GPU-ecc6a1f9-42fe-2932-7ea0-1dd285491b7b, 5, 0, 405, 30, 26.34
2026/09/08 21:52:25.250, GPU-ecc6a1f9-42fe-2932-7ea0-1dd285491b7b, 5, 0, 405, 30, 26.34
2026/09/08 21:52:25.453, GPU-ecc6a1f9-42fe-2932-7ea0-1dd285491b7b, 5, 0, 405, 30, 26.34
2026/09/08 21:52:25.657, GPU-ecc6a1f9-42fe-2932-7ea0-1dd285491b7b, 5, 0, 405, 30, 26.34
2026/09/08 21:52:25.860, GPU-ecc6a1f9-42fe-2932-7ea0-1dd285491b7b, 5, 0, 405, 30, 26.58
2026/09/08 21:52:26.064, GPU-ecc6a1f9-42fe-2932-7ea0-1dd285491b7b, 5, 0, 405, 30, 26.34
2026/09/08 21:52:26.270, GPU-ecc6a1f9-42fe-2932-7ea0-1dd285491b7b, 5, 0, 405, 30, 26.34
2026/09/08 21:52:26.473, GPU-ecc6a1f9-42fe-2932-7ea0-1dd285491b7b, 5, 0, 405, 30, 26.34
2026/09/08 21:52:26.677, GPU-ecc6a1f9-42fe-2932-7ea0-1dd285491b7b, 5, 0, 405, 30, 26.34
2026/09/08 21:52:26.880, GPU-ecc6a1f9-42fe-2932-7ea0-1dd285491b7b, 5, 0, 405, 30, 26.34
2026/09/08 21:52:27.084, GPU-ecc6a1f9-42fe-2932-7ea0-1dd285491b7b, 5, 0, 405, 30, 26.34
2026/09/08 21:52:27.289, GPU-ecc6a1f9-42fe-2932-7ea0-1dd285491b7b, 5, 0, 405, 30, 26.34
2026/09/08 21:52:27.493, GPU-ecc6a1f9-42fe-2932-7ea0-1dd285491b7b, 5, 0, 405, 30, 26.34
2026/09/08 21:52:27.697, GPU-ecc6a1f9-42fe-2932-7ea0-1dd285491b7b, 5, 0, 405, 30, 26.34
2026/09/08 21:52:27.900, GPU-ecc6a1f9-42fe-2932-7ea0-1dd285491b7b, 5, 0, 405, 30, 26.34
2026/09/08 21:52:28.104, GPU-ecc6a1f9-42fe-2932-7ea0-1dd285491b7b, 5, 0, 405, 30, 26.34
2026/09/08 21:52:28.309, GPU-ecc6a1f9-42fe-2932-7ea0-1dd285491b7b, 5, 0, 405, 30, 26.34
2026/09/08 21:52:28.512, GPU-ecc6a1f9-42fe-2932-7ea0-1dd285491b7b, 5, 0, 405, 30, 26.34
2026/09/08 21:52:28.716, GPU-ecc6a1f9-42fe-2932-7ea0-1dd285491b7b, 5, 0, 405, 30, 26.34
2026/09/08 21:52:28.919, GPU-ecc6a1f9-42fe-2932-7ea0-1dd285491b7b, 5, 0, 405, 30, 26.34
2026/09/08 21:52:29.123, GPU-ecc6a1f9-42fe-2932-7ea0-1dd285491b7b, 5, 0, 405, 30, 26.34
2026/09/08 21:52:29.328, GPU-ecc6a1f9-42fe-2932-7ea0-1dd285491b7b, 5, 0, 405, 30, 26.34
2026/09/08 21:52:29.532, GPU-ecc6a1f9-42fe-2932-7ea0-1dd285491b7b, 5, 0, 405, 30, 26.34
2026/09/08 21:52:29.736, GPU-ecc6a1f9-42fe-2932-7ea0-1dd285491b7b, 5, 0, 405, 30, 26.34
2026/09/08 21:52:29.939, GPU-ecc6a1f9-42fe-2932-7ea0-1dd285491b7b, 5, 0, 405, 30, 26.34
2026/09/08 21:52:30.143, GPU-ecc6a1f9-42fe-2932-7ea0-1dd285491b7b, 5, 0, 405, 30, 26.34
2026/09/08 21:52:30.348, GPU-ecc6a1f9-42fe-2932-7ea0-1dd285491b7b, 5, 0, 405, 30, 26.34
2026/09/08 21:52:30.551, GPU-ecc6a1f9-42fe-2932-7ea0-1dd285491b7b, 5, 0, 405, 30, 26.34
2026/09/08 21:52:30.755, GPU-ecc6a1f9-42fe-2932-7ea0-1dd285491b7b, 5, 0, 405, 30, 26.34
2026/09/08 21:52:30.958, GPU-ecc6a1f9-42fe-2932-7ea0-1dd285491b7b, 5, 0, 405, 30, 26.34
2026/09/08 21:52:31.162, GPU-ecc6a1f9-42fe-2932-7ea0-1dd285491b7b, 5, 0, 405, 30, 26.34
2026/09/08 21:52:31.368, GPU-ecc6a1f9-42fe-2932-7ea0-1dd285491b7b, 5, 0, 405, 30, 26.34
2026/09/08 21:52:31.571, GPU-ecc6a1f9-42fe-2932-7ea0-1dd285491b7b, 5, 0, 405, 30, 26.34
2026/09/08 21:52:31.775, GPU-ecc6a1f9-42fe-2932-7ea0-1dd285491b7b, 5, 0, 405, 30, 26.34
2026/09/08 21:52:31.979, GPU-ecc6a1f9-42fe-2932-7ea0-1dd285491b7b, 5, 0, 405, 30, 26.34
2026/09/08 21:52:32.182, GPU-ecc6a1f9-42fe-2932-7ea0-1dd285491b7b, 5, 0, 405, 30, 26.34
2026/09/08 21:52:32.387, GPU-ecc6a1f9-42fe-2932-7ea0-1dd285491b7b, 5, 0, 405, 30, 26.34
2026/09/08 21:52:32.591, GPU-ecc6a1f9-42fe-2932-7ea0-1dd285491b7b, 5, 0, 405, 30, 26.34
2026/09/08 21:52:32.794, GPU-ecc6a1f9-42fe-2932-7ea0-1dd285491b7b, 5, 0, 405, 30, 26.34
2026/09/08 21:52:32.998, GPU-ecc6a1f9-42fe-2932-7ea0-1dd285491b7b, 5, 0, 405, 30, 26.34
2026/09/08 21:52:33.201, GPU-ecc6a1f9-42fe-2932-7ea0-1dd285491b7b, 5, 0, 405, 30, 26.34
2026/09/08 21:52:33.407, GPU-ecc6a1f9-42fe-2932-7ea0-1dd285491b7b, 5, 0, 405, 30, 26.34
2026/09/08 21:52:33.610, GPU-ecc6a1f9-42fe-2932-7ea0-1dd285491b7b, 5, 0, 405, 30, 26.34
2026/09/08 21:52:33.814, GPU-ecc6a1f9-42fe-2932-7ea0-1dd285491b7b, 5, 0, 405, 30, 26.34
2026/09/08 21:52:34.017, GPU-ecc6a1f9-42fe-2932-7ea0-1dd285491b7b, 5, 0, 405, 30, 26.34
2026/09/08 21:52:34.221, GPU-ecc6a1f9-42fe-2932-7ea0-1dd285491b7b, 5, 0, 405, 30, 26.34
2026/09/08 21:52:34.426, GPU-ecc6a1f9-42fe-2932-7ea0-1dd285491b7b, 5, 0, 405, 30, 26.34
2026/09/08 21:52:34.630, GPU-ecc6a1f9-42fe-2932-7ea0-1dd285491b7b, 5, 0, 405, 30, 26.34
2026/09/08 21:52:34.833, GPU-ecc6a1f9-42fe-2932-7ea0-1dd285491b7b, 5, 0, 405, 30, 26.34
2026/09/08 21:52:35.045, GPU-ecc6a1f9-42fe-2932-7ea0-1dd285491b7b, 5, 0, 405, 30, 26.34
2026/09/08 21:52:35.249, GPU-ecc6a1f9-42fe-2932-7ea0-1dd285491b7b, 5, 0, 405, 30, 26.34
2026/09/08 21:52:35.455, GPU-ecc6a1f9-42fe-2932-7ea0-1dd285491b7b, 5, 0, 405, 30, 26.34
2026/09/08 21:52:35.658, GPU-ecc6a1f9-42fe-2932-7ea0-1dd285491b7b, 5, 0, 405, 30, 26.34
2026/09/08 21:52:35.862, GPU-ecc6a1f9-42fe-2932-7ea0-1dd285491b7b, 5, 0, 405, 30, 26.34
2026/09/08 21:52:36.066, GPU-ecc6a1f9-42fe-2932-7ea0-1dd285491b7b, 5, 0, 405, 30, 26.34
2026/09/08 21:52:36.269, GPU-ecc6a1f9-42fe-2932-7ea0-1dd285491b7b, 5, 0, 405, 30, 26.34
2026/09/08 21:52:36.474, GPU-ecc6a1f9-42fe-2932-7ea0-1dd285491b7b, 5, 0, 405, 30, 26.34
2026/09/08 21:52:36.678, GPU-ecc6a1f9-42fe-2932-7ea0-1dd285491b7b, 5, 0, 405, 30, 26.34
2026/09/08 21:52:36.881, GPU-ecc6a1f9-42fe-2932-7ea0-1dd285491b7b, 5, 0, 405, 30, 26.34
2026/09/08 21:52:37.085, GPU-ecc6a1f9-42fe-2932-7ea0-1dd285491b7b, 5, 0, 405, 30, 26.34
2026/09/08 21:52:37.288, GPU-ecc6a1f9-42fe-2932-7ea0-1dd285491b7b, 5, 0, 405, 30, 26.09
2026/09/08 21:52:37.493, GPU-ecc6a1f9-42fe-2932-7ea0-1dd285491b7b, 5, 0, 405, 30, 26.34
2026/09/08 21:52:37.697, GPU-ecc6a1f9-42fe-2932-7ea0-1dd285491b7b, 5, 0, 405, 30, 26.34
2026/09/08 21:52:37.900, GPU-ecc6a1f9-42fe-2932-7ea0-1dd285491b7b, 5, 0, 405, 30, 26.34
2026/09/08 21:52:38.104, GPU-ecc6a1f9-42fe-2932-7ea0-1dd285491b7b, 5, 0, 405, 30, 26.34
2026/09/08 21:52:38.308, GPU-ecc6a1f9-42fe-2932-7ea0-1dd285491b7b, 5, 0, 405, 30, 26.34
2026/09/08 21:52:38.513, GPU-ecc6a1f9-42fe-2932-7ea0-1dd285491b7b, 5, 0, 405, 30, 26.34
2026/09/08 21:52:38.717, GPU-ecc6a1f9-42fe-2932-7ea0-1dd285491b7b, 5, 0, 405, 30, 26.34
2026/09/08 21:52:38.920, GPU-ecc6a1f9-42fe-2932-7ea0-1dd285491b7b, 5, 0, 405, 30, 26.34
2026/09/08 21:52:39.124, GPU-ecc6a1f9-42fe-2932-7ea0-1dd285491b7b, 5, 0, 405, 30, 26.34
2026/09/08 21:52:39.327, GPU-ecc6a1f9-42fe-2932-7ea0-1dd285491b7b, 5, 0, 405, 30, 26.34
2026/09/08 21:52:39.532, GPU-ecc6a1f9-42fe-2932-7ea0-1dd285491b7b, 5, 0, 405, 30, 26.34
2026/09/08 21:52:39.736, GPU-ecc6a1f9-42fe-2932-7ea0-1dd285491b7b, 5, 0, 405, 30, 26.34
2026/09/08 21:52:39.939, GPU-ecc6a1f9-42fe-2932-7ea0-1dd285491b7b, 5, 0, 405, 30, 26.34
2026/09/08 21:52:40.143, GPU-ecc6a1f9-42fe-2932-7ea0-1dd285491b7b, 5, 0, 405, 30, 26.34
2026/09/08 21:52:40.346, GPU-ecc6a1f9-42fe-2932-7ea0-1dd285491b7b, 5, 0, 405, 30, 26.34
2026/09/08 21:52:40.552, GPU-ecc6a1f9-42fe-2932-7ea0-1dd285491b7b, 5, 0, 405, 30, 26.34
2026/09/08 21:52:40.755, GPU-ecc6a1f9-42fe-2932-7ea0-1dd285491b7b, 5, 0, 405, 30, 26.34
2026/09/08 21:52:40.959, GPU-ecc6a1f9-42fe-2932-7ea0-1dd285491b7b, 5, 0, 405, 30, 26.34
2026/09/08 21:52:41.162, GPU-ecc6a1f9-42fe-2932-7ea0-1dd285491b7b, 5, 0, 405, 30, 26.34
2026/09/08 21:52:41.366, GPU-ecc6a1f9-42fe-2932-7ea0-1dd285491b7b, 5, 0, 405, 30, 26.34
2026/09/08 21:52:41.571, GPU-ecc6a1f9-42fe-2932-7ea0-1dd285491b7b, 5, 0, 405, 30, 26.34
2026/09/08 21:52:41.775, GPU-ecc6a1f9-42fe-2932-7ea0-1dd285491b7b, 5, 0, 405, 30, 26.34
2026/09/08 21:52:41.978, GPU-ecc6a1f9-42fe-2932-7ea0-1dd285491b7b, 5, 0, 405, 30, 26.34
2026/09/08 21:52:42.182, GPU-ecc6a1f9-42fe-2932-7ea0-1dd285491b7b, 5, 0, 405, 30, 26.34
2026/09/08 21:52:42.385, GPU-ecc6a1f9-42fe-2932-7ea0-1dd285491b7b, 5, 0, 405, 30, 26.34
2026/09/08 21:52:42.591, GPU-ecc6a1f9-42fe-2932-7ea0-1dd285491b7b, 5, 0, 405, 30, 26.34
2026/09/08 21:52:42.794, GPU-ecc6a1f9-42fe-2932-7ea0-1dd285491b7b, 5, 0, 405, 30, 26.34
2026/09/08 21:52:42.998, GPU-ecc6a1f9-42fe-2932-7ea0-1dd285491b7b, 5, 0, 405, 30, 26.34
2026/09/08 21:52:43.201, GPU-ecc6a1f9-42fe-2932-7ea0-1dd285491b7b, 5, 0, 405, 30, 26.34
2026/09/08 21:52:43.405, GPU-ecc6a1f9-42fe-2932-7ea0-1dd285491b7b, 5, 0, 405, 30, 26.34
2026/09/08 21:52:43.608, GPU-ecc6a1f9-42fe-2932-7ea0-1dd285491b7b, 5, 0, 405, 30, 26.34
2026/09/08 21:52:43.813, GPU-ecc6a1f9-42fe-2932-7ea0-1dd285491b7b, 5, 0, 405, 30, 26.34
2026/09/08 21:52:44.016, GPU-ecc6a1f9-42fe-2932-7ea0-1dd285491b7b, 5, 0, 405, 30, 26.34
2026/09/08 21:52:44.220, GPU-ecc6a1f9-42fe-2932-7ea0-1dd285491b7b, 5, 0, 405, 30, 26.34
2026/09/08 21:52:44.423, GPU-ecc6a1f9-42fe-2932-7ea0-1dd285491b7b, 5, 0, 405, 30, 26.34
2026/09/08 21:52:44.627, GPU-ecc6a1f9-42fe-2932-7ea0-1dd285491b7b, 5, 0, 405, 29, 26.34
2026/09/08 21:52:44.831, GPU-ecc6a1f9-42fe-2932-7ea0-1dd285491b7b, 5, 0, 405, 30, 26.34
2026/09/08 21:52:45.036, GPU-ecc6a1f9-42fe-2932-7ea0-1dd285491b7b, 5, 0, 405, 30, 26.34
2026/09/08 21:52:45.240, GPU-ecc6a1f9-42fe-2932-7ea0-1dd285491b7b, 5, 0, 405, 30, 26.34
2026/09/08 21:52:45.443, GPU-ecc6a1f9-42fe-2932-7ea0-1dd285491b7b, 5, 0, 405, 30, 26.34
2026/09/08 21:52:45.647, GPU-ecc6a1f9-42fe-2932-7ea0-1dd285491b7b, 5, 0, 405, 29, 26.34
2026/09/08 21:52:45.850, GPU-ecc6a1f9-42fe-2932-7ea0-1dd285491b7b, 5, 0, 405, 30, 26.34
2026/09/08 21:52:46.054, GPU-ecc6a1f9-42fe-2932-7ea0-1dd285491b7b, 5, 0, 405, 30, 26.09
2026/09/08 21:52:46.259, GPU-ecc6a1f9-42fe-2932-7ea0-1dd285491b7b, 5, 0, 405, 30, 26.34
2026/09/08 21:52:46.463, GPU-ecc6a1f9-42fe-2932-7ea0-1dd285491b7b, 5, 0, 405, 30, 26.34
2026/09/08 21:52:46.666, GPU-ecc6a1f9-42fe-2932-7ea0-1dd285491b7b, 5, 0, 405, 30, 26.34
2026/09/08 21:52:46.870, GPU-ecc6a1f9-42fe-2932-7ea0-1dd285491b7b, 5, 0, 405, 30, 26.34
2026/09/08 21:52:47.073, GPU-ecc6a1f9-42fe-2932-7ea0-1dd285491b7b, 5, 0, 405, 30, 26.34
2026/09/08 21:52:47.279, GPU-ecc6a1f9-42fe-2932-7ea0-1dd285491b7b, 5, 0, 405, 30, 26.34
2026/09/08 21:52:47.482, GPU-ecc6a1f9-42fe-2932-7ea0-1dd285491b7b, 5, 0, 405, 30, 26.09
2026/09/08 21:52:47.686, GPU-ecc6a1f9-42fe-2932-7ea0-1dd285491b7b, 5, 0, 405, 30, 26.34
2026/09/08 21:52:47.889, GPU-ecc6a1f9-42fe-2932-7ea0-1dd285491b7b, 5, 0, 405, 30, 26.34
2026/09/08 21:52:48.093, GPU-ecc6a1f9-42fe-2932-7ea0-1dd285491b7b, 5, 0, 405, 30, 26.34
2026/09/08 21:52:48.299, GPU-ecc6a1f9-42fe-2932-7ea0-1dd285491b7b, 5, 0, 405, 30, 26.34
2026/09/08 21:52:48.503, GPU-ecc6a1f9-42fe-2932-7ea0-1dd285491b7b, 5, 0, 405, 29, 26.34
2026/09/08 21:52:48.706, GPU-ecc6a1f9-42fe-2932-7ea0-1dd285491b7b, 5, 0, 405, 29, 26.34
2026/09/08 21:52:48.910, GPU-ecc6a1f9-42fe-2932-7ea0-1dd285491b7b, 5, 0, 405, 30, 26.09
2026/09/08 21:52:49.113, GPU-ecc6a1f9-42fe-2932-7ea0-1dd285491b7b, 5, 0, 405, 29, 26.34
2026/09/08 21:52:49.319, GPU-ecc6a1f9-42fe-2932-7ea0-1dd285491b7b, 5, 0, 405, 29, 26.34
2026/09/08 21:52:49.522, GPU-ecc6a1f9-42fe-2932-7ea0-1dd285491b7b, 5, 0, 405, 29, 26.34
2026/09/08 21:52:49.726, GPU-ecc6a1f9-42fe-2932-7ea0-1dd285491b7b, 5, 0, 405, 29, 26.34
2026/09/08 21:52:49.929, GPU-ecc6a1f9-42fe-2932-7ea0-1dd285491b7b, 5, 0, 405, 29, 26.34
2026/09/08 21:52:50.133, GPU-ecc6a1f9-42fe-2932-7ea0-1dd285491b7b, 5, 0, 405, 29, 26.34
2026/09/08 21:52:50.338, GPU-ecc6a1f9-42fe-2932-7ea0-1dd285491b7b, 5, 0, 405, 29, 26.34
2026/09/08 21:52:50.541, GPU-ecc6a1f9-42fe-2932-7ea0-1dd285491b7b, 5, 0, 405, 29, 26.34
2026/09/08 21:52:50.745, GPU-ecc6a1f9-42fe-2932-7ea0-1dd285491b7b, 5, 0, 405, 29, 26.34
2026/09/08 21:52:50.949, GPU-ecc6a1f9-42fe-2932-7ea0-1dd285491b7b, 5, 0, 405, 30, 26.34
2026/09/08 21:52:51.152, GPU-ecc6a1f9-42fe-2932-7ea0-1dd285491b7b, 5, 0, 405, 29, 26.34
2026/09/08 21:52:51.357, GPU-ecc6a1f9-42fe-2932-7ea0-1dd285491b7b, 5, 0, 405, 29, 26.34
2026/09/08 21:52:51.561, GPU-ecc6a1f9-42fe-2932-7ea0-1dd285491b7b, 5, 0, 405, 29, 26.34
2026/09/08 21:52:51.765, GPU-ecc6a1f9-42fe-2932-7ea0-1dd285491b7b, 5, 0, 405, 29, 26.34
2026/09/08 21:52:51.968, GPU-ecc6a1f9-42fe-2932-7ea0-1dd285491b7b, 5, 0, 405, 29, 26.34
2026/09/08 21:52:52.172, GPU-ecc6a1f9-42fe-2932-7ea0-1dd285491b7b, 5, 0, 405, 29, 26.34
2026/09/08 21:52:52.377, GPU-ecc6a1f9-42fe-2932-7ea0-1dd285491b7b, 5, 0, 405, 29, 26.34
2026/09/08 21:52:52.581, GPU-ecc6a1f9-42fe-2932-7ea0-1dd285491b7b, 5, 0, 405, 29, 26.34
2026/09/08 21:52:52.784, GPU-ecc6a1f9-42fe-2932-7ea0-1dd285491b7b, 5, 0, 405, 29, 26.34
2026/09/08 21:52:52.988, GPU-ecc6a1f9-42fe-2932-7ea0-1dd285491b7b, 5, 0, 405, 29, 26.09
2026/09/08 21:52:53.191, GPU-ecc6a1f9-42fe-2932-7ea0-1dd285491b7b, 5, 0, 405, 29, 26.34
2026/09/08 21:52:53.396, GPU-ecc6a1f9-42fe-2932-7ea0-1dd285491b7b, 5, 0, 405, 29, 26.09
2026/09/08 21:52:53.600, GPU-ecc6a1f9-42fe-2932-7ea0-1dd285491b7b, 5, 0, 405, 29, 26.34
2026/09/08 21:52:53.803, GPU-ecc6a1f9-42fe-2932-7ea0-1dd285491b7b, 5, 0, 405, 29, 26.34
2026/09/08 21:52:54.007, GPU-ecc6a1f9-42fe-2932-7ea0-1dd285491b7b, 5, 0, 405, 29, 26.09
2026/09/08 21:52:54.210, GPU-ecc6a1f9-42fe-2932-7ea0-1dd285491b7b, 5, 0, 405, 29, 26.34
2026/09/08 21:52:54.415, GPU-ecc6a1f9-42fe-2932-7ea0-1dd285491b7b, 5, 0, 405, 29, 26.34
2026/09/08 21:52:54.619, GPU-ecc6a1f9-42fe-2932-7ea0-1dd285491b7b, 5, 0, 405, 29, 26.34
2026/09/08 21:52:54.822, GPU-ecc6a1f9-42fe-2932-7ea0-1dd285491b7b, 5, 0, 405, 29, 26.34
2026/09/08 21:52:55.026, GPU-ecc6a1f9-42fe-2932-7ea0-1dd285491b7b, 5, 0, 405, 29, 26.34
2026/09/08 21:52:55.230, GPU-ecc6a1f9-42fe-2932-7ea0-1dd285491b7b, 5, 0, 405, 29, 26.34
2026/09/08 21:52:55.435, GPU-ecc6a1f9-42fe-2932-7ea0-1dd285491b7b, 5, 0, 405, 29, 26.09
2026/09/08 21:52:55.638, GPU-ecc6a1f9-42fe-2932-7ea0-1dd285491b7b, 5, 0, 405, 29, 26.34
2026/09/08 21:52:55.842, GPU-ecc6a1f9-42fe-2932-7ea0-1dd285491b7b, 5, 0, 405, 29, 26.34
2026/09/08 21:52:56.045, GPU-ecc6a1f9-42fe-2932-7ea0-1dd285491b7b, 5, 0, 405, 29, 26.34
2026/09/08 21:52:56.249, GPU-ecc6a1f9-42fe-2932-7ea0-1dd285491b7b, 5, 0, 405, 29, 26.34
2026/09/08 21:52:56.454, GPU-ecc6a1f9-42fe-2932-7ea0-1dd285491b7b, 5, 0, 405, 29, 26.34
2026/09/08 21:52:56.658, GPU-ecc6a1f9-42fe-2932-7ea0-1dd285491b7b, 5, 0, 405, 29, 26.34
2026/09/08 21:52:56.861, GPU-ecc6a1f9-42fe-2932-7ea0-1dd285491b7b, 5, 0, 405, 29, 26.34
2026/09/08 21:52:57.065, GPU-ecc6a1f9-42fe-2932-7ea0-1dd285491b7b, 5, 0, 405, 29, 26.09
2026/09/08 21:52:57.269, GPU-ecc6a1f9-42fe-2932-7ea0-1dd285491b7b, 5, 0, 405, 29, 26.34
2026/09/08 21:52:57.474, GPU-ecc6a1f9-42fe-2932-7ea0-1dd285491b7b, 5, 0, 405, 29, 26.34
2026/09/08 21:52:57.677, GPU-ecc6a1f9-42fe-2932-7ea0-1dd285491b7b, 5, 0, 405, 29, 26.34
2026/09/08 21:52:57.881, GPU-ecc6a1f9-42fe-2932-7ea0-1dd285491b7b, 5, 0, 405, 29, 26.34
2026/09/08 21:52:58.084, GPU-ecc6a1f9-42fe-2932-7ea0-1dd285491b7b, 5, 0, 405, 29, 26.34
2026/09/08 21:52:58.288, GPU-ecc6a1f9-42fe-2932-7ea0-1dd285491b7b, 5, 0, 405, 29, 26.34
2026/09/08 21:52:58.493, GPU-ecc6a1f9-42fe-2932-7ea0-1dd285491b7b, 5, 0, 405, 29, 26.34
2026/09/08 21:52:58.696, GPU-ecc6a1f9-42fe-2932-7ea0-1dd285491b7b, 5, 0, 405, 29, 26.34
2026/09/08 21:52:58.900, GPU-ecc6a1f9-42fe-2932-7ea0-1dd285491b7b, 5, 0, 405, 29, 26.34
2026/09/08 21:52:59.104, GPU-ecc6a1f9-42fe-2932-7ea0-1dd285491b7b, 5, 0, 405, 29, 26.34
2026/09/08 21:52:59.307, GPU-ecc6a1f9-42fe-2932-7ea0-1dd285491b7b, 5, 0, 405, 29, 26.34
2026/09/08 21:52:59.512, GPU-ecc6a1f9-42fe-2932-7ea0-1dd285491b7b, 5, 0, 405, 29, 26.34
2026/09/08 21:52:59.716, GPU-ecc6a1f9-42fe-2932-7ea0-1dd285491b7b, 5, 0, 405, 29, 26.34
2026/09/08 21:52:59.919, GPU-ecc6a1f9-42fe-2932-7ea0-1dd285491b7b, 5, 0, 405, 29, 26.34
2026/09/08 21:53:00.123, GPU-ecc6a1f9-42fe-2932-7ea0-1dd285491b7b, 5, 0, 405, 29, 26.34
2026/09/08 21:53:00.326, GPU-ecc6a1f9-42fe-2932-7ea0-1dd285491b7b, 5, 0, 405, 29, 26.34
2026/09/08 21:53:00.532, GPU-ecc6a1f9-42fe-2932-7ea0-1dd285491b7b, 5, 0, 405, 29, 26.34
2026/09/08 21:53:00.735, GPU-ecc6a1f9-42fe-2932-7ea0-1dd285491b7b, 5, 0, 405, 29, 26.34
2026/09/08 21:53:00.939, GPU-ecc6a1f9-42fe-2932-7ea0-1dd285491b7b, 5, 0, 405, 29, 26.34
2026/09/08 21:53:01.142, GPU-ecc6a1f9-42fe-2932-7ea0-1dd285491b7b, 5, 0, 405, 29, 26.34
2026/09/08 21:53:01.346, GPU-ecc6a1f9-42fe-2932-7ea0-1dd285491b7b, 5, 0, 405, 29, 26.34
2026/09/08 21:53:01.551, GPU-ecc6a1f9-42fe-2932-7ea0-1dd285491b7b, 5, 0, 405, 29, 26.34
2026/09/08 21:53:01.755, GPU-ecc6a1f9-42fe-2932-7ea0-1dd285491b7b, 5, 0, 405, 29, 26.34
2026/09/08 21:53:01.958, GPU-ecc6a1f9-42fe-2932-7ea0-1dd285491b7b, 5, 0, 405, 29, 26.34
2026/09/08 21:53:02.162, GPU-ecc6a1f9-42fe-2932-7ea0-1dd285491b7b, 5, 0, 405, 29, 26.34
2026/09/08 21:53:02.365, GPU-ecc6a1f9-42fe-2932-7ea0-1dd285491b7b, 5, 0, 405, 29, 26.34
2026/09/08 21:53:02.571, GPU-ecc6a1f9-42fe-2932-7ea0-1dd285491b7b, 5, 0, 405, 29, 26.34
2026/09/08 21:53:02.774, GPU-ecc6a1f9-42fe-2932-7ea0-1dd285491b7b, 5, 0, 405, 29, 26.34
2026/09/08 21:53:02.978, GPU-ecc6a1f9-42fe-2932-7ea0-1dd285491b7b, 5, 0, 405, 29, 26.34
2026/09/08 21:53:03.181, GPU-ecc6a1f9-42fe-2932-7ea0-1dd285491b7b, 5, 0, 405, 29, 26.34
2026/09/08 21:53:03.385, GPU-ecc6a1f9-42fe-2932-7ea0-1dd285491b7b, 5, 0, 405, 29, 26.34
2026/09/08 21:53:03.590, GPU-ecc6a1f9-42fe-2932-7ea0-1dd285491b7b, 5, 0, 405, 29, 26.34
2026/09/08 21:53:03.794, GPU-ecc6a1f9-42fe-2932-7ea0-1dd285491b7b, 5, 0, 405, 29, 26.34
2026/09/08 21:53:03.997, GPU-ecc6a1f9-42fe-2932-7ea0-1dd285491b7b, 5, 0, 405, 29, 26.34
2026/09/08 21:53:04.201, GPU-ecc6a1f9-42fe-2932-7ea0-1dd285491b7b, 5, 0, 405, 29, 26.34
2026/09/08 21:53:04.404, GPU-ecc6a1f9-42fe-2932-7ea0-1dd285491b7b, 5, 0, 405, 29, 26.34
2026/09/08 21:53:04.609, GPU-ecc6a1f9-42fe-2932-7ea0-1dd285491b7b, 5, 0, 405, 29, 26.34
2026/09/08 21:53:04.813, GPU-ecc6a1f9-42fe-2932-7ea0-1dd285491b7b, 5, 0, 405, 29, 26.34
2026/09/08 21:53:05.017, GPU-ecc6a1f9-42fe-2932-7ea0-1dd285491b7b, 5, 0, 405, 29, 26.09
2026/09/08 21:53:05.220, GPU-ecc6a1f9-42fe-2932-7ea0-1dd285491b7b, 5, 0, 405, 29, 26.34
2026/09/08 21:53:05.423, GPU-ecc6a1f9-42fe-2932-7ea0-1dd285491b7b, 5, 0, 405, 29, 26.34
2026/09/08 21:53:05.627, GPU-ecc6a1f9-42fe-2932-7ea0-1dd285491b7b, 5, 0, 405, 29, 26.34
2026/09/08 21:53:05.831, GPU-ecc6a1f9-42fe-2932-7ea0-1dd285491b7b, 5, 0, 405, 29, 26.09
2026/09/08 21:53:06.035, GPU-ecc6a1f9-42fe-2932-7ea0-1dd285491b7b, 5, 0, 405, 29, 26.34
2026/09/08 21:53:06.238, GPU-ecc6a1f9-42fe-2932-7ea0-1dd285491b7b, 5, 0, 405, 29, 26.34
2026/09/08 21:53:06.442, GPU-ecc6a1f9-42fe-2932-7ea0-1dd285491b7b, 5, 0, 405, 29, 26.34
2026/09/08 21:53:06.646, GPU-ecc6a1f9-42fe-2932-7ea0-1dd285491b7b, 5, 0, 405, 29, 26.34
2026/09/08 21:53:06.849, GPU-ecc6a1f9-42fe-2932-7ea0-1dd285491b7b, 5, 0, 405, 29, 26.34
2026/09/08 21:53:07.055, GPU-ecc6a1f9-42fe-2932-7ea0-1dd285491b7b, 5, 0, 405, 29, 26.09
2026/09/08 21:53:07.258, GPU-ecc6a1f9-42fe-2932-7ea0-1dd285491b7b, 5, 0, 405, 29, 26.09
2026/09/08 21:53:07.462, GPU-ecc6a1f9-42fe-2932-7ea0-1dd285491b7b, 5, 0, 405, 29, 26.34
2026/09/08 21:53:07.665, GPU-ecc6a1f9-42fe-2932-7ea0-1dd285491b7b, 5, 0, 405, 29, 26.34
2026/09/08 21:53:07.869, GPU-ecc6a1f9-42fe-2932-7ea0-1dd285491b7b, 5, 0, 405, 29, 26.09
2026/09/08 21:53:08.072, GPU-ecc6a1f9-42fe-2932-7ea0-1dd285491b7b, 5, 0, 405, 29, 26.34
2026/09/08 21:53:08.277, GPU-ecc6a1f9-42fe-2932-7ea0-1dd285491b7b, 5, 0, 405, 29, 26.34
2026/09/08 21:53:08.481, GPU-ecc6a1f9-42fe-2932-7ea0-1dd285491b7b, 5, 0, 405, 29, 26.34
2026/09/08 21:53:08.685, GPU-ecc6a1f9-42fe-2932-7ea0-1dd285491b7b, 5, 0, 405, 29, 26.34
2026/09/08 21:53:08.888, GPU-ecc6a1f9-42fe-2932-7ea0-1dd285491b7b, 5, 0, 405, 29, 26.34
2026/09/08 21:53:09.092, GPU-ecc6a1f9-42fe-2932-7ea0-1dd285491b7b, 5, 0, 405, 29, 26.34
2026/09/08 21:53:09.298, GPU-ecc6a1f9-42fe-2932-7ea0-1dd285491b7b, 5, 0, 405, 29, 26.09
2026/09/08 21:53:09.502, GPU-ecc6a1f9-42fe-2932-7ea0-1dd285491b7b, 5, 0, 405, 29, 26.09
2026/09/08 21:53:09.705, GPU-ecc6a1f9-42fe-2932-7ea0-1dd285491b7b, 5, 0, 405, 29, 26.09
2026/09/08 21:53:09.909, GPU-ecc6a1f9-42fe-2932-7ea0-1dd285491b7b, 5, 0, 405, 29, 26.34
2026/09/08 21:53:10.112, GPU-ecc6a1f9-42fe-2932-7ea0-1dd285491b7b, 5, 0, 405, 29, 26.09
2026/09/08 21:53:10.318, GPU-ecc6a1f9-42fe-2932-7ea0-1dd285491b7b, 5, 0, 405, 29, 26.09
2026/09/08 21:53:10.521, GPU-ecc6a1f9-42fe-2932-7ea0-1dd285491b7b, 5, 0, 405, 29, 26.09
2026/09/08 21:53:10.725, GPU-ecc6a1f9-42fe-2932-7ea0-1dd285491b7b, 5, 0, 405, 29, 26.09
2026/09/08 21:53:10.928, GPU-ecc6a1f9-42fe-2932-7ea0-1dd285491b7b, 5, 0, 405, 29, 26.34
2026/09/08 21:53:11.132, GPU-ecc6a1f9-42fe-2932-7ea0-1dd285491b7b, 5, 0, 405, 29, 26.09
2026/09/08 21:53:11.338, GPU-ecc6a1f9-42fe-2932-7ea0-1dd285491b7b, 5, 0, 405, 29, 26.09
2026/09/08 21:53:11.541, GPU-ecc6a1f9-42fe-2932-7ea0-1dd285491b7b, 5, 0, 405, 29, 26.09
2026/09/08 21:53:11.745, GPU-ecc6a1f9-42fe-2932-7ea0-1dd285491b7b, 5, 0, 405, 29, 26.34
2026/09/08 21:53:11.948, GPU-ecc6a1f9-42fe-2932-7ea0-1dd285491b7b, 5, 0, 405, 29, 26.09
2026/09/08 21:53:12.152, GPU-ecc6a1f9-42fe-2932-7ea0-1dd285491b7b, 5, 0, 405, 29, 26.34
2026/09/08 21:53:12.357, GPU-ecc6a1f9-42fe-2932-7ea0-1dd285491b7b, 5, 0, 405, 29, 26.34
2026/09/08 21:53:12.561, GPU-ecc6a1f9-42fe-2932-7ea0-1dd285491b7b, 5, 0, 405, 29, 26.34
2026/09/08 21:53:12.764, GPU-ecc6a1f9-42fe-2932-7ea0-1dd285491b7b, 5, 0, 405, 29, 26.34
2026/09/08 21:53:12.968, GPU-ecc6a1f9-42fe-2932-7ea0-1dd285491b7b, 5, 0, 405, 29, 26.34
2026/09/08 21:53:13.171, GPU-ecc6a1f9-42fe-2932-7ea0-1dd285491b7b, 5, 0, 405, 29, 26.34
2026/09/08 21:53:13.376, GPU-ecc6a1f9-42fe-2932-7ea0-1dd285491b7b, 5, 0, 405, 29, 26.09
2026/09/08 21:53:13.580, GPU-ecc6a1f9-42fe-2932-7ea0-1dd285491b7b, 5, 0, 405, 29, 26.34
2026/09/08 21:53:13.784, GPU-ecc6a1f9-42fe-2932-7ea0-1dd285491b7b, 5, 0, 405, 29, 26.34
2026/09/08 21:53:13.987, GPU-ecc6a1f9-42fe-2932-7ea0-1dd285491b7b, 5, 0, 405, 29, 26.09
2026/09/08 21:53:14.191, GPU-ecc6a1f9-42fe-2932-7ea0-1dd285491b7b, 5, 0, 405, 29, 26.09
2026/09/08 21:53:14.396, GPU-ecc6a1f9-42fe-2932-7ea0-1dd285491b7b, 5, 0, 405, 29, 26.34
2026/09/08 21:53:14.600, GPU-ecc6a1f9-42fe-2932-7ea0-1dd285491b7b, 5, 0, 405, 29, 26.09
2026/09/08 21:53:14.803, GPU-ecc6a1f9-42fe-2932-7ea0-1dd285491b7b, 5, 0, 405, 29, 26.09
2026/09/08 21:53:15.007, GPU-ecc6a1f9-42fe-2932-7ea0-1dd285491b7b, 5, 0, 405, 29, 26.09
2026/09/08 21:53:15.210, GPU-ecc6a1f9-42fe-2932-7ea0-1dd285491b7b, 5, 0, 405, 29, 26.34
2026/09/08 21:53:15.415, GPU-ecc6a1f9-42fe-2932-7ea0-1dd285491b7b, 5, 0, 405, 29, 26.34
2026/09/08 21:53:15.619, GPU-ecc6a1f9-42fe-2932-7ea0-1dd285491b7b, 5, 0, 405, 29, 26.09
2026/09/08 21:53:15.822, GPU-ecc6a1f9-42fe-2932-7ea0-1dd285491b7b, 5, 0, 405, 29, 26.34
2026/09/08 21:53:16.026, GPU-ecc6a1f9-42fe-2932-7ea0-1dd285491b7b, 5, 0, 405, 29, 26.09
2026/09/08 21:53:16.229, GPU-ecc6a1f9-42fe-2932-7ea0-1dd285491b7b, 5, 0, 405, 29, 26.34
2026/09/08 21:53:16.435, GPU-ecc6a1f9-42fe-2932-7ea0-1dd285491b7b, 5, 0, 405, 29, 26.09
2026/09/08 21:53:16.638, GPU-ecc6a1f9-42fe-2932-7ea0-1dd285491b7b, 5, 0, 405, 29, 26.34
2026/09/08 21:53:16.842, GPU-ecc6a1f9-42fe-2932-7ea0-1dd285491b7b, 5, 0, 405, 29, 26.09
2026/09/08 21:53:17.045, GPU-ecc6a1f9-42fe-2932-7ea0-1dd285491b7b, 5, 0, 405, 29, 26.09
2026/09/08 21:53:17.249, GPU-ecc6a1f9-42fe-2932-7ea0-1dd285491b7b, 5, 0, 405, 29, 26.34
2026/09/08 21:53:17.454, GPU-ecc6a1f9-42fe-2932-7ea0-1dd285491b7b, 5, 0, 405, 29, 26.09
2026/09/08 21:53:17.657, GPU-ecc6a1f9-42fe-2932-7ea0-1dd285491b7b, 5, 0, 405, 29, 26.09
2026/09/08 21:53:17.861, GPU-ecc6a1f9-42fe-2932-7ea0-1dd285491b7b, 5, 0, 405, 29, 26.34
2026/09/08 21:53:18.065, GPU-ecc6a1f9-42fe-2932-7ea0-1dd285491b7b, 5, 0, 405, 29, 26.09
2026/09/08 21:53:18.268, GPU-ecc6a1f9-42fe-2932-7ea0-1dd285491b7b, 5, 0, 405, 29, 26.34
2026/09/08 21:53:18.473, GPU-ecc6a1f9-42fe-2932-7ea0-1dd285491b7b, 5, 0, 405, 29, 25.85
2026/09/08 21:53:18.677, GPU-ecc6a1f9-42fe-2932-7ea0-1dd285491b7b, 5, 0, 405, 29, 26.09
2026/09/08 21:53:18.881, GPU-ecc6a1f9-42fe-2932-7ea0-1dd285491b7b, 5, 0, 405, 29, 26.34
2026/09/08 21:53:19.084, GPU-ecc6a1f9-42fe-2932-7ea0-1dd285491b7b, 5, 0, 405, 29, 25.85
2026/09/08 21:53:19.288, GPU-ecc6a1f9-42fe-2932-7ea0-1dd285491b7b, 5, 0, 405, 29, 26.09
2026/09/08 21:53:19.493, GPU-ecc6a1f9-42fe-2932-7ea0-1dd285491b7b, 5, 0, 405, 29, 25.85
2026/09/08 21:53:19.697, GPU-ecc6a1f9-42fe-2932-7ea0-1dd285491b7b, 5, 0, 405, 29, 26.09
2026/09/08 21:53:19.900, GPU-ecc6a1f9-42fe-2932-7ea0-1dd285491b7b, 5, 0, 405, 29, 26.34
2026/09/08 21:53:20.104, GPU-ecc6a1f9-42fe-2932-7ea0-1dd285491b7b, 5, 0, 405, 29, 26.09
2026/09/08 21:53:20.307, GPU-ecc6a1f9-42fe-2932-7ea0-1dd285491b7b, 5, 0, 405, 29, 26.34
2026/09/08 21:53:20.512, GPU-ecc6a1f9-42fe-2932-7ea0-1dd285491b7b, 5, 0, 405, 29, 26.09
2026/09/08 21:53:20.716, GPU-ecc6a1f9-42fe-2932-7ea0-1dd285491b7b, 5, 0, 405, 29, 26.09
2026/09/08 21:53:20.919, GPU-ecc6a1f9-42fe-2932-7ea0-1dd285491b7b, 5, 0, 405, 29, 26.09
2026/09/08 21:53:21.123, GPU-ecc6a1f9-42fe-2932-7ea0-1dd285491b7b, 5, 0, 405, 29, 26.09
2026/09/08 21:53:21.326, GPU-ecc6a1f9-42fe-2932-7ea0-1dd285491b7b, 5, 0, 405, 29, 26.34
2026/09/08 21:53:21.532, GPU-ecc6a1f9-42fe-2932-7ea0-1dd285491b7b, 5, 0, 405, 29, 26.34
2026/09/08 21:53:21.735, GPU-ecc6a1f9-42fe-2932-7ea0-1dd285491b7b, 5, 0, 405, 29, 26.34
2026/09/08 21:53:21.939, GPU-ecc6a1f9-42fe-2932-7ea0-1dd285491b7b, 5, 0, 405, 29, 26.34
2026/09/08 21:53:22.142, GPU-ecc6a1f9-42fe-2932-7ea0-1dd285491b7b, 5, 0, 405, 29, 26.09
2026/09/08 21:53:22.346, GPU-ecc6a1f9-42fe-2932-7ea0-1dd285491b7b, 5, 0, 405, 29, 26.09
2026/09/08 21:53:22.551, GPU-ecc6a1f9-42fe-2932-7ea0-1dd285491b7b, 5, 0, 405, 29, 26.09
2026/09/08 21:53:22.755, GPU-ecc6a1f9-42fe-2932-7ea0-1dd285491b7b, 5, 0, 405, 29, 26.09
2026/09/08 21:53:22.958, GPU-ecc6a1f9-42fe-2932-7ea0-1dd285491b7b, 5, 0, 405, 29, 26.09
2026/09/08 21:53:23.162, GPU-ecc6a1f9-42fe-2932-7ea0-1dd285491b7b, 5, 0, 405, 29, 25.85
2026/09/08 21:53:23.365, GPU-ecc6a1f9-42fe-2932-7ea0-1dd285491b7b, 5, 0, 405, 29, 26.09
2026/09/08 21:53:23.570, GPU-ecc6a1f9-42fe-2932-7ea0-1dd285491b7b, 5, 0, 405, 29, 26.09
2026/09/08 21:53:23.774, GPU-ecc6a1f9-42fe-2932-7ea0-1dd285491b7b, 5, 0, 405, 29, 26.09
2026/09/08 21:53:23.977, GPU-ecc6a1f9-42fe-2932-7ea0-1dd285491b7b, 5, 0, 405, 29, 26.09
2026/09/08 21:53:24.181, GPU-ecc6a1f9-42fe-2932-7ea0-1dd285491b7b, 5, 0, 405, 29, 26.09
2026/09/08 21:53:24.384, GPU-ecc6a1f9-42fe-2932-7ea0-1dd285491b7b, 5, 0, 405, 29, 26.09
2026/09/08 21:53:24.590, GPU-ecc6a1f9-42fe-2932-7ea0-1dd285491b7b, 5, 0, 405, 29, 26.09
2026/09/08 21:53:24.794, GPU-ecc6a1f9-42fe-2932-7ea0-1dd285491b7b, 5, 0, 405, 29, 26.34
2026/09/08 21:53:24.997, GPU-ecc6a1f9-42fe-2932-7ea0-1dd285491b7b, 5, 0, 405, 29, 25.85
2026/09/08 21:53:25.201, GPU-ecc6a1f9-42fe-2932-7ea0-1dd285491b7b, 5, 0, 405, 29, 26.09
2026/09/08 21:53:25.404, GPU-ecc6a1f9-42fe-2932-7ea0-1dd285491b7b, 5, 0, 405, 29, 26.09
2026/09/08 21:53:25.609, GPU-ecc6a1f9-42fe-2932-7ea0-1dd285491b7b, 5, 0, 405, 29, 26.09
2026/09/08 21:53:25.813, GPU-ecc6a1f9-42fe-2932-7ea0-1dd285491b7b, 5, 0, 405, 29, 26.09
2026/09/08 21:53:26.016, GPU-ecc6a1f9-42fe-2932-7ea0-1dd285491b7b, 5, 0, 405, 29, 26.09
2026/09/08 21:53:26.220, GPU-ecc6a1f9-42fe-2932-7ea0-1dd285491b7b, 5, 0, 405, 29, 26.09
2026/09/08 21:53:26.424, GPU-ecc6a1f9-42fe-2932-7ea0-1dd285491b7b, 5, 0, 405, 29, 26.09
2026/09/08 21:53:26.629, GPU-ecc6a1f9-42fe-2932-7ea0-1dd285491b7b, 5, 0, 405, 29, 26.09
2026/09/08 21:53:26.832, GPU-ecc6a1f9-42fe-2932-7ea0-1dd285491b7b, 5, 0, 405, 29, 25.85
2026/09/08 21:53:27.036, GPU-ecc6a1f9-42fe-2932-7ea0-1dd285491b7b, 5, 0, 405, 29, 25.85
2026/09/08 21:53:27.239, GPU-ecc6a1f9-42fe-2932-7ea0-1dd285491b7b, 5, 0, 405, 29, 26.09
2026/09/08 21:53:27.443, GPU-ecc6a1f9-42fe-2932-7ea0-1dd285491b7b, 5, 0, 405, 29, 26.09
2026/09/08 21:53:27.649, GPU-ecc6a1f9-42fe-2932-7ea0-1dd285491b7b, 5, 0, 405, 29, 26.09
2026/09/08 21:53:27.853, GPU-ecc6a1f9-42fe-2932-7ea0-1dd285491b7b, 5, 0, 405, 29, 25.85
2026/09/08 21:53:28.056, GPU-ecc6a1f9-42fe-2932-7ea0-1dd285491b7b, 5, 0, 405, 29, 25.85
2026/09/08 21:53:28.260, GPU-ecc6a1f9-42fe-2932-7ea0-1dd285491b7b, 5, 0, 405, 29, 26.09
2026/09/08 21:53:28.463, GPU-ecc6a1f9-42fe-2932-7ea0-1dd285491b7b, 5, 0, 405, 29, 26.09
2026/09/08 21:53:28.667, GPU-ecc6a1f9-42fe-2932-7ea0-1dd285491b7b, 5, 0, 405, 29, 26.09
2026/09/08 21:53:28.873, GPU-ecc6a1f9-42fe-2932-7ea0-1dd285491b7b, 5, 0, 405, 29, 26.34
2026/09/08 21:53:29.076, GPU-ecc6a1f9-42fe-2932-7ea0-1dd285491b7b, 5, 0, 405, 29, 25.85
2026/09/08 21:53:29.280, GPU-ecc6a1f9-42fe-2932-7ea0-1dd285491b7b, 5, 0, 405, 29, 26.09
2026/09/08 21:53:29.483, GPU-ecc6a1f9-42fe-2932-7ea0-1dd285491b7b, 5, 0, 405, 29, 26.09
2026/09/08 21:53:29.688, GPU-ecc6a1f9-42fe-2932-7ea0-1dd285491b7b, 5, 0, 405, 29, 26.34
2026/09/08 21:53:29.892, GPU-ecc6a1f9-42fe-2932-7ea0-1dd285491b7b, 5, 0, 405, 29, 25.85
2026/09/08 21:53:30.097, GPU-ecc6a1f9-42fe-2932-7ea0-1dd285491b7b, 5, 0, 405, 29, 26.09
2026/09/08 21:53:30.300, GPU-ecc6a1f9-42fe-2932-7ea0-1dd285491b7b, 5, 0, 405, 29, 26.09
2026/09/08 21:53:30.504, GPU-ecc6a1f9-42fe-2932-7ea0-1dd285491b7b, 5, 0, 405, 29, 25.85
2026/09/08 21:53:30.707, GPU-ecc6a1f9-42fe-2932-7ea0-1dd285491b7b, 5, 0, 405, 29, 26.09
2026/09/08 21:53:30.911, GPU-ecc6a1f9-42fe-2932-7ea0-1dd285491b7b, 5, 0, 405, 29, 26.09
2026/09/08 21:53:31.118, GPU-ecc6a1f9-42fe-2932-7ea0-1dd285491b7b, 5, 0, 405, 29, 26.09
2026/09/08 21:53:31.321, GPU-ecc6a1f9-42fe-2932-7ea0-1dd285491b7b, 5, 0, 405, 29, 26.09
2026/09/08 21:53:31.525, GPU-ecc6a1f9-42fe-2932-7ea0-1dd285491b7b, 5, 0, 405, 29, 25.85
2026/09/08 21:53:31.729, GPU-ecc6a1f9-42fe-2932-7ea0-1dd285491b7b, 5, 0, 405, 29, 25.85
2026/09/08 21:53:31.932, GPU-ecc6a1f9-42fe-2932-7ea0-1dd285491b7b, 5, 0, 405, 29, 26.09
2026/09/08 21:53:32.138, GPU-ecc6a1f9-42fe-2932-7ea0-1dd285491b7b, 5, 0, 405, 29, 26.09
2026/09/08 21:53:32.341, GPU-ecc6a1f9-42fe-2932-7ea0-1dd285491b7b, 5, 0, 405, 28, 26.09
2026/09/08 21:53:32.545, GPU-ecc6a1f9-42fe-2932-7ea0-1dd285491b7b, 5, 0, 405, 29, 26.34
2026/09/08 21:53:32.748, GPU-ecc6a1f9-42fe-2932-7ea0-1dd285491b7b, 5, 0, 405, 28, 26.09
2026/09/08 21:53:32.952, GPU-ecc6a1f9-42fe-2932-7ea0-1dd285491b7b, 5, 0, 405, 29, 26.09
2026/09/08 21:53:33.158, GPU-ecc6a1f9-42fe-2932-7ea0-1dd285491b7b, 5, 0, 405, 29, 26.09
2026/09/08 21:53:33.361, GPU-ecc6a1f9-42fe-2932-7ea0-1dd285491b7b, 5, 0, 405, 28, 25.85
2026/09/08 21:53:33.565, GPU-ecc6a1f9-42fe-2932-7ea0-1dd285491b7b, 5, 0, 405, 29, 26.09
2026/09/08 21:53:33.768, GPU-ecc6a1f9-42fe-2932-7ea0-1dd285491b7b, 5, 0, 405, 29, 26.09
2026/09/08 21:53:33.972, GPU-ecc6a1f9-42fe-2932-7ea0-1dd285491b7b, 5, 0, 405, 29, 26.09
2026/09/08 21:53:34.177, GPU-ecc6a1f9-42fe-2932-7ea0-1dd285491b7b, 5, 0, 405, 29, 26.09
2026/09/08 21:53:34.381, GPU-ecc6a1f9-42fe-2932-7ea0-1dd285491b7b, 5, 0, 405, 29, 26.09
2026/09/08 21:53:34.584, GPU-ecc6a1f9-42fe-2932-7ea0-1dd285491b7b, 5, 0, 405, 29, 25.85
2026/09/08 21:53:34.788, GPU-ecc6a1f9-42fe-2932-7ea0-1dd285491b7b, 5, 0, 405, 29, 25.85
2026/09/08 21:53:34.991, GPU-ecc6a1f9-42fe-2932-7ea0-1dd285491b7b, 5, 0, 405, 28, 26.09
2026/09/08 21:53:35.196, GPU-ecc6a1f9-42fe-2932-7ea0-1dd285491b7b, 5, 0, 405, 29, 26.09
2026/09/08 21:53:35.400, GPU-ecc6a1f9-42fe-2932-7ea0-1dd285491b7b, 5, 0, 405, 29, 25.85
2026/09/08 21:53:35.604, GPU-ecc6a1f9-42fe-2932-7ea0-1dd285491b7b, 5, 0, 405, 28, 26.09
2026/09/08 21:53:35.807, GPU-ecc6a1f9-42fe-2932-7ea0-1dd285491b7b, 5, 0, 405, 29, 26.09
2026/09/08 21:53:36.011, GPU-ecc6a1f9-42fe-2932-7ea0-1dd285491b7b, 5, 0, 405, 29, 26.09
2026/09/08 21:53:36.217, GPU-ecc6a1f9-42fe-2932-7ea0-1dd285491b7b, 5, 0, 405, 29, 26.09
2026/09/08 21:53:36.420, GPU-ecc6a1f9-42fe-2932-7ea0-1dd285491b7b, 5, 0, 405, 29, 26.09
2026/09/08 21:53:36.624, GPU-ecc6a1f9-42fe-2932-7ea0-1dd285491b7b, 5, 0, 405, 29, 25.85
2026/09/08 21:53:36.827, GPU-ecc6a1f9-42fe-2932-7ea0-1dd285491b7b, 5, 0, 405, 29, 25.85
2026/09/08 21:53:37.031, GPU-ecc6a1f9-42fe-2932-7ea0-1dd285491b7b, 5, 0, 405, 29, 26.09
2026/09/08 21:53:37.236, GPU-ecc6a1f9-42fe-2932-7ea0-1dd285491b7b, 5, 0, 405, 28, 25.85
2026/09/08 21:53:37.439, GPU-ecc6a1f9-42fe-2932-7ea0-1dd285491b7b, 5, 0, 405, 28, 25.85
2026/09/08 21:53:37.643, GPU-ecc6a1f9-42fe-2932-7ea0-1dd285491b7b, 5, 0, 405, 29, 25.85
2026/09/08 21:53:37.846, GPU-ecc6a1f9-42fe-2932-7ea0-1dd285491b7b, 5, 0, 405, 29, 25.85
2026/09/08 21:53:38.050, GPU-ecc6a1f9-42fe-2932-7ea0-1dd285491b7b, 5, 0, 405, 29, 25.85
2026/09/08 21:53:38.255, GPU-ecc6a1f9-42fe-2932-7ea0-1dd285491b7b, 5, 0, 405, 29, 25.85
2026/09/08 21:53:38.458, GPU-ecc6a1f9-42fe-2932-7ea0-1dd285491b7b, 5, 0, 405, 29, 26.09
2026/09/08 21:53:38.662, GPU-ecc6a1f9-42fe-2932-7ea0-1dd285491b7b, 5, 0, 405, 28, 26.09
2026/09/08 21:53:38.865, GPU-ecc6a1f9-42fe-2932-7ea0-1dd285491b7b, 5, 0, 405, 29, 25.85
2026/09/08 21:53:39.069, GPU-ecc6a1f9-42fe-2932-7ea0-1dd285491b7b, 5, 0, 405, 29, 25.85
2026/09/08 21:53:39.274, GPU-ecc6a1f9-42fe-2932-7ea0-1dd285491b7b, 5, 0, 405, 29, 26.09
2026/09/08 21:53:39.478, GPU-ecc6a1f9-42fe-2932-7ea0-1dd285491b7b, 5, 0, 405, 29, 26.09
2026/09/08 21:53:39.681, GPU-ecc6a1f9-42fe-2932-7ea0-1dd285491b7b, 5, 0, 405, 29, 26.09
2026/09/08 21:53:39.885, GPU-ecc6a1f9-42fe-2932-7ea0-1dd285491b7b, 5, 0, 405, 28, 26.09
2026/09/08 21:53:40.088, GPU-ecc6a1f9-42fe-2932-7ea0-1dd285491b7b, 5, 0, 405, 28, 26.09
2026/09/08 21:53:40.294, GPU-ecc6a1f9-42fe-2932-7ea0-1dd285491b7b, 5, 0, 405, 28, 26.09
2026/09/08 21:53:40.497, GPU-ecc6a1f9-42fe-2932-7ea0-1dd285491b7b, 5, 0, 405, 29, 26.09
2026/09/08 21:53:40.701, GPU-ecc6a1f9-42fe-2932-7ea0-1dd285491b7b, 5, 0, 405, 29, 25.85
2026/09/08 21:53:40.905, GPU-ecc6a1f9-42fe-2932-7ea0-1dd285491b7b, 5, 0, 405, 29, 26.09
2026/09/08 21:53:41.108, GPU-ecc6a1f9-42fe-2932-7ea0-1dd285491b7b, 5, 0, 405, 28, 26.09
2026/09/08 21:53:41.313, GPU-ecc6a1f9-42fe-2932-7ea0-1dd285491b7b, 5, 0, 405, 28, 26.09
2026/09/08 21:53:41.517, GPU-ecc6a1f9-42fe-2932-7ea0-1dd285491b7b, 5, 0, 405, 29, 26.09
2026/09/08 21:53:41.720, GPU-ecc6a1f9-42fe-2932-7ea0-1dd285491b7b, 5, 0, 405, 28, 25.85
2026/09/08 21:53:41.924, GPU-ecc6a1f9-42fe-2932-7ea0-1dd285491b7b, 5, 0, 405, 28, 26.09
2026/09/08 21:53:42.128, GPU-ecc6a1f9-42fe-2932-7ea0-1dd285491b7b, 5, 0, 405, 29, 26.09
2026/09/08 21:53:42.333, GPU-ecc6a1f9-42fe-2932-7ea0-1dd285491b7b, 5, 0, 405, 28, 26.09
2026/09/08 21:53:42.536, GPU-ecc6a1f9-42fe-2932-7ea0-1dd285491b7b, 5, 0, 405, 28, 25.85
2026/09/08 21:53:42.740, GPU-ecc6a1f9-42fe-2932-7ea0-1dd285491b7b, 5, 0, 405, 28, 26.34
2026/09/08 21:53:42.943, GPU-ecc6a1f9-42fe-2932-7ea0-1dd285491b7b, 5, 0, 405, 28, 25.85
2026/09/08 21:53:43.147, GPU-ecc6a1f9-42fe-2932-7ea0-1dd285491b7b, 5, 0, 405, 28, 26.09
2026/09/08 21:53:43.352, GPU-ecc6a1f9-42fe-2932-7ea0-1dd285491b7b, 5, 0, 405, 28, 25.85
2026/09/08 21:53:43.555, GPU-ecc6a1f9-42fe-2932-7ea0-1dd285491b7b, 5, 0, 405, 28, 26.09
2026/09/08 21:53:43.759, GPU-ecc6a1f9-42fe-2932-7ea0-1dd285491b7b, 5, 0, 405, 29, 25.85
2026/09/08 21:53:43.963, GPU-ecc6a1f9-42fe-2932-7ea0-1dd285491b7b, 5, 0, 405, 28, 26.09
2026/09/08 21:53:44.166, GPU-ecc6a1f9-42fe-2932-7ea0-1dd285491b7b, 5, 0, 405, 28, 25.85
2026/09/08 21:53:44.371, GPU-ecc6a1f9-42fe-2932-7ea0-1dd285491b7b, 5, 0, 405, 28, 25.85
2026/09/08 21:53:44.575, GPU-ecc6a1f9-42fe-2932-7ea0-1dd285491b7b, 5, 0, 405, 28, 26.09
2026/09/08 21:53:44.778, GPU-ecc6a1f9-42fe-2932-7ea0-1dd285491b7b, 5, 0, 405, 29, 25.85
2026/09/08 21:53:44.982, GPU-ecc6a1f9-42fe-2932-7ea0-1dd285491b7b, 5, 0, 405, 28, 25.85
2026/09/08 21:53:45.185, GPU-ecc6a1f9-42fe-2932-7ea0-1dd285491b7b, 5, 0, 405, 28, 26.09
2026/09/08 21:53:45.391, GPU-ecc6a1f9-42fe-2932-7ea0-1dd285491b7b, 5, 0, 405, 29, 26.09
2026/09/08 21:53:45.594, GPU-ecc6a1f9-42fe-2932-7ea0-1dd285491b7b, 5, 0, 405, 28, 25.85
2026/09/08 21:53:45.798, GPU-ecc6a1f9-42fe-2932-7ea0-1dd285491b7b, 5, 0, 405, 28, 26.09
2026/09/08 21:53:46.002, GPU-ecc6a1f9-42fe-2932-7ea0-1dd285491b7b, 5, 0, 405, 28, 26.09
2026/09/08 21:53:46.205, GPU-ecc6a1f9-42fe-2932-7ea0-1dd285491b7b, 5, 0, 405, 28, 26.09
2026/09/08 21:53:46.410, GPU-ecc6a1f9-42fe-2932-7ea0-1dd285491b7b, 5, 0, 405, 28, 25.85
2026/09/08 21:53:46.614, GPU-ecc6a1f9-42fe-2932-7ea0-1dd285491b7b, 5, 0, 405, 28, 26.09
2026/09/08 21:53:46.817, GPU-ecc6a1f9-42fe-2932-7ea0-1dd285491b7b, 5, 0, 405, 28, 26.09
2026/09/08 21:53:47.021, GPU-ecc6a1f9-42fe-2932-7ea0-1dd285491b7b, 5, 0, 405, 28, 26.09
2026/09/08 21:53:47.225, GPU-ecc6a1f9-42fe-2932-7ea0-1dd285491b7b, 5, 0, 405, 28, 26.09
2026/09/08 21:53:47.430, GPU-ecc6a1f9-42fe-2932-7ea0-1dd285491b7b, 5, 0, 405, 28, 25.85
2026/09/08 21:53:47.633, GPU-ecc6a1f9-42fe-2932-7ea0-1dd285491b7b, 5, 0, 405, 29, 26.09
2026/09/08 21:53:47.837, GPU-ecc6a1f9-42fe-2932-7ea0-1dd285491b7b, 5, 0, 405, 29, 25.85
2026/09/08 21:53:48.041, GPU-ecc6a1f9-42fe-2932-7ea0-1dd285491b7b, 5, 0, 405, 28, 25.85
2026/09/08 21:53:48.244, GPU-ecc6a1f9-42fe-2932-7ea0-1dd285491b7b, 5, 0, 405, 28, 25.85
2026/09/08 21:53:48.449, GPU-ecc6a1f9-42fe-2932-7ea0-1dd285491b7b, 5, 0, 405, 28, 26.09
2026/09/08 21:53:48.653, GPU-ecc6a1f9-42fe-2932-7ea0-1dd285491b7b, 5, 0, 405, 28, 25.85
2026/09/08 21:53:48.856, GPU-ecc6a1f9-42fe-2932-7ea0-1dd285491b7b, 5, 0, 405, 28, 25.85
2026/09/08 21:53:49.060, GPU-ecc6a1f9-42fe-2932-7ea0-1dd285491b7b, 5, 0, 405, 28, 26.09
2026/09/08 21:53:49.263, GPU-ecc6a1f9-42fe-2932-7ea0-1dd285491b7b, 5, 0, 405, 28, 25.85
2026/09/08 21:53:49.468, GPU-ecc6a1f9-42fe-2932-7ea0-1dd285491b7b, 5, 0, 405, 29, 26.09
2026/09/08 21:53:49.672, GPU-ecc6a1f9-42fe-2932-7ea0-1dd285491b7b, 5, 0, 405, 29, 25.85
2026/09/08 21:53:49.875, GPU-ecc6a1f9-42fe-2932-7ea0-1dd285491b7b, 5, 0, 405, 28, 25.85
2026/09/08 21:53:50.079, GPU-ecc6a1f9-42fe-2932-7ea0-1dd285491b7b, 5, 0, 405, 28, 25.85
2026/09/08 21:53:50.282, GPU-ecc6a1f9-42fe-2932-7ea0-1dd285491b7b, 5, 0, 405, 29, 25.85
2026/09/08 21:53:50.486, GPU-ecc6a1f9-42fe-2932-7ea0-1dd285491b7b, 5, 0, 405, 28, 25.85
2026/09/08 21:53:50.691, GPU-ecc6a1f9-42fe-2932-7ea0-1dd285491b7b, 5, 0, 405, 28, 25.85
2026/09/08 21:53:50.895, GPU-ecc6a1f9-42fe-2932-7ea0-1dd285491b7b, 5, 0, 405, 28, 26.09
2026/09/08 21:53:51.098, GPU-ecc6a1f9-42fe-2932-7ea0-1dd285491b7b, 5, 0, 405, 29, 26.09
2026/09/08 21:53:51.302, GPU-ecc6a1f9-42fe-2932-7ea0-1dd285491b7b, 5, 0, 405, 28, 26.09
2026/09/08 21:53:51.505, GPU-ecc6a1f9-42fe-2932-7ea0-1dd285491b7b, 5, 0, 405, 28, 26.09
2026/09/08 21:53:51.709, GPU-ecc6a1f9-42fe-2932-7ea0-1dd285491b7b, 5, 0, 405, 29, 26.09
2026/09/08 21:53:51.915, GPU-ecc6a1f9-42fe-2932-7ea0-1dd285491b7b, 5, 0, 405, 29, 26.09
2026/09/08 21:53:52.119, GPU-ecc6a1f9-42fe-2932-7ea0-1dd285491b7b, 5, 0, 405, 28, 26.09
2026/09/08 21:53:52.322, GPU-ecc6a1f9-42fe-2932-7ea0-1dd285491b7b, 5, 0, 405, 28, 25.85
2026/09/08 21:53:52.526, GPU-ecc6a1f9-42fe-2932-7ea0-1dd285491b7b, 7, 0, 405, 28, 25.85
2026/09/08 21:53:52.729, GPU-ecc6a1f9-42fe-2932-7ea0-1dd285491b7b, 15, 0, 405, 28, 25.85
2026/09/08 21:53:52.936, GPU-ecc6a1f9-42fe-2932-7ea0-1dd285491b7b, 293, 0, 1189, 28, 32.66
2026/09/08 21:53:53.140, GPU-ecc6a1f9-42fe-2932-7ea0-1dd285491b7b, 293, 5, 1189, 29, 32.66
2026/09/08 21:53:53.343, GPU-ecc6a1f9-42fe-2932-7ea0-1dd285491b7b, 293, 1, 1189, 28, 32.66
2026/09/08 21:53:53.547, GPU-ecc6a1f9-42fe-2932-7ea0-1dd285491b7b, 293, 1, 1189, 29, 32.17
2026/09/08 21:53:53.750, GPU-ecc6a1f9-42fe-2932-7ea0-1dd285491b7b, 293, 1, 1189, 29, 32.17
2026/09/08 21:53:53.956, GPU-ecc6a1f9-42fe-2932-7ea0-1dd285491b7b, 293, 1, 1189, 30, 130.80
2026/09/08 21:53:54.160, GPU-ecc6a1f9-42fe-2932-7ea0-1dd285491b7b, 293, 94, 1328, 31, 181.58
2026/09/08 21:53:54.363, GPU-ecc6a1f9-42fe-2932-7ea0-1dd285491b7b, 293, 99, 1328, 32, 184.96
2026/09/08 21:53:54.567, GPU-ecc6a1f9-42fe-2932-7ea0-1dd285491b7b, 293, 99, 1328, 32, 180.85
2026/09/08 21:53:54.770, GPU-ecc6a1f9-42fe-2932-7ea0-1dd285491b7b, 293, 98, 1328, 33, 192.59
2026/09/08 21:53:54.974, GPU-ecc6a1f9-42fe-2932-7ea0-1dd285491b7b, 5, 96, 1328, 31, 39.48
2026/09/08 21:53:55.178, GPU-ecc6a1f9-42fe-2932-7ea0-1dd285491b7b, 5, 0, 1328, 31, 38.99
2026/09/08 21:53:55.381, GPU-ecc6a1f9-42fe-2932-7ea0-1dd285491b7b, 7, 0, 1328, 30, 38.75
2026/09/08 21:53:55.585, GPU-ecc6a1f9-42fe-2932-7ea0-1dd285491b7b, 25, 0, 1328, 30, 38.51
2026/09/08 21:53:55.788, GPU-ecc6a1f9-42fe-2932-7ea0-1dd285491b7b, 293, 4, 1328, 30, 39.73
2026/09/08 21:53:55.992, GPU-ecc6a1f9-42fe-2932-7ea0-1dd285491b7b, 293, 1, 1328, 30, 40.70
2026/09/08 21:53:56.197, GPU-ecc6a1f9-42fe-2932-7ea0-1dd285491b7b, 293, 1, 1328, 30, 40.45
2026/09/08 21:53:56.401, GPU-ecc6a1f9-42fe-2932-7ea0-1dd285491b7b, 293, 1, 1328, 30, 39.45
2026/09/08 21:53:56.604, GPU-ecc6a1f9-42fe-2932-7ea0-1dd285491b7b, 293, 1, 1328, 30, 40.21
2026/09/08 21:53:56.808, GPU-ecc6a1f9-42fe-2932-7ea0-1dd285491b7b, 293, 13, 1328, 32, 186.89
2026/09/08 21:53:57.011, GPU-ecc6a1f9-42fe-2932-7ea0-1dd285491b7b, 293, 96, 1328, 33, 203.44
2026/09/08 21:53:57.217, GPU-ecc6a1f9-42fe-2932-7ea0-1dd285491b7b, 293, 99, 1328, 33, 197.64
2026/09/08 21:53:57.420, GPU-ecc6a1f9-42fe-2932-7ea0-1dd285491b7b, 293, 99, 1328, 34, 202.59
2026/09/08 21:53:57.624, GPU-ecc6a1f9-42fe-2932-7ea0-1dd285491b7b, 5, 99, 1328, 33, 42.16
2026/09/08 21:53:57.844, GPU-ecc6a1f9-42fe-2932-7ea0-1dd285491b7b, 5, 0, 1328, 32, 39.97
2026/09/08 21:53:58.048, GPU-ecc6a1f9-42fe-2932-7ea0-1dd285491b7b, 7, 0, 1328, 31, 39.48
2026/09/08 21:53:58.251, GPU-ecc6a1f9-42fe-2932-7ea0-1dd285491b7b, 7, 0, 1328, 31, 39.24
2026/09/08 21:53:58.456, GPU-ecc6a1f9-42fe-2932-7ea0-1dd285491b7b, 7, 0, 1328, 31, 39.24
2026/09/08 21:53:58.660, GPU-ecc6a1f9-42fe-2932-7ea0-1dd285491b7b, 7, 0, 1328, 31, 39.24
2026/09/08 21:53:58.864, GPU-ecc6a1f9-42fe-2932-7ea0-1dd285491b7b, 7, 0, 1328, 31, 38.99
2026/09/08 21:53:59.067, GPU-ecc6a1f9-42fe-2932-7ea0-1dd285491b7b, 7, 0, 1328, 30, 38.99
2026/09/08 21:53:59.271, GPU-ecc6a1f9-42fe-2932-7ea0-1dd285491b7b, 15, 0, 1328, 30, 36.31
2026/09/08 21:53:59.531, GPU-ecc6a1f9-42fe-2932-7ea0-1dd285491b7b, 367, 8, 1328, 30, 39.24
2026/09/08 21:53:59.737, GPU-ecc6a1f9-42fe-2932-7ea0-1dd285491b7b, 367, 1, 1328, 30, 38.26
2026/09/08 21:53:59.941, GPU-ecc6a1f9-42fe-2932-7ea0-1dd285491b7b, 367, 1, 1328, 30, 37.76
2026/09/08 21:54:00.144, GPU-ecc6a1f9-42fe-2932-7ea0-1dd285491b7b, 367, 1, 1328, 30, 132.74
2026/09/08 21:54:00.348, GPU-ecc6a1f9-42fe-2932-7ea0-1dd285491b7b, 367, 94, 1328, 32, 184.23
2026/09/08 21:54:00.551, GPU-ecc6a1f9-42fe-2932-7ea0-1dd285491b7b, 367, 97, 1328, 33, 193.06
2026/09/08 21:54:00.758, GPU-ecc6a1f9-42fe-2932-7ea0-1dd285491b7b, 367, 99, 1328, 34, 205.73
2026/09/08 21:54:00.961, GPU-ecc6a1f9-42fe-2932-7ea0-1dd285491b7b, 5, 100, 1328, 33, 40.70
2026/09/08 21:54:01.165, GPU-ecc6a1f9-42fe-2932-7ea0-1dd285491b7b, 5, 30, 1328, 32, 39.48
2026/09/08 21:54:01.368, GPU-ecc6a1f9-42fe-2932-7ea0-1dd285491b7b, 7, 0, 1328, 31, 39.24
2026/09/08 21:54:01.572, GPU-ecc6a1f9-42fe-2932-7ea0-1dd285491b7b, 7, 0, 1328, 31, 38.99
2026/09/08 21:54:01.777, GPU-ecc6a1f9-42fe-2932-7ea0-1dd285491b7b, 7, 0, 1328, 31, 38.99
2026/09/08 21:54:01.980, GPU-ecc6a1f9-42fe-2932-7ea0-1dd285491b7b, 15, 0, 1328, 31, 38.75
2026/09/08 21:54:02.232, GPU-ecc6a1f9-42fe-2932-7ea0-1dd285491b7b, 363, 4, 1328, 31, 38.51
2026/09/08 21:54:02.440, GPU-ecc6a1f9-42fe-2932-7ea0-1dd285491b7b, 363, 4, 1328, 31, 37.27
2026/09/08 21:54:02.643, GPU-ecc6a1f9-42fe-2932-7ea0-1dd285491b7b, 363, 0, 1328, 30, 36.80
2026/09/08 21:54:02.847, GPU-ecc6a1f9-42fe-2932-7ea0-1dd285491b7b, 363, 0, 1328, 30, 36.56
2026/09/08 21:54:03.050, GPU-ecc6a1f9-42fe-2932-7ea0-1dd285491b7b, 363, 0, 1328, 31, 37.29
2026/09/08 21:54:03.254, GPU-ecc6a1f9-42fe-2932-7ea0-1dd285491b7b, 363, 0, 1328, 30, 36.80
2026/09/08 21:54:03.458, GPU-ecc6a1f9-42fe-2932-7ea0-1dd285491b7b, 363, 0, 1328, 30, 36.31
2026/09/08 21:54:03.662, GPU-ecc6a1f9-42fe-2932-7ea0-1dd285491b7b, 363, 0, 1189, 30, 33.39
2026/09/08 21:54:03.865, GPU-ecc6a1f9-42fe-2932-7ea0-1dd285491b7b, 363, 0, 1189, 30, 33.39
2026/09/08 21:54:04.069, GPU-ecc6a1f9-42fe-2932-7ea0-1dd285491b7b, 363, 39, 1189, 31, 135.32
2026/09/08 21:54:04.272, GPU-ecc6a1f9-42fe-2932-7ea0-1dd285491b7b, 363, 96, 1316, 32, 160.54
2026/09/08 21:54:04.476, GPU-ecc6a1f9-42fe-2932-7ea0-1dd285491b7b, 363, 98, 1328, 33, 184.48
2026/09/08 21:54:04.680, GPU-ecc6a1f9-42fe-2932-7ea0-1dd285491b7b, 363, 100, 1328, 34, 176.28
2026/09/08 21:54:04.884, GPU-ecc6a1f9-42fe-2932-7ea0-1dd285491b7b, 5, 39, 1328, 32, 38.51
2026/09/08 21:54:05.087, GPU-ecc6a1f9-42fe-2932-7ea0-1dd285491b7b, 5, 0, 1328, 32, 38.02
2026/09/08 21:54:05.291, GPU-ecc6a1f9-42fe-2932-7ea0-1dd285491b7b, 5, 0, 1328, 31, 37.78
2026/09/08 21:54:05.494, GPU-ecc6a1f9-42fe-2932-7ea0-1dd285491b7b, 5, 0, 1328, 31, 37.78
2026/09/08 21:54:05.699, GPU-ecc6a1f9-42fe-2932-7ea0-1dd285491b7b, 5, 0, 1328, 31, 37.78
2026/09/08 21:54:05.903, GPU-ecc6a1f9-42fe-2932-7ea0-1dd285491b7b, 5, 0, 1328, 31, 37.78
2026/09/08 21:54:06.106, GPU-ecc6a1f9-42fe-2932-7ea0-1dd285491b7b, 5, 0, 1328, 31, 37.78
2026/09/08 21:54:06.310, GPU-ecc6a1f9-42fe-2932-7ea0-1dd285491b7b, 5, 0, 1328, 31, 36.56
2026/09/08 21:54:06.513, GPU-ecc6a1f9-42fe-2932-7ea0-1dd285491b7b, 5, 0, 1328, 31, 36.31
2026/09/08 21:54:06.717, GPU-ecc6a1f9-42fe-2932-7ea0-1dd285491b7b, 5, 0, 1328, 31, 36.31
2026/09/08 21:54:06.922, GPU-ecc6a1f9-42fe-2932-7ea0-1dd285491b7b, 5, 0, 1328, 31, 36.31
2026/09/08 21:54:07.126, GPU-ecc6a1f9-42fe-2932-7ea0-1dd285491b7b, 5, 0, 1328, 31, 36.31
2026/09/08 21:54:07.329, GPU-ecc6a1f9-42fe-2932-7ea0-1dd285491b7b, 5, 0, 1328, 31, 36.31
2026/09/08 21:54:07.533, GPU-ecc6a1f9-42fe-2932-7ea0-1dd285491b7b, 5, 0, 1328, 31, 36.31
2026/09/08 21:54:07.736, GPU-ecc6a1f9-42fe-2932-7ea0-1dd285491b7b, 5, 0, 1328, 31, 36.31
2026/09/08 21:54:07.941, GPU-ecc6a1f9-42fe-2932-7ea0-1dd285491b7b, 5, 0, 1328, 31, 36.31
2026/09/08 21:54:08.145, GPU-ecc6a1f9-42fe-2932-7ea0-1dd285491b7b, 5, 0, 1328, 31, 36.31
2026/09/08 21:54:08.348, GPU-ecc6a1f9-42fe-2932-7ea0-1dd285491b7b, 5, 0, 1328, 30, 36.31
2026/09/08 21:54:08.552, GPU-ecc6a1f9-42fe-2932-7ea0-1dd285491b7b, 5, 0, 1328, 31, 36.31
2026/09/08 21:54:08.755, GPU-ecc6a1f9-42fe-2932-7ea0-1dd285491b7b, 5, 0, 1328, 30, 36.31
2026/09/08 21:54:08.961, GPU-ecc6a1f9-42fe-2932-7ea0-1dd285491b7b, 5, 0, 1328, 31, 36.31
2026/09/08 21:54:09.164, GPU-ecc6a1f9-42fe-2932-7ea0-1dd285491b7b, 5, 0, 1328, 31, 36.31
2026/09/08 21:54:09.368, GPU-ecc6a1f9-42fe-2932-7ea0-1dd285491b7b, 5, 0, 1328, 31, 36.31
2026/09/08 21:54:09.571, GPU-ecc6a1f9-42fe-2932-7ea0-1dd285491b7b, 5, 0, 1328, 31, 36.31
2026/09/08 21:54:09.775, GPU-ecc6a1f9-42fe-2932-7ea0-1dd285491b7b, 5, 0, 1328, 31, 36.31
2026/09/08 21:54:09.980, GPU-ecc6a1f9-42fe-2932-7ea0-1dd285491b7b, 5, 0, 1328, 30, 36.31
2026/09/08 21:54:10.185, GPU-ecc6a1f9-42fe-2932-7ea0-1dd285491b7b, 5, 0, 1328, 30, 36.31
2026/09/08 21:54:10.388, GPU-ecc6a1f9-42fe-2932-7ea0-1dd285491b7b, 5, 0, 1328, 31, 36.31
2026/09/08 21:54:10.592, GPU-ecc6a1f9-42fe-2932-7ea0-1dd285491b7b, 5, 0, 1328, 30, 36.31
2026/09/08 21:54:10.795, GPU-ecc6a1f9-42fe-2932-7ea0-1dd285491b7b, 5, 0, 1328, 30, 36.31
2026/09/08 21:54:11.000, GPU-ecc6a1f9-42fe-2932-7ea0-1dd285491b7b, 5, 0, 1328, 30, 36.31
2026/09/08 21:54:11.203, GPU-ecc6a1f9-42fe-2932-7ea0-1dd285491b7b, 5, 0, 1328, 30, 36.31
2026/09/08 21:54:11.407, GPU-ecc6a1f9-42fe-2932-7ea0-1dd285491b7b, 5, 0, 1328, 30, 36.31
2026/09/08 21:54:11.610, GPU-ecc6a1f9-42fe-2932-7ea0-1dd285491b7b, 5, 0, 1328, 31, 36.31
2026/09/08 21:54:11.814, GPU-ecc6a1f9-42fe-2932-7ea0-1dd285491b7b, 5, 0, 1328, 30, 36.31
2026/09/08 21:54:12.019, GPU-ecc6a1f9-42fe-2932-7ea0-1dd285491b7b, 5, 0, 1328, 30, 36.31
2026/09/08 21:54:12.222, GPU-ecc6a1f9-42fe-2932-7ea0-1dd285491b7b, 5, 0, 1328, 30, 36.31
2026/09/08 21:54:12.426, GPU-ecc6a1f9-42fe-2932-7ea0-1dd285491b7b, 5, 0, 1328, 30, 36.31
2026/09/08 21:54:12.630, GPU-ecc6a1f9-42fe-2932-7ea0-1dd285491b7b, 5, 0, 1328, 30, 36.31
2026/09/08 21:54:12.833, GPU-ecc6a1f9-42fe-2932-7ea0-1dd285491b7b, 5, 0, 1328, 30, 36.31
2026/09/08 21:54:13.038, GPU-ecc6a1f9-42fe-2932-7ea0-1dd285491b7b, 5, 0, 1328, 30, 36.31
2026/09/08 21:54:13.242, GPU-ecc6a1f9-42fe-2932-7ea0-1dd285491b7b, 5, 0, 1328, 30, 36.31
2026/09/08 21:54:13.445, GPU-ecc6a1f9-42fe-2932-7ea0-1dd285491b7b, 5, 0, 1328, 30, 36.31
2026/09/08 21:54:13.649, GPU-ecc6a1f9-42fe-2932-7ea0-1dd285491b7b, 5, 0, 1328, 30, 36.31
2026/09/08 21:54:13.853, GPU-ecc6a1f9-42fe-2932-7ea0-1dd285491b7b, 5, 0, 1328, 30, 36.31
2026/09/08 21:54:14.058, GPU-ecc6a1f9-42fe-2932-7ea0-1dd285491b7b, 5, 0, 1328, 31, 36.31
2026/09/08 21:54:14.261, GPU-ecc6a1f9-42fe-2932-7ea0-1dd285491b7b, 5, 0, 1328, 31, 36.31
2026/09/08 21:54:14.465, GPU-ecc6a1f9-42fe-2932-7ea0-1dd285491b7b, 5, 0, 1328, 31, 36.31
2026/09/08 21:54:14.668, GPU-ecc6a1f9-42fe-2932-7ea0-1dd285491b7b, 5, 0, 1328, 30, 36.31
2026/09/08 21:54:14.872, GPU-ecc6a1f9-42fe-2932-7ea0-1dd285491b7b, 5, 0, 1328, 31, 36.31
2026/09/08 21:54:15.078, GPU-ecc6a1f9-42fe-2932-7ea0-1dd285491b7b, 5, 0, 1328, 31, 36.31
2026/09/08 21:54:15.281, GPU-ecc6a1f9-42fe-2932-7ea0-1dd285491b7b, 5, 0, 1328, 30, 36.31
2026/09/08 21:54:15.485, GPU-ecc6a1f9-42fe-2932-7ea0-1dd285491b7b, 5, 0, 1328, 30, 36.31
2026/09/08 21:54:15.688, GPU-ecc6a1f9-42fe-2932-7ea0-1dd285491b7b, 5, 0, 1328, 30, 36.31
2026/09/08 21:54:15.892, GPU-ecc6a1f9-42fe-2932-7ea0-1dd285491b7b, 5, 0, 1328, 31, 36.31
2026/09/08 21:54:16.098, GPU-ecc6a1f9-42fe-2932-7ea0-1dd285491b7b, 5, 0, 1328, 30, 36.31
2026/09/08 21:54:16.301, GPU-ecc6a1f9-42fe-2932-7ea0-1dd285491b7b, 5, 0, 1328, 30, 36.31
2026/09/08 21:54:16.505, GPU-ecc6a1f9-42fe-2932-7ea0-1dd285491b7b, 5, 0, 1328, 30, 36.31
2026/09/08 21:54:16.708, GPU-ecc6a1f9-42fe-2932-7ea0-1dd285491b7b, 5, 0, 1328, 30, 36.31
2026/09/08 21:54:16.912, GPU-ecc6a1f9-42fe-2932-7ea0-1dd285491b7b, 5, 0, 1328, 30, 36.31
2026/09/08 21:54:17.117, GPU-ecc6a1f9-42fe-2932-7ea0-1dd285491b7b, 5, 0, 1328, 31, 36.31
2026/09/08 21:54:17.321, GPU-ecc6a1f9-42fe-2932-7ea0-1dd285491b7b, 5, 0, 1328, 30, 36.31
2026/09/08 21:54:17.524, GPU-ecc6a1f9-42fe-2932-7ea0-1dd285491b7b, 5, 0, 1328, 30, 36.31
2026/09/08 21:54:17.728, GPU-ecc6a1f9-42fe-2932-7ea0-1dd285491b7b, 5, 0, 1328, 30, 36.31
2026/09/08 21:54:17.932, GPU-ecc6a1f9-42fe-2932-7ea0-1dd285491b7b, 5, 0, 1328, 31, 36.31
2026/09/08 21:54:18.137, GPU-ecc6a1f9-42fe-2932-7ea0-1dd285491b7b, 5, 0, 1328, 30, 36.31
2026/09/08 21:54:18.341, GPU-ecc6a1f9-42fe-2932-7ea0-1dd285491b7b, 5, 0, 1328, 31, 36.31
2026/09/08 21:54:18.544, GPU-ecc6a1f9-42fe-2932-7ea0-1dd285491b7b, 5, 0, 1328, 30, 36.31
2026/09/08 21:54:18.748, GPU-ecc6a1f9-42fe-2932-7ea0-1dd285491b7b, 5, 0, 1328, 30, 36.31
2026/09/08 21:54:18.951, GPU-ecc6a1f9-42fe-2932-7ea0-1dd285491b7b, 5, 0, 1328, 31, 36.31
2026/09/08 21:54:19.157, GPU-ecc6a1f9-42fe-2932-7ea0-1dd285491b7b, 5, 0, 1328, 30, 36.31
2026/09/08 21:54:19.360, GPU-ecc6a1f9-42fe-2932-7ea0-1dd285491b7b, 5, 0, 1328, 30, 36.31
2026/09/08 21:54:19.564, GPU-ecc6a1f9-42fe-2932-7ea0-1dd285491b7b, 5, 0, 1328, 31, 36.31
2026/09/08 21:54:19.767, GPU-ecc6a1f9-42fe-2932-7ea0-1dd285491b7b, 5, 0, 1328, 30, 36.31
2026/09/08 21:54:19.971, GPU-ecc6a1f9-42fe-2932-7ea0-1dd285491b7b, 5, 0, 1328, 31, 36.31
2026/09/08 21:54:20.176, GPU-ecc6a1f9-42fe-2932-7ea0-1dd285491b7b, 5, 0, 1328, 30, 36.31
2026/09/08 21:54:20.379, GPU-ecc6a1f9-42fe-2932-7ea0-1dd285491b7b, 5, 0, 1328, 30, 36.31
2026/09/08 21:54:20.583, GPU-ecc6a1f9-42fe-2932-7ea0-1dd285491b7b, 5, 0, 1328, 30, 36.31
2026/09/08 21:54:20.786, GPU-ecc6a1f9-42fe-2932-7ea0-1dd285491b7b, 5, 0, 1328, 30, 36.31
2026/09/08 21:54:20.990, GPU-ecc6a1f9-42fe-2932-7ea0-1dd285491b7b, 5, 0, 1328, 31, 36.31
2026/09/08 21:54:21.195, GPU-ecc6a1f9-42fe-2932-7ea0-1dd285491b7b, 5, 0, 1328, 30, 36.31
2026/09/08 21:54:21.399, GPU-ecc6a1f9-42fe-2932-7ea0-1dd285491b7b, 5, 0, 1328, 31, 36.31
2026/09/08 21:54:21.602, GPU-ecc6a1f9-42fe-2932-7ea0-1dd285491b7b, 5, 0, 1328, 30, 36.31
2026/09/08 21:54:21.806, GPU-ecc6a1f9-42fe-2932-7ea0-1dd285491b7b, 5, 0, 1328, 30, 36.31
2026/09/08 21:54:22.009, GPU-ecc6a1f9-42fe-2932-7ea0-1dd285491b7b, 5, 0, 1328, 30, 36.31
2026/09/08 21:54:22.216, GPU-ecc6a1f9-42fe-2932-7ea0-1dd285491b7b, 5, 0, 1328, 30, 36.31
2026/09/08 21:54:22.419, GPU-ecc6a1f9-42fe-2932-7ea0-1dd285491b7b, 5, 0, 1328, 31, 36.31
2026/09/08 21:54:22.623, GPU-ecc6a1f9-42fe-2932-7ea0-1dd285491b7b, 5, 0, 1328, 31, 36.31
2026/09/08 21:54:22.826, GPU-ecc6a1f9-42fe-2932-7ea0-1dd285491b7b, 5, 0, 1328, 30, 36.31
2026/09/08 21:54:23.030, GPU-ecc6a1f9-42fe-2932-7ea0-1dd285491b7b, 5, 0, 1328, 30, 36.31
2026/09/08 21:54:23.233, GPU-ecc6a1f9-42fe-2932-7ea0-1dd285491b7b, 5, 0, 1328, 30, 36.31
2026/09/08 21:54:23.438, GPU-ecc6a1f9-42fe-2932-7ea0-1dd285491b7b, 5, 0, 1328, 31, 36.31
2026/09/08 21:54:23.642, GPU-ecc6a1f9-42fe-2932-7ea0-1dd285491b7b, 5, 0, 1328, 31, 36.31
2026/09/08 21:54:23.846, GPU-ecc6a1f9-42fe-2932-7ea0-1dd285491b7b, 5, 0, 1328, 30, 36.31
2026/09/08 21:54:24.049, GPU-ecc6a1f9-42fe-2932-7ea0-1dd285491b7b, 5, 0, 1328, 30, 36.31
2026/09/08 21:54:24.253, GPU-ecc6a1f9-42fe-2932-7ea0-1dd285491b7b, 5, 0, 1328, 30, 36.31
2026/09/08 21:54:24.456, GPU-ecc6a1f9-42fe-2932-7ea0-1dd285491b7b, 5, 0, 1328, 30, 36.31
2026/09/08 21:54:24.660, GPU-ecc6a1f9-42fe-2932-7ea0-1dd285491b7b, 5, 0, 1328, 30, 36.31
2026/09/08 21:54:24.863, GPU-ecc6a1f9-42fe-2932-7ea0-1dd285491b7b, 5, 0, 1328, 30, 36.31
2026/09/08 21:54:25.068, GPU-ecc6a1f9-42fe-2932-7ea0-1dd285491b7b, 5, 0, 1328, 31, 36.31
2026/09/08 21:54:25.272, GPU-ecc6a1f9-42fe-2932-7ea0-1dd285491b7b, 5, 0, 1328, 31, 36.31
2026/09/08 21:54:25.476, GPU-ecc6a1f9-42fe-2932-7ea0-1dd285491b7b, 5, 0, 1328, 30, 36.31
2026/09/08 21:54:25.679, GPU-ecc6a1f9-42fe-2932-7ea0-1dd285491b7b, 5, 0, 1328, 30, 36.31
2026/09/08 21:54:25.882, GPU-ecc6a1f9-42fe-2932-7ea0-1dd285491b7b, 5, 0, 1328, 30, 36.31
2026/09/08 21:54:26.086, GPU-ecc6a1f9-42fe-2932-7ea0-1dd285491b7b, 5, 0, 1328, 31, 36.31
2026/09/08 21:54:26.290, GPU-ecc6a1f9-42fe-2932-7ea0-1dd285491b7b, 5, 0, 1328, 30, 36.31
2026/09/08 21:54:26.493, GPU-ecc6a1f9-42fe-2932-7ea0-1dd285491b7b, 5, 0, 1328, 30, 36.31
2026/09/08 21:54:26.697, GPU-ecc6a1f9-42fe-2932-7ea0-1dd285491b7b, 5, 0, 1328, 31, 36.31
2026/09/08 21:54:26.900, GPU-ecc6a1f9-42fe-2932-7ea0-1dd285491b7b, 5, 0, 1328, 31, 36.31
2026/09/08 21:54:27.104, GPU-ecc6a1f9-42fe-2932-7ea0-1dd285491b7b, 5, 0, 1328, 31, 36.31
2026/09/08 21:54:27.309, GPU-ecc6a1f9-42fe-2932-7ea0-1dd285491b7b, 5, 0, 1328, 30, 36.31
2026/09/08 21:54:27.512, GPU-ecc6a1f9-42fe-2932-7ea0-1dd285491b7b, 5, 0, 1328, 31, 36.31
2026/09/08 21:54:27.716, GPU-ecc6a1f9-42fe-2932-7ea0-1dd285491b7b, 5, 0, 1328, 30, 36.31
2026/09/08 21:54:27.919, GPU-ecc6a1f9-42fe-2932-7ea0-1dd285491b7b, 5, 0, 1328, 30, 36.31
2026/09/08 21:54:28.123, GPU-ecc6a1f9-42fe-2932-7ea0-1dd285491b7b, 5, 0, 1328, 30, 36.31
2026/09/08 21:54:28.328, GPU-ecc6a1f9-42fe-2932-7ea0-1dd285491b7b, 5, 0, 1328, 31, 36.31
2026/09/08 21:54:28.532, GPU-ecc6a1f9-42fe-2932-7ea0-1dd285491b7b, 5, 0, 1328, 31, 36.31
2026/09/08 21:54:28.735, GPU-ecc6a1f9-42fe-2932-7ea0-1dd285491b7b, 5, 0, 1328, 31, 36.31
2026/09/08 21:54:28.939, GPU-ecc6a1f9-42fe-2932-7ea0-1dd285491b7b, 5, 0, 1328, 31, 36.31
2026/09/08 21:54:29.142, GPU-ecc6a1f9-42fe-2932-7ea0-1dd285491b7b, 5, 0, 1328, 30, 36.31
2026/09/08 21:54:29.348, GPU-ecc6a1f9-42fe-2932-7ea0-1dd285491b7b, 5, 0, 1328, 31, 36.31
2026/09/08 21:54:29.551, GPU-ecc6a1f9-42fe-2932-7ea0-1dd285491b7b, 5, 0, 1328, 30, 36.31
2026/09/08 21:54:29.755, GPU-ecc6a1f9-42fe-2932-7ea0-1dd285491b7b, 5, 0, 1328, 30, 36.31
2026/09/08 21:54:29.958, GPU-ecc6a1f9-42fe-2932-7ea0-1dd285491b7b, 5, 0, 1328, 30, 36.31
2026/09/08 21:54:30.162, GPU-ecc6a1f9-42fe-2932-7ea0-1dd285491b7b, 5, 0, 1328, 30, 36.31
2026/09/08 21:54:30.367, GPU-ecc6a1f9-42fe-2932-7ea0-1dd285491b7b, 5, 0, 1328, 31, 36.31
2026/09/08 21:54:30.571, GPU-ecc6a1f9-42fe-2932-7ea0-1dd285491b7b, 5, 0, 1328, 30, 36.31
2026/09/08 21:54:30.774, GPU-ecc6a1f9-42fe-2932-7ea0-1dd285491b7b, 5, 0, 1328, 30, 36.31
2026/09/08 21:54:30.978, GPU-ecc6a1f9-42fe-2932-7ea0-1dd285491b7b, 5, 0, 1328, 30, 36.31
2026/09/08 21:54:31.181, GPU-ecc6a1f9-42fe-2932-7ea0-1dd285491b7b, 5, 0, 1328, 30, 36.31
2026/09/08 21:54:31.386, GPU-ecc6a1f9-42fe-2932-7ea0-1dd285491b7b, 5, 0, 1328, 31, 36.31
2026/09/08 21:54:31.590, GPU-ecc6a1f9-42fe-2932-7ea0-1dd285491b7b, 5, 0, 1328, 30, 36.31
2026/09/08 21:54:31.793, GPU-ecc6a1f9-42fe-2932-7ea0-1dd285491b7b, 5, 0, 1328, 31, 36.31
2026/09/08 21:54:31.997, GPU-ecc6a1f9-42fe-2932-7ea0-1dd285491b7b, 5, 0, 1328, 30, 36.31
2026/09/08 21:54:32.200, GPU-ecc6a1f9-42fe-2932-7ea0-1dd285491b7b, 5, 0, 1328, 30, 36.31
2026/09/08 21:54:32.406, GPU-ecc6a1f9-42fe-2932-7ea0-1dd285491b7b, 5, 0, 1328, 30, 36.31
2026/09/08 21:54:32.609, GPU-ecc6a1f9-42fe-2932-7ea0-1dd285491b7b, 5, 0, 1328, 30, 36.31
2026/09/08 21:54:32.813, GPU-ecc6a1f9-42fe-2932-7ea0-1dd285491b7b, 5, 0, 1328, 30, 36.31
2026/09/08 21:54:33.016, GPU-ecc6a1f9-42fe-2932-7ea0-1dd285491b7b, 5, 0, 1328, 30, 36.31
2026/09/08 21:54:33.220, GPU-ecc6a1f9-42fe-2932-7ea0-1dd285491b7b, 5, 0, 1328, 30, 36.31
2026/09/08 21:54:33.425, GPU-ecc6a1f9-42fe-2932-7ea0-1dd285491b7b, 5, 0, 1328, 30, 36.31
2026/09/08 21:54:33.629, GPU-ecc6a1f9-42fe-2932-7ea0-1dd285491b7b, 5, 0, 1328, 30, 36.31
2026/09/08 21:54:33.832, GPU-ecc6a1f9-42fe-2932-7ea0-1dd285491b7b, 5, 0, 1328, 30, 36.31
2026/09/08 21:54:34.036, GPU-ecc6a1f9-42fe-2932-7ea0-1dd285491b7b, 5, 0, 1328, 30, 36.31
2026/09/08 21:54:34.239, GPU-ecc6a1f9-42fe-2932-7ea0-1dd285491b7b, 5, 0, 1328, 30, 36.31
2026/09/08 21:54:34.444, GPU-ecc6a1f9-42fe-2932-7ea0-1dd285491b7b, 5, 0, 1328, 30, 36.31
2026/09/08 21:54:34.648, GPU-ecc6a1f9-42fe-2932-7ea0-1dd285491b7b, 5, 0, 1328, 30, 36.31
2026/09/08 21:54:34.852, GPU-ecc6a1f9-42fe-2932-7ea0-1dd285491b7b, 5, 0, 1328, 30, 36.31
2026/09/08 21:54:35.055, GPU-ecc6a1f9-42fe-2932-7ea0-1dd285491b7b, 5, 0, 1328, 30, 36.31
2026/09/08 21:54:35.259, GPU-ecc6a1f9-42fe-2932-7ea0-1dd285491b7b, 5, 0, 1328, 30, 36.31
2026/09/08 21:54:35.464, GPU-ecc6a1f9-42fe-2932-7ea0-1dd285491b7b, 5, 0, 1328, 30, 36.31
2026/09/08 21:54:35.667, GPU-ecc6a1f9-42fe-2932-7ea0-1dd285491b7b, 5, 0, 1328, 30, 36.31
2026/09/08 21:54:35.871, GPU-ecc6a1f9-42fe-2932-7ea0-1dd285491b7b, 5, 0, 1328, 30, 36.31
2026/09/08 21:54:36.074, GPU-ecc6a1f9-42fe-2932-7ea0-1dd285491b7b, 5, 0, 1328, 30, 36.31
2026/09/08 21:54:36.278, GPU-ecc6a1f9-42fe-2932-7ea0-1dd285491b7b, 5, 0, 1328, 30, 36.31
2026/09/08 21:54:36.485, GPU-ecc6a1f9-42fe-2932-7ea0-1dd285491b7b, 5, 0, 1328, 30, 36.31
2026/09/08 21:54:36.688, GPU-ecc6a1f9-42fe-2932-7ea0-1dd285491b7b, 5, 0, 1328, 30, 36.31
2026/09/08 21:54:36.892, GPU-ecc6a1f9-42fe-2932-7ea0-1dd285491b7b, 5, 0, 1328, 30, 36.31
2026/09/08 21:54:37.095, GPU-ecc6a1f9-42fe-2932-7ea0-1dd285491b7b, 5, 0, 1328, 30, 36.31
2026/09/08 21:54:37.298, GPU-ecc6a1f9-42fe-2932-7ea0-1dd285491b7b, 5, 0, 1328, 30, 36.31
2026/09/08 21:54:37.503, GPU-ecc6a1f9-42fe-2932-7ea0-1dd285491b7b, 5, 0, 1328, 30, 36.31
2026/09/08 21:54:37.707, GPU-ecc6a1f9-42fe-2932-7ea0-1dd285491b7b, 5, 0, 1328, 30, 36.31
2026/09/08 21:54:37.910, GPU-ecc6a1f9-42fe-2932-7ea0-1dd285491b7b, 5, 0, 1328, 30, 36.31
2026/09/08 21:54:38.114, GPU-ecc6a1f9-42fe-2932-7ea0-1dd285491b7b, 5, 0, 1328, 30, 36.31
2026/09/08 21:54:38.317, GPU-ecc6a1f9-42fe-2932-7ea0-1dd285491b7b, 5, 0, 1328, 30, 36.31
2026/09/08 21:54:38.523, GPU-ecc6a1f9-42fe-2932-7ea0-1dd285491b7b, 5, 0, 1328, 30, 36.31
2026/09/08 21:54:38.727, GPU-ecc6a1f9-42fe-2932-7ea0-1dd285491b7b, 5, 0, 1328, 30, 36.31
2026/09/08 21:54:38.930, GPU-ecc6a1f9-42fe-2932-7ea0-1dd285491b7b, 5, 0, 1328, 30, 36.31
2026/09/08 21:54:39.134, GPU-ecc6a1f9-42fe-2932-7ea0-1dd285491b7b, 5, 0, 1328, 30, 36.31
2026/09/08 21:54:39.337, GPU-ecc6a1f9-42fe-2932-7ea0-1dd285491b7b, 5, 0, 1328, 31, 36.31
2026/09/08 21:54:39.543, GPU-ecc6a1f9-42fe-2932-7ea0-1dd285491b7b, 5, 0, 1328, 30, 36.31
2026/09/08 21:54:39.746, GPU-ecc6a1f9-42fe-2932-7ea0-1dd285491b7b, 5, 0, 1328, 30, 36.31
2026/09/08 21:54:39.950, GPU-ecc6a1f9-42fe-2932-7ea0-1dd285491b7b, 5, 0, 1328, 30, 36.31
2026/09/08 21:54:40.154, GPU-ecc6a1f9-42fe-2932-7ea0-1dd285491b7b, 5, 0, 1328, 30, 36.31
2026/09/08 21:54:40.357, GPU-ecc6a1f9-42fe-2932-7ea0-1dd285491b7b, 5, 0, 1328, 30, 36.31
2026/09/08 21:54:40.563, GPU-ecc6a1f9-42fe-2932-7ea0-1dd285491b7b, 5, 0, 1328, 30, 36.31
2026/09/08 21:54:40.766, GPU-ecc6a1f9-42fe-2932-7ea0-1dd285491b7b, 5, 0, 1328, 30, 36.31
2026/09/08 21:54:40.970, GPU-ecc6a1f9-42fe-2932-7ea0-1dd285491b7b, 5, 0, 1328, 30, 36.31
2026/09/08 21:54:41.173, GPU-ecc6a1f9-42fe-2932-7ea0-1dd285491b7b, 5, 0, 1328, 30, 36.31
2026/09/08 21:54:41.377, GPU-ecc6a1f9-42fe-2932-7ea0-1dd285491b7b, 5, 0, 1328, 30, 36.31
2026/09/08 21:54:41.582, GPU-ecc6a1f9-42fe-2932-7ea0-1dd285491b7b, 5, 0, 1328, 30, 36.31
2026/09/08 21:54:41.785, GPU-ecc6a1f9-42fe-2932-7ea0-1dd285491b7b, 5, 0, 1328, 30, 36.31
2026/09/08 21:54:41.989, GPU-ecc6a1f9-42fe-2932-7ea0-1dd285491b7b, 5, 0, 1328, 30, 36.31
2026/09/08 21:54:42.192, GPU-ecc6a1f9-42fe-2932-7ea0-1dd285491b7b, 5, 0, 1328, 30, 36.31
2026/09/08 21:54:42.396, GPU-ecc6a1f9-42fe-2932-7ea0-1dd285491b7b, 5, 0, 1328, 31, 36.31
2026/09/08 21:54:42.601, GPU-ecc6a1f9-42fe-2932-7ea0-1dd285491b7b, 5, 0, 1328, 30, 36.31
2026/09/08 21:54:42.805, GPU-ecc6a1f9-42fe-2932-7ea0-1dd285491b7b, 5, 0, 1328, 31, 36.31
2026/09/08 21:54:43.008, GPU-ecc6a1f9-42fe-2932-7ea0-1dd285491b7b, 5, 0, 1328, 30, 36.31
2026/09/08 21:54:43.212, GPU-ecc6a1f9-42fe-2932-7ea0-1dd285491b7b, 5, 0, 1328, 30, 36.31
2026/09/08 21:54:43.415, GPU-ecc6a1f9-42fe-2932-7ea0-1dd285491b7b, 5, 0, 1328, 30, 36.31
2026/09/08 21:54:43.621, GPU-ecc6a1f9-42fe-2932-7ea0-1dd285491b7b, 5, 0, 1328, 30, 36.31
2026/09/08 21:54:43.824, GPU-ecc6a1f9-42fe-2932-7ea0-1dd285491b7b, 5, 0, 1328, 30, 36.31
2026/09/08 21:54:44.028, GPU-ecc6a1f9-42fe-2932-7ea0-1dd285491b7b, 5, 0, 1328, 30, 36.31
2026/09/08 21:54:44.231, GPU-ecc6a1f9-42fe-2932-7ea0-1dd285491b7b, 5, 0, 1328, 30, 36.31
2026/09/08 21:54:44.435, GPU-ecc6a1f9-42fe-2932-7ea0-1dd285491b7b, 5, 0, 1328, 30, 36.31
2026/09/08 21:54:44.638, GPU-ecc6a1f9-42fe-2932-7ea0-1dd285491b7b, 5, 0, 1328, 30, 36.31
2026/09/08 21:54:44.844, GPU-ecc6a1f9-42fe-2932-7ea0-1dd285491b7b, 5, 0, 1328, 30, 36.31
2026/09/08 21:54:45.047, GPU-ecc6a1f9-42fe-2932-7ea0-1dd285491b7b, 5, 0, 1328, 30, 36.31
2026/09/08 21:54:45.251, GPU-ecc6a1f9-42fe-2932-7ea0-1dd285491b7b, 5, 0, 1328, 30, 36.31
2026/09/08 21:54:45.454, GPU-ecc6a1f9-42fe-2932-7ea0-1dd285491b7b, 5, 0, 1328, 30, 36.31
2026/09/08 21:54:45.658, GPU-ecc6a1f9-42fe-2932-7ea0-1dd285491b7b, 5, 0, 1328, 30, 36.31
2026/09/08 21:54:45.861, GPU-ecc6a1f9-42fe-2932-7ea0-1dd285491b7b, 5, 0, 1328, 30, 36.31
2026/09/08 21:54:46.065, GPU-ecc6a1f9-42fe-2932-7ea0-1dd285491b7b, 5, 0, 1328, 30, 36.31
2026/09/08 21:54:46.271, GPU-ecc6a1f9-42fe-2932-7ea0-1dd285491b7b, 5, 0, 1328, 30, 36.31
2026/09/08 21:54:46.475, GPU-ecc6a1f9-42fe-2932-7ea0-1dd285491b7b, 5, 0, 1328, 30, 36.31
2026/09/08 21:54:46.678, GPU-ecc6a1f9-42fe-2932-7ea0-1dd285491b7b, 5, 0, 1328, 30, 36.31
2026/09/08 21:54:46.882, GPU-ecc6a1f9-42fe-2932-7ea0-1dd285491b7b, 5, 0, 1328, 30, 36.31
2026/09/08 21:54:47.085, GPU-ecc6a1f9-42fe-2932-7ea0-1dd285491b7b, 5, 0, 1328, 30, 36.31
2026/09/08 21:54:47.289, GPU-ecc6a1f9-42fe-2932-7ea0-1dd285491b7b, 5, 0, 1328, 30, 36.31
2026/09/08 21:54:47.492, GPU-ecc6a1f9-42fe-2932-7ea0-1dd285491b7b, 5, 0, 1328, 30, 36.31
2026/09/08 21:54:47.696, GPU-ecc6a1f9-42fe-2932-7ea0-1dd285491b7b, 5, 0, 1328, 30, 36.31
2026/09/08 21:54:47.900, GPU-ecc6a1f9-42fe-2932-7ea0-1dd285491b7b, 5, 0, 1328, 30, 36.31
2026/09/08 21:54:48.104, GPU-ecc6a1f9-42fe-2932-7ea0-1dd285491b7b, 5, 0, 1328, 30, 36.31
2026/09/08 21:54:48.307, GPU-ecc6a1f9-42fe-2932-7ea0-1dd285491b7b, 5, 0, 1328, 30, 36.31
2026/09/08 21:54:48.511, GPU-ecc6a1f9-42fe-2932-7ea0-1dd285491b7b, 5, 0, 1328, 30, 36.31
2026/09/08 21:54:48.717, GPU-ecc6a1f9-42fe-2932-7ea0-1dd285491b7b, 5, 0, 1328, 30, 36.31
2026/09/08 21:54:48.920, GPU-ecc6a1f9-42fe-2932-7ea0-1dd285491b7b, 5, 0, 1328, 30, 36.31
2026/09/08 21:54:49.124, GPU-ecc6a1f9-42fe-2932-7ea0-1dd285491b7b, 5, 0, 1328, 30, 36.31
2026/09/08 21:54:49.328, GPU-ecc6a1f9-42fe-2932-7ea0-1dd285491b7b, 5, 0, 1328, 30, 36.31
2026/09/08 21:54:49.531, GPU-ecc6a1f9-42fe-2932-7ea0-1dd285491b7b, 7, 0, 1328, 30, 36.31
2026/09/08 21:54:49.736, GPU-ecc6a1f9-42fe-2932-7ea0-1dd285491b7b, 21, 0, 1328, 30, 36.07
2026/09/08 21:54:49.940, GPU-ecc6a1f9-42fe-2932-7ea0-1dd285491b7b, 275, 6, 1328, 30, 37.29
2026/09/08 21:54:50.143, GPU-ecc6a1f9-42fe-2932-7ea0-1dd285491b7b, 275, 39, 1328, 31, 37.29
2026/09/08 21:54:50.346, GPU-ecc6a1f9-42fe-2932-7ea0-1dd285491b7b, 5, 23, 1328, 30, 36.31
2026/09/08 21:54:50.550, GPU-ecc6a1f9-42fe-2932-7ea0-1dd285491b7b, 5, 0, 1328, 30, 36.31
2026/09/08 21:54:50.755, GPU-ecc6a1f9-42fe-2932-7ea0-1dd285491b7b, 7, 0, 1328, 30, 36.31
2026/09/08 21:54:50.959, GPU-ecc6a1f9-42fe-2932-7ea0-1dd285491b7b, 17, 0, 1328, 30, 36.31
2026/09/08 21:54:51.162, GPU-ecc6a1f9-42fe-2932-7ea0-1dd285491b7b, 273, 0, 1328, 30, 36.31
2026/09/08 21:54:51.366, GPU-ecc6a1f9-42fe-2932-7ea0-1dd285491b7b, 275, 9, 1328, 30, 36.31
2026/09/08 21:54:51.569, GPU-ecc6a1f9-42fe-2932-7ea0-1dd285491b7b, 275, 61, 1328, 30, 36.80
2026/09/08 21:54:51.775, GPU-ecc6a1f9-42fe-2932-7ea0-1dd285491b7b, 275, 90, 1328, 30, 36.56
2026/09/08 21:54:51.978, GPU-ecc6a1f9-42fe-2932-7ea0-1dd285491b7b, 275, 94, 1328, 30, 37.29
2026/09/08 21:54:52.182, GPU-ecc6a1f9-42fe-2932-7ea0-1dd285491b7b, 275, 100, 1328, 30, 36.80
2026/09/08 21:54:52.386, GPU-ecc6a1f9-42fe-2932-7ea0-1dd285491b7b, 275, 100, 1328, 30, 36.80
2026/09/08 21:54:52.590, GPU-ecc6a1f9-42fe-2932-7ea0-1dd285491b7b, 275, 100, 1328, 30, 36.80
2026/09/08 21:54:52.795, GPU-ecc6a1f9-42fe-2932-7ea0-1dd285491b7b, 275, 100, 1328, 31, 36.56
2026/09/08 21:54:52.999, GPU-ecc6a1f9-42fe-2932-7ea0-1dd285491b7b, 275, 100, 1328, 30, 36.80
2026/09/08 21:54:53.202, GPU-ecc6a1f9-42fe-2932-7ea0-1dd285491b7b, 275, 100, 1328, 30, 37.04
2026/09/08 21:54:53.405, GPU-ecc6a1f9-42fe-2932-7ea0-1dd285491b7b, 275, 100, 1328, 30, 37.04
2026/09/08 21:54:53.609, GPU-ecc6a1f9-42fe-2932-7ea0-1dd285491b7b, 275, 100, 1328, 30, 37.04
2026/09/08 21:54:53.815, GPU-ecc6a1f9-42fe-2932-7ea0-1dd285491b7b, 275, 100, 1328, 30, 37.04
2026/09/08 21:54:54.018, GPU-ecc6a1f9-42fe-2932-7ea0-1dd285491b7b, 275, 100, 1328, 30, 36.80
2026/09/08 21:54:54.222, GPU-ecc6a1f9-42fe-2932-7ea0-1dd285491b7b, 275, 100, 1328, 30, 36.80
2026/09/08 21:54:54.425, GPU-ecc6a1f9-42fe-2932-7ea0-1dd285491b7b, 275, 100, 1328, 30, 37.04
2026/09/08 21:54:54.629, GPU-ecc6a1f9-42fe-2932-7ea0-1dd285491b7b, 275, 100, 1328, 30, 37.04
2026/09/08 21:54:54.832, GPU-ecc6a1f9-42fe-2932-7ea0-1dd285491b7b, 275, 100, 1328, 30, 37.04
2026/09/08 21:54:55.037, GPU-ecc6a1f9-42fe-2932-7ea0-1dd285491b7b, 275, 100, 1328, 30, 37.04
2026/09/08 21:54:55.242, GPU-ecc6a1f9-42fe-2932-7ea0-1dd285491b7b, 275, 100, 1328, 30, 36.80
2026/09/08 21:54:55.445, GPU-ecc6a1f9-42fe-2932-7ea0-1dd285491b7b, 275, 100, 1328, 30, 36.80
2026/09/08 21:54:55.649, GPU-ecc6a1f9-42fe-2932-7ea0-1dd285491b7b, 275, 100, 1328, 30, 36.56
2026/09/08 21:54:55.852, GPU-ecc6a1f9-42fe-2932-7ea0-1dd285491b7b, 275, 11, 1328, 30, 36.56
2026/09/08 21:54:56.056, GPU-ecc6a1f9-42fe-2932-7ea0-1dd285491b7b, 273, 85, 1328, 30, 36.07
2026/09/08 21:54:56.259, GPU-ecc6a1f9-42fe-2932-7ea0-1dd285491b7b, 5, 6, 1328, 30, 36.07
2026/09/08 21:54:56.462, GPU-ecc6a1f9-42fe-2932-7ea0-1dd285491b7b, 5, 0, 1328, 30, 36.07
2026/09/08 21:54:56.669, GPU-ecc6a1f9-42fe-2932-7ea0-1dd285491b7b, 5, 0, 1328, 30, 36.07
2026/09/08 21:54:56.872, GPU-ecc6a1f9-42fe-2932-7ea0-1dd285491b7b, 5, 0, 1328, 30, 36.07
2026/09/08 21:54:57.076, GPU-ecc6a1f9-42fe-2932-7ea0-1dd285491b7b, 5, 0, 1328, 30, 36.07
2026/09/08 21:54:57.279, GPU-ecc6a1f9-42fe-2932-7ea0-1dd285491b7b, 5, 0, 1328, 30, 36.07
2026/09/08 21:54:57.483, GPU-ecc6a1f9-42fe-2932-7ea0-1dd285491b7b, 5, 0, 1328, 30, 36.07
2026/09/08 21:54:57.688, GPU-ecc6a1f9-42fe-2932-7ea0-1dd285491b7b, 5, 0, 1328, 30, 36.07
2026/09/08 21:54:57.892, GPU-ecc6a1f9-42fe-2932-7ea0-1dd285491b7b, 5, 0, 1328, 30, 36.07
2026/09/08 21:54:58.096, GPU-ecc6a1f9-42fe-2932-7ea0-1dd285491b7b, 5, 0, 1328, 30, 36.31
2026/09/08 21:54:58.299, GPU-ecc6a1f9-42fe-2932-7ea0-1dd285491b7b, 5, 0, 1328, 30, 36.07
2026/09/08 21:54:58.503, GPU-ecc6a1f9-42fe-2932-7ea0-1dd285491b7b, 5, 0, 1328, 30, 36.07
2026/09/08 21:54:58.706, GPU-ecc6a1f9-42fe-2932-7ea0-1dd285491b7b, 5, 0, 430, 30, 32.19
2026/09/08 21:54:58.913, GPU-ecc6a1f9-42fe-2932-7ea0-1dd285491b7b, 5, 0, 430, 30, 26.58
2026/09/08 21:54:59.117, GPU-ecc6a1f9-42fe-2932-7ea0-1dd285491b7b, 5, 0, 430, 30, 26.58
2026/09/08 21:54:59.320, GPU-ecc6a1f9-42fe-2932-7ea0-1dd285491b7b, 5, 0, 430, 30, 26.34
2026/09/08 21:54:59.524, GPU-ecc6a1f9-42fe-2932-7ea0-1dd285491b7b, 5, 0, 430, 30, 26.34
2026/09/08 21:54:59.727, GPU-ecc6a1f9-42fe-2932-7ea0-1dd285491b7b, 5, 0, 430, 30, 26.58
2026/09/08 21:54:59.931, GPU-ecc6a1f9-42fe-2932-7ea0-1dd285491b7b, 5, 0, 430, 30, 26.34
2026/09/08 21:55:00.137, GPU-ecc6a1f9-42fe-2932-7ea0-1dd285491b7b, 5, 0, 430, 30, 26.34
2026/09/08 21:55:00.341, GPU-ecc6a1f9-42fe-2932-7ea0-1dd285491b7b, 5, 0, 430, 30, 26.34
2026/09/08 21:55:00.544, GPU-ecc6a1f9-42fe-2932-7ea0-1dd285491b7b, 5, 0, 430, 30, 26.34
2026/09/08 21:55:00.748, GPU-ecc6a1f9-42fe-2932-7ea0-1dd285491b7b, 5, 0, 430, 30, 26.34
2026/09/08 21:55:00.951, GPU-ecc6a1f9-42fe-2932-7ea0-1dd285491b7b, 5, 0, 430, 30, 26.09
2026/09/08 21:55:01.155, GPU-ecc6a1f9-42fe-2932-7ea0-1dd285491b7b, 5, 0, 430, 30, 26.34
2026/09/08 21:55:01.359, GPU-ecc6a1f9-42fe-2932-7ea0-1dd285491b7b, 5, 0, 430, 30, 26.34
2026/09/08 21:55:01.562, GPU-ecc6a1f9-42fe-2932-7ea0-1dd285491b7b, 5, 0, 405, 30, 26.34
2026/09/08 21:55:01.766, GPU-ecc6a1f9-42fe-2932-7ea0-1dd285491b7b, 5, 0, 405, 30, 26.34
2026/09/08 21:55:01.969, GPU-ecc6a1f9-42fe-2932-7ea0-1dd285491b7b, 5, 0, 405, 30, 26.34
2026/09/08 21:55:02.173, GPU-ecc6a1f9-42fe-2932-7ea0-1dd285491b7b, 5, 0, 405, 30, 26.34
2026/09/08 21:55:02.378, GPU-ecc6a1f9-42fe-2932-7ea0-1dd285491b7b, 5, 0, 405, 30, 26.34
2026/09/08 21:55:02.582, GPU-ecc6a1f9-42fe-2932-7ea0-1dd285491b7b, 5, 0, 405, 30, 26.34
2026/09/08 21:55:02.785, GPU-ecc6a1f9-42fe-2932-7ea0-1dd285491b7b, 5, 0, 405, 30, 26.34
2026/09/08 21:55:02.989, GPU-ecc6a1f9-42fe-2932-7ea0-1dd285491b7b, 5, 0, 405, 30, 26.34
2026/09/08 21:55:03.193, GPU-ecc6a1f9-42fe-2932-7ea0-1dd285491b7b, 5, 0, 405, 30, 26.34
2026/09/08 21:55:03.398, GPU-ecc6a1f9-42fe-2932-7ea0-1dd285491b7b, 5, 0, 405, 30, 26.34
2026/09/08 21:55:03.602, GPU-ecc6a1f9-42fe-2932-7ea0-1dd285491b7b, 5, 0, 405, 30, 26.34
2026/09/08 21:55:03.805, GPU-ecc6a1f9-42fe-2932-7ea0-1dd285491b7b, 5, 0, 405, 30, 26.34
2026/09/08 21:55:04.009, GPU-ecc6a1f9-42fe-2932-7ea0-1dd285491b7b, 5, 0, 405, 30, 26.34
2026/09/08 21:55:04.212, GPU-ecc6a1f9-42fe-2932-7ea0-1dd285491b7b, 5, 0, 405, 30, 26.34
2026/09/08 21:55:04.417, GPU-ecc6a1f9-42fe-2932-7ea0-1dd285491b7b, 5, 0, 405, 30, 26.34
2026/09/08 21:55:04.621, GPU-ecc6a1f9-42fe-2932-7ea0-1dd285491b7b, 5, 0, 405, 30, 26.34
2026/09/08 21:55:04.824, GPU-ecc6a1f9-42fe-2932-7ea0-1dd285491b7b, 5, 0, 405, 30, 26.34
2026/09/08 21:55:05.028, GPU-ecc6a1f9-42fe-2932-7ea0-1dd285491b7b, 5, 0, 405, 30, 26.34
2026/09/08 21:55:05.231, GPU-ecc6a1f9-42fe-2932-7ea0-1dd285491b7b, 5, 0, 405, 30, 26.34
2026/09/08 21:55:05.437, GPU-ecc6a1f9-42fe-2932-7ea0-1dd285491b7b, 5, 0, 405, 29, 26.34
2026/09/08 21:55:05.640, GPU-ecc6a1f9-42fe-2932-7ea0-1dd285491b7b, 5, 0, 405, 30, 26.34
2026/09/08 21:55:05.843, GPU-ecc6a1f9-42fe-2932-7ea0-1dd285491b7b, 5, 0, 405, 30, 26.34
2026/09/08 21:55:06.047, GPU-ecc6a1f9-42fe-2932-7ea0-1dd285491b7b, 5, 0, 405, 30, 26.34
2026/09/08 21:55:06.250, GPU-ecc6a1f9-42fe-2932-7ea0-1dd285491b7b, 5, 0, 405, 30, 26.34
2026/09/08 21:55:06.456, GPU-ecc6a1f9-42fe-2932-7ea0-1dd285491b7b, 5, 0, 405, 30, 26.34
2026/09/08 21:55:06.660, GPU-ecc6a1f9-42fe-2932-7ea0-1dd285491b7b, 5, 0, 405, 30, 26.34
2026/09/08 21:55:06.863, GPU-ecc6a1f9-42fe-2932-7ea0-1dd285491b7b, 5, 0, 405, 30, 26.34
2026/09/08 21:55:07.067, GPU-ecc6a1f9-42fe-2932-7ea0-1dd285491b7b, 5, 0, 405, 30, 26.09
2026/09/08 21:55:07.270, GPU-ecc6a1f9-42fe-2932-7ea0-1dd285491b7b, 5, 0, 405, 30, 26.34
2026/09/08 21:55:07.475, GPU-ecc6a1f9-42fe-2932-7ea0-1dd285491b7b, 5, 0, 405, 30, 26.09
2026/09/08 21:55:07.679, GPU-ecc6a1f9-42fe-2932-7ea0-1dd285491b7b, 5, 0, 405, 30, 26.34
2026/09/08 21:55:07.882, GPU-ecc6a1f9-42fe-2932-7ea0-1dd285491b7b, 5, 0, 405, 30, 26.34
2026/09/08 21:55:08.086, GPU-ecc6a1f9-42fe-2932-7ea0-1dd285491b7b, 5, 0, 405, 30, 26.34
2026/09/08 21:55:08.289, GPU-ecc6a1f9-42fe-2932-7ea0-1dd285491b7b, 5, 0, 405, 30, 26.34
2026/09/08 21:55:08.493, GPU-ecc6a1f9-42fe-2932-7ea0-1dd285491b7b, 5, 0, 405, 30, 26.34
2026/09/08 21:55:08.698, GPU-ecc6a1f9-42fe-2932-7ea0-1dd285491b7b, 5, 0, 405, 30, 26.34
2026/09/08 21:55:08.902, GPU-ecc6a1f9-42fe-2932-7ea0-1dd285491b7b, 5, 0, 405, 30, 26.34
2026/09/08 21:55:09.105, GPU-ecc6a1f9-42fe-2932-7ea0-1dd285491b7b, 5, 0, 405, 30, 26.34
2026/09/08 21:55:09.309, GPU-ecc6a1f9-42fe-2932-7ea0-1dd285491b7b, 5, 0, 405, 30, 26.34
2026/09/08 21:55:09.512, GPU-ecc6a1f9-42fe-2932-7ea0-1dd285491b7b, 5, 0, 405, 30, 26.09
2026/09/08 21:55:09.716, GPU-ecc6a1f9-42fe-2932-7ea0-1dd285491b7b, 5, 0, 405, 30, 26.34
2026/09/08 21:55:09.921, GPU-ecc6a1f9-42fe-2932-7ea0-1dd285491b7b, 5, 0, 405, 30, 26.34
2026/09/08 21:55:10.125, GPU-ecc6a1f9-42fe-2932-7ea0-1dd285491b7b, 5, 0, 405, 30, 26.34
2026/09/08 21:55:10.328, GPU-ecc6a1f9-42fe-2932-7ea0-1dd285491b7b, 5, 0, 405, 29, 26.34
2026/09/08 21:55:10.532, GPU-ecc6a1f9-42fe-2932-7ea0-1dd285491b7b, 5, 0, 405, 30, 26.34
2026/09/08 21:55:10.735, GPU-ecc6a1f9-42fe-2932-7ea0-1dd285491b7b, 5, 0, 405, 29, 26.34
2026/09/08 21:55:10.939, GPU-ecc6a1f9-42fe-2932-7ea0-1dd285491b7b, 5, 0, 405, 29, 26.34
2026/09/08 21:55:11.143, GPU-ecc6a1f9-42fe-2932-7ea0-1dd285491b7b, 5, 0, 405, 29, 26.34
2026/09/08 21:55:11.346, GPU-ecc6a1f9-42fe-2932-7ea0-1dd285491b7b, 5, 0, 405, 29, 26.34
2026/09/08 21:55:11.550, GPU-ecc6a1f9-42fe-2932-7ea0-1dd285491b7b, 5, 0, 405, 29, 26.34
2026/09/08 21:55:11.754, GPU-ecc6a1f9-42fe-2932-7ea0-1dd285491b7b, 5, 0, 405, 30, 26.34
2026/09/08 21:55:11.957, GPU-ecc6a1f9-42fe-2932-7ea0-1dd285491b7b, 5, 0, 405, 29, 26.34
2026/09/08 21:55:12.162, GPU-ecc6a1f9-42fe-2932-7ea0-1dd285491b7b, 5, 0, 405, 30, 26.34
2026/09/08 21:55:12.366, GPU-ecc6a1f9-42fe-2932-7ea0-1dd285491b7b, 5, 0, 405, 29, 26.34
2026/09/08 21:55:12.569, GPU-ecc6a1f9-42fe-2932-7ea0-1dd285491b7b, 5, 0, 405, 29, 26.34
2026/09/08 21:55:12.773, GPU-ecc6a1f9-42fe-2932-7ea0-1dd285491b7b, 5, 0, 405, 29, 26.34
2026/09/08 21:55:12.976, GPU-ecc6a1f9-42fe-2932-7ea0-1dd285491b7b, 5, 0, 405, 30, 26.34
2026/09/08 21:55:13.182, GPU-ecc6a1f9-42fe-2932-7ea0-1dd285491b7b, 5, 0, 405, 29, 26.34
2026/09/08 21:55:13.385, GPU-ecc6a1f9-42fe-2932-7ea0-1dd285491b7b, 5, 0, 405, 29, 26.34
2026/09/08 21:55:13.589, GPU-ecc6a1f9-42fe-2932-7ea0-1dd285491b7b, 5, 0, 405, 30, 26.34
2026/09/08 21:55:13.792, GPU-ecc6a1f9-42fe-2932-7ea0-1dd285491b7b, 5, 0, 405, 30, 26.34
2026/09/08 21:55:13.996, GPU-ecc6a1f9-42fe-2932-7ea0-1dd285491b7b, 5, 0, 405, 30, 26.34
2026/09/08 21:55:14.201, GPU-ecc6a1f9-42fe-2932-7ea0-1dd285491b7b, 5, 0, 405, 30, 26.34
2026/09/08 21:55:14.405, GPU-ecc6a1f9-42fe-2932-7ea0-1dd285491b7b, 5, 0, 405, 29, 26.34
2026/09/08 21:55:14.608, GPU-ecc6a1f9-42fe-2932-7ea0-1dd285491b7b, 5, 0, 405, 29, 26.34
2026/09/08 21:55:14.812, GPU-ecc6a1f9-42fe-2932-7ea0-1dd285491b7b, 5, 0, 405, 29, 26.34
2026/09/08 21:55:15.016, GPU-ecc6a1f9-42fe-2932-7ea0-1dd285491b7b, 5, 0, 405, 29, 26.34
2026/09/08 21:55:15.221, GPU-ecc6a1f9-42fe-2932-7ea0-1dd285491b7b, 5, 0, 405, 29, 26.34
2026/09/08 21:55:15.425, GPU-ecc6a1f9-42fe-2932-7ea0-1dd285491b7b, 5, 0, 405, 29, 26.34
2026/09/08 21:55:15.628, GPU-ecc6a1f9-42fe-2932-7ea0-1dd285491b7b, 5, 0, 405, 29, 26.34
2026/09/08 21:55:15.832, GPU-ecc6a1f9-42fe-2932-7ea0-1dd285491b7b, 5, 0, 405, 29, 26.34
2026/09/08 21:55:16.035, GPU-ecc6a1f9-42fe-2932-7ea0-1dd285491b7b, 5, 0, 405, 29, 26.34
2026/09/08 21:55:16.240, GPU-ecc6a1f9-42fe-2932-7ea0-1dd285491b7b, 5, 0, 405, 29, 26.34
2026/09/08 21:55:16.444, GPU-ecc6a1f9-42fe-2932-7ea0-1dd285491b7b, 5, 0, 405, 29, 26.34
2026/09/08 21:55:16.647, GPU-ecc6a1f9-42fe-2932-7ea0-1dd285491b7b, 5, 0, 405, 29, 26.34
2026/09/08 21:55:16.851, GPU-ecc6a1f9-42fe-2932-7ea0-1dd285491b7b, 5, 0, 405, 29, 26.09
2026/09/08 21:55:17.055, GPU-ecc6a1f9-42fe-2932-7ea0-1dd285491b7b, 5, 0, 405, 29, 26.34
2026/09/08 21:55:17.260, GPU-ecc6a1f9-42fe-2932-7ea0-1dd285491b7b, 5, 0, 405, 29, 26.34
2026/09/08 21:55:17.463, GPU-ecc6a1f9-42fe-2932-7ea0-1dd285491b7b, 5, 0, 405, 29, 26.34
2026/09/08 21:55:17.667, GPU-ecc6a1f9-42fe-2932-7ea0-1dd285491b7b, 5, 0, 405, 29, 26.34
2026/09/08 21:55:17.870, GPU-ecc6a1f9-42fe-2932-7ea0-1dd285491b7b, 5, 0, 405, 29, 26.09
2026/09/08 21:55:18.074, GPU-ecc6a1f9-42fe-2932-7ea0-1dd285491b7b, 5, 0, 405, 29, 26.34
2026/09/08 21:55:18.279, GPU-ecc6a1f9-42fe-2932-7ea0-1dd285491b7b, 5, 0, 405, 29, 26.34
2026/09/08 21:55:18.483, GPU-ecc6a1f9-42fe-2932-7ea0-1dd285491b7b, 5, 0, 405, 29, 26.34
2026/09/08 21:55:18.686, GPU-ecc6a1f9-42fe-2932-7ea0-1dd285491b7b, 5, 0, 405, 29, 26.34
2026/09/08 21:55:18.890, GPU-ecc6a1f9-42fe-2932-7ea0-1dd285491b7b, 5, 0, 405, 29, 26.34
2026/09/08 21:55:19.093, GPU-ecc6a1f9-42fe-2932-7ea0-1dd285491b7b, 5, 0, 405, 29, 26.34
2026/09/08 21:55:19.299, GPU-ecc6a1f9-42fe-2932-7ea0-1dd285491b7b, 5, 0, 405, 29, 26.34
2026/09/08 21:55:19.502, GPU-ecc6a1f9-42fe-2932-7ea0-1dd285491b7b, 5, 0, 405, 29, 26.34
2026/09/08 21:55:19.706, GPU-ecc6a1f9-42fe-2932-7ea0-1dd285491b7b, 5, 0, 405, 29, 26.34
2026/09/08 21:55:19.909, GPU-ecc6a1f9-42fe-2932-7ea0-1dd285491b7b, 5, 0, 405, 29, 26.09
2026/09/08 21:55:20.113, GPU-ecc6a1f9-42fe-2932-7ea0-1dd285491b7b, 5, 0, 405, 29, 26.34
2026/09/08 21:55:20.318, GPU-ecc6a1f9-42fe-2932-7ea0-1dd285491b7b, 5, 0, 405, 29, 26.34
2026/09/08 21:55:20.522, GPU-ecc6a1f9-42fe-2932-7ea0-1dd285491b7b, 5, 0, 405, 29, 26.34
2026/09/08 21:55:20.725, GPU-ecc6a1f9-42fe-2932-7ea0-1dd285491b7b, 5, 0, 405, 29, 26.34
2026/09/08 21:55:20.929, GPU-ecc6a1f9-42fe-2932-7ea0-1dd285491b7b, 5, 0, 405, 29, 26.34
2026/09/08 21:55:21.132, GPU-ecc6a1f9-42fe-2932-7ea0-1dd285491b7b, 5, 0, 405, 29, 26.34
2026/09/08 21:55:21.338, GPU-ecc6a1f9-42fe-2932-7ea0-1dd285491b7b, 5, 0, 405, 29, 26.34
2026/09/08 21:55:21.541, GPU-ecc6a1f9-42fe-2932-7ea0-1dd285491b7b, 5, 0, 405, 29, 26.34
2026/09/08 21:55:21.745, GPU-ecc6a1f9-42fe-2932-7ea0-1dd285491b7b, 5, 0, 405, 29, 26.34
2026/09/08 21:55:21.948, GPU-ecc6a1f9-42fe-2932-7ea0-1dd285491b7b, 5, 0, 405, 29, 26.09
2026/09/08 21:55:22.152, GPU-ecc6a1f9-42fe-2932-7ea0-1dd285491b7b, 5, 0, 405, 29, 26.34
2026/09/08 21:55:22.358, GPU-ecc6a1f9-42fe-2932-7ea0-1dd285491b7b, 5, 0, 405, 29, 26.34
2026/09/08 21:55:22.562, GPU-ecc6a1f9-42fe-2932-7ea0-1dd285491b7b, 5, 0, 405, 29, 26.34
2026/09/08 21:55:22.765, GPU-ecc6a1f9-42fe-2932-7ea0-1dd285491b7b, 5, 0, 405, 29, 26.34
2026/09/08 21:55:22.969, GPU-ecc6a1f9-42fe-2932-7ea0-1dd285491b7b, 5, 0, 405, 29, 26.34
2026/09/08 21:55:23.172, GPU-ecc6a1f9-42fe-2932-7ea0-1dd285491b7b, 5, 0, 405, 29, 26.34
2026/09/08 21:55:23.378, GPU-ecc6a1f9-42fe-2932-7ea0-1dd285491b7b, 5, 0, 405, 29, 26.34
2026/09/08 21:55:23.581, GPU-ecc6a1f9-42fe-2932-7ea0-1dd285491b7b, 5, 0, 405, 29, 26.34
2026/09/08 21:55:23.785, GPU-ecc6a1f9-42fe-2932-7ea0-1dd285491b7b, 5, 0, 405, 29, 26.34
2026/09/08 21:55:23.988, GPU-ecc6a1f9-42fe-2932-7ea0-1dd285491b7b, 5, 0, 405, 29, 26.34
2026/09/08 21:55:24.199, GPU-ecc6a1f9-42fe-2932-7ea0-1dd285491b7b, 7, 0, 405, 29, 26.34
2026/09/08 21:55:24.402, GPU-ecc6a1f9-42fe-2932-7ea0-1dd285491b7b, 17, 0, 1189, 29, 28.77
2026/09/08 21:55:24.607, GPU-ecc6a1f9-42fe-2932-7ea0-1dd285491b7b, 289, 3, 1189, 30, 116.64
2026/09/08 21:55:24.811, GPU-ecc6a1f9-42fe-2932-7ea0-1dd285491b7b, 289, 87, 1328, 31, 146.22
2026/09/08 21:55:25.014, GPU-ecc6a1f9-42fe-2932-7ea0-1dd285491b7b, 5, 22, 1328, 30, 36.31
2026/09/08 21:55:25.220, GPU-ecc6a1f9-42fe-2932-7ea0-1dd285491b7b, 7, 0, 1328, 30, 36.31
2026/09/08 21:55:25.424, GPU-ecc6a1f9-42fe-2932-7ea0-1dd285491b7b, 15, 0, 1328, 30, 36.07
2026/09/08 21:55:25.700, GPU-ecc6a1f9-42fe-2932-7ea0-1dd285491b7b, 293, 7, 1328, 31, 164.38
2026/09/08 21:55:25.904, GPU-ecc6a1f9-42fe-2932-7ea0-1dd285491b7b, 293, 93, 1328, 32, 170.43
2026/09/08 21:55:26.107, GPU-ecc6a1f9-42fe-2932-7ea0-1dd285491b7b, 5, 94, 1328, 31, 38.75
2026/09/08 21:55:26.310, GPU-ecc6a1f9-42fe-2932-7ea0-1dd285491b7b, 5, 0, 1328, 31, 38.26
2026/09/08 21:55:26.514, GPU-ecc6a1f9-42fe-2932-7ea0-1dd285491b7b, 7, 0, 1328, 31, 37.78
2026/09/08 21:55:26.719, GPU-ecc6a1f9-42fe-2932-7ea0-1dd285491b7b, 15, 0, 1328, 30, 37.78
2026/09/08 21:55:27.031, GPU-ecc6a1f9-42fe-2932-7ea0-1dd285491b7b, 295, 4, 1328, 31, 171.07
2026/09/08 21:55:27.235, GPU-ecc6a1f9-42fe-2932-7ea0-1dd285491b7b, 295, 64, 1328, 33, 204.16
2026/09/08 21:55:27.439, GPU-ecc6a1f9-42fe-2932-7ea0-1dd285491b7b, 263, 95, 1328, 34, 90.15
2026/09/08 21:55:27.643, GPU-ecc6a1f9-42fe-2932-7ea0-1dd285491b7b, 5, 5, 1328, 32, 39.73
2026/09/08 21:55:27.846, GPU-ecc6a1f9-42fe-2932-7ea0-1dd285491b7b, 7, 0, 1328, 31, 39.24
2026/09/08 21:55:28.050, GPU-ecc6a1f9-42fe-2932-7ea0-1dd285491b7b, 7, 0, 1328, 31, 38.99
2026/09/08 21:55:28.253, GPU-ecc6a1f9-42fe-2932-7ea0-1dd285491b7b, 7, 0, 1328, 31, 38.75
2026/09/08 21:55:28.458, GPU-ecc6a1f9-42fe-2932-7ea0-1dd285491b7b, 7, 0, 1328, 31, 38.75
2026/09/08 21:55:28.662, GPU-ecc6a1f9-42fe-2932-7ea0-1dd285491b7b, 15, 0, 1328, 31, 38.75
2026/09/08 21:55:28.958, GPU-ecc6a1f9-42fe-2932-7ea0-1dd285491b7b, 363, 1, 1328, 31, 39.48
2026/09/08 21:55:29.161, GPU-ecc6a1f9-42fe-2932-7ea0-1dd285491b7b, 363, 59, 1328, 33, 199.09
2026/09/08 21:55:29.365, GPU-ecc6a1f9-42fe-2932-7ea0-1dd285491b7b, 363, 95, 1328, 33, 208.50
2026/09/08 21:55:29.568, GPU-ecc6a1f9-42fe-2932-7ea0-1dd285491b7b, 5, 76, 1328, 32, 39.97
2026/09/08 21:55:29.772, GPU-ecc6a1f9-42fe-2932-7ea0-1dd285491b7b, 5, 5, 1328, 32, 39.48
2026/09/08 21:55:29.975, GPU-ecc6a1f9-42fe-2932-7ea0-1dd285491b7b, 7, 0, 1328, 31, 39.24
2026/09/08 21:55:30.180, GPU-ecc6a1f9-42fe-2932-7ea0-1dd285491b7b, 63, 0, 1328, 31, 39.48
2026/09/08 21:55:30.384, GPU-ecc6a1f9-42fe-2932-7ea0-1dd285491b7b, 297, 24, 1328, 32, 161.99
2026/09/08 21:55:30.587, GPU-ecc6a1f9-42fe-2932-7ea0-1dd285491b7b, 297, 87, 1328, 33, 180.49
2026/09/08 21:55:30.791, GPU-ecc6a1f9-42fe-2932-7ea0-1dd285491b7b, 5, 68, 1328, 32, 39.97
2026/09/08 21:55:30.994, GPU-ecc6a1f9-42fe-2932-7ea0-1dd285491b7b, 7, 0, 1328, 31, 39.73
2026/09/08 21:55:31.198, GPU-ecc6a1f9-42fe-2932-7ea0-1dd285491b7b, 15, 0, 1328, 31, 39.73
2026/09/08 21:55:31.410, GPU-ecc6a1f9-42fe-2932-7ea0-1dd285491b7b, 299, 1, 1328, 32, 190.90
2026/09/08 21:55:31.613, GPU-ecc6a1f9-42fe-2932-7ea0-1dd285491b7b, 299, 56, 1328, 34, 207.78
2026/09/08 21:55:31.816, GPU-ecc6a1f9-42fe-2932-7ea0-1dd285491b7b, 5, 67, 1328, 33, 42.40
2026/09/08 21:55:32.021, GPU-ecc6a1f9-42fe-2932-7ea0-1dd285491b7b, 5, 0, 1328, 32, 40.21
2026/09/08 21:55:32.224, GPU-ecc6a1f9-42fe-2932-7ea0-1dd285491b7b, 7, 0, 1328, 32, 39.96
2026/09/08 21:55:32.428, GPU-ecc6a1f9-42fe-2932-7ea0-1dd285491b7b, 15, 0, 1328, 32, 39.72
2026/09/08 21:55:32.656, GPU-ecc6a1f9-42fe-2932-7ea0-1dd285491b7b, 301, 47, 1328, 33, 215.47
2026/09/08 21:55:32.859, GPU-ecc6a1f9-42fe-2932-7ea0-1dd285491b7b, 301, 96, 1328, 34, 218.38
2026/09/08 21:55:33.063, GPU-ecc6a1f9-42fe-2932-7ea0-1dd285491b7b, 261, 98, 1328, 34, 40.21
2026/09/08 21:55:33.266, GPU-ecc6a1f9-42fe-2932-7ea0-1dd285491b7b, 5, 18, 1328, 33, 37.29
2026/09/08 21:55:33.469, GPU-ecc6a1f9-42fe-2932-7ea0-1dd285491b7b, 7, 0, 1328, 32, 37.04
2026/09/08 21:55:33.673, GPU-ecc6a1f9-42fe-2932-7ea0-1dd285491b7b, 7, 0, 1328, 32, 36.80
2026/09/08 21:55:33.878, GPU-ecc6a1f9-42fe-2932-7ea0-1dd285491b7b, 7, 0, 1328, 32, 36.56
2026/09/08 21:55:34.082, GPU-ecc6a1f9-42fe-2932-7ea0-1dd285491b7b, 7, 0, 1328, 32, 36.56
2026/09/08 21:55:34.285, GPU-ecc6a1f9-42fe-2932-7ea0-1dd285491b7b, 7, 0, 1328, 32, 36.56
2026/09/08 21:55:34.489, GPU-ecc6a1f9-42fe-2932-7ea0-1dd285491b7b, 7, 0, 1328, 32, 36.56
2026/09/08 21:55:34.692, GPU-ecc6a1f9-42fe-2932-7ea0-1dd285491b7b, 15, 0, 1328, 31, 36.31
2026/09/08 21:55:34.978, GPU-ecc6a1f9-42fe-2932-7ea0-1dd285491b7b, 367, 2, 1328, 32, 183.27
2026/09/08 21:55:35.181, GPU-ecc6a1f9-42fe-2932-7ea0-1dd285491b7b, 367, 95, 1328, 34, 192.33
2026/09/08 21:55:35.385, GPU-ecc6a1f9-42fe-2932-7ea0-1dd285491b7b, 5, 89, 1328, 33, 39.97
2026/09/08 21:55:35.594, GPU-ecc6a1f9-42fe-2932-7ea0-1dd285491b7b, 5, 5, 1328, 32, 38.51
2026/09/08 21:55:35.798, GPU-ecc6a1f9-42fe-2932-7ea0-1dd285491b7b, 7, 0, 1328, 32, 38.26
2026/09/08 21:55:36.002, GPU-ecc6a1f9-42fe-2932-7ea0-1dd285491b7b, 15, 0, 1328, 32, 38.01
2026/09/08 21:55:36.205, GPU-ecc6a1f9-42fe-2932-7ea0-1dd285491b7b, 289, 29, 1328, 33, 142.33
2026/09/08 21:55:36.409, GPU-ecc6a1f9-42fe-2932-7ea0-1dd285491b7b, 289, 87, 1328, 34, 146.93
2026/09/08 21:55:36.612, GPU-ecc6a1f9-42fe-2932-7ea0-1dd285491b7b, 5, 64, 1328, 33, 39.73
2026/09/08 21:55:36.817, GPU-ecc6a1f9-42fe-2932-7ea0-1dd285491b7b, 5, 5, 1328, 32, 39.48
2026/09/08 21:55:37.020, GPU-ecc6a1f9-42fe-2932-7ea0-1dd285491b7b, 7, 0, 1328, 32, 39.48
2026/09/08 21:55:37.224, GPU-ecc6a1f9-42fe-2932-7ea0-1dd285491b7b, 15, 0, 1328, 32, 39.24
2026/09/08 21:55:37.436, GPU-ecc6a1f9-42fe-2932-7ea0-1dd285491b7b, 293, 3, 1328, 33, 195.24
2026/09/08 21:55:37.640, GPU-ecc6a1f9-42fe-2932-7ea0-1dd285491b7b, 293, 79, 1328, 34, 203.07
2026/09/08 21:55:37.843, GPU-ecc6a1f9-42fe-2932-7ea0-1dd285491b7b, 5, 35, 1328, 33, 41.19
2026/09/08 21:55:38.047, GPU-ecc6a1f9-42fe-2932-7ea0-1dd285491b7b, 5, 0, 1328, 33, 40.70
2026/09/08 21:55:38.250, GPU-ecc6a1f9-42fe-2932-7ea0-1dd285491b7b, 7, 0, 1328, 32, 40.69
2026/09/08 21:55:38.456, GPU-ecc6a1f9-42fe-2932-7ea0-1dd285491b7b, 295, 0, 1328, 32, 47.00
2026/09/08 21:55:38.659, GPU-ecc6a1f9-42fe-2932-7ea0-1dd285491b7b, 295, 15, 1328, 35, 208.98
2026/09/08 21:55:38.863, GPU-ecc6a1f9-42fe-2932-7ea0-1dd285491b7b, 295, 97, 1328, 36, 220.89
2026/09/08 21:55:39.066, GPU-ecc6a1f9-42fe-2932-7ea0-1dd285491b7b, 5, 45, 1328, 34, 41.19
2026/09/08 21:55:39.270, GPU-ecc6a1f9-42fe-2932-7ea0-1dd285491b7b, 7, 0, 1328, 33, 40.46
2026/09/08 21:55:39.475, GPU-ecc6a1f9-42fe-2932-7ea0-1dd285491b7b, 15, 0, 1328, 33, 40.21
2026/09/08 21:55:39.690, GPU-ecc6a1f9-42fe-2932-7ea0-1dd285491b7b, 293, 7, 1328, 33, 169.72
2026/09/08 21:55:39.895, GPU-ecc6a1f9-42fe-2932-7ea0-1dd285491b7b, 293, 93, 1328, 35, 190.42
2026/09/08 21:55:40.098, GPU-ecc6a1f9-42fe-2932-7ea0-1dd285491b7b, 5, 94, 1328, 34, 43.35
2026/09/08 21:55:40.302, GPU-ecc6a1f9-42fe-2932-7ea0-1dd285491b7b, 5, 25, 1328, 33, 40.70
2026/09/08 21:55:40.506, GPU-ecc6a1f9-42fe-2932-7ea0-1dd285491b7b, 7, 0, 1328, 33, 40.45
2026/09/08 21:55:40.709, GPU-ecc6a1f9-42fe-2932-7ea0-1dd285491b7b, 15, 0, 1328, 33, 40.21
2026/09/08 21:55:41.001, GPU-ecc6a1f9-42fe-2932-7ea0-1dd285491b7b, 17, 0, 1328, 33, 40.21
2026/09/08 21:55:41.205, GPU-ecc6a1f9-42fe-2932-7ea0-1dd285491b7b, 295, 27, 1328, 34, 208.26
2026/09/08 21:55:41.409, GPU-ecc6a1f9-42fe-2932-7ea0-1dd285491b7b, 295, 93, 1328, 36, 208.62
2026/09/08 21:55:41.614, GPU-ecc6a1f9-42fe-2932-7ea0-1dd285491b7b, 5, 96, 1328, 35, 42.90
2026/09/08 21:55:41.827, GPU-ecc6a1f9-42fe-2932-7ea0-1dd285491b7b, 5, 29, 1328, 34, 40.94
2026/09/08 21:55:42.034, GPU-ecc6a1f9-42fe-2932-7ea0-1dd285491b7b, 7, 0, 1328, 33, 40.46
2026/09/08 21:55:42.237, GPU-ecc6a1f9-42fe-2932-7ea0-1dd285491b7b, 7, 0, 1328, 33, 40.46
2026/09/08 21:55:42.441, GPU-ecc6a1f9-42fe-2932-7ea0-1dd285491b7b, 7, 0, 1328, 33, 40.21
2026/09/08 21:55:42.644, GPU-ecc6a1f9-42fe-2932-7ea0-1dd285491b7b, 7, 0, 1328, 33, 40.46
2026/09/08 21:55:42.848, GPU-ecc6a1f9-42fe-2932-7ea0-1dd285491b7b, 7, 0, 1328, 33, 40.46
2026/09/08 21:55:43.053, GPU-ecc6a1f9-42fe-2932-7ea0-1dd285491b7b, 7, 0, 1328, 32, 40.21
2026/09/08 21:55:43.257, GPU-ecc6a1f9-42fe-2932-7ea0-1dd285491b7b, 15, 0, 1328, 33, 39.24
2026/09/08 21:55:43.477, GPU-ecc6a1f9-42fe-2932-7ea0-1dd285491b7b, 363, 0, 1328, 32, 37.29
2026/09/08 21:55:43.681, GPU-ecc6a1f9-42fe-2932-7ea0-1dd285491b7b, 363, 7, 1328, 32, 168.66
2026/09/08 21:55:43.884, GPU-ecc6a1f9-42fe-2932-7ea0-1dd285491b7b, 363, 95, 1328, 35, 187.05
2026/09/08 21:55:44.088, GPU-ecc6a1f9-42fe-2932-7ea0-1dd285491b7b, 261, 95, 1328, 35, 43.59
2026/09/08 21:55:44.295, GPU-ecc6a1f9-42fe-2932-7ea0-1dd285491b7b, 5, 24, 1328, 33, 39.24
2026/09/08 21:55:44.498, GPU-ecc6a1f9-42fe-2932-7ea0-1dd285491b7b, 7, 0, 1328, 33, 38.99
2026/09/08 21:55:44.701, GPU-ecc6a1f9-42fe-2932-7ea0-1dd285491b7b, 7, 0, 1328, 33, 38.75
2026/09/08 21:55:44.906, GPU-ecc6a1f9-42fe-2932-7ea0-1dd285491b7b, 15, 0, 1328, 33, 38.75
2026/09/08 21:55:45.141, GPU-ecc6a1f9-42fe-2932-7ea0-1dd285491b7b, 263, 0, 1328, 33, 38.99
2026/09/08 21:55:45.345, GPU-ecc6a1f9-42fe-2932-7ea0-1dd285491b7b, 297, 4, 1328, 34, 155.54
2026/09/08 21:55:45.548, GPU-ecc6a1f9-42fe-2932-7ea0-1dd285491b7b, 297, 84, 1328, 35, 172.77
2026/09/08 21:55:45.755, GPU-ecc6a1f9-42fe-2932-7ea0-1dd285491b7b, 5, 37, 1328, 34, 40.46
2026/09/08 21:55:45.958, GPU-ecc6a1f9-42fe-2932-7ea0-1dd285491b7b, 7, 0, 1328, 33, 40.46
2026/09/08 21:55:46.162, GPU-ecc6a1f9-42fe-2932-7ea0-1dd285491b7b, 7, 0, 1328, 33, 39.97
2026/09/08 21:55:46.365, GPU-ecc6a1f9-42fe-2932-7ea0-1dd285491b7b, 23, 1, 1328, 33, 39.97
2026/09/08 21:55:46.569, GPU-ecc6a1f9-42fe-2932-7ea0-1dd285491b7b, 299, 52, 1328, 35, 206.81
2026/09/08 21:55:46.775, GPU-ecc6a1f9-42fe-2932-7ea0-1dd285491b7b, 299, 94, 1328, 36, 218.36
2026/09/08 21:55:46.978, GPU-ecc6a1f9-42fe-2932-7ea0-1dd285491b7b, 5, 67, 1328, 34, 40.94
2026/09/08 21:55:47.182, GPU-ecc6a1f9-42fe-2932-7ea0-1dd285491b7b, 7, 5, 1328, 34, 40.46
2026/09/08 21:55:47.385, GPU-ecc6a1f9-42fe-2932-7ea0-1dd285491b7b, 15, 0, 1328, 34, 40.21
2026/09/08 21:55:47.602, GPU-ecc6a1f9-42fe-2932-7ea0-1dd285491b7b, 301, 3, 1328, 33, 41.89
2026/09/08 21:55:47.806, GPU-ecc6a1f9-42fe-2932-7ea0-1dd285491b7b, 301, 52, 1328, 36, 218.00
2026/09/08 21:55:48.010, GPU-ecc6a1f9-42fe-2932-7ea0-1dd285491b7b, 301, 96, 1328, 37, 224.26
2026/09/08 21:55:48.215, GPU-ecc6a1f9-42fe-2932-7ea0-1dd285491b7b, 5, 12, 1328, 35, 41.18
2026/09/08 21:55:48.418, GPU-ecc6a1f9-42fe-2932-7ea0-1dd285491b7b, 7, 0, 1328, 34, 40.70
2026/09/08 21:55:48.622, GPU-ecc6a1f9-42fe-2932-7ea0-1dd285491b7b, 7, 0, 1328, 34, 40.21
2026/09/08 21:55:48.825, GPU-ecc6a1f9-42fe-2932-7ea0-1dd285491b7b, 7, 0, 1328, 34, 39.97
2026/09/08 21:55:49.028, GPU-ecc6a1f9-42fe-2932-7ea0-1dd285491b7b, 7, 0, 1328, 33, 39.97
2026/09/08 21:55:49.234, GPU-ecc6a1f9-42fe-2932-7ea0-1dd285491b7b, 15, 0, 1328, 33, 39.72
2026/09/08 21:55:49.477, GPU-ecc6a1f9-42fe-2932-7ea0-1dd285491b7b, 367, 8, 1328, 35, 209.22
2026/09/08 21:55:49.680, GPU-ecc6a1f9-42fe-2932-7ea0-1dd285491b7b, 367, 76, 1328, 36, 209.71
2026/09/08 21:55:49.884, GPU-ecc6a1f9-42fe-2932-7ea0-1dd285491b7b, 5, 59, 1328, 35, 41.92
2026/09/08 21:55:50.087, GPU-ecc6a1f9-42fe-2932-7ea0-1dd285491b7b, 5, 0, 1328, 34, 40.70
2026/09/08 21:55:50.294, GPU-ecc6a1f9-42fe-2932-7ea0-1dd285491b7b, 7, 0, 1328, 34, 40.69
2026/09/08 21:55:50.497, GPU-ecc6a1f9-42fe-2932-7ea0-1dd285491b7b, 25, 0, 1328, 34, 40.45
2026/09/08 21:55:50.701, GPU-ecc6a1f9-42fe-2932-7ea0-1dd285491b7b, 289, 3, 1328, 35, 152.18
2026/09/08 21:55:50.904, GPU-ecc6a1f9-42fe-2932-7ea0-1dd285491b7b, 289, 88, 1328, 36, 164.65
2026/09/08 21:55:51.108, GPU-ecc6a1f9-42fe-2932-7ea0-1dd285491b7b, 5, 30, 1328, 34, 40.94
2026/09/08 21:55:51.315, GPU-ecc6a1f9-42fe-2932-7ea0-1dd285491b7b, 7, 0, 1328, 34, 40.70
2026/09/08 21:55:51.519, GPU-ecc6a1f9-42fe-2932-7ea0-1dd285491b7b, 15, 0, 1328, 34, 40.46
2026/09/08 21:55:51.803, GPU-ecc6a1f9-42fe-2932-7ea0-1dd285491b7b, 293, 4, 1328, 35, 194.52
2026/09/08 21:55:52.006, GPU-ecc6a1f9-42fe-2932-7ea0-1dd285491b7b, 293, 80, 1328, 36, 193.31
2026/09/08 21:55:52.209, GPU-ecc6a1f9-42fe-2932-7ea0-1dd285491b7b, 5, 92, 1328, 35, 41.43
2026/09/08 21:55:52.413, GPU-ecc6a1f9-42fe-2932-7ea0-1dd285491b7b, 5, 0, 1328, 35, 40.94
2026/09/08 21:55:52.617, GPU-ecc6a1f9-42fe-2932-7ea0-1dd285491b7b, 7, 0, 1328, 34, 40.46
2026/09/08 21:55:52.821, GPU-ecc6a1f9-42fe-2932-7ea0-1dd285491b7b, 21, 0, 1328, 34, 40.45
2026/09/08 21:55:53.025, GPU-ecc6a1f9-42fe-2932-7ea0-1dd285491b7b, 295, 4, 1328, 36, 205.97
2026/09/08 21:55:53.228, GPU-ecc6a1f9-42fe-2932-7ea0-1dd285491b7b, 295, 96, 1328, 37, 214.14
2026/09/08 21:55:53.432, GPU-ecc6a1f9-42fe-2932-7ea0-1dd285491b7b, 5, 65, 1328, 36, 41.43
2026/09/08 21:55:53.635, GPU-ecc6a1f9-42fe-2932-7ea0-1dd285491b7b, 5, 0, 1328, 35, 40.94
2026/09/08 21:55:53.839, GPU-ecc6a1f9-42fe-2932-7ea0-1dd285491b7b, 7, 0, 1328, 34, 40.45
2026/09/08 21:55:54.042, GPU-ecc6a1f9-42fe-2932-7ea0-1dd285491b7b, 289, 0, 1328, 34, 40.69
2026/09/08 21:55:54.248, GPU-ecc6a1f9-42fe-2932-7ea0-1dd285491b7b, 289, 70, 1328, 36, 159.57
2026/09/08 21:55:54.452, GPU-ecc6a1f9-42fe-2932-7ea0-1dd285491b7b, 261, 87, 1328, 36, 54.04
2026/09/08 21:55:54.655, GPU-ecc6a1f9-42fe-2932-7ea0-1dd285491b7b, 5, 22, 1328, 35, 40.94
2026/09/08 21:55:54.859, GPU-ecc6a1f9-42fe-2932-7ea0-1dd285491b7b, 7, 0, 1328, 34, 40.45
2026/09/08 21:55:55.062, GPU-ecc6a1f9-42fe-2932-7ea0-1dd285491b7b, 15, 0, 1328, 34, 40.46
2026/09/08 21:55:55.276, GPU-ecc6a1f9-42fe-2932-7ea0-1dd285491b7b, 295, 1, 1328, 34, 44.31
2026/09/08 21:55:55.479, GPU-ecc6a1f9-42fe-2932-7ea0-1dd285491b7b, 295, 48, 1328, 36, 214.77
2026/09/08 21:55:55.683, GPU-ecc6a1f9-42fe-2932-7ea0-1dd285491b7b, 295, 95, 1328, 37, 224.15
2026/09/08 21:55:55.889, GPU-ecc6a1f9-42fe-2932-7ea0-1dd285491b7b, 5, 98, 1328, 36, 41.43
2026/09/08 21:55:56.093, GPU-ecc6a1f9-42fe-2932-7ea0-1dd285491b7b, 5, 0, 1328, 35, 40.70
2026/09/08 21:55:56.304, GPU-ecc6a1f9-42fe-2932-7ea0-1dd285491b7b, 7, 0, 1328, 35, 40.69
2026/09/08 21:55:56.509, GPU-ecc6a1f9-42fe-2932-7ea0-1dd285491b7b, 7, 0, 1328, 34, 40.45
2026/09/08 21:55:56.712, GPU-ecc6a1f9-42fe-2932-7ea0-1dd285491b7b, 7, 0, 1328, 34, 40.45
2026/09/08 21:55:56.916, GPU-ecc6a1f9-42fe-2932-7ea0-1dd285491b7b, 15, 0, 1328, 34, 40.21
2026/09/08 21:55:57.168, GPU-ecc6a1f9-42fe-2932-7ea0-1dd285491b7b, 363, 8, 1328, 34, 40.69
2026/09/08 21:55:57.372, GPU-ecc6a1f9-42fe-2932-7ea0-1dd285491b7b, 363, 16, 1328, 36, 203.54
2026/09/08 21:55:57.575, GPU-ecc6a1f9-42fe-2932-7ea0-1dd285491b7b, 363, 96, 1328, 37, 208.98
2026/09/08 21:55:57.779, GPU-ecc6a1f9-42fe-2932-7ea0-1dd285491b7b, 5, 27, 1328, 36, 41.43
2026/09/08 21:55:57.982, GPU-ecc6a1f9-42fe-2932-7ea0-1dd285491b7b, 5, 0, 1328, 35, 40.94
2026/09/08 21:55:58.187, GPU-ecc6a1f9-42fe-2932-7ea0-1dd285491b7b, 7, 0, 1328, 35, 40.69
2026/09/08 21:55:58.391, GPU-ecc6a1f9-42fe-2932-7ea0-1dd285491b7b, 297, 0, 1328, 34, 41.65
2026/09/08 21:55:58.595, GPU-ecc6a1f9-42fe-2932-7ea0-1dd285491b7b, 297, 80, 1328, 36, 168.65
2026/09/08 21:55:58.798, GPU-ecc6a1f9-42fe-2932-7ea0-1dd285491b7b, 5, 89, 1328, 36, 42.64
2026/09/08 21:55:59.023, GPU-ecc6a1f9-42fe-2932-7ea0-1dd285491b7b, 5, 14, 1328, 35, 40.94
2026/09/08 21:55:59.227, GPU-ecc6a1f9-42fe-2932-7ea0-1dd285491b7b, 7, 0, 1328, 35, 40.69
2026/09/08 21:55:59.431, GPU-ecc6a1f9-42fe-2932-7ea0-1dd285491b7b, 15, 0, 1328, 34, 40.69
2026/09/08 21:55:59.694, GPU-ecc6a1f9-42fe-2932-7ea0-1dd285491b7b, 299, 4, 1328, 36, 206.45
2026/09/08 21:55:59.897, GPU-ecc6a1f9-42fe-2932-7ea0-1dd285491b7b, 299, 74, 1328, 37, 208.50
2026/09/08 21:56:00.101, GPU-ecc6a1f9-42fe-2932-7ea0-1dd285491b7b, 5, 47, 1328, 36, 41.67
2026/09/08 21:56:00.306, GPU-ecc6a1f9-42fe-2932-7ea0-1dd285491b7b, 5, 0, 1328, 35, 41.19
2026/09/08 21:56:00.510, GPU-ecc6a1f9-42fe-2932-7ea0-1dd285491b7b, 7, 0, 1328, 35, 40.94
2026/09/08 21:56:00.713, GPU-ecc6a1f9-42fe-2932-7ea0-1dd285491b7b, 15, 0, 1328, 35, 40.46
2026/09/08 21:56:01.014, GPU-ecc6a1f9-42fe-2932-7ea0-1dd285491b7b, 301, 4, 1328, 35, 184.62
2026/09/08 21:56:01.218, GPU-ecc6a1f9-42fe-2932-7ea0-1dd285491b7b, 301, 49, 1328, 37, 218.60
2026/09/08 21:56:01.421, GPU-ecc6a1f9-42fe-2932-7ea0-1dd285491b7b, 301, 98, 1328, 38, 226.65
2026/09/08 21:56:01.626, GPU-ecc6a1f9-42fe-2932-7ea0-1dd285491b7b, 5, 14, 1328, 36, 41.67
2026/09/08 21:56:01.830, GPU-ecc6a1f9-42fe-2932-7ea0-1dd285491b7b, 7, 0, 1328, 36, 41.18
2026/09/08 21:56:02.033, GPU-ecc6a1f9-42fe-2932-7ea0-1dd285491b7b, 7, 0, 1328, 35, 40.94
2026/09/08 21:56:02.237, GPU-ecc6a1f9-42fe-2932-7ea0-1dd285491b7b, 7, 0, 1328, 35, 40.70
2026/09/08 21:56:02.440, GPU-ecc6a1f9-42fe-2932-7ea0-1dd285491b7b, 7, 0, 1328, 35, 40.70
2026/09/08 21:56:02.646, GPU-ecc6a1f9-42fe-2932-7ea0-1dd285491b7b, 7, 0, 1328, 35, 40.70
2026/09/08 21:56:02.849, GPU-ecc6a1f9-42fe-2932-7ea0-1dd285491b7b, 21, 0, 1328, 35, 40.70
2026/09/08 21:56:03.053, GPU-ecc6a1f9-42fe-2932-7ea0-1dd285491b7b, 367, 8, 1328, 36, 209.57
2026/09/08 21:56:03.256, GPU-ecc6a1f9-42fe-2932-7ea0-1dd285491b7b, 367, 95, 1328, 37, 211.15
2026/09/08 21:56:03.460, GPU-ecc6a1f9-42fe-2932-7ea0-1dd285491b7b, 5, 65, 1328, 36, 41.92
2026/09/08 21:56:03.665, GPU-ecc6a1f9-42fe-2932-7ea0-1dd285491b7b, 5, 0, 1328, 36, 41.19
2026/09/08 21:56:03.868, GPU-ecc6a1f9-42fe-2932-7ea0-1dd285491b7b, 7, 0, 1328, 35, 40.94
2026/09/08 21:56:04.072, GPU-ecc6a1f9-42fe-2932-7ea0-1dd285491b7b, 17, 0, 1328, 35, 40.94
2026/09/08 21:56:04.276, GPU-ecc6a1f9-42fe-2932-7ea0-1dd285491b7b, 289, 48, 1328, 36, 152.42
2026/09/08 21:56:04.479, GPU-ecc6a1f9-42fe-2932-7ea0-1dd285491b7b, 289, 88, 1328, 37, 162.62
2026/09/08 21:56:04.685, GPU-ecc6a1f9-42fe-2932-7ea0-1dd285491b7b, 5, 50, 1328, 36, 40.94
2026/09/08 21:56:04.888, GPU-ecc6a1f9-42fe-2932-7ea0-1dd285491b7b, 7, 0, 1328, 35, 40.70
2026/09/08 21:56:05.092, GPU-ecc6a1f9-42fe-2932-7ea0-1dd285491b7b, 7, 0, 1328, 35, 40.70
2026/09/08 21:56:05.295, GPU-ecc6a1f9-42fe-2932-7ea0-1dd285491b7b, 15, 0, 1328, 35, 40.46
2026/09/08 21:56:05.567, GPU-ecc6a1f9-42fe-2932-7ea0-1dd285491b7b, 293, 1, 1328, 35, 173.97
2026/09/08 21:56:05.771, GPU-ecc6a1f9-42fe-2932-7ea0-1dd285491b7b, 293, 91, 1328, 37, 196.66
2026/09/08 21:56:05.974, GPU-ecc6a1f9-42fe-2932-7ea0-1dd285491b7b, 5, 84, 1328, 37, 43.35
2026/09/08 21:56:06.186, GPU-ecc6a1f9-42fe-2932-7ea0-1dd285491b7b, 5, 5, 1328, 36, 41.67
2026/09/08 21:56:06.389, GPU-ecc6a1f9-42fe-2932-7ea0-1dd285491b7b, 7, 0, 1328, 36, 41.43
2026/09/08 21:56:06.593, GPU-ecc6a1f9-42fe-2932-7ea0-1dd285491b7b, 15, 0, 1328, 35, 41.17
2026/09/08 21:56:06.807, GPU-ecc6a1f9-42fe-2932-7ea0-1dd285491b7b, 295, 12, 1328, 37, 206.45
2026/09/08 21:56:07.011, GPU-ecc6a1f9-42fe-2932-7ea0-1dd285491b7b, 295, 95, 1328, 38, 207.54
2026/09/08 21:56:07.214, GPU-ecc6a1f9-42fe-2932-7ea0-1dd285491b7b, 261, 95, 1328, 38, 45.55
2026/09/08 21:56:07.418, GPU-ecc6a1f9-42fe-2932-7ea0-1dd285491b7b, 5, 48, 1328, 36, 41.92
2026/09/08 21:56:07.624, GPU-ecc6a1f9-42fe-2932-7ea0-1dd285491b7b, 7, 0, 1328, 36, 41.43
2026/09/08 21:56:07.827, GPU-ecc6a1f9-42fe-2932-7ea0-1dd285491b7b, 15, 0, 1328, 36, 41.18
2026/09/08 21:56:08.040, GPU-ecc6a1f9-42fe-2932-7ea0-1dd285491b7b, 289, 4, 1328, 37, 144.03
2026/09/08 21:56:08.244, GPU-ecc6a1f9-42fe-2932-7ea0-1dd285491b7b, 289, 78, 1328, 37, 165.14
2026/09/08 21:56:08.448, GPU-ecc6a1f9-42fe-2932-7ea0-1dd285491b7b, 5, 5, 1328, 36, 41.67
2026/09/08 21:56:08.651, GPU-ecc6a1f9-42fe-2932-7ea0-1dd285491b7b, 7, 0, 1328, 36, 41.18
2026/09/08 21:56:08.855, GPU-ecc6a1f9-42fe-2932-7ea0-1dd285491b7b, 15, 0, 1328, 35, 40.94
2026/09/08 21:56:09.105, GPU-ecc6a1f9-42fe-2932-7ea0-1dd285491b7b, 293, 60, 1328, 37, 188.34
2026/09/08 21:56:09.308, GPU-ecc6a1f9-42fe-2932-7ea0-1dd285491b7b, 293, 93, 1328, 38, 201.73
2026/09/08 21:56:09.512, GPU-ecc6a1f9-42fe-2932-7ea0-1dd285491b7b, 5, 66, 1328, 37, 42.40
2026/09/08 21:56:09.715, GPU-ecc6a1f9-42fe-2932-7ea0-1dd285491b7b, 5, 0, 1328, 36, 41.67
2026/09/08 21:56:09.919, GPU-ecc6a1f9-42fe-2932-7ea0-1dd285491b7b, 5, 0, 1328, 36, 41.43
2026/09/08 21:56:10.123, GPU-ecc6a1f9-42fe-2932-7ea0-1dd285491b7b, 5, 0, 1328, 36, 41.43
2026/09/08 21:56:10.327, GPU-ecc6a1f9-42fe-2932-7ea0-1dd285491b7b, 5, 0, 1328, 36, 41.19
2026/09/08 21:56:10.530, GPU-ecc6a1f9-42fe-2932-7ea0-1dd285491b7b, 5, 0, 1328, 35, 37.04
2026/09/08 21:56:10.734, GPU-ecc6a1f9-42fe-2932-7ea0-1dd285491b7b, 5, 0, 1328, 35, 37.53
2026/09/08 21:56:10.937, GPU-ecc6a1f9-42fe-2932-7ea0-1dd285491b7b, 5, 0, 1328, 35, 37.53
2026/09/08 21:56:11.143, GPU-ecc6a1f9-42fe-2932-7ea0-1dd285491b7b, 5, 0, 1328, 35, 37.53
2026/09/08 21:56:11.346, GPU-ecc6a1f9-42fe-2932-7ea0-1dd285491b7b, 5, 0, 1328, 35, 37.53
2026/09/08 21:56:11.550, GPU-ecc6a1f9-42fe-2932-7ea0-1dd285491b7b, 5, 0, 1328, 35, 37.53
2026/09/08 21:56:11.754, GPU-ecc6a1f9-42fe-2932-7ea0-1dd285491b7b, 5, 0, 1328, 35, 37.53
2026/09/08 21:56:11.957, GPU-ecc6a1f9-42fe-2932-7ea0-1dd285491b7b, 5, 0, 1328, 35, 37.53
2026/09/08 21:56:12.162, GPU-ecc6a1f9-42fe-2932-7ea0-1dd285491b7b, 5, 0, 405, 35, 27.31
2026/09/08 21:56:12.366, GPU-ecc6a1f9-42fe-2932-7ea0-1dd285491b7b, 5, 0, 405, 35, 27.31
2026/09/08 21:56:12.569, GPU-ecc6a1f9-42fe-2932-7ea0-1dd285491b7b, 5, 0, 405, 35, 27.07
2026/09/08 21:56:12.773, GPU-ecc6a1f9-42fe-2932-7ea0-1dd285491b7b, 5, 0, 405, 35, 27.07
2026/09/08 21:56:12.976, GPU-ecc6a1f9-42fe-2932-7ea0-1dd285491b7b, 5, 0, 405, 34, 27.07
2026/09/08 21:56:13.182, GPU-ecc6a1f9-42fe-2932-7ea0-1dd285491b7b, 5, 0, 405, 34, 27.07
2026/09/08 21:56:13.385, GPU-ecc6a1f9-42fe-2932-7ea0-1dd285491b7b, 5, 0, 405, 34, 27.07
2026/09/08 21:56:13.589, GPU-ecc6a1f9-42fe-2932-7ea0-1dd285491b7b, 5, 0, 405, 34, 27.07
2026/09/08 21:56:13.792, GPU-ecc6a1f9-42fe-2932-7ea0-1dd285491b7b, 5, 0, 405, 34, 27.07
2026/09/08 21:56:13.996, GPU-ecc6a1f9-42fe-2932-7ea0-1dd285491b7b, 5, 0, 405, 34, 27.07
2026/09/08 21:56:14.201, GPU-ecc6a1f9-42fe-2932-7ea0-1dd285491b7b, 5, 0, 405, 34, 27.07
2026/09/08 21:56:14.404, GPU-ecc6a1f9-42fe-2932-7ea0-1dd285491b7b, 5, 0, 405, 34, 27.07
2026/09/08 21:56:14.608, GPU-ecc6a1f9-42fe-2932-7ea0-1dd285491b7b, 5, 0, 405, 34, 27.07
2026/09/08 21:56:14.811, GPU-ecc6a1f9-42fe-2932-7ea0-1dd285491b7b, 5, 0, 405, 34, 27.07
2026/09/08 21:56:15.015, GPU-ecc6a1f9-42fe-2932-7ea0-1dd285491b7b, 5, 0, 405, 34, 27.07
2026/09/08 21:56:15.219, GPU-ecc6a1f9-42fe-2932-7ea0-1dd285491b7b, 5, 0, 405, 34, 27.07
2026/09/08 21:56:15.424, GPU-ecc6a1f9-42fe-2932-7ea0-1dd285491b7b, 5, 0, 405, 34, 27.07
2026/09/08 21:56:15.628, GPU-ecc6a1f9-42fe-2932-7ea0-1dd285491b7b, 5, 0, 405, 34, 27.07
2026/09/08 21:56:15.831, GPU-ecc6a1f9-42fe-2932-7ea0-1dd285491b7b, 5, 0, 405, 34, 27.07
2026/09/08 21:56:16.035, GPU-ecc6a1f9-42fe-2932-7ea0-1dd285491b7b, 5, 0, 405, 34, 27.07
2026/09/08 21:56:16.238, GPU-ecc6a1f9-42fe-2932-7ea0-1dd285491b7b, 5, 0, 405, 34, 27.07
2026/09/08 21:56:16.442, GPU-ecc6a1f9-42fe-2932-7ea0-1dd285491b7b, 5, 0, 405, 34, 27.07
2026/09/08 21:56:16.647, GPU-ecc6a1f9-42fe-2932-7ea0-1dd285491b7b, 5, 0, 405, 34, 27.07
2026/09/08 21:56:16.850, GPU-ecc6a1f9-42fe-2932-7ea0-1dd285491b7b, 5, 0, 405, 34, 27.07
2026/09/08 21:56:17.054, GPU-ecc6a1f9-42fe-2932-7ea0-1dd285491b7b, 5, 0, 405, 34, 27.07
2026/09/08 21:56:17.257, GPU-ecc6a1f9-42fe-2932-7ea0-1dd285491b7b, 5, 0, 405, 34, 27.07
2026/09/08 21:56:17.461, GPU-ecc6a1f9-42fe-2932-7ea0-1dd285491b7b, 5, 0, 405, 34, 27.07
2026/09/08 21:56:17.665, GPU-ecc6a1f9-42fe-2932-7ea0-1dd285491b7b, 5, 0, 405, 34, 26.83
2026/09/08 21:56:17.869, GPU-ecc6a1f9-42fe-2932-7ea0-1dd285491b7b, 5, 0, 405, 34, 27.07
2026/09/08 21:56:18.072, GPU-ecc6a1f9-42fe-2932-7ea0-1dd285491b7b, 5, 0, 405, 34, 27.07
2026/09/08 21:56:18.276, GPU-ecc6a1f9-42fe-2932-7ea0-1dd285491b7b, 5, 0, 405, 34, 27.07
2026/09/08 21:56:18.479, GPU-ecc6a1f9-42fe-2932-7ea0-1dd285491b7b, 5, 0, 405, 33, 27.07
2026/09/08 21:56:18.683, GPU-ecc6a1f9-42fe-2932-7ea0-1dd285491b7b, 5, 0, 405, 34, 27.07
2026/09/08 21:56:18.889, GPU-ecc6a1f9-42fe-2932-7ea0-1dd285491b7b, 5, 0, 405, 33, 27.07
2026/09/08 21:56:19.092, GPU-ecc6a1f9-42fe-2932-7ea0-1dd285491b7b, 5, 0, 405, 33, 27.07
2026/09/08 21:56:19.296, GPU-ecc6a1f9-42fe-2932-7ea0-1dd285491b7b, 5, 0, 405, 33, 27.07
2026/09/08 21:56:19.499, GPU-ecc6a1f9-42fe-2932-7ea0-1dd285491b7b, 5, 0, 405, 33, 27.07
2026/09/08 21:56:19.703, GPU-ecc6a1f9-42fe-2932-7ea0-1dd285491b7b, 5, 0, 405, 33, 27.07
2026/09/08 21:56:19.908, GPU-ecc6a1f9-42fe-2932-7ea0-1dd285491b7b, 5, 0, 405, 33, 27.07
2026/09/08 21:56:20.112, GPU-ecc6a1f9-42fe-2932-7ea0-1dd285491b7b, 5, 0, 405, 33, 27.07
2026/09/08 21:56:20.315, GPU-ecc6a1f9-42fe-2932-7ea0-1dd285491b7b, 5, 0, 405, 33, 27.07
2026/09/08 21:56:20.519, GPU-ecc6a1f9-42fe-2932-7ea0-1dd285491b7b, 5, 0, 405, 33, 26.83
2026/09/08 21:56:20.722, GPU-ecc6a1f9-42fe-2932-7ea0-1dd285491b7b, 5, 0, 405, 33, 26.83
2026/09/08 21:56:20.928, GPU-ecc6a1f9-42fe-2932-7ea0-1dd285491b7b, 5, 0, 405, 33, 26.83
2026/09/08 21:56:21.131, GPU-ecc6a1f9-42fe-2932-7ea0-1dd285491b7b, 5, 0, 405, 33, 27.07
2026/09/08 21:56:21.335, GPU-ecc6a1f9-42fe-2932-7ea0-1dd285491b7b, 5, 0, 405, 33, 26.83
2026/09/08 21:56:21.538, GPU-ecc6a1f9-42fe-2932-7ea0-1dd285491b7b, 5, 0, 405, 33, 27.07
2026/09/08 21:56:21.742, GPU-ecc6a1f9-42fe-2932-7ea0-1dd285491b7b, 5, 0, 405, 33, 26.83
2026/09/08 21:56:21.947, GPU-ecc6a1f9-42fe-2932-7ea0-1dd285491b7b, 5, 0, 405, 33, 26.83
2026/09/08 21:56:22.150, GPU-ecc6a1f9-42fe-2932-7ea0-1dd285491b7b, 5, 0, 405, 33, 26.83
2026/09/08 21:56:22.354, GPU-ecc6a1f9-42fe-2932-7ea0-1dd285491b7b, 5, 0, 405, 33, 27.07
2026/09/08 21:56:22.558, GPU-ecc6a1f9-42fe-2932-7ea0-1dd285491b7b, 5, 0, 405, 33, 26.83
2026/09/08 21:56:22.761, GPU-ecc6a1f9-42fe-2932-7ea0-1dd285491b7b, 5, 0, 405, 33, 26.83
2026/09/08 21:56:22.966, GPU-ecc6a1f9-42fe-2932-7ea0-1dd285491b7b, 5, 0, 405, 33, 26.83
2026/09/08 21:56:23.170, GPU-ecc6a1f9-42fe-2932-7ea0-1dd285491b7b, 5, 0, 405, 33, 26.83
2026/09/08 21:56:23.373, GPU-ecc6a1f9-42fe-2932-7ea0-1dd285491b7b, 5, 0, 405, 33, 26.83
2026/09/08 21:56:23.577, GPU-ecc6a1f9-42fe-2932-7ea0-1dd285491b7b, 5, 0, 405, 33, 26.83
2026/09/08 21:56:23.780, GPU-ecc6a1f9-42fe-2932-7ea0-1dd285491b7b, 5, 0, 405, 33, 26.83
2026/09/08 21:56:23.986, GPU-ecc6a1f9-42fe-2932-7ea0-1dd285491b7b, 5, 0, 405, 33, 26.83
2026/09/08 21:56:24.189, GPU-ecc6a1f9-42fe-2932-7ea0-1dd285491b7b, 5, 0, 405, 33, 26.83
2026/09/08 21:56:24.393, GPU-ecc6a1f9-42fe-2932-7ea0-1dd285491b7b, 5, 0, 405, 33, 26.83
2026/09/08 21:56:24.596, GPU-ecc6a1f9-42fe-2932-7ea0-1dd285491b7b, 5, 0, 405, 33, 26.83
2026/09/08 21:56:24.800, GPU-ecc6a1f9-42fe-2932-7ea0-1dd285491b7b, 5, 0, 405, 33, 26.83
2026/09/08 21:56:25.005, GPU-ecc6a1f9-42fe-2932-7ea0-1dd285491b7b, 5, 0, 405, 33, 26.83
2026/09/08 21:56:25.209, GPU-ecc6a1f9-42fe-2932-7ea0-1dd285491b7b, 5, 0, 405, 33, 26.83
2026/09/08 21:56:25.412, GPU-ecc6a1f9-42fe-2932-7ea0-1dd285491b7b, 5, 0, 405, 33, 26.83
2026/09/08 21:56:25.616, GPU-ecc6a1f9-42fe-2932-7ea0-1dd285491b7b, 5, 0, 405, 33, 26.83
2026/09/08 21:56:25.819, GPU-ecc6a1f9-42fe-2932-7ea0-1dd285491b7b, 5, 0, 405, 33, 26.83
2026/09/08 21:56:26.024, GPU-ecc6a1f9-42fe-2932-7ea0-1dd285491b7b, 5, 0, 405, 33, 26.83
2026/09/08 21:56:26.228, GPU-ecc6a1f9-42fe-2932-7ea0-1dd285491b7b, 5, 0, 405, 33, 26.83
2026/09/08 21:56:26.432, GPU-ecc6a1f9-42fe-2932-7ea0-1dd285491b7b, 5, 0, 405, 33, 26.83
2026/09/08 21:56:26.635, GPU-ecc6a1f9-42fe-2932-7ea0-1dd285491b7b, 5, 0, 405, 33, 26.83
2026/09/08 21:56:26.839, GPU-ecc6a1f9-42fe-2932-7ea0-1dd285491b7b, 5, 0, 405, 33, 26.83
2026/09/08 21:56:27.044, GPU-ecc6a1f9-42fe-2932-7ea0-1dd285491b7b, 5, 0, 405, 33, 26.83
2026/09/08 21:56:27.247, GPU-ecc6a1f9-42fe-2932-7ea0-1dd285491b7b, 5, 0, 405, 33, 26.83
2026/09/08 21:56:27.451, GPU-ecc6a1f9-42fe-2932-7ea0-1dd285491b7b, 5, 0, 405, 33, 26.83
2026/09/08 21:56:27.655, GPU-ecc6a1f9-42fe-2932-7ea0-1dd285491b7b, 5, 0, 405, 33, 26.83
2026/09/08 21:56:27.858, GPU-ecc6a1f9-42fe-2932-7ea0-1dd285491b7b, 5, 0, 405, 33, 26.83
2026/09/08 21:56:28.064, GPU-ecc6a1f9-42fe-2932-7ea0-1dd285491b7b, 5, 0, 405, 33, 26.83
2026/09/08 21:56:28.267, GPU-ecc6a1f9-42fe-2932-7ea0-1dd285491b7b, 5, 0, 405, 33, 26.83
2026/09/08 21:56:28.471, GPU-ecc6a1f9-42fe-2932-7ea0-1dd285491b7b, 5, 0, 405, 33, 26.83
2026/09/08 21:56:28.674, GPU-ecc6a1f9-42fe-2932-7ea0-1dd285491b7b, 5, 0, 405, 33, 26.83
2026/09/08 21:56:28.878, GPU-ecc6a1f9-42fe-2932-7ea0-1dd285491b7b, 5, 0, 405, 33, 26.83
2026/09/08 21:56:29.083, GPU-ecc6a1f9-42fe-2932-7ea0-1dd285491b7b, 5, 0, 405, 33, 26.83
2026/09/08 21:56:29.287, GPU-ecc6a1f9-42fe-2932-7ea0-1dd285491b7b, 5, 0, 405, 33, 26.83
2026/09/08 21:56:29.491, GPU-ecc6a1f9-42fe-2932-7ea0-1dd285491b7b, 5, 0, 405, 33, 26.83
2026/09/08 21:56:29.694, GPU-ecc6a1f9-42fe-2932-7ea0-1dd285491b7b, 5, 0, 405, 33, 26.83
2026/09/08 21:56:29.898, GPU-ecc6a1f9-42fe-2932-7ea0-1dd285491b7b, 5, 0, 405, 33, 26.83
2026/09/08 21:56:30.103, GPU-ecc6a1f9-42fe-2932-7ea0-1dd285491b7b, 5, 0, 405, 33, 26.83
2026/09/08 21:56:30.307, GPU-ecc6a1f9-42fe-2932-7ea0-1dd285491b7b, 5, 0, 405, 33, 26.83
2026/09/08 21:56:30.510, GPU-ecc6a1f9-42fe-2932-7ea0-1dd285491b7b, 5, 0, 405, 32, 26.83
2026/09/08 21:56:30.714, GPU-ecc6a1f9-42fe-2932-7ea0-1dd285491b7b, 5, 0, 405, 33, 26.83
2026/09/08 21:56:30.917, GPU-ecc6a1f9-42fe-2932-7ea0-1dd285491b7b, 5, 0, 405, 32, 26.83
2026/09/08 21:56:31.123, GPU-ecc6a1f9-42fe-2932-7ea0-1dd285491b7b, 5, 0, 405, 33, 26.83
2026/09/08 21:56:31.327, GPU-ecc6a1f9-42fe-2932-7ea0-1dd285491b7b, 5, 0, 405, 32, 26.83
2026/09/08 21:56:31.530, GPU-ecc6a1f9-42fe-2932-7ea0-1dd285491b7b, 5, 0, 405, 32, 26.83
2026/09/08 21:56:31.734, GPU-ecc6a1f9-42fe-2932-7ea0-1dd285491b7b, 5, 0, 405, 33, 26.83
2026/09/08 21:56:31.938, GPU-ecc6a1f9-42fe-2932-7ea0-1dd285491b7b, 5, 0, 405, 33, 26.83
2026/09/08 21:56:32.143, GPU-ecc6a1f9-42fe-2932-7ea0-1dd285491b7b, 5, 0, 405, 32, 26.83
2026/09/08 21:56:32.346, GPU-ecc6a1f9-42fe-2932-7ea0-1dd285491b7b, 5, 0, 405, 33, 26.83
2026/09/08 21:56:32.550, GPU-ecc6a1f9-42fe-2932-7ea0-1dd285491b7b, 5, 0, 405, 32, 26.83
2026/09/08 21:56:32.753, GPU-ecc6a1f9-42fe-2932-7ea0-1dd285491b7b, 5, 0, 405, 32, 26.83
2026/09/08 21:56:32.957, GPU-ecc6a1f9-42fe-2932-7ea0-1dd285491b7b, 5, 0, 405, 33, 26.83
2026/09/08 21:56:33.162, GPU-ecc6a1f9-42fe-2932-7ea0-1dd285491b7b, 5, 0, 405, 32, 26.83
2026/09/08 21:56:33.366, GPU-ecc6a1f9-42fe-2932-7ea0-1dd285491b7b, 5, 0, 405, 32, 26.83
2026/09/08 21:56:33.570, GPU-ecc6a1f9-42fe-2932-7ea0-1dd285491b7b, 5, 0, 405, 32, 26.83
2026/09/08 21:56:33.773, GPU-ecc6a1f9-42fe-2932-7ea0-1dd285491b7b, 5, 0, 405, 32, 26.83
2026/09/08 21:56:33.977, GPU-ecc6a1f9-42fe-2932-7ea0-1dd285491b7b, 5, 0, 405, 33, 26.83
2026/09/08 21:56:34.182, GPU-ecc6a1f9-42fe-2932-7ea0-1dd285491b7b, 5, 0, 405, 32, 26.83
2026/09/08 21:56:34.385, GPU-ecc6a1f9-42fe-2932-7ea0-1dd285491b7b, 5, 0, 405, 32, 26.83
2026/09/08 21:56:34.589, GPU-ecc6a1f9-42fe-2932-7ea0-1dd285491b7b, 5, 0, 405, 32, 26.83
2026/09/08 21:56:34.792, GPU-ecc6a1f9-42fe-2932-7ea0-1dd285491b7b, 5, 0, 405, 32, 26.83
2026/09/08 21:56:34.996, GPU-ecc6a1f9-42fe-2932-7ea0-1dd285491b7b, 5, 0, 405, 32, 26.83
2026/09/08 21:56:35.201, GPU-ecc6a1f9-42fe-2932-7ea0-1dd285491b7b, 5, 0, 405, 32, 26.83
2026/09/08 21:56:35.404, GPU-ecc6a1f9-42fe-2932-7ea0-1dd285491b7b, 5, 0, 405, 32, 26.83
2026/09/08 21:56:35.608, GPU-ecc6a1f9-42fe-2932-7ea0-1dd285491b7b, 5, 0, 405, 32, 26.83
2026/09/08 21:56:35.812, GPU-ecc6a1f9-42fe-2932-7ea0-1dd285491b7b, 5, 0, 405, 32, 26.83
2026/09/08 21:56:36.015, GPU-ecc6a1f9-42fe-2932-7ea0-1dd285491b7b, 5, 0, 405, 32, 26.83
2026/09/08 21:56:36.220, GPU-ecc6a1f9-42fe-2932-7ea0-1dd285491b7b, 5, 0, 405, 32, 26.58
2026/09/08 21:56:36.424, GPU-ecc6a1f9-42fe-2932-7ea0-1dd285491b7b, 5, 0, 405, 32, 26.58
2026/09/08 21:56:36.627, GPU-ecc6a1f9-42fe-2932-7ea0-1dd285491b7b, 5, 0, 405, 32, 26.83
2026/09/08 21:56:36.831, GPU-ecc6a1f9-42fe-2932-7ea0-1dd285491b7b, 5, 0, 405, 32, 26.83
2026/09/08 21:56:37.034, GPU-ecc6a1f9-42fe-2932-7ea0-1dd285491b7b, 5, 0, 405, 32, 26.83
2026/09/08 21:56:37.238, GPU-ecc6a1f9-42fe-2932-7ea0-1dd285491b7b, 5, 0, 405, 32, 26.58
2026/09/08 21:56:37.442, GPU-ecc6a1f9-42fe-2932-7ea0-1dd285491b7b, 5, 0, 405, 32, 26.83
2026/09/08 21:56:37.646, GPU-ecc6a1f9-42fe-2932-7ea0-1dd285491b7b, 5, 0, 405, 32, 26.83
2026/09/08 21:56:37.850, GPU-ecc6a1f9-42fe-2932-7ea0-1dd285491b7b, 5, 0, 405, 32, 26.58
2026/09/08 21:56:38.053, GPU-ecc6a1f9-42fe-2932-7ea0-1dd285491b7b, 5, 0, 405, 32, 26.83
2026/09/08 21:56:38.257, GPU-ecc6a1f9-42fe-2932-7ea0-1dd285491b7b, 5, 0, 405, 32, 26.83
2026/09/08 21:56:38.460, GPU-ecc6a1f9-42fe-2932-7ea0-1dd285491b7b, 5, 0, 405, 32, 26.58
2026/09/08 21:56:38.665, GPU-ecc6a1f9-42fe-2932-7ea0-1dd285491b7b, 5, 0, 405, 32, 26.83
2026/09/08 21:56:38.869, GPU-ecc6a1f9-42fe-2932-7ea0-1dd285491b7b, 5, 0, 405, 32, 26.58
2026/09/08 21:56:39.073, GPU-ecc6a1f9-42fe-2932-7ea0-1dd285491b7b, 5, 0, 405, 32, 26.58
2026/09/08 21:56:39.276, GPU-ecc6a1f9-42fe-2932-7ea0-1dd285491b7b, 5, 0, 405, 32, 26.58
2026/09/08 21:56:39.480, GPU-ecc6a1f9-42fe-2932-7ea0-1dd285491b7b, 5, 0, 405, 32, 26.83
2026/09/08 21:56:39.683, GPU-ecc6a1f9-42fe-2932-7ea0-1dd285491b7b, 5, 0, 405, 32, 26.83
2026/09/08 21:56:39.888, GPU-ecc6a1f9-42fe-2932-7ea0-1dd285491b7b, 5, 0, 405, 32, 26.83
2026/09/08 21:56:40.091, GPU-ecc6a1f9-42fe-2932-7ea0-1dd285491b7b, 5, 0, 405, 32, 26.83
2026/09/08 21:56:40.295, GPU-ecc6a1f9-42fe-2932-7ea0-1dd285491b7b, 5, 0, 405, 32, 26.83
2026/09/08 21:56:40.498, GPU-ecc6a1f9-42fe-2932-7ea0-1dd285491b7b, 5, 0, 405, 32, 26.58
2026/09/08 21:56:40.702, GPU-ecc6a1f9-42fe-2932-7ea0-1dd285491b7b, 5, 0, 405, 32, 26.58
2026/09/08 21:56:40.908, GPU-ecc6a1f9-42fe-2932-7ea0-1dd285491b7b, 5, 0, 405, 32, 26.58
2026/09/08 21:56:41.111, GPU-ecc6a1f9-42fe-2932-7ea0-1dd285491b7b, 5, 0, 405, 32, 26.58
2026/09/08 21:56:41.315, GPU-ecc6a1f9-42fe-2932-7ea0-1dd285491b7b, 5, 0, 405, 32, 26.58
2026/09/08 21:56:41.518, GPU-ecc6a1f9-42fe-2932-7ea0-1dd285491b7b, 5, 0, 405, 32, 26.58
2026/09/08 21:56:41.722, GPU-ecc6a1f9-42fe-2932-7ea0-1dd285491b7b, 5, 0, 405, 32, 26.58
2026/09/08 21:56:41.927, GPU-ecc6a1f9-42fe-2932-7ea0-1dd285491b7b, 5, 0, 405, 32, 26.58
2026/09/08 21:56:42.131, GPU-ecc6a1f9-42fe-2932-7ea0-1dd285491b7b, 5, 0, 405, 32, 26.58
2026/09/08 21:56:42.334, GPU-ecc6a1f9-42fe-2932-7ea0-1dd285491b7b, 5, 0, 405, 32, 26.58
2026/09/08 21:56:42.538, GPU-ecc6a1f9-42fe-2932-7ea0-1dd285491b7b, 5, 0, 405, 32, 26.58
2026/09/08 21:56:42.741, GPU-ecc6a1f9-42fe-2932-7ea0-1dd285491b7b, 5, 0, 405, 32, 26.58
2026/09/08 21:56:42.947, GPU-ecc6a1f9-42fe-2932-7ea0-1dd285491b7b, 5, 0, 405, 32, 26.58
2026/09/08 21:56:43.150, GPU-ecc6a1f9-42fe-2932-7ea0-1dd285491b7b, 5, 0, 405, 32, 26.58
2026/09/08 21:56:43.354, GPU-ecc6a1f9-42fe-2932-7ea0-1dd285491b7b, 5, 0, 405, 32, 26.58
2026/09/08 21:56:43.558, GPU-ecc6a1f9-42fe-2932-7ea0-1dd285491b7b, 5, 0, 405, 32, 26.83
2026/09/08 21:56:43.761, GPU-ecc6a1f9-42fe-2932-7ea0-1dd285491b7b, 5, 0, 405, 32, 26.58
2026/09/08 21:56:43.966, GPU-ecc6a1f9-42fe-2932-7ea0-1dd285491b7b, 5, 0, 405, 32, 26.58
2026/09/08 21:56:44.170, GPU-ecc6a1f9-42fe-2932-7ea0-1dd285491b7b, 5, 0, 405, 32, 26.58
2026/09/08 21:56:44.373, GPU-ecc6a1f9-42fe-2932-7ea0-1dd285491b7b, 5, 0, 405, 32, 26.83
2026/09/08 21:56:44.577, GPU-ecc6a1f9-42fe-2932-7ea0-1dd285491b7b, 5, 0, 405, 32, 26.58
2026/09/08 21:56:44.780, GPU-ecc6a1f9-42fe-2932-7ea0-1dd285491b7b, 5, 0, 405, 32, 26.58
2026/09/08 21:56:44.986, GPU-ecc6a1f9-42fe-2932-7ea0-1dd285491b7b, 5, 0, 405, 32, 26.58
2026/09/08 21:56:45.189, GPU-ecc6a1f9-42fe-2932-7ea0-1dd285491b7b, 5, 0, 405, 32, 26.58
2026/09/08 21:56:45.393, GPU-ecc6a1f9-42fe-2932-7ea0-1dd285491b7b, 5, 0, 405, 32, 26.58
2026/09/08 21:56:45.596, GPU-ecc6a1f9-42fe-2932-7ea0-1dd285491b7b, 5, 0, 405, 32, 26.58
2026/09/08 21:56:45.800, GPU-ecc6a1f9-42fe-2932-7ea0-1dd285491b7b, 5, 0, 405, 32, 26.58
2026/09/08 21:56:46.005, GPU-ecc6a1f9-42fe-2932-7ea0-1dd285491b7b, 5, 0, 405, 32, 26.58
2026/09/08 21:56:46.208, GPU-ecc6a1f9-42fe-2932-7ea0-1dd285491b7b, 5, 0, 405, 32, 26.58
2026/09/08 21:56:46.412, GPU-ecc6a1f9-42fe-2932-7ea0-1dd285491b7b, 5, 0, 405, 32, 26.58
2026/09/08 21:56:46.615, GPU-ecc6a1f9-42fe-2932-7ea0-1dd285491b7b, 5, 0, 405, 32, 26.58
2026/09/08 21:56:46.819, GPU-ecc6a1f9-42fe-2932-7ea0-1dd285491b7b, 5, 0, 405, 31, 26.58
2026/09/08 21:56:47.024, GPU-ecc6a1f9-42fe-2932-7ea0-1dd285491b7b, 5, 0, 405, 32, 26.58
2026/09/08 21:56:47.228, GPU-ecc6a1f9-42fe-2932-7ea0-1dd285491b7b, 5, 0, 405, 32, 26.58
2026/09/08 21:56:47.431, GPU-ecc6a1f9-42fe-2932-7ea0-1dd285491b7b, 5, 0, 405, 32, 26.58
2026/09/08 21:56:47.635, GPU-ecc6a1f9-42fe-2932-7ea0-1dd285491b7b, 5, 0, 405, 32, 26.58
2026/09/08 21:56:47.838, GPU-ecc6a1f9-42fe-2932-7ea0-1dd285491b7b, 5, 0, 405, 32, 26.58
2026/09/08 21:56:48.043, GPU-ecc6a1f9-42fe-2932-7ea0-1dd285491b7b, 5, 0, 405, 31, 26.58
2026/09/08 21:56:48.247, GPU-ecc6a1f9-42fe-2932-7ea0-1dd285491b7b, 5, 0, 405, 32, 26.58
2026/09/08 21:56:48.451, GPU-ecc6a1f9-42fe-2932-7ea0-1dd285491b7b, 5, 0, 405, 31, 26.58
2026/09/08 21:56:48.654, GPU-ecc6a1f9-42fe-2932-7ea0-1dd285491b7b, 5, 0, 405, 31, 26.58
2026/09/08 21:56:48.858, GPU-ecc6a1f9-42fe-2932-7ea0-1dd285491b7b, 5, 0, 405, 31, 26.58
2026/09/08 21:56:49.063, GPU-ecc6a1f9-42fe-2932-7ea0-1dd285491b7b, 5, 0, 405, 32, 26.58
2026/09/08 21:56:49.266, GPU-ecc6a1f9-42fe-2932-7ea0-1dd285491b7b, 5, 0, 405, 31, 26.58
2026/09/08 21:56:49.470, GPU-ecc6a1f9-42fe-2932-7ea0-1dd285491b7b, 5, 0, 405, 31, 26.58
2026/09/08 21:56:49.673, GPU-ecc6a1f9-42fe-2932-7ea0-1dd285491b7b, 5, 0, 405, 31, 26.58
2026/09/08 21:56:49.877, GPU-ecc6a1f9-42fe-2932-7ea0-1dd285491b7b, 5, 0, 405, 31, 26.58
2026/09/08 21:56:50.082, GPU-ecc6a1f9-42fe-2932-7ea0-1dd285491b7b, 5, 0, 405, 31, 26.58
2026/09/08 21:56:50.286, GPU-ecc6a1f9-42fe-2932-7ea0-1dd285491b7b, 5, 0, 405, 31, 26.58
2026/09/08 21:56:50.489, GPU-ecc6a1f9-42fe-2932-7ea0-1dd285491b7b, 5, 0, 405, 31, 26.58
2026/09/08 21:56:50.693, GPU-ecc6a1f9-42fe-2932-7ea0-1dd285491b7b, 5, 0, 405, 31, 26.58
2026/09/08 21:56:50.896, GPU-ecc6a1f9-42fe-2932-7ea0-1dd285491b7b, 5, 0, 405, 31, 26.58
2026/09/08 21:56:51.102, GPU-ecc6a1f9-42fe-2932-7ea0-1dd285491b7b, 5, 0, 405, 31, 26.58
2026/09/08 21:56:51.306, GPU-ecc6a1f9-42fe-2932-7ea0-1dd285491b7b, 5, 0, 405, 31, 26.58
2026/09/08 21:56:51.510, GPU-ecc6a1f9-42fe-2932-7ea0-1dd285491b7b, 5, 0, 405, 31, 26.58
2026/09/08 21:56:51.713, GPU-ecc6a1f9-42fe-2932-7ea0-1dd285491b7b, 5, 0, 405, 31, 26.58
2026/09/08 21:56:51.917, GPU-ecc6a1f9-42fe-2932-7ea0-1dd285491b7b, 5, 0, 405, 31, 26.58
2026/09/08 21:56:52.122, GPU-ecc6a1f9-42fe-2932-7ea0-1dd285491b7b, 5, 0, 405, 31, 26.58
2026/09/08 21:56:52.326, GPU-ecc6a1f9-42fe-2932-7ea0-1dd285491b7b, 5, 0, 405, 31, 26.58
2026/09/08 21:56:52.529, GPU-ecc6a1f9-42fe-2932-7ea0-1dd285491b7b, 5, 0, 405, 31, 26.58
2026/09/08 21:56:52.733, GPU-ecc6a1f9-42fe-2932-7ea0-1dd285491b7b, 5, 0, 405, 31, 26.58
2026/09/08 21:56:52.936, GPU-ecc6a1f9-42fe-2932-7ea0-1dd285491b7b, 5, 0, 405, 31, 26.58
2026/09/08 21:56:53.142, GPU-ecc6a1f9-42fe-2932-7ea0-1dd285491b7b, 5, 0, 405, 31, 26.58
2026/09/08 21:56:53.346, GPU-ecc6a1f9-42fe-2932-7ea0-1dd285491b7b, 5, 0, 405, 31, 26.58
2026/09/08 21:56:53.549, GPU-ecc6a1f9-42fe-2932-7ea0-1dd285491b7b, 5, 0, 405, 31, 26.58
2026/09/08 21:56:53.753, GPU-ecc6a1f9-42fe-2932-7ea0-1dd285491b7b, 5, 0, 405, 31, 26.58
2026/09/08 21:56:53.957, GPU-ecc6a1f9-42fe-2932-7ea0-1dd285491b7b, 5, 0, 405, 31, 26.58
2026/09/08 21:56:54.162, GPU-ecc6a1f9-42fe-2932-7ea0-1dd285491b7b, 5, 0, 405, 31, 26.58
2026/09/08 21:56:54.365, GPU-ecc6a1f9-42fe-2932-7ea0-1dd285491b7b, 5, 0, 405, 31, 26.58
2026/09/08 21:56:54.569, GPU-ecc6a1f9-42fe-2932-7ea0-1dd285491b7b, 5, 0, 405, 31, 26.58
2026/09/08 21:56:54.772, GPU-ecc6a1f9-42fe-2932-7ea0-1dd285491b7b, 5, 0, 405, 31, 26.58
2026/09/08 21:56:54.976, GPU-ecc6a1f9-42fe-2932-7ea0-1dd285491b7b, 5, 0, 405, 31, 26.58
2026/09/08 21:56:55.181, GPU-ecc6a1f9-42fe-2932-7ea0-1dd285491b7b, 5, 0, 405, 31, 26.58
2026/09/08 21:56:55.385, GPU-ecc6a1f9-42fe-2932-7ea0-1dd285491b7b, 5, 0, 405, 31, 26.58
2026/09/08 21:56:55.588, GPU-ecc6a1f9-42fe-2932-7ea0-1dd285491b7b, 5, 0, 405, 31, 26.58
2026/09/08 21:56:55.792, GPU-ecc6a1f9-42fe-2932-7ea0-1dd285491b7b, 5, 0, 405, 31, 26.58
2026/09/08 21:56:55.995, GPU-ecc6a1f9-42fe-2932-7ea0-1dd285491b7b, 5, 0, 405, 31, 26.58
2026/09/08 21:56:56.201, GPU-ecc6a1f9-42fe-2932-7ea0-1dd285491b7b, 5, 0, 405, 31, 26.58
2026/09/08 21:56:56.404, GPU-ecc6a1f9-42fe-2932-7ea0-1dd285491b7b, 5, 0, 405, 31, 26.58
2026/09/08 21:56:56.608, GPU-ecc6a1f9-42fe-2932-7ea0-1dd285491b7b, 5, 0, 405, 31, 26.58
2026/09/08 21:56:56.811, GPU-ecc6a1f9-42fe-2932-7ea0-1dd285491b7b, 5, 0, 405, 31, 26.58
2026/09/08 21:56:57.015, GPU-ecc6a1f9-42fe-2932-7ea0-1dd285491b7b, 5, 0, 405, 31, 26.58
2026/09/08 21:56:57.220, GPU-ecc6a1f9-42fe-2932-7ea0-1dd285491b7b, 5, 0, 405, 31, 26.58
2026/09/08 21:56:57.423, GPU-ecc6a1f9-42fe-2932-7ea0-1dd285491b7b, 5, 0, 405, 31, 26.58
2026/09/08 21:56:57.627, GPU-ecc6a1f9-42fe-2932-7ea0-1dd285491b7b, 5, 0, 405, 31, 26.58
2026/09/08 21:56:57.830, GPU-ecc6a1f9-42fe-2932-7ea0-1dd285491b7b, 5, 0, 405, 31, 26.58
2026/09/08 21:56:58.034, GPU-ecc6a1f9-42fe-2932-7ea0-1dd285491b7b, 5, 0, 405, 31, 26.58
2026/09/08 21:56:58.239, GPU-ecc6a1f9-42fe-2932-7ea0-1dd285491b7b, 5, 0, 405, 31, 26.58
2026/09/08 21:56:58.443, GPU-ecc6a1f9-42fe-2932-7ea0-1dd285491b7b, 5, 0, 405, 31, 26.58
2026/09/08 21:56:58.646, GPU-ecc6a1f9-42fe-2932-7ea0-1dd285491b7b, 5, 0, 405, 31, 26.58
2026/09/08 21:56:58.850, GPU-ecc6a1f9-42fe-2932-7ea0-1dd285491b7b, 5, 0, 405, 31, 26.58
2026/09/08 21:56:59.054, GPU-ecc6a1f9-42fe-2932-7ea0-1dd285491b7b, 5, 0, 405, 31, 26.58
2026/09/08 21:56:59.260, GPU-ecc6a1f9-42fe-2932-7ea0-1dd285491b7b, 5, 0, 405, 31, 26.58
2026/09/08 21:56:59.464, GPU-ecc6a1f9-42fe-2932-7ea0-1dd285491b7b, 5, 0, 405, 31, 26.58
2026/09/08 21:56:59.667, GPU-ecc6a1f9-42fe-2932-7ea0-1dd285491b7b, 5, 0, 405, 31, 26.58
2026/09/08 21:56:59.871, GPU-ecc6a1f9-42fe-2932-7ea0-1dd285491b7b, 5, 0, 405, 31, 26.58
2026/09/08 21:57:00.074, GPU-ecc6a1f9-42fe-2932-7ea0-1dd285491b7b, 5, 0, 405, 31, 26.58
2026/09/08 21:57:00.278, GPU-ecc6a1f9-42fe-2932-7ea0-1dd285491b7b, 5, 0, 405, 31, 26.58
2026/09/08 21:57:00.485, GPU-ecc6a1f9-42fe-2932-7ea0-1dd285491b7b, 5, 0, 405, 31, 26.58
2026/09/08 21:57:00.688, GPU-ecc6a1f9-42fe-2932-7ea0-1dd285491b7b, 5, 0, 405, 31, 26.58
2026/09/08 21:57:00.892, GPU-ecc6a1f9-42fe-2932-7ea0-1dd285491b7b, 5, 0, 405, 31, 26.58
2026/09/08 21:57:01.096, GPU-ecc6a1f9-42fe-2932-7ea0-1dd285491b7b, 5, 0, 405, 31, 26.58
2026/09/08 21:57:01.299, GPU-ecc6a1f9-42fe-2932-7ea0-1dd285491b7b, 5, 0, 405, 31, 26.58
2026/09/08 21:57:01.503, GPU-ecc6a1f9-42fe-2932-7ea0-1dd285491b7b, 5, 0, 405, 31, 26.58
2026/09/08 21:57:01.707, GPU-ecc6a1f9-42fe-2932-7ea0-1dd285491b7b, 5, 0, 405, 31, 26.58
2026/09/08 21:57:01.910, GPU-ecc6a1f9-42fe-2932-7ea0-1dd285491b7b, 5, 0, 405, 31, 26.58
2026/09/08 21:57:02.114, GPU-ecc6a1f9-42fe-2932-7ea0-1dd285491b7b, 5, 0, 405, 31, 26.58
2026/09/08 21:57:02.317, GPU-ecc6a1f9-42fe-2932-7ea0-1dd285491b7b, 5, 0, 405, 31, 26.58
2026/09/08 21:57:02.521, GPU-ecc6a1f9-42fe-2932-7ea0-1dd285491b7b, 5, 0, 405, 31, 26.58
2026/09/08 21:57:02.727, GPU-ecc6a1f9-42fe-2932-7ea0-1dd285491b7b, 5, 0, 405, 31, 26.58
2026/09/08 21:57:02.931, GPU-ecc6a1f9-42fe-2932-7ea0-1dd285491b7b, 5, 0, 405, 31, 26.58
2026/09/08 21:57:03.134, GPU-ecc6a1f9-42fe-2932-7ea0-1dd285491b7b, 5, 0, 405, 31, 26.58
2026/09/08 21:57:03.338, GPU-ecc6a1f9-42fe-2932-7ea0-1dd285491b7b, 5, 0, 405, 31, 26.58
2026/09/08 21:57:03.542, GPU-ecc6a1f9-42fe-2932-7ea0-1dd285491b7b, 5, 0, 405, 31, 26.58
2026/09/08 21:57:03.747, GPU-ecc6a1f9-42fe-2932-7ea0-1dd285491b7b, 5, 0, 405, 31, 26.58
2026/09/08 21:57:03.950, GPU-ecc6a1f9-42fe-2932-7ea0-1dd285491b7b, 5, 0, 405, 31, 26.58
2026/09/08 21:57:04.154, GPU-ecc6a1f9-42fe-2932-7ea0-1dd285491b7b, 5, 0, 405, 31, 26.34
2026/09/08 21:57:04.357, GPU-ecc6a1f9-42fe-2932-7ea0-1dd285491b7b, 5, 0, 405, 31, 26.58
2026/09/08 21:57:04.561, GPU-ecc6a1f9-42fe-2932-7ea0-1dd285491b7b, 5, 0, 405, 31, 26.58
2026/09/08 21:57:04.766, GPU-ecc6a1f9-42fe-2932-7ea0-1dd285491b7b, 5, 0, 405, 31, 26.58
2026/09/08 21:57:04.970, GPU-ecc6a1f9-42fe-2932-7ea0-1dd285491b7b, 5, 0, 405, 31, 26.58
2026/09/08 21:57:05.173, GPU-ecc6a1f9-42fe-2932-7ea0-1dd285491b7b, 5, 0, 405, 31, 26.58
2026/09/08 21:57:05.377, GPU-ecc6a1f9-42fe-2932-7ea0-1dd285491b7b, 5, 0, 405, 31, 26.58
2026/09/08 21:57:05.581, GPU-ecc6a1f9-42fe-2932-7ea0-1dd285491b7b, 5, 0, 405, 31, 26.58
2026/09/08 21:57:05.786, GPU-ecc6a1f9-42fe-2932-7ea0-1dd285491b7b, 5, 0, 405, 31, 26.58
2026/09/08 21:57:05.989, GPU-ecc6a1f9-42fe-2932-7ea0-1dd285491b7b, 5, 0, 405, 31, 26.58
2026/09/08 21:57:06.193, GPU-ecc6a1f9-42fe-2932-7ea0-1dd285491b7b, 5, 0, 405, 31, 26.58
2026/09/08 21:57:06.396, GPU-ecc6a1f9-42fe-2932-7ea0-1dd285491b7b, 5, 0, 405, 31, 26.58
2026/09/08 21:57:06.600, GPU-ecc6a1f9-42fe-2932-7ea0-1dd285491b7b, 5, 0, 405, 30, 26.58
2026/09/08 21:57:06.805, GPU-ecc6a1f9-42fe-2932-7ea0-1dd285491b7b, 5, 0, 405, 31, 26.58
2026/09/08 21:57:07.008, GPU-ecc6a1f9-42fe-2932-7ea0-1dd285491b7b, 5, 0, 405, 31, 26.58
2026/09/08 21:57:07.212, GPU-ecc6a1f9-42fe-2932-7ea0-1dd285491b7b, 5, 0, 405, 31, 26.58
2026/09/08 21:57:07.415, GPU-ecc6a1f9-42fe-2932-7ea0-1dd285491b7b, 5, 0, 405, 31, 26.58
2026/09/08 21:57:07.619, GPU-ecc6a1f9-42fe-2932-7ea0-1dd285491b7b, 5, 0, 405, 31, 26.58
2026/09/08 21:57:07.824, GPU-ecc6a1f9-42fe-2932-7ea0-1dd285491b7b, 5, 0, 405, 31, 26.58
2026/09/08 21:57:08.028, GPU-ecc6a1f9-42fe-2932-7ea0-1dd285491b7b, 5, 0, 405, 31, 26.58
2026/09/08 21:57:08.231, GPU-ecc6a1f9-42fe-2932-7ea0-1dd285491b7b, 5, 0, 405, 31, 26.58
2026/09/08 21:57:08.435, GPU-ecc6a1f9-42fe-2932-7ea0-1dd285491b7b, 5, 0, 405, 31, 26.58
2026/09/08 21:57:08.638, GPU-ecc6a1f9-42fe-2932-7ea0-1dd285491b7b, 5, 0, 405, 31, 26.58
2026/09/08 21:57:08.844, GPU-ecc6a1f9-42fe-2932-7ea0-1dd285491b7b, 5, 0, 405, 31, 26.34
2026/09/08 21:57:09.047, GPU-ecc6a1f9-42fe-2932-7ea0-1dd285491b7b, 5, 0, 405, 31, 26.58
2026/09/08 21:57:09.251, GPU-ecc6a1f9-42fe-2932-7ea0-1dd285491b7b, 5, 0, 405, 30, 26.58
2026/09/08 21:57:09.454, GPU-ecc6a1f9-42fe-2932-7ea0-1dd285491b7b, 5, 0, 405, 30, 26.58
2026/09/08 21:57:09.658, GPU-ecc6a1f9-42fe-2932-7ea0-1dd285491b7b, 5, 0, 405, 30, 26.58
2026/09/08 21:57:09.863, GPU-ecc6a1f9-42fe-2932-7ea0-1dd285491b7b, 5, 0, 405, 31, 26.34
2026/09/08 21:57:10.066, GPU-ecc6a1f9-42fe-2932-7ea0-1dd285491b7b, 5, 0, 405, 31, 26.58
2026/09/08 21:57:10.270, GPU-ecc6a1f9-42fe-2932-7ea0-1dd285491b7b, 5, 0, 405, 31, 26.58
2026/09/08 21:57:10.474, GPU-ecc6a1f9-42fe-2932-7ea0-1dd285491b7b, 5, 0, 405, 30, 26.58
2026/09/08 21:57:10.677, GPU-ecc6a1f9-42fe-2932-7ea0-1dd285491b7b, 5, 0, 405, 30, 26.58
2026/09/08 21:57:10.883, GPU-ecc6a1f9-42fe-2932-7ea0-1dd285491b7b, 5, 0, 405, 31, 26.58
2026/09/08 21:57:11.086, GPU-ecc6a1f9-42fe-2932-7ea0-1dd285491b7b, 5, 0, 405, 31, 26.58
2026/09/08 21:57:11.290, GPU-ecc6a1f9-42fe-2932-7ea0-1dd285491b7b, 5, 0, 405, 30, 26.34
2026/09/08 21:57:11.493, GPU-ecc6a1f9-42fe-2932-7ea0-1dd285491b7b, 5, 0, 405, 30, 26.58
2026/09/08 21:57:11.697, GPU-ecc6a1f9-42fe-2932-7ea0-1dd285491b7b, 5, 0, 405, 31, 26.34
2026/09/08 21:57:11.902, GPU-ecc6a1f9-42fe-2932-7ea0-1dd285491b7b, 5, 0, 405, 30, 26.58
2026/09/08 21:57:12.105, GPU-ecc6a1f9-42fe-2932-7ea0-1dd285491b7b, 5, 0, 405, 31, 26.58
2026/09/08 21:57:12.309, GPU-ecc6a1f9-42fe-2932-7ea0-1dd285491b7b, 5, 0, 405, 30, 26.58
2026/09/08 21:57:12.512, GPU-ecc6a1f9-42fe-2932-7ea0-1dd285491b7b, 5, 0, 405, 30, 26.58
2026/09/08 21:57:12.716, GPU-ecc6a1f9-42fe-2932-7ea0-1dd285491b7b, 5, 0, 405, 30, 26.58
2026/09/08 21:57:12.922, GPU-ecc6a1f9-42fe-2932-7ea0-1dd285491b7b, 5, 0, 405, 30, 26.58
2026/09/08 21:57:13.125, GPU-ecc6a1f9-42fe-2932-7ea0-1dd285491b7b, 5, 0, 405, 30, 26.34
2026/09/08 21:57:13.329, GPU-ecc6a1f9-42fe-2932-7ea0-1dd285491b7b, 5, 0, 405, 30, 26.34
2026/09/08 21:57:13.532, GPU-ecc6a1f9-42fe-2932-7ea0-1dd285491b7b, 5, 0, 405, 30, 26.58
2026/09/08 21:57:13.736, GPU-ecc6a1f9-42fe-2932-7ea0-1dd285491b7b, 5, 0, 405, 30, 26.58
2026/09/08 21:57:13.941, GPU-ecc6a1f9-42fe-2932-7ea0-1dd285491b7b, 5, 0, 405, 30, 26.34
2026/09/08 21:57:14.145, GPU-ecc6a1f9-42fe-2932-7ea0-1dd285491b7b, 5, 0, 405, 30, 26.58
2026/09/08 21:57:14.348, GPU-ecc6a1f9-42fe-2932-7ea0-1dd285491b7b, 5, 0, 405, 30, 26.34
2026/09/08 21:57:14.552, GPU-ecc6a1f9-42fe-2932-7ea0-1dd285491b7b, 5, 0, 405, 30, 26.34
2026/09/08 21:57:14.755, GPU-ecc6a1f9-42fe-2932-7ea0-1dd285491b7b, 5, 0, 405, 30, 26.34
2026/09/08 21:57:14.961, GPU-ecc6a1f9-42fe-2932-7ea0-1dd285491b7b, 5, 0, 405, 30, 26.34
2026/09/08 21:57:15.165, GPU-ecc6a1f9-42fe-2932-7ea0-1dd285491b7b, 5, 0, 405, 30, 26.34
2026/09/08 21:57:15.368, GPU-ecc6a1f9-42fe-2932-7ea0-1dd285491b7b, 5, 0, 405, 30, 26.58
2026/09/08 21:57:15.572, GPU-ecc6a1f9-42fe-2932-7ea0-1dd285491b7b, 5, 0, 405, 30, 26.34
2026/09/08 21:57:15.776, GPU-ecc6a1f9-42fe-2932-7ea0-1dd285491b7b, 5, 0, 405, 30, 26.34
2026/09/08 21:57:15.981, GPU-ecc6a1f9-42fe-2932-7ea0-1dd285491b7b, 5, 0, 405, 30, 26.34
2026/09/08 21:57:16.185, GPU-ecc6a1f9-42fe-2932-7ea0-1dd285491b7b, 5, 0, 405, 30, 26.58
2026/09/08 21:57:16.388, GPU-ecc6a1f9-42fe-2932-7ea0-1dd285491b7b, 5, 0, 405, 30, 26.58
2026/09/08 21:57:16.592, GPU-ecc6a1f9-42fe-2932-7ea0-1dd285491b7b, 5, 0, 405, 30, 26.58
2026/09/08 21:57:16.795, GPU-ecc6a1f9-42fe-2932-7ea0-1dd285491b7b, 5, 0, 405, 30, 26.33
2026/09/08 21:57:17.000, GPU-ecc6a1f9-42fe-2932-7ea0-1dd285491b7b, 5, 0, 405, 30, 26.58
2026/09/08 21:57:17.204, GPU-ecc6a1f9-42fe-2932-7ea0-1dd285491b7b, 5, 0, 405, 30, 26.33
2026/09/08 21:57:17.408, GPU-ecc6a1f9-42fe-2932-7ea0-1dd285491b7b, 5, 0, 405, 30, 26.58
2026/09/08 21:57:17.611, GPU-ecc6a1f9-42fe-2932-7ea0-1dd285491b7b, 5, 0, 405, 30, 26.33
2026/09/08 21:57:17.815, GPU-ecc6a1f9-42fe-2932-7ea0-1dd285491b7b, 5, 0, 405, 30, 26.58
2026/09/08 21:57:18.020, GPU-ecc6a1f9-42fe-2932-7ea0-1dd285491b7b, 5, 0, 405, 30, 26.58
2026/09/08 21:57:18.223, GPU-ecc6a1f9-42fe-2932-7ea0-1dd285491b7b, 5, 0, 405, 30, 26.58
2026/09/08 21:57:18.427, GPU-ecc6a1f9-42fe-2932-7ea0-1dd285491b7b, 5, 0, 405, 30, 26.58
2026/09/08 21:57:18.631, GPU-ecc6a1f9-42fe-2932-7ea0-1dd285491b7b, 5, 0, 405, 30, 26.34
2026/09/08 21:57:18.834, GPU-ecc6a1f9-42fe-2932-7ea0-1dd285491b7b, 5, 0, 405, 30, 26.34
2026/09/08 21:57:19.038, GPU-ecc6a1f9-42fe-2932-7ea0-1dd285491b7b, 5, 0, 405, 30, 26.33
2026/09/08 21:57:19.244, GPU-ecc6a1f9-42fe-2932-7ea0-1dd285491b7b, 5, 0, 405, 30, 26.34
2026/09/08 21:57:19.447, GPU-ecc6a1f9-42fe-2932-7ea0-1dd285491b7b, 5, 0, 405, 30, 26.33
2026/09/08 21:57:19.651, GPU-ecc6a1f9-42fe-2932-7ea0-1dd285491b7b, 5, 0, 405, 30, 26.58
2026/09/08 21:57:19.854, GPU-ecc6a1f9-42fe-2932-7ea0-1dd285491b7b, 5, 0, 405, 30, 26.33
2026/09/08 21:57:20.058, GPU-ecc6a1f9-42fe-2932-7ea0-1dd285491b7b, 5, 0, 405, 30, 26.34
2026/09/08 21:57:20.261, GPU-ecc6a1f9-42fe-2932-7ea0-1dd285491b7b, 5, 0, 405, 30, 26.58
2026/09/08 21:57:20.467, GPU-ecc6a1f9-42fe-2932-7ea0-1dd285491b7b, 5, 0, 405, 30, 26.34
2026/09/08 21:57:20.670, GPU-ecc6a1f9-42fe-2932-7ea0-1dd285491b7b, 5, 0, 405, 30, 26.58
2026/09/08 21:57:20.874, GPU-ecc6a1f9-42fe-2932-7ea0-1dd285491b7b, 5, 0, 405, 30, 26.58
2026/09/08 21:57:21.077, GPU-ecc6a1f9-42fe-2932-7ea0-1dd285491b7b, 5, 0, 405, 30, 26.34
2026/09/08 21:57:21.281, GPU-ecc6a1f9-42fe-2932-7ea0-1dd285491b7b, 5, 0, 405, 30, 26.33
2026/09/08 21:57:21.485, GPU-ecc6a1f9-42fe-2932-7ea0-1dd285491b7b, 5, 0, 405, 30, 26.58
2026/09/08 21:57:21.689, GPU-ecc6a1f9-42fe-2932-7ea0-1dd285491b7b, 5, 0, 405, 30, 26.58
2026/09/08 21:57:21.893, GPU-ecc6a1f9-42fe-2932-7ea0-1dd285491b7b, 5, 0, 405, 30, 26.34
2026/09/08 21:57:22.096, GPU-ecc6a1f9-42fe-2932-7ea0-1dd285491b7b, 5, 0, 405, 30, 26.58
2026/09/08 21:57:22.300, GPU-ecc6a1f9-42fe-2932-7ea0-1dd285491b7b, 5, 0, 405, 30, 26.58
2026/09/08 21:57:22.503, GPU-ecc6a1f9-42fe-2932-7ea0-1dd285491b7b, 5, 0, 405, 30, 26.34
2026/09/08 21:57:22.709, GPU-ecc6a1f9-42fe-2932-7ea0-1dd285491b7b, 5, 0, 405, 30, 26.34
2026/09/08 21:57:22.912, GPU-ecc6a1f9-42fe-2932-7ea0-1dd285491b7b, 5, 0, 405, 30, 26.34
2026/09/08 21:57:23.116, GPU-ecc6a1f9-42fe-2932-7ea0-1dd285491b7b, 5, 0, 405, 30, 26.34
2026/09/08 21:57:23.319, GPU-ecc6a1f9-42fe-2932-7ea0-1dd285491b7b, 5, 0, 405, 30, 26.34
2026/09/08 21:57:23.523, GPU-ecc6a1f9-42fe-2932-7ea0-1dd285491b7b, 5, 0, 405, 30, 26.34
2026/09/08 21:57:23.729, GPU-ecc6a1f9-42fe-2932-7ea0-1dd285491b7b, 5, 0, 405, 30, 26.34
2026/09/08 21:57:23.932, GPU-ecc6a1f9-42fe-2932-7ea0-1dd285491b7b, 5, 0, 405, 30, 26.34
2026/09/08 21:57:24.136, GPU-ecc6a1f9-42fe-2932-7ea0-1dd285491b7b, 5, 0, 405, 30, 26.34
2026/09/08 21:57:24.339, GPU-ecc6a1f9-42fe-2932-7ea0-1dd285491b7b, 5, 0, 405, 30, 26.34
2026/09/08 21:57:24.543, GPU-ecc6a1f9-42fe-2932-7ea0-1dd285491b7b, 5, 0, 405, 30, 26.58
2026/09/08 21:57:24.748, GPU-ecc6a1f9-42fe-2932-7ea0-1dd285491b7b, 5, 0, 405, 30, 26.34
2026/09/08 21:57:24.951, GPU-ecc6a1f9-42fe-2932-7ea0-1dd285491b7b, 5, 0, 405, 30, 26.34
2026/09/08 21:57:25.155, GPU-ecc6a1f9-42fe-2932-7ea0-1dd285491b7b, 5, 0, 405, 30, 26.34
2026/09/08 21:57:25.358, GPU-ecc6a1f9-42fe-2932-7ea0-1dd285491b7b, 5, 0, 405, 30, 26.34
2026/09/08 21:57:25.562, GPU-ecc6a1f9-42fe-2932-7ea0-1dd285491b7b, 5, 0, 405, 30, 26.34
2026/09/08 21:57:25.767, GPU-ecc6a1f9-42fe-2932-7ea0-1dd285491b7b, 5, 0, 405, 30, 26.34
2026/09/08 21:57:25.971, GPU-ecc6a1f9-42fe-2932-7ea0-1dd285491b7b, 5, 0, 405, 30, 26.34
2026/09/08 21:57:26.174, GPU-ecc6a1f9-42fe-2932-7ea0-1dd285491b7b, 5, 0, 405, 30, 26.34
2026/09/08 21:57:26.378, GPU-ecc6a1f9-42fe-2932-7ea0-1dd285491b7b, 5, 0, 405, 30, 26.34
2026/09/08 21:57:26.581, GPU-ecc6a1f9-42fe-2932-7ea0-1dd285491b7b, 5, 0, 405, 30, 26.34
2026/09/08 21:57:26.786, GPU-ecc6a1f9-42fe-2932-7ea0-1dd285491b7b, 5, 0, 405, 30, 26.34
2026/09/08 21:57:26.990, GPU-ecc6a1f9-42fe-2932-7ea0-1dd285491b7b, 5, 0, 405, 30, 26.34
2026/09/08 21:57:27.193, GPU-ecc6a1f9-42fe-2932-7ea0-1dd285491b7b, 5, 0, 405, 30, 26.34
2026/09/08 21:57:27.397, GPU-ecc6a1f9-42fe-2932-7ea0-1dd285491b7b, 5, 0, 405, 30, 26.34
2026/09/08 21:57:27.600, GPU-ecc6a1f9-42fe-2932-7ea0-1dd285491b7b, 5, 0, 405, 30, 26.34
2026/09/08 21:57:27.806, GPU-ecc6a1f9-42fe-2932-7ea0-1dd285491b7b, 5, 0, 405, 30, 26.34
2026/09/08 21:57:28.009, GPU-ecc6a1f9-42fe-2932-7ea0-1dd285491b7b, 5, 0, 405, 30, 26.34
2026/09/08 21:57:28.213, GPU-ecc6a1f9-42fe-2932-7ea0-1dd285491b7b, 5, 0, 405, 30, 26.34
2026/09/08 21:57:28.416, GPU-ecc6a1f9-42fe-2932-7ea0-1dd285491b7b, 5, 0, 405, 30, 26.34
2026/09/08 21:57:28.620, GPU-ecc6a1f9-42fe-2932-7ea0-1dd285491b7b, 5, 0, 405, 30, 26.34
2026/09/08 21:57:28.825, GPU-ecc6a1f9-42fe-2932-7ea0-1dd285491b7b, 5, 0, 405, 30, 26.34
2026/09/08 21:57:29.029, GPU-ecc6a1f9-42fe-2932-7ea0-1dd285491b7b, 5, 0, 405, 30, 26.34
2026/09/08 21:57:29.232, GPU-ecc6a1f9-42fe-2932-7ea0-1dd285491b7b, 5, 0, 405, 30, 26.34
2026/09/08 21:57:29.436, GPU-ecc6a1f9-42fe-2932-7ea0-1dd285491b7b, 5, 0, 405, 30, 26.34
2026/09/08 21:57:29.639, GPU-ecc6a1f9-42fe-2932-7ea0-1dd285491b7b, 5, 0, 405, 30, 26.09
2026/09/08 21:57:29.845, GPU-ecc6a1f9-42fe-2932-7ea0-1dd285491b7b, 5, 0, 405, 30, 26.33
2026/09/08 21:57:30.048, GPU-ecc6a1f9-42fe-2932-7ea0-1dd285491b7b, 5, 0, 405, 30, 26.33
2026/09/08 21:57:30.252, GPU-ecc6a1f9-42fe-2932-7ea0-1dd285491b7b, 5, 0, 405, 30, 26.34
2026/09/08 21:57:30.455, GPU-ecc6a1f9-42fe-2932-7ea0-1dd285491b7b, 5, 0, 405, 30, 26.33
2026/09/08 21:57:30.659, GPU-ecc6a1f9-42fe-2932-7ea0-1dd285491b7b, 5, 0, 405, 30, 26.34
2026/09/08 21:57:30.864, GPU-ecc6a1f9-42fe-2932-7ea0-1dd285491b7b, 5, 0, 405, 30, 26.34
2026/09/08 21:57:31.067, GPU-ecc6a1f9-42fe-2932-7ea0-1dd285491b7b, 5, 0, 405, 30, 26.34
2026/09/08 21:57:31.271, GPU-ecc6a1f9-42fe-2932-7ea0-1dd285491b7b, 5, 0, 405, 30, 26.34
2026/09/08 21:57:31.474, GPU-ecc6a1f9-42fe-2932-7ea0-1dd285491b7b, 5, 0, 405, 30, 26.34
2026/09/08 21:57:31.678, GPU-ecc6a1f9-42fe-2932-7ea0-1dd285491b7b, 5, 0, 405, 30, 26.33
2026/09/08 21:57:31.883, GPU-ecc6a1f9-42fe-2932-7ea0-1dd285491b7b, 5, 0, 405, 30, 26.34
2026/09/08 21:57:32.087, GPU-ecc6a1f9-42fe-2932-7ea0-1dd285491b7b, 5, 0, 405, 30, 26.34
2026/09/08 21:57:32.291, GPU-ecc6a1f9-42fe-2932-7ea0-1dd285491b7b, 5, 0, 405, 30, 26.34
2026/09/08 21:57:32.494, GPU-ecc6a1f9-42fe-2932-7ea0-1dd285491b7b, 5, 0, 405, 30, 26.34
2026/09/08 21:57:32.698, GPU-ecc6a1f9-42fe-2932-7ea0-1dd285491b7b, 5, 0, 405, 30, 26.34
2026/09/08 21:57:32.903, GPU-ecc6a1f9-42fe-2932-7ea0-1dd285491b7b, 5, 0, 405, 30, 26.34
2026/09/08 21:57:33.106, GPU-ecc6a1f9-42fe-2932-7ea0-1dd285491b7b, 5, 0, 405, 30, 26.34
2026/09/08 21:57:33.310, GPU-ecc6a1f9-42fe-2932-7ea0-1dd285491b7b, 5, 0, 405, 30, 26.34
2026/09/08 21:57:33.514, GPU-ecc6a1f9-42fe-2932-7ea0-1dd285491b7b, 5, 0, 405, 30, 26.34
2026/09/08 21:57:33.717, GPU-ecc6a1f9-42fe-2932-7ea0-1dd285491b7b, 5, 0, 405, 30, 26.34
2026/09/08 21:57:33.922, GPU-ecc6a1f9-42fe-2932-7ea0-1dd285491b7b, 5, 0, 405, 30, 26.09
2026/09/08 21:57:34.126, GPU-ecc6a1f9-42fe-2932-7ea0-1dd285491b7b, 5, 0, 405, 30, 26.34
2026/09/08 21:57:34.329, GPU-ecc6a1f9-42fe-2932-7ea0-1dd285491b7b, 5, 0, 405, 30, 26.34
2026/09/08 21:57:34.533, GPU-ecc6a1f9-42fe-2932-7ea0-1dd285491b7b, 5, 0, 405, 30, 26.34
2026/09/08 21:57:34.737, GPU-ecc6a1f9-42fe-2932-7ea0-1dd285491b7b, 5, 0, 405, 30, 26.33
2026/09/08 21:57:34.942, GPU-ecc6a1f9-42fe-2932-7ea0-1dd285491b7b, 5, 0, 405, 30, 26.34
2026/09/08 21:57:35.146, GPU-ecc6a1f9-42fe-2932-7ea0-1dd285491b7b, 5, 0, 405, 30, 26.34
2026/09/08 21:57:35.349, GPU-ecc6a1f9-42fe-2932-7ea0-1dd285491b7b, 5, 0, 405, 30, 26.34
2026/09/08 21:57:35.553, GPU-ecc6a1f9-42fe-2932-7ea0-1dd285491b7b, 5, 0, 405, 30, 26.34
2026/09/08 21:57:35.756, GPU-ecc6a1f9-42fe-2932-7ea0-1dd285491b7b, 5, 0, 405, 30, 26.09
2026/09/08 21:57:35.962, GPU-ecc6a1f9-42fe-2932-7ea0-1dd285491b7b, 5, 0, 405, 30, 26.33
2026/09/08 21:57:36.166, GPU-ecc6a1f9-42fe-2932-7ea0-1dd285491b7b, 5, 0, 405, 30, 26.34
2026/09/08 21:57:36.369, GPU-ecc6a1f9-42fe-2932-7ea0-1dd285491b7b, 5, 0, 405, 30, 26.34
2026/09/08 21:57:36.573, GPU-ecc6a1f9-42fe-2932-7ea0-1dd285491b7b, 5, 0, 405, 30, 26.34
2026/09/08 21:57:36.776, GPU-ecc6a1f9-42fe-2932-7ea0-1dd285491b7b, 5, 0, 405, 30, 26.34
2026/09/08 21:57:36.982, GPU-ecc6a1f9-42fe-2932-7ea0-1dd285491b7b, 5, 0, 405, 30, 26.34
2026/09/08 21:57:37.187, GPU-ecc6a1f9-42fe-2932-7ea0-1dd285491b7b, 5, 0, 405, 30, 26.33
2026/09/08 21:57:37.391, GPU-ecc6a1f9-42fe-2932-7ea0-1dd285491b7b, 5, 0, 405, 30, 26.09
2026/09/08 21:57:37.595, GPU-ecc6a1f9-42fe-2932-7ea0-1dd285491b7b, 5, 0, 405, 30, 26.09
2026/09/08 21:57:37.798, GPU-ecc6a1f9-42fe-2932-7ea0-1dd285491b7b, 5, 0, 405, 30, 26.34
2026/09/08 21:57:38.002, GPU-ecc6a1f9-42fe-2932-7ea0-1dd285491b7b, 5, 0, 405, 30, 26.09
2026/09/08 21:57:38.206, GPU-ecc6a1f9-42fe-2932-7ea0-1dd285491b7b, 5, 0, 405, 30, 26.34
2026/09/08 21:57:38.409, GPU-ecc6a1f9-42fe-2932-7ea0-1dd285491b7b, 5, 0, 405, 30, 26.34
2026/09/08 21:57:38.613, GPU-ecc6a1f9-42fe-2932-7ea0-1dd285491b7b, 5, 0, 405, 30, 26.09
2026/09/08 21:57:38.817, GPU-ecc6a1f9-42fe-2932-7ea0-1dd285491b7b, 5, 0, 405, 29, 26.09
2026/09/08 21:57:39.022, GPU-ecc6a1f9-42fe-2932-7ea0-1dd285491b7b, 5, 0, 405, 30, 26.34
2026/09/08 21:57:39.225, GPU-ecc6a1f9-42fe-2932-7ea0-1dd285491b7b, 5, 0, 405, 30, 26.34
2026/09/08 21:57:39.429, GPU-ecc6a1f9-42fe-2932-7ea0-1dd285491b7b, 5, 0, 405, 30, 26.34
2026/09/08 21:57:39.632, GPU-ecc6a1f9-42fe-2932-7ea0-1dd285491b7b, 5, 0, 405, 30, 26.34
2026/09/08 21:57:39.836, GPU-ecc6a1f9-42fe-2932-7ea0-1dd285491b7b, 5, 0, 405, 30, 26.34
2026/09/08 21:57:40.041, GPU-ecc6a1f9-42fe-2932-7ea0-1dd285491b7b, 5, 0, 405, 30, 26.34
2026/09/08 21:57:40.245, GPU-ecc6a1f9-42fe-2932-7ea0-1dd285491b7b, 5, 0, 405, 30, 26.34
2026/09/08 21:57:40.449, GPU-ecc6a1f9-42fe-2932-7ea0-1dd285491b7b, 5, 0, 405, 30, 26.09
2026/09/08 21:57:40.652, GPU-ecc6a1f9-42fe-2932-7ea0-1dd285491b7b, 5, 0, 405, 30, 26.34
2026/09/08 21:57:40.856, GPU-ecc6a1f9-42fe-2932-7ea0-1dd285491b7b, 5, 0, 405, 30, 26.34
2026/09/08 21:57:41.059, GPU-ecc6a1f9-42fe-2932-7ea0-1dd285491b7b, 5, 0, 405, 30, 26.09
2026/09/08 21:57:41.264, GPU-ecc6a1f9-42fe-2932-7ea0-1dd285491b7b, 5, 0, 405, 30, 26.09
2026/09/08 21:57:41.467, GPU-ecc6a1f9-42fe-2932-7ea0-1dd285491b7b, 5, 0, 405, 30, 26.34
2026/09/08 21:57:41.671, GPU-ecc6a1f9-42fe-2932-7ea0-1dd285491b7b, 5, 0, 405, 29, 26.34
2026/09/08 21:57:41.874, GPU-ecc6a1f9-42fe-2932-7ea0-1dd285491b7b, 5, 0, 405, 30, 26.09
2026/09/08 21:57:42.078, GPU-ecc6a1f9-42fe-2932-7ea0-1dd285491b7b, 5, 0, 405, 30, 26.34
2026/09/08 21:57:42.281, GPU-ecc6a1f9-42fe-2932-7ea0-1dd285491b7b, 5, 0, 405, 30, 26.09
2026/09/08 21:57:42.487, GPU-ecc6a1f9-42fe-2932-7ea0-1dd285491b7b, 5, 0, 405, 30, 26.34
2026/09/08 21:57:42.690, GPU-ecc6a1f9-42fe-2932-7ea0-1dd285491b7b, 5, 0, 405, 30, 26.34
2026/09/08 21:57:42.894, GPU-ecc6a1f9-42fe-2932-7ea0-1dd285491b7b, 5, 0, 405, 29, 26.34
2026/09/08 21:57:43.097, GPU-ecc6a1f9-42fe-2932-7ea0-1dd285491b7b, 5, 0, 405, 30, 26.34
2026/09/08 21:57:43.301, GPU-ecc6a1f9-42fe-2932-7ea0-1dd285491b7b, 5, 0, 405, 29, 26.09
2026/09/08 21:57:43.504, GPU-ecc6a1f9-42fe-2932-7ea0-1dd285491b7b, 5, 0, 405, 30, 26.34
2026/09/08 21:57:43.709, GPU-ecc6a1f9-42fe-2932-7ea0-1dd285491b7b, 5, 0, 405, 29, 26.34
2026/09/08 21:57:43.913, GPU-ecc6a1f9-42fe-2932-7ea0-1dd285491b7b, 5, 0, 405, 29, 26.34
2026/09/08 21:57:44.117, GPU-ecc6a1f9-42fe-2932-7ea0-1dd285491b7b, 5, 0, 405, 29, 26.09
2026/09/08 21:57:44.320, GPU-ecc6a1f9-42fe-2932-7ea0-1dd285491b7b, 5, 0, 405, 29, 26.34
2026/09/08 21:57:44.524, GPU-ecc6a1f9-42fe-2932-7ea0-1dd285491b7b, 5, 0, 405, 29, 26.34
2026/09/08 21:57:44.729, GPU-ecc6a1f9-42fe-2932-7ea0-1dd285491b7b, 5, 0, 405, 30, 26.34
2026/09/08 21:57:44.933, GPU-ecc6a1f9-42fe-2932-7ea0-1dd285491b7b, 5, 0, 405, 29, 26.34
2026/09/08 21:57:45.136, GPU-ecc6a1f9-42fe-2932-7ea0-1dd285491b7b, 5, 0, 405, 29, 26.34
2026/09/08 21:57:45.340, GPU-ecc6a1f9-42fe-2932-7ea0-1dd285491b7b, 5, 0, 405, 29, 26.34
2026/09/08 21:57:45.543, GPU-ecc6a1f9-42fe-2932-7ea0-1dd285491b7b, 5, 0, 405, 29, 26.09
2026/09/08 21:57:45.749, GPU-ecc6a1f9-42fe-2932-7ea0-1dd285491b7b, 5, 0, 405, 29, 26.34
2026/09/08 21:57:45.953, GPU-ecc6a1f9-42fe-2932-7ea0-1dd285491b7b, 5, 0, 405, 30, 26.34
2026/09/08 21:57:46.156, GPU-ecc6a1f9-42fe-2932-7ea0-1dd285491b7b, 5, 0, 405, 30, 26.34
2026/09/08 21:57:46.360, GPU-ecc6a1f9-42fe-2932-7ea0-1dd285491b7b, 5, 0, 405, 30, 26.09
2026/09/08 21:57:46.563, GPU-ecc6a1f9-42fe-2932-7ea0-1dd285491b7b, 5, 0, 405, 30, 26.34
2026/09/08 21:57:46.768, GPU-ecc6a1f9-42fe-2932-7ea0-1dd285491b7b, 5, 0, 405, 30, 26.09
2026/09/08 21:57:46.972, GPU-ecc6a1f9-42fe-2932-7ea0-1dd285491b7b, 5, 0, 405, 30, 26.09
2026/09/08 21:57:47.175, GPU-ecc6a1f9-42fe-2932-7ea0-1dd285491b7b, 5, 0, 405, 29, 26.34
2026/09/08 21:57:47.379, GPU-ecc6a1f9-42fe-2932-7ea0-1dd285491b7b, 5, 0, 405, 30, 26.34
2026/09/08 21:57:47.583, GPU-ecc6a1f9-42fe-2932-7ea0-1dd285491b7b, 5, 0, 405, 29, 26.34
2026/09/08 21:57:47.788, GPU-ecc6a1f9-42fe-2932-7ea0-1dd285491b7b, 5, 0, 405, 29, 26.34
2026/09/08 21:57:47.991, GPU-ecc6a1f9-42fe-2932-7ea0-1dd285491b7b, 5, 0, 405, 29, 26.09
2026/09/08 21:57:48.195, GPU-ecc6a1f9-42fe-2932-7ea0-1dd285491b7b, 5, 0, 405, 29, 26.34
2026/09/08 21:57:48.398, GPU-ecc6a1f9-42fe-2932-7ea0-1dd285491b7b, 5, 0, 405, 29, 26.34
2026/09/08 21:57:48.602, GPU-ecc6a1f9-42fe-2932-7ea0-1dd285491b7b, 5, 0, 405, 29, 26.34
2026/09/08 21:57:48.807, GPU-ecc6a1f9-42fe-2932-7ea0-1dd285491b7b, 5, 0, 405, 29, 26.34
2026/09/08 21:57:49.011, GPU-ecc6a1f9-42fe-2932-7ea0-1dd285491b7b, 5, 0, 405, 29, 26.34
2026/09/08 21:57:49.214, GPU-ecc6a1f9-42fe-2932-7ea0-1dd285491b7b, 5, 0, 405, 29, 26.09
2026/09/08 21:57:49.418, GPU-ecc6a1f9-42fe-2932-7ea0-1dd285491b7b, 5, 0, 405, 29, 26.34
2026/09/08 21:57:49.621, GPU-ecc6a1f9-42fe-2932-7ea0-1dd285491b7b, 5, 0, 405, 29, 26.34
2026/09/08 21:57:49.826, GPU-ecc6a1f9-42fe-2932-7ea0-1dd285491b7b, 5, 0, 405, 29, 26.34
2026/09/08 21:57:50.030, GPU-ecc6a1f9-42fe-2932-7ea0-1dd285491b7b, 5, 0, 405, 29, 26.34
2026/09/08 21:57:50.233, GPU-ecc6a1f9-42fe-2932-7ea0-1dd285491b7b, 5, 0, 405, 29, 26.09
2026/09/08 21:57:50.437, GPU-ecc6a1f9-42fe-2932-7ea0-1dd285491b7b, 5, 0, 405, 29, 26.09
2026/09/08 21:57:50.641, GPU-ecc6a1f9-42fe-2932-7ea0-1dd285491b7b, 5, 0, 405, 29, 26.34
2026/09/08 21:57:50.846, GPU-ecc6a1f9-42fe-2932-7ea0-1dd285491b7b, 5, 0, 405, 29, 26.34
2026/09/08 21:57:51.049, GPU-ecc6a1f9-42fe-2932-7ea0-1dd285491b7b, 5, 0, 405, 29, 26.34
2026/09/08 21:57:51.253, GPU-ecc6a1f9-42fe-2932-7ea0-1dd285491b7b, 5, 0, 405, 29, 26.34
2026/09/08 21:57:51.457, GPU-ecc6a1f9-42fe-2932-7ea0-1dd285491b7b, 5, 0, 405, 29, 26.34
2026/09/08 21:57:51.660, GPU-ecc6a1f9-42fe-2932-7ea0-1dd285491b7b, 5, 0, 405, 29, 26.34
2026/09/08 21:57:51.865, GPU-ecc6a1f9-42fe-2932-7ea0-1dd285491b7b, 5, 0, 405, 29, 26.09
2026/09/08 21:57:52.069, GPU-ecc6a1f9-42fe-2932-7ea0-1dd285491b7b, 5, 0, 405, 29, 26.34
2026/09/08 21:57:52.272, GPU-ecc6a1f9-42fe-2932-7ea0-1dd285491b7b, 5, 0, 405, 29, 26.09
2026/09/08 21:57:52.476, GPU-ecc6a1f9-42fe-2932-7ea0-1dd285491b7b, 5, 0, 405, 29, 26.09
2026/09/08 21:57:52.679, GPU-ecc6a1f9-42fe-2932-7ea0-1dd285491b7b, 5, 0, 405, 29, 26.34
2026/09/08 21:57:52.884, GPU-ecc6a1f9-42fe-2932-7ea0-1dd285491b7b, 5, 0, 405, 29, 26.09
2026/09/08 21:57:53.088, GPU-ecc6a1f9-42fe-2932-7ea0-1dd285491b7b, 5, 0, 405, 29, 26.09
2026/09/08 21:57:53.292, GPU-ecc6a1f9-42fe-2932-7ea0-1dd285491b7b, 5, 0, 405, 29, 26.09
2026/09/08 21:57:53.495, GPU-ecc6a1f9-42fe-2932-7ea0-1dd285491b7b, 5, 0, 405, 29, 26.09
2026/09/08 21:57:53.699, GPU-ecc6a1f9-42fe-2932-7ea0-1dd285491b7b, 5, 0, 405, 29, 26.34
2026/09/08 21:57:53.904, GPU-ecc6a1f9-42fe-2932-7ea0-1dd285491b7b, 5, 0, 405, 29, 26.34
2026/09/08 21:57:54.107, GPU-ecc6a1f9-42fe-2932-7ea0-1dd285491b7b, 5, 0, 405, 29, 26.34
2026/09/08 21:57:54.311, GPU-ecc6a1f9-42fe-2932-7ea0-1dd285491b7b, 5, 0, 405, 29, 26.34
2026/09/08 21:57:54.514, GPU-ecc6a1f9-42fe-2932-7ea0-1dd285491b7b, 5, 0, 405, 29, 26.09
2026/09/08 21:57:54.718, GPU-ecc6a1f9-42fe-2932-7ea0-1dd285491b7b, 5, 0, 405, 29, 26.34
2026/09/08 21:57:54.924, GPU-ecc6a1f9-42fe-2932-7ea0-1dd285491b7b, 5, 0, 405, 29, 26.09
2026/09/08 21:57:55.127, GPU-ecc6a1f9-42fe-2932-7ea0-1dd285491b7b, 5, 0, 405, 29, 26.09
2026/09/08 21:57:55.331, GPU-ecc6a1f9-42fe-2932-7ea0-1dd285491b7b, 5, 0, 405, 29, 26.09
2026/09/08 21:57:55.534, GPU-ecc6a1f9-42fe-2932-7ea0-1dd285491b7b, 5, 0, 405, 29, 26.09
2026/09/08 21:57:55.738, GPU-ecc6a1f9-42fe-2932-7ea0-1dd285491b7b, 5, 0, 405, 29, 26.09
2026/09/08 21:57:55.944, GPU-ecc6a1f9-42fe-2932-7ea0-1dd285491b7b, 5, 0, 405, 29, 26.34
2026/09/08 21:57:56.147, GPU-ecc6a1f9-42fe-2932-7ea0-1dd285491b7b, 5, 0, 405, 29, 26.34
2026/09/08 21:57:56.351, GPU-ecc6a1f9-42fe-2932-7ea0-1dd285491b7b, 5, 0, 405, 29, 26.09
2026/09/08 21:57:56.554, GPU-ecc6a1f9-42fe-2932-7ea0-1dd285491b7b, 5, 0, 405, 29, 26.09
2026/09/08 21:57:56.758, GPU-ecc6a1f9-42fe-2932-7ea0-1dd285491b7b, 5, 0, 405, 29, 26.09
2026/09/08 21:57:56.963, GPU-ecc6a1f9-42fe-2932-7ea0-1dd285491b7b, 5, 0, 405, 29, 26.09
2026/09/08 21:57:57.166, GPU-ecc6a1f9-42fe-2932-7ea0-1dd285491b7b, 5, 0, 405, 29, 26.09
2026/09/08 21:57:57.370, GPU-ecc6a1f9-42fe-2932-7ea0-1dd285491b7b, 5, 0, 405, 29, 26.34
2026/09/08 21:57:57.574, GPU-ecc6a1f9-42fe-2932-7ea0-1dd285491b7b, 5, 0, 405, 29, 26.09
2026/09/08 21:57:57.777, GPU-ecc6a1f9-42fe-2932-7ea0-1dd285491b7b, 5, 0, 405, 29, 26.09
2026/09/08 21:57:57.983, GPU-ecc6a1f9-42fe-2932-7ea0-1dd285491b7b, 5, 0, 405, 29, 26.34
2026/09/08 21:57:58.188, GPU-ecc6a1f9-42fe-2932-7ea0-1dd285491b7b, 5, 0, 405, 29, 26.09
2026/09/08 21:57:58.391, GPU-ecc6a1f9-42fe-2932-7ea0-1dd285491b7b, 5, 0, 405, 29, 26.09
2026/09/08 21:57:58.595, GPU-ecc6a1f9-42fe-2932-7ea0-1dd285491b7b, 5, 0, 405, 29, 26.34
2026/09/08 21:57:58.798, GPU-ecc6a1f9-42fe-2932-7ea0-1dd285491b7b, 5, 0, 405, 29, 26.34
2026/09/08 21:57:59.003, GPU-ecc6a1f9-42fe-2932-7ea0-1dd285491b7b, 5, 0, 405, 29, 26.34
2026/09/08 21:57:59.207, GPU-ecc6a1f9-42fe-2932-7ea0-1dd285491b7b, 5, 0, 405, 29, 26.34
2026/09/08 21:57:59.410, GPU-ecc6a1f9-42fe-2932-7ea0-1dd285491b7b, 5, 0, 405, 29, 26.09
2026/09/08 21:57:59.614, GPU-ecc6a1f9-42fe-2932-7ea0-1dd285491b7b, 5, 0, 405, 29, 26.34
2026/09/08 21:57:59.817, GPU-ecc6a1f9-42fe-2932-7ea0-1dd285491b7b, 5, 0, 405, 29, 26.34
2026/09/08 21:58:00.023, GPU-ecc6a1f9-42fe-2932-7ea0-1dd285491b7b, 5, 0, 405, 29, 26.34
2026/09/08 21:58:00.226, GPU-ecc6a1f9-42fe-2932-7ea0-1dd285491b7b, 5, 0, 405, 29, 26.09
2026/09/08 21:58:00.430, GPU-ecc6a1f9-42fe-2932-7ea0-1dd285491b7b, 5, 0, 405, 29, 26.34
2026/09/08 21:58:00.633, GPU-ecc6a1f9-42fe-2932-7ea0-1dd285491b7b, 5, 0, 405, 29, 26.34
2026/09/08 21:58:00.837, GPU-ecc6a1f9-42fe-2932-7ea0-1dd285491b7b, 5, 0, 405, 29, 26.34
2026/09/08 21:58:01.042, GPU-ecc6a1f9-42fe-2932-7ea0-1dd285491b7b, 5, 0, 405, 29, 26.34
2026/09/08 21:58:01.246, GPU-ecc6a1f9-42fe-2932-7ea0-1dd285491b7b, 5, 0, 405, 29, 26.34
2026/09/08 21:58:01.450, GPU-ecc6a1f9-42fe-2932-7ea0-1dd285491b7b, 5, 0, 405, 29, 26.34
2026/09/08 21:58:01.653, GPU-ecc6a1f9-42fe-2932-7ea0-1dd285491b7b, 5, 0, 405, 29, 26.34
2026/09/08 21:58:01.857, GPU-ecc6a1f9-42fe-2932-7ea0-1dd285491b7b, 5, 0, 405, 29, 26.34
2026/09/08 21:58:02.062, GPU-ecc6a1f9-42fe-2932-7ea0-1dd285491b7b, 5, 0, 405, 29, 26.34
2026/09/08 21:58:02.266, GPU-ecc6a1f9-42fe-2932-7ea0-1dd285491b7b, 5, 0, 405, 29, 26.34
2026/09/08 21:58:02.469, GPU-ecc6a1f9-42fe-2932-7ea0-1dd285491b7b, 5, 0, 405, 29, 26.34
2026/09/08 21:58:02.673, GPU-ecc6a1f9-42fe-2932-7ea0-1dd285491b7b, 5, 0, 405, 29, 26.09
2026/09/08 21:58:02.876, GPU-ecc6a1f9-42fe-2932-7ea0-1dd285491b7b, 5, 0, 405, 29, 26.34
2026/09/08 21:58:03.083, GPU-ecc6a1f9-42fe-2932-7ea0-1dd285491b7b, 5, 0, 405, 29, 26.09
2026/09/08 21:58:03.287, GPU-ecc6a1f9-42fe-2932-7ea0-1dd285491b7b, 5, 0, 405, 29, 26.09
2026/09/08 21:58:03.490, GPU-ecc6a1f9-42fe-2932-7ea0-1dd285491b7b, 5, 0, 405, 29, 26.34
2026/09/08 21:58:03.694, GPU-ecc6a1f9-42fe-2932-7ea0-1dd285491b7b, 5, 0, 405, 29, 26.34
2026/09/08 21:58:03.897, GPU-ecc6a1f9-42fe-2932-7ea0-1dd285491b7b, 5, 0, 405, 29, 26.34
2026/09/08 21:58:04.101, GPU-ecc6a1f9-42fe-2932-7ea0-1dd285491b7b, 5, 0, 405, 29, 26.09
2026/09/08 21:58:04.306, GPU-ecc6a1f9-42fe-2932-7ea0-1dd285491b7b, 5, 0, 405, 29, 26.34
2026/09/08 21:58:04.510, GPU-ecc6a1f9-42fe-2932-7ea0-1dd285491b7b, 5, 0, 405, 29, 26.34
2026/09/08 21:58:04.713, GPU-ecc6a1f9-42fe-2932-7ea0-1dd285491b7b, 5, 0, 405, 29, 26.34
2026/09/08 21:58:04.917, GPU-ecc6a1f9-42fe-2932-7ea0-1dd285491b7b, 5, 0, 405, 29, 26.34
2026/09/08 21:58:05.120, GPU-ecc6a1f9-42fe-2932-7ea0-1dd285491b7b, 5, 0, 405, 29, 26.34
2026/09/08 21:58:05.324, GPU-ecc6a1f9-42fe-2932-7ea0-1dd285491b7b, 5, 0, 405, 29, 26.09
2026/09/08 21:58:05.530, GPU-ecc6a1f9-42fe-2932-7ea0-1dd285491b7b, 5, 0, 405, 29, 26.09
2026/09/08 21:58:05.734, GPU-ecc6a1f9-42fe-2932-7ea0-1dd285491b7b, 5, 0, 405, 29, 26.09
2026/09/08 21:58:05.937, GPU-ecc6a1f9-42fe-2932-7ea0-1dd285491b7b, 5, 0, 405, 29, 26.34
2026/09/08 21:58:06.141, GPU-ecc6a1f9-42fe-2932-7ea0-1dd285491b7b, 5, 0, 405, 29, 26.34
2026/09/08 21:58:06.345, GPU-ecc6a1f9-42fe-2932-7ea0-1dd285491b7b, 5, 0, 405, 29, 26.34
2026/09/08 21:58:06.550, GPU-ecc6a1f9-42fe-2932-7ea0-1dd285491b7b, 5, 0, 405, 29, 26.34
2026/09/08 21:58:06.754, GPU-ecc6a1f9-42fe-2932-7ea0-1dd285491b7b, 5, 0, 405, 29, 26.34
2026/09/08 21:58:06.957, GPU-ecc6a1f9-42fe-2932-7ea0-1dd285491b7b, 5, 0, 405, 29, 26.34
2026/09/08 21:58:07.161, GPU-ecc6a1f9-42fe-2932-7ea0-1dd285491b7b, 5, 0, 405, 29, 26.09
2026/09/08 21:58:07.365, GPU-ecc6a1f9-42fe-2932-7ea0-1dd285491b7b, 5, 0, 405, 29, 26.09
2026/09/08 21:58:07.570, GPU-ecc6a1f9-42fe-2932-7ea0-1dd285491b7b, 5, 0, 405, 29, 26.09
2026/09/08 21:58:07.773, GPU-ecc6a1f9-42fe-2932-7ea0-1dd285491b7b, 5, 0, 405, 29, 26.34
2026/09/08 21:58:07.977, GPU-ecc6a1f9-42fe-2932-7ea0-1dd285491b7b, 5, 0, 405, 29, 26.34
2026/09/08 21:58:08.180, GPU-ecc6a1f9-42fe-2932-7ea0-1dd285491b7b, 5, 0, 405, 29, 26.34
2026/09/08 21:58:08.384, GPU-ecc6a1f9-42fe-2932-7ea0-1dd285491b7b, 5, 0, 405, 29, 26.09
2026/09/08 21:58:08.589, GPU-ecc6a1f9-42fe-2932-7ea0-1dd285491b7b, 5, 0, 405, 29, 26.09
2026/09/08 21:58:08.792, GPU-ecc6a1f9-42fe-2932-7ea0-1dd285491b7b, 5, 0, 405, 29, 26.34
2026/09/08 21:58:08.996, GPU-ecc6a1f9-42fe-2932-7ea0-1dd285491b7b, 5, 0, 405, 29, 26.09
2026/09/08 21:58:09.199, GPU-ecc6a1f9-42fe-2932-7ea0-1dd285491b7b, 5, 0, 405, 29, 26.34
2026/09/08 21:58:09.403, GPU-ecc6a1f9-42fe-2932-7ea0-1dd285491b7b, 5, 0, 405, 29, 26.09
2026/09/08 21:58:09.608, GPU-ecc6a1f9-42fe-2932-7ea0-1dd285491b7b, 5, 0, 405, 29, 26.09
2026/09/08 21:58:09.812, GPU-ecc6a1f9-42fe-2932-7ea0-1dd285491b7b, 5, 0, 405, 29, 26.09
2026/09/08 21:58:10.015, GPU-ecc6a1f9-42fe-2932-7ea0-1dd285491b7b, 5, 0, 405, 29, 26.09
2026/09/08 21:58:10.219, GPU-ecc6a1f9-42fe-2932-7ea0-1dd285491b7b, 5, 0, 405, 29, 26.09
2026/09/08 21:58:10.422, GPU-ecc6a1f9-42fe-2932-7ea0-1dd285491b7b, 5, 0, 405, 29, 26.09
2026/09/08 21:58:10.627, GPU-ecc6a1f9-42fe-2932-7ea0-1dd285491b7b, 5, 0, 405, 29, 26.09
2026/09/08 21:58:10.831, GPU-ecc6a1f9-42fe-2932-7ea0-1dd285491b7b, 5, 0, 405, 29, 26.34
2026/09/08 21:58:11.034, GPU-ecc6a1f9-42fe-2932-7ea0-1dd285491b7b, 5, 0, 405, 29, 26.09
2026/09/08 21:58:11.238, GPU-ecc6a1f9-42fe-2932-7ea0-1dd285491b7b, 5, 0, 405, 29, 26.09
2026/09/08 21:58:11.441, GPU-ecc6a1f9-42fe-2932-7ea0-1dd285491b7b, 5, 0, 405, 29, 26.34
2026/09/08 21:58:11.647, GPU-ecc6a1f9-42fe-2932-7ea0-1dd285491b7b, 5, 0, 405, 29, 26.09
2026/09/08 21:58:11.850, GPU-ecc6a1f9-42fe-2932-7ea0-1dd285491b7b, 5, 0, 405, 29, 26.09
2026/09/08 21:58:12.054, GPU-ecc6a1f9-42fe-2932-7ea0-1dd285491b7b, 5, 0, 405, 29, 26.34
2026/09/08 21:58:12.257, GPU-ecc6a1f9-42fe-2932-7ea0-1dd285491b7b, 5, 0, 405, 29, 26.34
2026/09/08 21:58:12.461, GPU-ecc6a1f9-42fe-2932-7ea0-1dd285491b7b, 5, 0, 405, 29, 26.34
2026/09/08 21:58:12.666, GPU-ecc6a1f9-42fe-2932-7ea0-1dd285491b7b, 5, 0, 405, 29, 26.09
2026/09/08 21:58:12.870, GPU-ecc6a1f9-42fe-2932-7ea0-1dd285491b7b, 5, 0, 405, 29, 26.09
2026/09/08 21:58:13.074, GPU-ecc6a1f9-42fe-2932-7ea0-1dd285491b7b, 5, 0, 405, 29, 26.09
2026/09/08 21:58:13.277, GPU-ecc6a1f9-42fe-2932-7ea0-1dd285491b7b, 5, 0, 405, 29, 26.09
2026/09/08 21:58:13.481, GPU-ecc6a1f9-42fe-2932-7ea0-1dd285491b7b, 5, 0, 405, 29, 26.34
2026/09/08 21:58:13.686, GPU-ecc6a1f9-42fe-2932-7ea0-1dd285491b7b, 5, 0, 405, 29, 26.34
2026/09/08 21:58:13.889, GPU-ecc6a1f9-42fe-2932-7ea0-1dd285491b7b, 5, 0, 405, 29, 26.34
2026/09/08 21:58:14.093, GPU-ecc6a1f9-42fe-2932-7ea0-1dd285491b7b, 5, 0, 405, 29, 26.09
2026/09/08 21:58:14.296, GPU-ecc6a1f9-42fe-2932-7ea0-1dd285491b7b, 5, 0, 405, 29, 26.09
2026/09/08 21:58:14.500, GPU-ecc6a1f9-42fe-2932-7ea0-1dd285491b7b, 5, 0, 405, 29, 26.34
2026/09/08 21:58:14.705, GPU-ecc6a1f9-42fe-2932-7ea0-1dd285491b7b, 5, 0, 405, 29, 26.09
2026/09/08 21:58:14.908, GPU-ecc6a1f9-42fe-2932-7ea0-1dd285491b7b, 5, 0, 405, 29, 26.34
2026/09/08 21:58:15.112, GPU-ecc6a1f9-42fe-2932-7ea0-1dd285491b7b, 5, 0, 405, 29, 26.09
2026/09/08 21:58:15.316, GPU-ecc6a1f9-42fe-2932-7ea0-1dd285491b7b, 5, 0, 405, 29, 26.09
2026/09/08 21:58:15.519, GPU-ecc6a1f9-42fe-2932-7ea0-1dd285491b7b, 5, 0, 405, 29, 26.09
2026/09/08 21:58:15.725, GPU-ecc6a1f9-42fe-2932-7ea0-1dd285491b7b, 5, 0, 405, 29, 26.09
2026/09/08 21:58:15.928, GPU-ecc6a1f9-42fe-2932-7ea0-1dd285491b7b, 5, 0, 405, 29, 26.34
2026/09/08 21:58:16.132, GPU-ecc6a1f9-42fe-2932-7ea0-1dd285491b7b, 5, 0, 405, 29, 26.09
2026/09/08 21:58:16.336, GPU-ecc6a1f9-42fe-2932-7ea0-1dd285491b7b, 5, 0, 405, 29, 26.09
2026/09/08 21:58:16.539, GPU-ecc6a1f9-42fe-2932-7ea0-1dd285491b7b, 5, 0, 405, 29, 26.09
2026/09/08 21:58:16.744, GPU-ecc6a1f9-42fe-2932-7ea0-1dd285491b7b, 5, 0, 405, 29, 26.34
2026/09/08 21:58:16.948, GPU-ecc6a1f9-42fe-2932-7ea0-1dd285491b7b, 5, 0, 405, 29, 26.09
2026/09/08 21:58:17.151, GPU-ecc6a1f9-42fe-2932-7ea0-1dd285491b7b, 5, 0, 405, 29, 26.09
2026/09/08 21:58:17.355, GPU-ecc6a1f9-42fe-2932-7ea0-1dd285491b7b, 5, 0, 405, 29, 26.09
2026/09/08 21:58:17.558, GPU-ecc6a1f9-42fe-2932-7ea0-1dd285491b7b, 5, 0, 405, 29, 26.34
2026/09/08 21:58:17.764, GPU-ecc6a1f9-42fe-2932-7ea0-1dd285491b7b, 5, 0, 405, 29, 26.09
2026/09/08 21:58:17.967, GPU-ecc6a1f9-42fe-2932-7ea0-1dd285491b7b, 5, 0, 405, 29, 26.09
2026/09/08 21:58:18.171, GPU-ecc6a1f9-42fe-2932-7ea0-1dd285491b7b, 5, 0, 405, 29, 25.85
2026/09/08 21:58:18.375, GPU-ecc6a1f9-42fe-2932-7ea0-1dd285491b7b, 5, 0, 405, 29, 26.34
2026/09/08 21:58:18.578, GPU-ecc6a1f9-42fe-2932-7ea0-1dd285491b7b, 5, 0, 405, 29, 26.09
2026/09/08 21:58:18.783, GPU-ecc6a1f9-42fe-2932-7ea0-1dd285491b7b, 5, 0, 405, 29, 26.34
2026/09/08 21:58:18.987, GPU-ecc6a1f9-42fe-2932-7ea0-1dd285491b7b, 7, 0, 405, 29, 26.34
2026/09/08 21:58:19.190, GPU-ecc6a1f9-42fe-2932-7ea0-1dd285491b7b, 15, 0, 405, 29, 26.34
2026/09/08 21:58:19.410, GPU-ecc6a1f9-42fe-2932-7ea0-1dd285491b7b, 289, 1, 1189, 29, 108.41
2026/09/08 21:58:19.613, GPU-ecc6a1f9-42fe-2932-7ea0-1dd285491b7b, 289, 53, 1316, 31, 141.13
2026/09/08 21:58:19.817, GPU-ecc6a1f9-42fe-2932-7ea0-1dd285491b7b, 5, 44, 1328, 30, 36.56
2026/09/08 21:58:20.023, GPU-ecc6a1f9-42fe-2932-7ea0-1dd285491b7b, 5, 0, 1328, 30, 36.07
2026/09/08 21:58:20.226, GPU-ecc6a1f9-42fe-2932-7ea0-1dd285491b7b, 7, 0, 1328, 30, 36.07
2026/09/08 21:58:20.430, GPU-ecc6a1f9-42fe-2932-7ea0-1dd285491b7b, 15, 0, 1328, 30, 36.07
2026/09/08 21:58:20.644, GPU-ecc6a1f9-42fe-2932-7ea0-1dd285491b7b, 293, 1, 1328, 31, 164.56
2026/09/08 21:58:20.847, GPU-ecc6a1f9-42fe-2932-7ea0-1dd285491b7b, 293, 93, 1328, 32, 170.82
2026/09/08 21:58:21.052, GPU-ecc6a1f9-42fe-2932-7ea0-1dd285491b7b, 261, 67, 1328, 31, 38.51
2026/09/08 21:58:21.256, GPU-ecc6a1f9-42fe-2932-7ea0-1dd285491b7b, 5, 5, 1328, 30, 38.26
2026/09/08 21:58:21.459, GPU-ecc6a1f9-42fe-2932-7ea0-1dd285491b7b, 7, 0, 1328, 30, 37.78
2026/09/08 21:58:21.664, GPU-ecc6a1f9-42fe-2932-7ea0-1dd285491b7b, 15, 0, 1328, 30, 37.78
2026/09/08 21:58:21.959, GPU-ecc6a1f9-42fe-2932-7ea0-1dd285491b7b, 295, 2, 1328, 31, 191.62
2026/09/08 21:58:22.163, GPU-ecc6a1f9-42fe-2932-7ea0-1dd285491b7b, 295, 95, 1328, 33, 205.12
2026/09/08 21:58:22.367, GPU-ecc6a1f9-42fe-2932-7ea0-1dd285491b7b, 261, 98, 1328, 34, 53.58
2026/09/08 21:58:22.571, GPU-ecc6a1f9-42fe-2932-7ea0-1dd285491b7b, 5, 18, 1328, 31, 39.73
2026/09/08 21:58:22.774, GPU-ecc6a1f9-42fe-2932-7ea0-1dd285491b7b, 7, 0, 1328, 31, 39.24
2026/09/08 21:58:22.978, GPU-ecc6a1f9-42fe-2932-7ea0-1dd285491b7b, 7, 0, 1328, 31, 39.23
2026/09/08 21:58:23.183, GPU-ecc6a1f9-42fe-2932-7ea0-1dd285491b7b, 7, 0, 1328, 30, 38.99
2026/09/08 21:58:23.386, GPU-ecc6a1f9-42fe-2932-7ea0-1dd285491b7b, 7, 0, 1328, 30, 38.99
2026/09/08 21:58:23.590, GPU-ecc6a1f9-42fe-2932-7ea0-1dd285491b7b, 15, 0, 1328, 30, 36.31
2026/09/08 21:58:23.794, GPU-ecc6a1f9-42fe-2932-7ea0-1dd285491b7b, 363, 6, 1328, 30, 36.31
2026/09/08 21:58:23.997, GPU-ecc6a1f9-42fe-2932-7ea0-1dd285491b7b, 363, 87, 1328, 32, 181.35
2026/09/08 21:58:24.203, GPU-ecc6a1f9-42fe-2932-7ea0-1dd285491b7b, 363, 96, 1328, 33, 194.02
2026/09/08 21:58:24.407, GPU-ecc6a1f9-42fe-2932-7ea0-1dd285491b7b, 5, 52, 1328, 31, 38.99
2026/09/08 21:58:24.610, GPU-ecc6a1f9-42fe-2932-7ea0-1dd285491b7b, 7, 0, 1328, 31, 38.51
2026/09/08 21:58:24.814, GPU-ecc6a1f9-42fe-2932-7ea0-1dd285491b7b, 7, 0, 1328, 31, 38.26
2026/09/08 21:58:25.018, GPU-ecc6a1f9-42fe-2932-7ea0-1dd285491b7b, 19, 0, 1328, 31, 38.26
2026/09/08 21:58:25.223, GPU-ecc6a1f9-42fe-2932-7ea0-1dd285491b7b, 297, 27, 1328, 32, 159.82
2026/09/08 21:58:25.427, GPU-ecc6a1f9-42fe-2932-7ea0-1dd285491b7b, 297, 87, 1328, 33, 178.07
2026/09/08 21:58:25.630, GPU-ecc6a1f9-42fe-2932-7ea0-1dd285491b7b, 5, 67, 1328, 31, 39.73
2026/09/08 21:58:25.833, GPU-ecc6a1f9-42fe-2932-7ea0-1dd285491b7b, 7, 0, 1328, 31, 39.48
2026/09/08 21:58:26.037, GPU-ecc6a1f9-42fe-2932-7ea0-1dd285491b7b, 15, 0, 1328, 31, 39.24
2026/09/08 21:58:26.277, GPU-ecc6a1f9-42fe-2932-7ea0-1dd285491b7b, 299, 0, 1328, 31, 42.87
2026/09/08 21:58:26.482, GPU-ecc6a1f9-42fe-2932-7ea0-1dd285491b7b, 299, 4, 1328, 33, 191.96
2026/09/08 21:58:26.685, GPU-ecc6a1f9-42fe-2932-7ea0-1dd285491b7b, 299, 94, 1328, 34, 214.77
2026/09/08 21:58:26.889, GPU-ecc6a1f9-42fe-2932-7ea0-1dd285491b7b, 5, 32, 1328, 32, 40.21
2026/09/08 21:58:27.092, GPU-ecc6a1f9-42fe-2932-7ea0-1dd285491b7b, 7, 0, 1328, 32, 39.72
2026/09/08 21:58:27.295, GPU-ecc6a1f9-42fe-2932-7ea0-1dd285491b7b, 15, 0, 1328, 31, 39.48
2026/09/08 21:58:27.515, GPU-ecc6a1f9-42fe-2932-7ea0-1dd285491b7b, 301, 4, 1328, 31, 177.33
2026/09/08 21:58:27.718, GPU-ecc6a1f9-42fe-2932-7ea0-1dd285491b7b, 301, 96, 1328, 34, 218.85
2026/09/08 21:58:27.922, GPU-ecc6a1f9-42fe-2932-7ea0-1dd285491b7b, 301, 97, 1328, 35, 218.94
2026/09/08 21:58:28.125, GPU-ecc6a1f9-42fe-2932-7ea0-1dd285491b7b, 5, 64, 1328, 33, 40.70
2026/09/08 21:58:28.329, GPU-ecc6a1f9-42fe-2932-7ea0-1dd285491b7b, 7, 1, 1328, 32, 39.97
2026/09/08 21:58:28.532, GPU-ecc6a1f9-42fe-2932-7ea0-1dd285491b7b, 7, 0, 1328, 32, 39.72
2026/09/08 21:58:28.736, GPU-ecc6a1f9-42fe-2932-7ea0-1dd285491b7b, 7, 0, 1328, 32, 39.73
2026/09/08 21:58:28.941, GPU-ecc6a1f9-42fe-2932-7ea0-1dd285491b7b, 7, 0, 1328, 31, 39.48
2026/09/08 21:58:29.144, GPU-ecc6a1f9-42fe-2932-7ea0-1dd285491b7b, 7, 0, 1328, 31, 39.48
2026/09/08 21:58:29.348, GPU-ecc6a1f9-42fe-2932-7ea0-1dd285491b7b, 15, 0, 1328, 31, 39.48
2026/09/08 21:58:29.590, GPU-ecc6a1f9-42fe-2932-7ea0-1dd285491b7b, 367, 8, 1328, 32, 205.37
2026/09/08 21:58:29.794, GPU-ecc6a1f9-42fe-2932-7ea0-1dd285491b7b, 367, 80, 1328, 34, 208.85
2026/09/08 21:58:30.000, GPU-ecc6a1f9-42fe-2932-7ea0-1dd285491b7b, 5, 95, 1328, 33, 41.43
2026/09/08 21:58:30.204, GPU-ecc6a1f9-42fe-2932-7ea0-1dd285491b7b, 5, 0, 1328, 32, 40.21
2026/09/08 21:58:30.407, GPU-ecc6a1f9-42fe-2932-7ea0-1dd285491b7b, 7, 0, 1328, 32, 39.96
2026/09/08 21:58:30.611, GPU-ecc6a1f9-42fe-2932-7ea0-1dd285491b7b, 25, 0, 1328, 32, 39.72
2026/09/08 21:58:30.815, GPU-ecc6a1f9-42fe-2932-7ea0-1dd285491b7b, 289, 3, 1328, 33, 148.14
2026/09/08 21:58:31.019, GPU-ecc6a1f9-42fe-2932-7ea0-1dd285491b7b, 289, 86, 1328, 33, 159.65
2026/09/08 21:58:31.224, GPU-ecc6a1f9-42fe-2932-7ea0-1dd285491b7b, 5, 23, 1328, 32, 40.21
2026/09/08 21:58:31.427, GPU-ecc6a1f9-42fe-2932-7ea0-1dd285491b7b, 7, 0, 1328, 32, 39.97
2026/09/08 21:58:31.631, GPU-ecc6a1f9-42fe-2932-7ea0-1dd285491b7b, 7, 0, 1328, 32, 39.73
2026/09/08 21:58:31.834, GPU-ecc6a1f9-42fe-2932-7ea0-1dd285491b7b, 15, 0, 1328, 32, 39.73
2026/09/08 21:58:32.041, GPU-ecc6a1f9-42fe-2932-7ea0-1dd285491b7b, 23, 0, 1328, 32, 39.48
2026/09/08 21:58:32.248, GPU-ecc6a1f9-42fe-2932-7ea0-1dd285491b7b, 293, 10, 1328, 33, 194.52
2026/09/08 21:58:32.451, GPU-ecc6a1f9-42fe-2932-7ea0-1dd285491b7b, 293, 91, 1328, 34, 198.73
2026/09/08 21:58:32.655, GPU-ecc6a1f9-42fe-2932-7ea0-1dd285491b7b, 5, 93, 1328, 33, 40.94
2026/09/08 21:58:32.858, GPU-ecc6a1f9-42fe-2932-7ea0-1dd285491b7b, 5, 0, 1328, 33, 40.70
2026/09/08 21:58:33.062, GPU-ecc6a1f9-42fe-2932-7ea0-1dd285491b7b, 7, 0, 1328, 32, 40.46
2026/09/08 21:58:33.265, GPU-ecc6a1f9-42fe-2932-7ea0-1dd285491b7b, 15, 0, 1328, 32, 39.97
2026/09/08 21:58:33.548, GPU-ecc6a1f9-42fe-2932-7ea0-1dd285491b7b, 25, 1, 1328, 32, 39.97
2026/09/08 21:58:33.751, GPU-ecc6a1f9-42fe-2932-7ea0-1dd285491b7b, 295, 17, 1328, 34, 205.97
2026/09/08 21:58:33.956, GPU-ecc6a1f9-42fe-2932-7ea0-1dd285491b7b, 295, 95, 1328, 35, 207.90
2026/09/08 21:58:34.159, GPU-ecc6a1f9-42fe-2932-7ea0-1dd285491b7b, 5, 96, 1328, 34, 42.40
2026/09/08 21:58:34.363, GPU-ecc6a1f9-42fe-2932-7ea0-1dd285491b7b, 5, 41, 1328, 33, 40.70
2026/09/08 21:58:34.566, GPU-ecc6a1f9-42fe-2932-7ea0-1dd285491b7b, 7, 0, 1328, 33, 40.46
2026/09/08 21:58:34.770, GPU-ecc6a1f9-42fe-2932-7ea0-1dd285491b7b, 15, 0, 1328, 32, 40.21
2026/09/08 21:58:35.046, GPU-ecc6a1f9-42fe-2932-7ea0-1dd285491b7b, 293, 41, 1328, 34, 187.86
2026/09/08 21:58:35.249, GPU-ecc6a1f9-42fe-2932-7ea0-1dd285491b7b, 293, 93, 1328, 35, 189.06
2026/09/08 21:58:35.456, GPU-ecc6a1f9-42fe-2932-7ea0-1dd285491b7b, 5, 79, 1328, 34, 37.53
2026/09/08 21:58:35.660, GPU-ecc6a1f9-42fe-2932-7ea0-1dd285491b7b, 5, 5, 1328, 33, 37.29
2026/09/08 21:58:35.864, GPU-ecc6a1f9-42fe-2932-7ea0-1dd285491b7b, 7, 0, 1328, 33, 37.04
2026/09/08 21:58:36.067, GPU-ecc6a1f9-42fe-2932-7ea0-1dd285491b7b, 295, 2, 1328, 32, 40.94
2026/09/08 21:58:36.271, GPU-ecc6a1f9-42fe-2932-7ea0-1dd285491b7b, 295, 54, 1328, 34, 192.35
2026/09/08 21:58:36.474, GPU-ecc6a1f9-42fe-2932-7ea0-1dd285491b7b, 295, 95, 1328, 35, 202.35
2026/09/08 21:58:36.680, GPU-ecc6a1f9-42fe-2932-7ea0-1dd285491b7b, 5, 94, 1328, 34, 39.48
2026/09/08 21:58:36.883, GPU-ecc6a1f9-42fe-2932-7ea0-1dd285491b7b, 5, 0, 1328, 33, 38.99
2026/09/08 21:58:37.086, GPU-ecc6a1f9-42fe-2932-7ea0-1dd285491b7b, 7, 0, 1328, 33, 38.75
2026/09/08 21:58:37.290, GPU-ecc6a1f9-42fe-2932-7ea0-1dd285491b7b, 7, 0, 1328, 33, 38.75
2026/09/08 21:58:37.493, GPU-ecc6a1f9-42fe-2932-7ea0-1dd285491b7b, 7, 0, 1328, 33, 38.51
2026/09/08 21:58:37.699, GPU-ecc6a1f9-42fe-2932-7ea0-1dd285491b7b, 15, 0, 1328, 32, 38.26
2026/09/08 21:58:37.939, GPU-ecc6a1f9-42fe-2932-7ea0-1dd285491b7b, 363, 6, 1328, 32, 39.48
2026/09/08 21:58:38.142, GPU-ecc6a1f9-42fe-2932-7ea0-1dd285491b7b, 363, 2, 1328, 34, 195.47
2026/09/08 21:58:38.345, GPU-ecc6a1f9-42fe-2932-7ea0-1dd285491b7b, 363, 88, 1328, 35, 199.31
2026/09/08 21:58:38.549, GPU-ecc6a1f9-42fe-2932-7ea0-1dd285491b7b, 5, 51, 1328, 34, 40.70
2026/09/08 21:58:38.752, GPU-ecc6a1f9-42fe-2932-7ea0-1dd285491b7b, 5, 0, 1328, 33, 39.97
2026/09/08 21:58:38.958, GPU-ecc6a1f9-42fe-2932-7ea0-1dd285491b7b, 7, 0, 1328, 33, 39.73
2026/09/08 21:58:39.162, GPU-ecc6a1f9-42fe-2932-7ea0-1dd285491b7b, 15, 0, 1328, 33, 39.73
2026/09/08 21:58:39.384, GPU-ecc6a1f9-42fe-2932-7ea0-1dd285491b7b, 263, 1, 1328, 33, 39.73
2026/09/08 21:58:39.587, GPU-ecc6a1f9-42fe-2932-7ea0-1dd285491b7b, 297, 30, 1328, 34, 161.99
2026/09/08 21:58:39.791, GPU-ecc6a1f9-42fe-2932-7ea0-1dd285491b7b, 297, 87, 1328, 35, 167.68
2026/09/08 21:58:39.998, GPU-ecc6a1f9-42fe-2932-7ea0-1dd285491b7b, 5, 64, 1328, 34, 40.70
2026/09/08 21:58:40.201, GPU-ecc6a1f9-42fe-2932-7ea0-1dd285491b7b, 7, 3, 1328, 33, 40.21
2026/09/08 21:58:40.405, GPU-ecc6a1f9-42fe-2932-7ea0-1dd285491b7b, 15, 0, 1328, 33, 39.96
2026/09/08 21:58:40.627, GPU-ecc6a1f9-42fe-2932-7ea0-1dd285491b7b, 299, 2, 1328, 33, 47.22
2026/09/08 21:58:40.831, GPU-ecc6a1f9-42fe-2932-7ea0-1dd285491b7b, 299, 51, 1328, 35, 202.83
2026/09/08 21:58:41.037, GPU-ecc6a1f9-42fe-2932-7ea0-1dd285491b7b, 261, 93, 1328, 35, 48.22
2026/09/08 21:58:41.240, GPU-ecc6a1f9-42fe-2932-7ea0-1dd285491b7b, 5, 5, 1328, 34, 40.94
2026/09/08 21:58:41.444, GPU-ecc6a1f9-42fe-2932-7ea0-1dd285491b7b, 5, 0, 1328, 33, 40.21
2026/09/08 21:58:41.647, GPU-ecc6a1f9-42fe-2932-7ea0-1dd285491b7b, 7, 0, 1328, 33, 40.21
2026/09/08 21:58:41.851, GPU-ecc6a1f9-42fe-2932-7ea0-1dd285491b7b, 301, 0, 1328, 33, 44.57
2026/09/08 21:58:42.057, GPU-ecc6a1f9-42fe-2932-7ea0-1dd285491b7b, 301, 86, 1328, 35, 217.40
2026/09/08 21:58:42.260, GPU-ecc6a1f9-42fe-2932-7ea0-1dd285491b7b, 301, 96, 1328, 37, 221.37
2026/09/08 21:58:42.463, GPU-ecc6a1f9-42fe-2932-7ea0-1dd285491b7b, 5, 69, 1328, 35, 41.19
2026/09/08 21:58:42.666, GPU-ecc6a1f9-42fe-2932-7ea0-1dd285491b7b, 5, 5, 1328, 34, 40.46
2026/09/08 21:58:42.869, GPU-ecc6a1f9-42fe-2932-7ea0-1dd285491b7b, 7, 0, 1328, 34, 40.21
2026/09/08 21:58:43.073, GPU-ecc6a1f9-42fe-2932-7ea0-1dd285491b7b, 7, 0, 1328, 33, 40.21
2026/09/08 21:58:43.277, GPU-ecc6a1f9-42fe-2932-7ea0-1dd285491b7b, 7, 0, 1328, 33, 39.72
2026/09/08 21:58:43.480, GPU-ecc6a1f9-42fe-2932-7ea0-1dd285491b7b, 15, 0, 1328, 33, 39.24
2026/09/08 21:58:43.741, GPU-ecc6a1f9-42fe-2932-7ea0-1dd285491b7b, 367, 39, 1328, 34, 185.94
2026/09/08 21:58:43.944, GPU-ecc6a1f9-42fe-2932-7ea0-1dd285491b7b, 367, 94, 1328, 35, 192.33
2026/09/08 21:58:44.148, GPU-ecc6a1f9-42fe-2932-7ea0-1dd285491b7b, 5, 97, 1328, 35, 39.96
2026/09/08 21:58:44.351, GPU-ecc6a1f9-42fe-2932-7ea0-1dd285491b7b, 5, 6, 1328, 34, 38.99
2026/09/08 21:58:44.556, GPU-ecc6a1f9-42fe-2932-7ea0-1dd285491b7b, 7, 0, 1328, 34, 38.99
2026/09/08 21:58:44.761, GPU-ecc6a1f9-42fe-2932-7ea0-1dd285491b7b, 7, 0, 1328, 33, 38.75
2026/09/08 21:58:44.964, GPU-ecc6a1f9-42fe-2932-7ea0-1dd285491b7b, 15, 0, 1328, 33, 38.51
2026/09/08 21:58:45.236, GPU-ecc6a1f9-42fe-2932-7ea0-1dd285491b7b, 289, 18, 1328, 34, 133.22
2026/09/08 21:58:45.440, GPU-ecc6a1f9-42fe-2932-7ea0-1dd285491b7b, 289, 84, 1328, 35, 142.09
2026/09/08 21:58:45.643, GPU-ecc6a1f9-42fe-2932-7ea0-1dd285491b7b, 5, 71, 1328, 34, 40.46
2026/09/08 21:58:45.847, GPU-ecc6a1f9-42fe-2932-7ea0-1dd285491b7b, 5, 5, 1328, 34, 40.21
2026/09/08 21:58:46.050, GPU-ecc6a1f9-42fe-2932-7ea0-1dd285491b7b, 7, 0, 1328, 33, 39.97
2026/09/08 21:58:46.256, GPU-ecc6a1f9-42fe-2932-7ea0-1dd285491b7b, 7, 0, 1328, 33, 39.97
2026/09/08 21:58:46.459, GPU-ecc6a1f9-42fe-2932-7ea0-1dd285491b7b, 15, 0, 1328, 33, 39.97
2026/09/08 21:58:46.737, GPU-ecc6a1f9-42fe-2932-7ea0-1dd285491b7b, 293, 21, 1328, 34, 184.48
2026/09/08 21:58:46.941, GPU-ecc6a1f9-42fe-2932-7ea0-1dd285491b7b, 293, 90, 1328, 36, 196.45
2026/09/08 21:58:47.144, GPU-ecc6a1f9-42fe-2932-7ea0-1dd285491b7b, 5, 91, 1328, 35, 41.43
2026/09/08 21:58:47.348, GPU-ecc6a1f9-42fe-2932-7ea0-1dd285491b7b, 5, 5, 1328, 34, 40.70
2026/09/08 21:58:47.551, GPU-ecc6a1f9-42fe-2932-7ea0-1dd285491b7b, 7, 0, 1328, 34, 40.46
2026/09/08 21:58:47.755, GPU-ecc6a1f9-42fe-2932-7ea0-1dd285491b7b, 7, 0, 1328, 34, 39.97
2026/09/08 21:58:47.958, GPU-ecc6a1f9-42fe-2932-7ea0-1dd285491b7b, 15, 0, 1328, 33, 39.96
2026/09/08 21:58:48.284, GPU-ecc6a1f9-42fe-2932-7ea0-1dd285491b7b, 295, 4, 1328, 34, 183.27
2026/09/08 21:58:48.488, GPU-ecc6a1f9-42fe-2932-7ea0-1dd285491b7b, 295, 81, 1328, 36, 198.62
2026/09/08 21:58:48.694, GPU-ecc6a1f9-42fe-2932-7ea0-1dd285491b7b, 263, 94, 1328, 37, 80.47
2026/09/08 21:58:48.899, GPU-ecc6a1f9-42fe-2932-7ea0-1dd285491b7b, 5, 69, 1328, 35, 41.19
2026/09/08 21:58:49.102, GPU-ecc6a1f9-42fe-2932-7ea0-1dd285491b7b, 7, 0, 1328, 34, 40.70
2026/09/08 21:58:49.306, GPU-ecc6a1f9-42fe-2932-7ea0-1dd285491b7b, 15, 0, 1328, 34, 40.46
2026/09/08 21:58:49.524, GPU-ecc6a1f9-42fe-2932-7ea0-1dd285491b7b, 289, 0, 1328, 34, 40.70
2026/09/08 21:58:49.727, GPU-ecc6a1f9-42fe-2932-7ea0-1dd285491b7b, 289, 24, 1328, 35, 159.57
2026/09/08 21:58:49.934, GPU-ecc6a1f9-42fe-2932-7ea0-1dd285491b7b, 5, 67, 1328, 35, 41.92
2026/09/08 21:58:50.137, GPU-ecc6a1f9-42fe-2932-7ea0-1dd285491b7b, 5, 5, 1328, 34, 40.46
2026/09/08 21:58:50.340, GPU-ecc6a1f9-42fe-2932-7ea0-1dd285491b7b, 7, 0, 1328, 34, 40.21
2026/09/08 21:58:50.544, GPU-ecc6a1f9-42fe-2932-7ea0-1dd285491b7b, 25, 0, 1328, 34, 40.21
2026/09/08 21:58:50.747, GPU-ecc6a1f9-42fe-2932-7ea0-1dd285491b7b, 295, 66, 1328, 36, 211.70
2026/09/08 21:58:50.953, GPU-ecc6a1f9-42fe-2932-7ea0-1dd285491b7b, 295, 95, 1328, 37, 217.40
2026/09/08 21:58:51.156, GPU-ecc6a1f9-42fe-2932-7ea0-1dd285491b7b, 5, 80, 1328, 36, 41.43
2026/09/08 21:58:51.360, GPU-ecc6a1f9-42fe-2932-7ea0-1dd285491b7b, 5, 5, 1328, 35, 40.70
2026/09/08 21:58:51.564, GPU-ecc6a1f9-42fe-2932-7ea0-1dd285491b7b, 7, 0, 1328, 35, 40.46
2026/09/08 21:58:51.767, GPU-ecc6a1f9-42fe-2932-7ea0-1dd285491b7b, 7, 0, 1328, 34, 40.46
2026/09/08 21:58:51.972, GPU-ecc6a1f9-42fe-2932-7ea0-1dd285491b7b, 7, 0, 1328, 34, 40.21
2026/09/08 21:58:52.176, GPU-ecc6a1f9-42fe-2932-7ea0-1dd285491b7b, 7, 0, 1328, 34, 40.21
2026/09/08 21:58:52.379, GPU-ecc6a1f9-42fe-2932-7ea0-1dd285491b7b, 7, 0, 1328, 34, 40.21
2026/09/08 21:58:52.583, GPU-ecc6a1f9-42fe-2932-7ea0-1dd285491b7b, 15, 0, 1328, 34, 36.56
2026/09/08 21:58:52.834, GPU-ecc6a1f9-42fe-2932-7ea0-1dd285491b7b, 363, 8, 1328, 34, 37.53
2026/09/08 21:58:53.038, GPU-ecc6a1f9-42fe-2932-7ea0-1dd285491b7b, 363, 7, 1328, 35, 183.28
2026/09/08 21:58:53.242, GPU-ecc6a1f9-42fe-2932-7ea0-1dd285491b7b, 363, 94, 1328, 36, 198.75
2026/09/08 21:58:53.445, GPU-ecc6a1f9-42fe-2932-7ea0-1dd285491b7b, 5, 37, 1328, 35, 39.97
2026/09/08 21:58:53.652, GPU-ecc6a1f9-42fe-2932-7ea0-1dd285491b7b, 5, 0, 1328, 35, 39.48
2026/09/08 21:58:53.856, GPU-ecc6a1f9-42fe-2932-7ea0-1dd285491b7b, 7, 0, 1328, 34, 39.24
2026/09/08 21:58:54.059, GPU-ecc6a1f9-42fe-2932-7ea0-1dd285491b7b, 297, 0, 1328, 34, 41.19
2026/09/08 21:58:54.263, GPU-ecc6a1f9-42fe-2932-7ea0-1dd285491b7b, 297, 79, 1328, 35, 165.38
2026/09/08 21:58:54.466, GPU-ecc6a1f9-42fe-2932-7ea0-1dd285491b7b, 261, 89, 1328, 36, 49.19
2026/09/08 21:58:54.671, GPU-ecc6a1f9-42fe-2932-7ea0-1dd285491b7b, 5, 15, 1328, 35, 40.94
2026/09/08 21:58:54.875, GPU-ecc6a1f9-42fe-2932-7ea0-1dd285491b7b, 7, 0, 1328, 34, 40.70
2026/09/08 21:58:55.078, GPU-ecc6a1f9-42fe-2932-7ea0-1dd285491b7b, 15, 0, 1328, 34, 40.21
2026/09/08 21:58:55.331, GPU-ecc6a1f9-42fe-2932-7ea0-1dd285491b7b, 299, 4, 1328, 35, 204.28
2026/09/08 21:58:55.534, GPU-ecc6a1f9-42fe-2932-7ea0-1dd285491b7b, 299, 89, 1328, 37, 206.57
2026/09/08 21:58:55.738, GPU-ecc6a1f9-42fe-2932-7ea0-1dd285491b7b, 5, 93, 1328, 36, 41.67
2026/09/08 21:58:55.941, GPU-ecc6a1f9-42fe-2932-7ea0-1dd285491b7b, 5, 0, 1328, 35, 40.94
2026/09/08 21:58:56.145, GPU-ecc6a1f9-42fe-2932-7ea0-1dd285491b7b, 7, 0, 1328, 35, 40.69
2026/09/08 21:58:56.350, GPU-ecc6a1f9-42fe-2932-7ea0-1dd285491b7b, 63, 0, 1328, 35, 40.94
2026/09/08 21:58:56.553, GPU-ecc6a1f9-42fe-2932-7ea0-1dd285491b7b, 301, 5, 1328, 37, 220.40
2026/09/08 21:58:56.758, GPU-ecc6a1f9-42fe-2932-7ea0-1dd285491b7b, 301, 97, 1328, 38, 224.24
2026/09/08 21:58:56.961, GPU-ecc6a1f9-42fe-2932-7ea0-1dd285491b7b, 261, 57, 1328, 36, 41.91
2026/09/08 21:58:57.164, GPU-ecc6a1f9-42fe-2932-7ea0-1dd285491b7b, 5, 5, 1328, 36, 41.16
2026/09/08 21:58:57.370, GPU-ecc6a1f9-42fe-2932-7ea0-1dd285491b7b, 7, 0, 1328, 35, 40.94
2026/09/08 21:58:57.573, GPU-ecc6a1f9-42fe-2932-7ea0-1dd285491b7b, 7, 0, 1328, 35, 40.69
2026/09/08 21:58:57.777, GPU-ecc6a1f9-42fe-2932-7ea0-1dd285491b7b, 7, 0, 1328, 35, 40.45
2026/09/08 21:58:57.980, GPU-ecc6a1f9-42fe-2932-7ea0-1dd285491b7b, 7, 0, 1328, 35, 40.21
2026/09/08 21:58:58.185, GPU-ecc6a1f9-42fe-2932-7ea0-1dd285491b7b, 15, 0, 1328, 34, 40.21
2026/09/08 21:58:58.429, GPU-ecc6a1f9-42fe-2932-7ea0-1dd285491b7b, 367, 9, 1328, 34, 42.40
2026/09/08 21:58:58.633, GPU-ecc6a1f9-42fe-2932-7ea0-1dd285491b7b, 367, 77, 1328, 36, 210.63
2026/09/08 21:58:58.836, GPU-ecc6a1f9-42fe-2932-7ea0-1dd285491b7b, 367, 95, 1328, 37, 218.10
2026/09/08 21:58:59.040, GPU-ecc6a1f9-42fe-2932-7ea0-1dd285491b7b, 5, 56, 1328, 36, 41.43
2026/09/08 21:58:59.243, GPU-ecc6a1f9-42fe-2932-7ea0-1dd285491b7b, 5, 2, 1328, 35, 41.19
2026/09/08 21:58:59.448, GPU-ecc6a1f9-42fe-2932-7ea0-1dd285491b7b, 7, 0, 1328, 35, 40.94
2026/09/08 21:58:59.652, GPU-ecc6a1f9-42fe-2932-7ea0-1dd285491b7b, 17, 0, 1328, 35, 40.70
2026/09/08 21:58:59.856, GPU-ecc6a1f9-42fe-2932-7ea0-1dd285491b7b, 289, 4, 1328, 36, 149.59
2026/09/08 21:59:00.060, GPU-ecc6a1f9-42fe-2932-7ea0-1dd285491b7b, 289, 86, 1328, 36, 152.18
2026/09/08 21:59:00.264, GPU-ecc6a1f9-42fe-2932-7ea0-1dd285491b7b, 5, 87, 1328, 35, 41.19
2026/09/08 21:59:00.468, GPU-ecc6a1f9-42fe-2932-7ea0-1dd285491b7b, 7, 0, 1328, 35, 40.94
2026/09/08 21:59:00.672, GPU-ecc6a1f9-42fe-2932-7ea0-1dd285491b7b, 15, 0, 1328, 35, 40.69
2026/09/08 21:59:00.900, GPU-ecc6a1f9-42fe-2932-7ea0-1dd285491b7b, 293, 0, 1328, 35, 182.30
2026/09/08 21:59:01.104, GPU-ecc6a1f9-42fe-2932-7ea0-1dd285491b7b, 293, 93, 1328, 37, 203.18
2026/09/08 21:59:01.308, GPU-ecc6a1f9-42fe-2932-7ea0-1dd285491b7b, 5, 79, 1328, 37, 42.62
2026/09/08 21:59:01.511, GPU-ecc6a1f9-42fe-2932-7ea0-1dd285491b7b, 5, 5, 1328, 36, 41.19
2026/09/08 21:59:01.714, GPU-ecc6a1f9-42fe-2932-7ea0-1dd285491b7b, 7, 0, 1328, 35, 40.92
2026/09/08 21:59:01.918, GPU-ecc6a1f9-42fe-2932-7ea0-1dd285491b7b, 61, 0, 1328, 35, 40.94
2026/09/08 21:59:02.121, GPU-ecc6a1f9-42fe-2932-7ea0-1dd285491b7b, 295, 63, 1328, 37, 207.29
2026/09/08 21:59:02.327, GPU-ecc6a1f9-42fe-2932-7ea0-1dd285491b7b, 295, 95, 1328, 38, 213.54
2026/09/08 21:59:02.530, GPU-ecc6a1f9-42fe-2932-7ea0-1dd285491b7b, 5, 85, 1328, 37, 41.91
2026/09/08 21:59:02.734, GPU-ecc6a1f9-42fe-2932-7ea0-1dd285491b7b, 5, 5, 1328, 36, 41.19
2026/09/08 21:59:02.937, GPU-ecc6a1f9-42fe-2932-7ea0-1dd285491b7b, 7, 0, 1328, 36, 40.94
2026/09/08 21:59:03.141, GPU-ecc6a1f9-42fe-2932-7ea0-1dd285491b7b, 25, 0, 1328, 35, 40.94
2026/09/08 21:59:03.346, GPU-ecc6a1f9-42fe-2932-7ea0-1dd285491b7b, 289, 25, 1328, 37, 157.72
2026/09/08 21:59:03.550, GPU-ecc6a1f9-42fe-2932-7ea0-1dd285491b7b, 289, 86, 1328, 37, 173.00
2026/09/08 21:59:03.753, GPU-ecc6a1f9-42fe-2932-7ea0-1dd285491b7b, 5, 65, 1328, 36, 41.19
2026/09/08 21:59:03.957, GPU-ecc6a1f9-42fe-2932-7ea0-1dd285491b7b, 7, 0, 1328, 36, 40.94
2026/09/08 21:59:04.161, GPU-ecc6a1f9-42fe-2932-7ea0-1dd285491b7b, 7, 0, 1328, 35, 40.94
2026/09/08 21:59:04.367, GPU-ecc6a1f9-42fe-2932-7ea0-1dd285491b7b, 15, 0, 1328, 35, 40.70
2026/09/08 21:59:04.714, GPU-ecc6a1f9-42fe-2932-7ea0-1dd285491b7b, 293, 3, 1328, 36, 179.43
2026/09/08 21:59:04.917, GPU-ecc6a1f9-42fe-2932-7ea0-1dd285491b7b, 293, 57, 1328, 37, 184.72
2026/09/08 21:59:05.121, GPU-ecc6a1f9-42fe-2932-7ea0-1dd285491b7b, 5, 64, 1328, 37, 42.16
2026/09/08 21:59:05.327, GPU-ecc6a1f9-42fe-2932-7ea0-1dd285491b7b, 5, 0, 1328, 36, 41.19
2026/09/08 21:59:05.530, GPU-ecc6a1f9-42fe-2932-7ea0-1dd285491b7b, 5, 0, 1328, 36, 40.70
2026/09/08 21:59:05.734, GPU-ecc6a1f9-42fe-2932-7ea0-1dd285491b7b, 5, 0, 1328, 35, 40.70
2026/09/08 21:59:05.937, GPU-ecc6a1f9-42fe-2932-7ea0-1dd285491b7b, 5, 0, 1328, 35, 40.70
2026/09/08 21:59:06.141, GPU-ecc6a1f9-42fe-2932-7ea0-1dd285491b7b, 5, 0, 1328, 35, 40.46
2026/09/08 21:59:06.344, GPU-ecc6a1f9-42fe-2932-7ea0-1dd285491b7b, 5, 0, 1328, 35, 40.46
2026/09/08 21:59:06.548, GPU-ecc6a1f9-42fe-2932-7ea0-1dd285491b7b, 5, 0, 1328, 35, 40.46
2026/09/08 21:59:06.753, GPU-ecc6a1f9-42fe-2932-7ea0-1dd285491b7b, 5, 0, 1328, 35, 37.29
2026/09/08 21:59:06.956, GPU-ecc6a1f9-42fe-2932-7ea0-1dd285491b7b, 5, 0, 1328, 35, 37.29
2026/09/08 21:59:07.159, GPU-ecc6a1f9-42fe-2932-7ea0-1dd285491b7b, 5, 0, 1328, 35, 37.29
2026/09/08 21:59:07.363, GPU-ecc6a1f9-42fe-2932-7ea0-1dd285491b7b, 5, 0, 1328, 35, 37.29
2026/09/08 21:59:07.566, GPU-ecc6a1f9-42fe-2932-7ea0-1dd285491b7b, 5, 0, 1328, 35, 37.29
2026/09/08 21:59:07.772, GPU-ecc6a1f9-42fe-2932-7ea0-1dd285491b7b, 5, 0, 1328, 35, 37.29
2026/09/08 21:59:07.976, GPU-ecc6a1f9-42fe-2932-7ea0-1dd285491b7b, 5, 0, 405, 34, 27.07
2026/09/08 21:59:08.179, GPU-ecc6a1f9-42fe-2932-7ea0-1dd285491b7b, 5, 0, 405, 34, 27.07
2026/09/08 21:59:08.383, GPU-ecc6a1f9-42fe-2932-7ea0-1dd285491b7b, 5, 0, 405, 34, 27.07
2026/09/08 21:59:08.586, GPU-ecc6a1f9-42fe-2932-7ea0-1dd285491b7b, 5, 0, 405, 34, 27.07
2026/09/08 21:59:08.792, GPU-ecc6a1f9-42fe-2932-7ea0-1dd285491b7b, 5, 0, 405, 34, 27.07
2026/09/08 21:59:08.996, GPU-ecc6a1f9-42fe-2932-7ea0-1dd285491b7b, 5, 0, 405, 34, 27.07
2026/09/08 21:59:09.199, GPU-ecc6a1f9-42fe-2932-7ea0-1dd285491b7b, 5, 0, 405, 34, 27.07
2026/09/08 21:59:09.403, GPU-ecc6a1f9-42fe-2932-7ea0-1dd285491b7b, 5, 0, 405, 34, 27.07
2026/09/08 21:59:09.607, GPU-ecc6a1f9-42fe-2932-7ea0-1dd285491b7b, 5, 0, 405, 34, 27.07
2026/09/08 21:59:09.812, GPU-ecc6a1f9-42fe-2932-7ea0-1dd285491b7b, 5, 0, 405, 34, 27.07
2026/09/08 21:59:10.015, GPU-ecc6a1f9-42fe-2932-7ea0-1dd285491b7b, 5, 0, 405, 34, 27.07
2026/09/08 21:59:10.219, GPU-ecc6a1f9-42fe-2932-7ea0-1dd285491b7b, 5, 0, 405, 34, 27.07
2026/09/08 21:59:10.422, GPU-ecc6a1f9-42fe-2932-7ea0-1dd285491b7b, 5, 0, 405, 34, 26.83
2026/09/08 21:59:10.626, GPU-ecc6a1f9-42fe-2932-7ea0-1dd285491b7b, 5, 0, 405, 34, 27.07
2026/09/08 21:59:10.831, GPU-ecc6a1f9-42fe-2932-7ea0-1dd285491b7b, 5, 0, 405, 34, 27.07
2026/09/08 21:59:11.035, GPU-ecc6a1f9-42fe-2932-7ea0-1dd285491b7b, 5, 0, 405, 34, 26.83
2026/09/08 21:59:11.238, GPU-ecc6a1f9-42fe-2932-7ea0-1dd285491b7b, 5, 0, 405, 34, 27.07
2026/09/08 21:59:11.442, GPU-ecc6a1f9-42fe-2932-7ea0-1dd285491b7b, 5, 0, 405, 34, 27.07
2026/09/08 21:59:11.646, GPU-ecc6a1f9-42fe-2932-7ea0-1dd285491b7b, 5, 0, 405, 34, 26.83
2026/09/08 21:59:11.851, GPU-ecc6a1f9-42fe-2932-7ea0-1dd285491b7b, 5, 0, 405, 34, 26.83
2026/09/08 21:59:12.054, GPU-ecc6a1f9-42fe-2932-7ea0-1dd285491b7b, 5, 0, 405, 34, 27.07
2026/09/08 21:59:12.258, GPU-ecc6a1f9-42fe-2932-7ea0-1dd285491b7b, 5, 0, 405, 34, 26.83
2026/09/08 21:59:12.461, GPU-ecc6a1f9-42fe-2932-7ea0-1dd285491b7b, 5, 0, 405, 34, 26.83
2026/09/08 21:59:12.665, GPU-ecc6a1f9-42fe-2932-7ea0-1dd285491b7b, 5, 0, 405, 34, 27.07
2026/09/08 21:59:12.870, GPU-ecc6a1f9-42fe-2932-7ea0-1dd285491b7b, 5, 0, 405, 34, 26.83
2026/09/08 21:59:13.074, GPU-ecc6a1f9-42fe-2932-7ea0-1dd285491b7b, 5, 0, 405, 34, 26.83
2026/09/08 21:59:13.277, GPU-ecc6a1f9-42fe-2932-7ea0-1dd285491b7b, 5, 0, 405, 34, 26.83
2026/09/08 21:59:13.481, GPU-ecc6a1f9-42fe-2932-7ea0-1dd285491b7b, 5, 0, 405, 33, 26.83
2026/09/08 21:59:13.685, GPU-ecc6a1f9-42fe-2932-7ea0-1dd285491b7b, 5, 0, 405, 33, 26.83
2026/09/08 21:59:13.890, GPU-ecc6a1f9-42fe-2932-7ea0-1dd285491b7b, 5, 0, 405, 33, 26.83
2026/09/08 21:59:14.093, GPU-ecc6a1f9-42fe-2932-7ea0-1dd285491b7b, 5, 0, 405, 33, 26.83
2026/09/08 21:59:14.297, GPU-ecc6a1f9-42fe-2932-7ea0-1dd285491b7b, 5, 0, 405, 33, 26.83
2026/09/08 21:59:14.501, GPU-ecc6a1f9-42fe-2932-7ea0-1dd285491b7b, 5, 0, 405, 33, 26.83
2026/09/08 21:59:14.704, GPU-ecc6a1f9-42fe-2932-7ea0-1dd285491b7b, 5, 0, 405, 33, 26.83
2026/09/08 21:59:14.910, GPU-ecc6a1f9-42fe-2932-7ea0-1dd285491b7b, 5, 0, 405, 33, 26.83
2026/09/08 21:59:15.113, GPU-ecc6a1f9-42fe-2932-7ea0-1dd285491b7b, 5, 0, 405, 33, 26.83
2026/09/08 21:59:15.317, GPU-ecc6a1f9-42fe-2932-7ea0-1dd285491b7b, 5, 0, 405, 33, 26.83
2026/09/08 21:59:15.520, GPU-ecc6a1f9-42fe-2932-7ea0-1dd285491b7b, 5, 0, 405, 33, 26.83
2026/09/08 21:59:15.724, GPU-ecc6a1f9-42fe-2932-7ea0-1dd285491b7b, 5, 0, 405, 33, 26.83
2026/09/08 21:59:15.929, GPU-ecc6a1f9-42fe-2932-7ea0-1dd285491b7b, 5, 0, 405, 33, 26.83
2026/09/08 21:59:16.132, GPU-ecc6a1f9-42fe-2932-7ea0-1dd285491b7b, 5, 0, 405, 33, 26.83
2026/09/08 21:59:16.336, GPU-ecc6a1f9-42fe-2932-7ea0-1dd285491b7b, 5, 0, 405, 33, 26.83
2026/09/08 21:59:16.539, GPU-ecc6a1f9-42fe-2932-7ea0-1dd285491b7b, 5, 0, 405, 33, 26.83
2026/09/08 21:59:16.743, GPU-ecc6a1f9-42fe-2932-7ea0-1dd285491b7b, 5, 0, 405, 33, 26.83
2026/09/08 21:59:16.948, GPU-ecc6a1f9-42fe-2932-7ea0-1dd285491b7b, 5, 0, 405, 33, 26.83
2026/09/08 21:59:17.152, GPU-ecc6a1f9-42fe-2932-7ea0-1dd285491b7b, 5, 0, 405, 33, 26.83
2026/09/08 21:59:17.355, GPU-ecc6a1f9-42fe-2932-7ea0-1dd285491b7b, 5, 0, 405, 33, 26.83
2026/09/08 21:59:17.559, GPU-ecc6a1f9-42fe-2932-7ea0-1dd285491b7b, 5, 0, 405, 33, 26.83
2026/09/08 21:59:17.762, GPU-ecc6a1f9-42fe-2932-7ea0-1dd285491b7b, 5, 0, 405, 33, 26.83
2026/09/08 21:59:17.968, GPU-ecc6a1f9-42fe-2932-7ea0-1dd285491b7b, 5, 0, 405, 33, 26.83
2026/09/08 21:59:18.171, GPU-ecc6a1f9-42fe-2932-7ea0-1dd285491b7b, 5, 0, 405, 33, 26.83
2026/09/08 21:59:18.375, GPU-ecc6a1f9-42fe-2932-7ea0-1dd285491b7b, 5, 0, 405, 33, 26.83
2026/09/08 21:59:18.578, GPU-ecc6a1f9-42fe-2932-7ea0-1dd285491b7b, 5, 0, 405, 33, 26.83
2026/09/08 21:59:18.782, GPU-ecc6a1f9-42fe-2932-7ea0-1dd285491b7b, 5, 0, 405, 33, 26.83
2026/09/08 21:59:18.987, GPU-ecc6a1f9-42fe-2932-7ea0-1dd285491b7b, 5, 0, 405, 33, 26.83
2026/09/08 21:59:19.191, GPU-ecc6a1f9-42fe-2932-7ea0-1dd285491b7b, 5, 0, 405, 33, 26.83
2026/09/08 21:59:19.394, GPU-ecc6a1f9-42fe-2932-7ea0-1dd285491b7b, 5, 0, 405, 33, 26.83
2026/09/08 21:59:19.598, GPU-ecc6a1f9-42fe-2932-7ea0-1dd285491b7b, 5, 0, 405, 33, 26.83
2026/09/08 21:59:19.802, GPU-ecc6a1f9-42fe-2932-7ea0-1dd285491b7b, 5, 0, 405, 33, 26.83
2026/09/08 21:59:20.009, GPU-ecc6a1f9-42fe-2932-7ea0-1dd285491b7b, 5, 0, 405, 33, 26.83
2026/09/08 21:59:20.213, GPU-ecc6a1f9-42fe-2932-7ea0-1dd285491b7b, 5, 0, 405, 33, 26.83
2026/09/08 21:59:20.416, GPU-ecc6a1f9-42fe-2932-7ea0-1dd285491b7b, 5, 0, 405, 33, 26.83
2026/09/08 21:59:20.620, GPU-ecc6a1f9-42fe-2932-7ea0-1dd285491b7b, 5, 0, 405, 33, 26.83
2026/09/08 21:59:20.823, GPU-ecc6a1f9-42fe-2932-7ea0-1dd285491b7b, 5, 0, 405, 33, 26.83
2026/09/08 21:59:21.027, GPU-ecc6a1f9-42fe-2932-7ea0-1dd285491b7b, 5, 0, 405, 33, 26.83
2026/09/08 21:59:21.232, GPU-ecc6a1f9-42fe-2932-7ea0-1dd285491b7b, 5, 0, 405, 33, 26.83
2026/09/08 21:59:21.436, GPU-ecc6a1f9-42fe-2932-7ea0-1dd285491b7b, 5, 0, 405, 33, 26.83
2026/09/08 21:59:21.639, GPU-ecc6a1f9-42fe-2932-7ea0-1dd285491b7b, 5, 0, 405, 33, 26.83
2026/09/08 21:59:21.843, GPU-ecc6a1f9-42fe-2932-7ea0-1dd285491b7b, 5, 0, 405, 33, 26.83
2026/09/08 21:59:22.046, GPU-ecc6a1f9-42fe-2932-7ea0-1dd285491b7b, 5, 0, 405, 33, 26.83
2026/09/08 21:59:22.250, GPU-ecc6a1f9-42fe-2932-7ea0-1dd285491b7b, 5, 0, 405, 33, 26.83
2026/09/08 21:59:22.456, GPU-ecc6a1f9-42fe-2932-7ea0-1dd285491b7b, 5, 0, 405, 33, 26.83
2026/09/08 21:59:22.659, GPU-ecc6a1f9-42fe-2932-7ea0-1dd285491b7b, 5, 0, 405, 32, 26.83
2026/09/08 21:59:22.863, GPU-ecc6a1f9-42fe-2932-7ea0-1dd285491b7b, 5, 0, 405, 33, 26.83
2026/09/08 21:59:23.066, GPU-ecc6a1f9-42fe-2932-7ea0-1dd285491b7b, 5, 0, 405, 33, 26.83
2026/09/08 21:59:23.270, GPU-ecc6a1f9-42fe-2932-7ea0-1dd285491b7b, 5, 0, 405, 33, 26.83
2026/09/08 21:59:23.476, GPU-ecc6a1f9-42fe-2932-7ea0-1dd285491b7b, 5, 0, 405, 33, 26.83
2026/09/08 21:59:23.679, GPU-ecc6a1f9-42fe-2932-7ea0-1dd285491b7b, 5, 0, 405, 33, 26.83
2026/09/08 21:59:23.883, GPU-ecc6a1f9-42fe-2932-7ea0-1dd285491b7b, 5, 0, 405, 33, 26.83
2026/09/08 21:59:24.086, GPU-ecc6a1f9-42fe-2932-7ea0-1dd285491b7b, 5, 0, 405, 33, 26.83
2026/09/08 21:59:24.290, GPU-ecc6a1f9-42fe-2932-7ea0-1dd285491b7b, 5, 0, 405, 33, 26.83
2026/09/08 21:59:24.495, GPU-ecc6a1f9-42fe-2932-7ea0-1dd285491b7b, 5, 0, 405, 33, 26.83
2026/09/08 21:59:24.698, GPU-ecc6a1f9-42fe-2932-7ea0-1dd285491b7b, 5, 0, 405, 33, 26.83
2026/09/08 21:59:24.902, GPU-ecc6a1f9-42fe-2932-7ea0-1dd285491b7b, 5, 0, 405, 32, 26.83
2026/09/08 21:59:25.105, GPU-ecc6a1f9-42fe-2932-7ea0-1dd285491b7b, 5, 0, 405, 32, 26.83
2026/09/08 21:59:25.309, GPU-ecc6a1f9-42fe-2932-7ea0-1dd285491b7b, 5, 0, 405, 32, 26.83
2026/09/08 21:59:25.515, GPU-ecc6a1f9-42fe-2932-7ea0-1dd285491b7b, 5, 0, 405, 32, 26.83
2026/09/08 21:59:25.718, GPU-ecc6a1f9-42fe-2932-7ea0-1dd285491b7b, 5, 0, 405, 32, 26.83
2026/09/08 21:59:25.922, GPU-ecc6a1f9-42fe-2932-7ea0-1dd285491b7b, 5, 0, 405, 32, 26.83
2026/09/08 21:59:26.125, GPU-ecc6a1f9-42fe-2932-7ea0-1dd285491b7b, 5, 0, 405, 32, 26.83
2026/09/08 21:59:26.329, GPU-ecc6a1f9-42fe-2932-7ea0-1dd285491b7b, 5, 0, 405, 32, 26.83
2026/09/08 21:59:26.535, GPU-ecc6a1f9-42fe-2932-7ea0-1dd285491b7b, 5, 0, 405, 32, 26.83
2026/09/08 21:59:26.738, GPU-ecc6a1f9-42fe-2932-7ea0-1dd285491b7b, 5, 0, 405, 32, 26.83
2026/09/08 21:59:26.942, GPU-ecc6a1f9-42fe-2932-7ea0-1dd285491b7b, 5, 0, 405, 32, 26.83
2026/09/08 21:59:27.145, GPU-ecc6a1f9-42fe-2932-7ea0-1dd285491b7b, 5, 0, 405, 32, 26.83
2026/09/08 21:59:27.349, GPU-ecc6a1f9-42fe-2932-7ea0-1dd285491b7b, 5, 0, 405, 32, 26.58
2026/09/08 21:59:27.555, GPU-ecc6a1f9-42fe-2932-7ea0-1dd285491b7b, 5, 0, 405, 32, 26.83
2026/09/08 21:59:27.759, GPU-ecc6a1f9-42fe-2932-7ea0-1dd285491b7b, 5, 0, 405, 32, 26.83
2026/09/08 21:59:27.962, GPU-ecc6a1f9-42fe-2932-7ea0-1dd285491b7b, 5, 0, 405, 32, 26.83
2026/09/08 21:59:28.166, GPU-ecc6a1f9-42fe-2932-7ea0-1dd285491b7b, 5, 0, 405, 32, 26.83
2026/09/08 21:59:28.369, GPU-ecc6a1f9-42fe-2932-7ea0-1dd285491b7b, 5, 0, 405, 32, 26.83
2026/09/08 21:59:28.575, GPU-ecc6a1f9-42fe-2932-7ea0-1dd285491b7b, 5, 0, 405, 32, 26.83
2026/09/08 21:59:28.778, GPU-ecc6a1f9-42fe-2932-7ea0-1dd285491b7b, 7, 0, 405, 32, 26.83
2026/09/08 21:59:28.982, GPU-ecc6a1f9-42fe-2932-7ea0-1dd285491b7b, 15, 0, 405, 32, 26.83
2026/09/08 21:59:29.205, GPU-ecc6a1f9-42fe-2932-7ea0-1dd285491b7b, 289, 61, 1316, 33, 139.68
2026/09/08 21:59:29.408, GPU-ecc6a1f9-42fe-2932-7ea0-1dd285491b7b, 261, 85, 1328, 34, 44.09
2026/09/08 21:59:29.615, GPU-ecc6a1f9-42fe-2932-7ea0-1dd285491b7b, 5, 18, 1328, 33, 37.29
2026/09/08 21:59:29.818, GPU-ecc6a1f9-42fe-2932-7ea0-1dd285491b7b, 7, 0, 1328, 33, 37.04
2026/09/08 21:59:30.022, GPU-ecc6a1f9-42fe-2932-7ea0-1dd285491b7b, 15, 0, 1328, 33, 37.04
2026/09/08 21:59:30.260, GPU-ecc6a1f9-42fe-2932-7ea0-1dd285491b7b, 289, 31, 1328, 34, 143.54
2026/09/08 21:59:30.464, GPU-ecc6a1f9-42fe-2932-7ea0-1dd285491b7b, 261, 83, 1328, 35, 50.66
2026/09/08 21:59:30.668, GPU-ecc6a1f9-42fe-2932-7ea0-1dd285491b7b, 5, 47, 1328, 34, 39.48
2026/09/08 21:59:30.874, GPU-ecc6a1f9-42fe-2932-7ea0-1dd285491b7b, 7, 0, 1328, 33, 39.24
2026/09/08 21:59:31.078, GPU-ecc6a1f9-42fe-2932-7ea0-1dd285491b7b, 15, 0, 1328, 33, 39.24
2026/09/08 21:59:31.384, GPU-ecc6a1f9-42fe-2932-7ea0-1dd285491b7b, 295, 53, 1328, 35, 192.35
2026/09/08 21:59:31.588, GPU-ecc6a1f9-42fe-2932-7ea0-1dd285491b7b, 263, 92, 1328, 36, 134.83
2026/09/08 21:59:31.793, GPU-ecc6a1f9-42fe-2932-7ea0-1dd285491b7b, 5, 39, 1328, 34, 40.70
2026/09/08 21:59:31.997, GPU-ecc6a1f9-42fe-2932-7ea0-1dd285491b7b, 7, 0, 1328, 34, 40.46
2026/09/08 21:59:32.200, GPU-ecc6a1f9-42fe-2932-7ea0-1dd285491b7b, 15, 0, 1328, 34, 40.21
2026/09/08 21:59:32.437, GPU-ecc6a1f9-42fe-2932-7ea0-1dd285491b7b, 295, 38, 1328, 36, 207.04
2026/09/08 21:59:32.641, GPU-ecc6a1f9-42fe-2932-7ea0-1dd285491b7b, 261, 92, 1328, 36, 54.28
2026/09/08 21:59:32.844, GPU-ecc6a1f9-42fe-2932-7ea0-1dd285491b7b, 5, 52, 1328, 35, 41.43
2026/09/08 21:59:33.047, GPU-ecc6a1f9-42fe-2932-7ea0-1dd285491b7b, 7, 0, 1328, 34, 40.94
2026/09/08 21:59:33.253, GPU-ecc6a1f9-42fe-2932-7ea0-1dd285491b7b, 15, 0, 1328, 34, 40.94
2026/09/08 21:59:33.456, GPU-ecc6a1f9-42fe-2932-7ea0-1dd285491b7b, 289, 34, 1328, 36, 161.75
2026/09/08 21:59:33.660, GPU-ecc6a1f9-42fe-2932-7ea0-1dd285491b7b, 5, 85, 1328, 35, 42.38
2026/09/08 21:59:33.883, GPU-ecc6a1f9-42fe-2932-7ea0-1dd285491b7b, 5, 0, 1328, 35, 40.94
2026/09/08 21:59:34.086, GPU-ecc6a1f9-42fe-2932-7ea0-1dd285491b7b, 7, 0, 1328, 34, 40.94
2026/09/08 21:59:34.292, GPU-ecc6a1f9-42fe-2932-7ea0-1dd285491b7b, 15, 0, 1328, 34, 40.69
2026/09/08 21:59:34.496, GPU-ecc6a1f9-42fe-2932-7ea0-1dd285491b7b, 289, 15, 1328, 35, 150.49
2026/09/08 21:59:34.699, GPU-ecc6a1f9-42fe-2932-7ea0-1dd285491b7b, 5, 64, 1328, 35, 42.65
2026/09/08 21:59:34.920, GPU-ecc6a1f9-42fe-2932-7ea0-1dd285491b7b, 5, 4, 1328, 34, 41.19
2026/09/08 21:59:35.124, GPU-ecc6a1f9-42fe-2932-7ea0-1dd285491b7b, 7, 0, 1328, 34, 40.94
2026/09/08 21:59:35.327, GPU-ecc6a1f9-42fe-2932-7ea0-1dd285491b7b, 17, 0, 1328, 34, 40.94
2026/09/08 21:59:35.532, GPU-ecc6a1f9-42fe-2932-7ea0-1dd285491b7b, 295, 3, 1328, 36, 203.32
2026/09/08 21:59:35.735, GPU-ecc6a1f9-42fe-2932-7ea0-1dd285491b7b, 5, 86, 1328, 36, 43.35
2026/09/08 21:59:35.956, GPU-ecc6a1f9-42fe-2932-7ea0-1dd285491b7b, 5, 5, 1328, 35, 41.43
2026/09/08 21:59:36.159, GPU-ecc6a1f9-42fe-2932-7ea0-1dd285491b7b, 7, 0, 1328, 35, 41.19
2026/09/08 21:59:36.363, GPU-ecc6a1f9-42fe-2932-7ea0-1dd285491b7b, 25, 0, 1328, 34, 40.94
2026/09/08 21:59:36.567, GPU-ecc6a1f9-42fe-2932-7ea0-1dd285491b7b, 295, 77, 1328, 36, 191.38
2026/09/08 21:59:36.771, GPU-ecc6a1f9-42fe-2932-7ea0-1dd285491b7b, 5, 93, 1328, 36, 42.64
2026/09/08 21:59:36.996, GPU-ecc6a1f9-42fe-2932-7ea0-1dd285491b7b, 5, 10, 1328, 35, 41.43
2026/09/08 21:59:37.199, GPU-ecc6a1f9-42fe-2932-7ea0-1dd285491b7b, 7, 0, 1328, 35, 40.94
2026/09/08 21:59:37.403, GPU-ecc6a1f9-42fe-2932-7ea0-1dd285491b7b, 15, 0, 1328, 35, 40.94
2026/09/08 21:59:37.606, GPU-ecc6a1f9-42fe-2932-7ea0-1dd285491b7b, 289, 39, 1328, 36, 160.30
2026/09/08 21:59:37.810, GPU-ecc6a1f9-42fe-2932-7ea0-1dd285491b7b, 261, 83, 1328, 36, 46.76
2026/09/08 21:59:38.013, GPU-ecc6a1f9-42fe-2932-7ea0-1dd285491b7b, 5, 38, 1328, 35, 41.43
2026/09/08 21:59:38.217, GPU-ecc6a1f9-42fe-2932-7ea0-1dd285491b7b, 7, 0, 1328, 35, 41.18
2026/09/08 21:59:38.421, GPU-ecc6a1f9-42fe-2932-7ea0-1dd285491b7b, 15, 0, 1328, 35, 40.94
2026/09/08 21:59:38.657, GPU-ecc6a1f9-42fe-2932-7ea0-1dd285491b7b, 289, 17, 1328, 36, 173.73
2026/09/08 21:59:38.861, GPU-ecc6a1f9-42fe-2932-7ea0-1dd285491b7b, 261, 84, 1328, 36, 47.98
2026/09/08 21:59:39.064, GPU-ecc6a1f9-42fe-2932-7ea0-1dd285491b7b, 5, 0, 1328, 35, 41.43
2026/09/08 21:59:39.268, GPU-ecc6a1f9-42fe-2932-7ea0-1dd285491b7b, 7, 0, 1328, 35, 41.18
2026/09/08 21:59:39.471, GPU-ecc6a1f9-42fe-2932-7ea0-1dd285491b7b, 15, 0, 1328, 35, 40.94
2026/09/08 21:59:39.698, GPU-ecc6a1f9-42fe-2932-7ea0-1dd285491b7b, 295, 3, 1328, 37, 210.17
2026/09/08 21:59:39.902, GPU-ecc6a1f9-42fe-2932-7ea0-1dd285491b7b, 261, 89, 1328, 38, 72.25
2026/09/08 21:59:40.105, GPU-ecc6a1f9-42fe-2932-7ea0-1dd285491b7b, 5, 5, 1328, 36, 41.67
2026/09/08 21:59:40.309, GPU-ecc6a1f9-42fe-2932-7ea0-1dd285491b7b, 7, 0, 1328, 35, 41.19
2026/09/08 21:59:40.512, GPU-ecc6a1f9-42fe-2932-7ea0-1dd285491b7b, 15, 0, 1328, 35, 40.94
2026/09/08 21:59:40.763, GPU-ecc6a1f9-42fe-2932-7ea0-1dd285491b7b, 295, 60, 1328, 37, 203.07
2026/09/08 21:59:40.967, GPU-ecc6a1f9-42fe-2932-7ea0-1dd285491b7b, 261, 94, 1328, 37, 63.03
2026/09/08 21:59:41.171, GPU-ecc6a1f9-42fe-2932-7ea0-1dd285491b7b, 5, 32, 1328, 36, 41.67
2026/09/08 21:59:41.374, GPU-ecc6a1f9-42fe-2932-7ea0-1dd285491b7b, 7, 0, 1328, 35, 41.43
2026/09/08 21:59:41.578, GPU-ecc6a1f9-42fe-2932-7ea0-1dd285491b7b, 15, 0, 1328, 35, 40.94
2026/09/08 21:59:41.829, GPU-ecc6a1f9-42fe-2932-7ea0-1dd285491b7b, 289, 16, 1328, 36, 152.66
2026/09/08 21:59:42.032, GPU-ecc6a1f9-42fe-2932-7ea0-1dd285491b7b, 263, 85, 1328, 37, 64.25
2026/09/08 21:59:42.237, GPU-ecc6a1f9-42fe-2932-7ea0-1dd285491b7b, 5, 0, 1328, 35, 41.43
2026/09/08 21:59:42.440, GPU-ecc6a1f9-42fe-2932-7ea0-1dd285491b7b, 7, 0, 1328, 35, 41.18
2026/09/08 21:59:42.646, GPU-ecc6a1f9-42fe-2932-7ea0-1dd285491b7b, 15, 0, 1328, 35, 40.94
2026/09/08 21:59:42.930, GPU-ecc6a1f9-42fe-2932-7ea0-1dd285491b7b, 23, 0, 1328, 35, 40.94
2026/09/08 21:59:43.134, GPU-ecc6a1f9-42fe-2932-7ea0-1dd285491b7b, 289, 42, 1328, 36, 155.78
2026/09/08 21:59:43.337, GPU-ecc6a1f9-42fe-2932-7ea0-1dd285491b7b, 261, 84, 1328, 36, 46.52
2026/09/08 21:59:43.540, GPU-ecc6a1f9-42fe-2932-7ea0-1dd285491b7b, 5, 36, 1328, 35, 41.67
2026/09/08 21:59:43.746, GPU-ecc6a1f9-42fe-2932-7ea0-1dd285491b7b, 7, 0, 1328, 35, 41.18
2026/09/08 21:59:43.949, GPU-ecc6a1f9-42fe-2932-7ea0-1dd285491b7b, 15, 0, 1328, 35, 40.94
2026/09/08 21:59:44.153, GPU-ecc6a1f9-42fe-2932-7ea0-1dd285491b7b, 295, 34, 1328, 37, 190.75
2026/09/08 21:59:44.356, GPU-ecc6a1f9-42fe-2932-7ea0-1dd285491b7b, 261, 93, 1328, 37, 57.92
2026/09/08 21:59:44.560, GPU-ecc6a1f9-42fe-2932-7ea0-1dd285491b7b, 5, 56, 1328, 36, 41.67
2026/09/08 21:59:44.765, GPU-ecc6a1f9-42fe-2932-7ea0-1dd285491b7b, 7, 0, 1328, 35, 41.18
2026/09/08 21:59:44.968, GPU-ecc6a1f9-42fe-2932-7ea0-1dd285491b7b, 15, 0, 1328, 35, 41.19
2026/09/08 21:59:45.215, GPU-ecc6a1f9-42fe-2932-7ea0-1dd285491b7b, 295, 4, 1328, 37, 201.14
2026/09/08 21:59:45.418, GPU-ecc6a1f9-42fe-2932-7ea0-1dd285491b7b, 263, 86, 1328, 38, 59.39
2026/09/08 21:59:45.624, GPU-ecc6a1f9-42fe-2932-7ea0-1dd285491b7b, 5, 5, 1328, 36, 41.91
2026/09/08 21:59:45.828, GPU-ecc6a1f9-42fe-2932-7ea0-1dd285491b7b, 7, 0, 1328, 35, 41.43
2026/09/08 21:59:46.031, GPU-ecc6a1f9-42fe-2932-7ea0-1dd285491b7b, 15, 0, 1328, 35, 40.94
2026/09/08 21:59:46.297, GPU-ecc6a1f9-42fe-2932-7ea0-1dd285491b7b, 289, 42, 1328, 37, 184.25
2026/09/08 21:59:46.500, GPU-ecc6a1f9-42fe-2932-7ea0-1dd285491b7b, 261, 82, 1328, 38, 55.04
2026/09/08 21:59:46.704, GPU-ecc6a1f9-42fe-2932-7ea0-1dd285491b7b, 5, 35, 1328, 36, 41.67
2026/09/08 21:59:46.908, GPU-ecc6a1f9-42fe-2932-7ea0-1dd285491b7b, 7, 0, 1328, 36, 41.18
2026/09/08 21:59:47.111, GPU-ecc6a1f9-42fe-2932-7ea0-1dd285491b7b, 15, 0, 1328, 35, 40.94
2026/09/08 21:59:47.445, GPU-ecc6a1f9-42fe-2932-7ea0-1dd285491b7b, 289, 33, 1328, 36, 166.59
2026/09/08 21:59:47.648, GPU-ecc6a1f9-42fe-2932-7ea0-1dd285491b7b, 289, 80, 1328, 37, 171.07
2026/09/08 21:59:47.852, GPU-ecc6a1f9-42fe-2932-7ea0-1dd285491b7b, 5, 42, 1328, 36, 41.92
2026/09/08 21:59:48.055, GPU-ecc6a1f9-42fe-2932-7ea0-1dd285491b7b, 7, 0, 1328, 35, 41.67
2026/09/08 21:59:48.258, GPU-ecc6a1f9-42fe-2932-7ea0-1dd285491b7b, 15, 0, 1328, 35, 41.18
2026/09/08 21:59:48.507, GPU-ecc6a1f9-42fe-2932-7ea0-1dd285491b7b, 295, 34, 1328, 37, 207.41
2026/09/08 21:59:48.710, GPU-ecc6a1f9-42fe-2932-7ea0-1dd285491b7b, 261, 94, 1328, 38, 53.31
2026/09/08 21:59:48.913, GPU-ecc6a1f9-42fe-2932-7ea0-1dd285491b7b, 5, 59, 1328, 36, 41.67
2026/09/08 21:59:49.117, GPU-ecc6a1f9-42fe-2932-7ea0-1dd285491b7b, 7, 0, 1328, 36, 41.43
2026/09/08 21:59:49.323, GPU-ecc6a1f9-42fe-2932-7ea0-1dd285491b7b, 15, 0, 1328, 36, 41.16
2026/09/08 21:59:49.538, GPU-ecc6a1f9-42fe-2932-7ea0-1dd285491b7b, 295, 14, 1328, 38, 218.01
2026/09/08 21:59:49.743, GPU-ecc6a1f9-42fe-2932-7ea0-1dd285491b7b, 261, 92, 1328, 38, 54.77
2026/09/08 21:59:49.946, GPU-ecc6a1f9-42fe-2932-7ea0-1dd285491b7b, 5, 5, 1328, 37, 41.92
2026/09/08 21:59:50.150, GPU-ecc6a1f9-42fe-2932-7ea0-1dd285491b7b, 7, 0, 1328, 36, 41.67
2026/09/08 21:59:50.354, GPU-ecc6a1f9-42fe-2932-7ea0-1dd285491b7b, 15, 0, 1328, 36, 41.18
2026/09/08 21:59:50.591, GPU-ecc6a1f9-42fe-2932-7ea0-1dd285491b7b, 289, 74, 1328, 37, 171.79
2026/09/08 21:59:50.794, GPU-ecc6a1f9-42fe-2932-7ea0-1dd285491b7b, 261, 85, 1328, 37, 47.25
2026/09/08 21:59:50.998, GPU-ecc6a1f9-42fe-2932-7ea0-1dd285491b7b, 5, 5, 1328, 36, 41.91
2026/09/08 21:59:51.203, GPU-ecc6a1f9-42fe-2932-7ea0-1dd285491b7b, 7, 0, 1328, 36, 41.67
2026/09/08 21:59:51.407, GPU-ecc6a1f9-42fe-2932-7ea0-1dd285491b7b, 15, 0, 1328, 36, 41.43
2026/09/08 21:59:51.611, GPU-ecc6a1f9-42fe-2932-7ea0-1dd285491b7b, 289, 63, 1328, 37, 162.72
2026/09/08 21:59:51.814, GPU-ecc6a1f9-42fe-2932-7ea0-1dd285491b7b, 261, 84, 1328, 37, 47.98
2026/09/08 21:59:52.018, GPU-ecc6a1f9-42fe-2932-7ea0-1dd285491b7b, 5, 15, 1328, 36, 41.43
2026/09/08 21:59:52.222, GPU-ecc6a1f9-42fe-2932-7ea0-1dd285491b7b, 7, 0, 1328, 36, 41.43
2026/09/08 21:59:52.426, GPU-ecc6a1f9-42fe-2932-7ea0-1dd285491b7b, 15, 0, 1328, 36, 41.16
2026/09/08 21:59:52.638, GPU-ecc6a1f9-42fe-2932-7ea0-1dd285491b7b, 295, 8, 1328, 36, 203.80
2026/09/08 21:59:52.842, GPU-ecc6a1f9-42fe-2932-7ea0-1dd285491b7b, 295, 94, 1328, 38, 207.66
2026/09/08 21:59:53.046, GPU-ecc6a1f9-42fe-2932-7ea0-1dd285491b7b, 5, 79, 1328, 37, 42.16
2026/09/08 21:59:53.250, GPU-ecc6a1f9-42fe-2932-7ea0-1dd285491b7b, 5, 5, 1328, 36, 41.92
2026/09/08 21:59:53.456, GPU-ecc6a1f9-42fe-2932-7ea0-1dd285491b7b, 7, 0, 1328, 36, 41.67
2026/09/08 21:59:53.662, GPU-ecc6a1f9-42fe-2932-7ea0-1dd285491b7b, 21, 0, 1328, 36, 41.43
2026/09/08 21:59:53.865, GPU-ecc6a1f9-42fe-2932-7ea0-1dd285491b7b, 295, 28, 1328, 38, 195.69
2026/09/08 21:59:54.069, GPU-ecc6a1f9-42fe-2932-7ea0-1dd285491b7b, 261, 92, 1328, 38, 48.47
2026/09/08 21:59:54.272, GPU-ecc6a1f9-42fe-2932-7ea0-1dd285491b7b, 5, 0, 1328, 37, 41.91
2026/09/08 21:59:54.476, GPU-ecc6a1f9-42fe-2932-7ea0-1dd285491b7b, 15, 0, 1328, 36, 41.67
2026/09/08 21:59:54.704, GPU-ecc6a1f9-42fe-2932-7ea0-1dd285491b7b, 25, 0, 1328, 36, 41.43
2026/09/08 21:59:54.909, GPU-ecc6a1f9-42fe-2932-7ea0-1dd285491b7b, 265, 2, 1328, 36, 41.43
2026/09/08 21:59:55.112, GPU-ecc6a1f9-42fe-2932-7ea0-1dd285491b7b, 265, 0, 1328, 36, 41.18
2026/09/08 21:59:55.316, GPU-ecc6a1f9-42fe-2932-7ea0-1dd285491b7b, 265, 0, 1328, 36, 40.94
2026/09/08 21:59:55.520, GPU-ecc6a1f9-42fe-2932-7ea0-1dd285491b7b, 265, 0, 1328, 36, 41.18
2026/09/08 21:59:55.724, GPU-ecc6a1f9-42fe-2932-7ea0-1dd285491b7b, 265, 0, 1328, 35, 41.18
2026/09/08 21:59:55.927, GPU-ecc6a1f9-42fe-2932-7ea0-1dd285491b7b, 267, 0, 1328, 36, 47.49
2026/09/08 21:59:56.131, GPU-ecc6a1f9-42fe-2932-7ea0-1dd285491b7b, 267, 67, 1328, 36, 47.49
2026/09/08 21:59:56.334, GPU-ecc6a1f9-42fe-2932-7ea0-1dd285491b7b, 5, 42, 1328, 35, 40.94
2026/09/08 21:59:56.540, GPU-ecc6a1f9-42fe-2932-7ea0-1dd285491b7b, 5, 0, 1328, 35, 41.19
2026/09/08 21:59:56.749, GPU-ecc6a1f9-42fe-2932-7ea0-1dd285491b7b, 265, 0, 1328, 35, 41.18
2026/09/08 21:59:56.952, GPU-ecc6a1f9-42fe-2932-7ea0-1dd285491b7b, 265, 0, 1328, 35, 41.18
2026/09/08 21:59:57.156, GPU-ecc6a1f9-42fe-2932-7ea0-1dd285491b7b, 265, 0, 1328, 35, 41.16
2026/09/08 21:59:57.359, GPU-ecc6a1f9-42fe-2932-7ea0-1dd285491b7b, 265, 0, 1328, 35, 41.18
2026/09/08 21:59:57.563, GPU-ecc6a1f9-42fe-2932-7ea0-1dd285491b7b, 265, 0, 1328, 35, 41.18
2026/09/08 21:59:57.766, GPU-ecc6a1f9-42fe-2932-7ea0-1dd285491b7b, 265, 0, 1328, 35, 41.18
2026/09/08 21:59:57.970, GPU-ecc6a1f9-42fe-2932-7ea0-1dd285491b7b, 265, 0, 1328, 35, 41.18
2026/09/08 21:59:58.173, GPU-ecc6a1f9-42fe-2932-7ea0-1dd285491b7b, 267, 0, 1328, 35, 47.25
2026/09/08 21:59:58.378, GPU-ecc6a1f9-42fe-2932-7ea0-1dd285491b7b, 267, 59, 1328, 35, 47.25
2026/09/08 21:59:58.582, GPU-ecc6a1f9-42fe-2932-7ea0-1dd285491b7b, 5, 70, 1328, 35, 41.18
2026/09/08 21:59:58.785, GPU-ecc6a1f9-42fe-2932-7ea0-1dd285491b7b, 5, 0, 1328, 35, 41.19
2026/09/08 21:59:58.989, GPU-ecc6a1f9-42fe-2932-7ea0-1dd285491b7b, 263, 0, 1328, 35, 41.43
2026/09/08 21:59:59.193, GPU-ecc6a1f9-42fe-2932-7ea0-1dd285491b7b, 265, 2, 1328, 35, 41.19
2026/09/08 21:59:59.398, GPU-ecc6a1f9-42fe-2932-7ea0-1dd285491b7b, 265, 0, 1328, 35, 41.19
2026/09/08 21:59:59.602, GPU-ecc6a1f9-42fe-2932-7ea0-1dd285491b7b, 265, 0, 1328, 35, 41.19
2026/09/08 21:59:59.805, GPU-ecc6a1f9-42fe-2932-7ea0-1dd285491b7b, 265, 0, 1328, 35, 40.94
2026/09/08 22:00:00.008, GPU-ecc6a1f9-42fe-2932-7ea0-1dd285491b7b, 265, 0, 1328, 35, 40.94
2026/09/08 22:00:00.212, GPU-ecc6a1f9-42fe-2932-7ea0-1dd285491b7b, 265, 0, 1328, 35, 40.94
2026/09/08 22:00:00.415, GPU-ecc6a1f9-42fe-2932-7ea0-1dd285491b7b, 265, 0, 1328, 35, 40.94
2026/09/08 22:00:00.620, GPU-ecc6a1f9-42fe-2932-7ea0-1dd285491b7b, 265, 0, 1328, 35, 40.94
2026/09/08 22:00:00.823, GPU-ecc6a1f9-42fe-2932-7ea0-1dd285491b7b, 267, 0, 1328, 35, 40.94
2026/09/08 22:00:01.027, GPU-ecc6a1f9-42fe-2932-7ea0-1dd285491b7b, 267, 0, 1328, 35, 47.00
2026/09/08 22:00:01.230, GPU-ecc6a1f9-42fe-2932-7ea0-1dd285491b7b, 267, 65, 1328, 35, 47.00
2026/09/08 22:00:01.434, GPU-ecc6a1f9-42fe-2932-7ea0-1dd285491b7b, 5, 72, 1328, 35, 40.94
2026/09/08 22:00:01.637, GPU-ecc6a1f9-42fe-2932-7ea0-1dd285491b7b, 5, 0, 1328, 35, 40.70
2026/09/08 22:00:01.841, GPU-ecc6a1f9-42fe-2932-7ea0-1dd285491b7b, 5, 0, 1328, 35, 40.69
2026/09/08 22:00:02.046, GPU-ecc6a1f9-42fe-2932-7ea0-1dd285491b7b, 5, 0, 1328, 35, 40.70
2026/09/08 22:00:02.249, GPU-ecc6a1f9-42fe-2932-7ea0-1dd285491b7b, 5, 0, 1328, 35, 40.69
2026/09/08 22:00:02.453, GPU-ecc6a1f9-42fe-2932-7ea0-1dd285491b7b, 5, 0, 1328, 35, 40.69
2026/09/08 22:00:02.656, GPU-ecc6a1f9-42fe-2932-7ea0-1dd285491b7b, 5, 0, 1328, 35, 40.70
2026/09/08 22:00:02.860, GPU-ecc6a1f9-42fe-2932-7ea0-1dd285491b7b, 5, 0, 1328, 35, 37.29
2026/09/08 22:00:03.063, GPU-ecc6a1f9-42fe-2932-7ea0-1dd285491b7b, 5, 0, 1328, 35, 37.29
2026/09/08 22:00:03.267, GPU-ecc6a1f9-42fe-2932-7ea0-1dd285491b7b, 5, 0, 1328, 35, 37.29
2026/09/08 22:00:03.473, GPU-ecc6a1f9-42fe-2932-7ea0-1dd285491b7b, 5, 0, 1328, 35, 37.29
2026/09/08 22:00:03.677, GPU-ecc6a1f9-42fe-2932-7ea0-1dd285491b7b, 5, 0, 1328, 35, 37.29
2026/09/08 22:00:03.880, GPU-ecc6a1f9-42fe-2932-7ea0-1dd285491b7b, 5, 0, 1328, 35, 37.29
2026/09/08 22:00:04.084, GPU-ecc6a1f9-42fe-2932-7ea0-1dd285491b7b, 5, 0, 480, 35, 28.04
2026/09/08 22:00:04.287, GPU-ecc6a1f9-42fe-2932-7ea0-1dd285491b7b, 5, 0, 480, 35, 27.80
2026/09/08 22:00:04.491, GPU-ecc6a1f9-42fe-2932-7ea0-1dd285491b7b, 5, 0, 480, 34, 27.80
2026/09/08 22:00:04.696, GPU-ecc6a1f9-42fe-2932-7ea0-1dd285491b7b, 5, 0, 480, 34, 27.80
2026/09/08 22:00:04.900, GPU-ecc6a1f9-42fe-2932-7ea0-1dd285491b7b, 5, 0, 480, 34, 27.80
2026/09/08 22:00:05.103, GPU-ecc6a1f9-42fe-2932-7ea0-1dd285491b7b, 5, 0, 480, 34, 27.80
2026/09/08 22:00:05.307, GPU-ecc6a1f9-42fe-2932-7ea0-1dd285491b7b, 5, 0, 480, 34, 27.80
2026/09/08 22:00:05.510, GPU-ecc6a1f9-42fe-2932-7ea0-1dd285491b7b, 5, 0, 480, 34, 27.80
2026/09/08 22:00:05.716, GPU-ecc6a1f9-42fe-2932-7ea0-1dd285491b7b, 5, 0, 480, 34, 27.80
2026/09/08 22:00:05.919, GPU-ecc6a1f9-42fe-2932-7ea0-1dd285491b7b, 5, 0, 480, 34, 27.80
2026/09/08 22:00:06.123, GPU-ecc6a1f9-42fe-2932-7ea0-1dd285491b7b, 5, 0, 480, 34, 27.80
2026/09/08 22:00:06.326, GPU-ecc6a1f9-42fe-2932-7ea0-1dd285491b7b, 5, 0, 480, 34, 27.80
2026/09/08 22:00:06.530, GPU-ecc6a1f9-42fe-2932-7ea0-1dd285491b7b, 5, 0, 480, 34, 27.80
2026/09/08 22:00:06.735, GPU-ecc6a1f9-42fe-2932-7ea0-1dd285491b7b, 5, 0, 405, 34, 27.07
2026/09/08 22:00:06.938, GPU-ecc6a1f9-42fe-2932-7ea0-1dd285491b7b, 5, 0, 405, 34, 27.07
2026/09/08 22:00:07.142, GPU-ecc6a1f9-42fe-2932-7ea0-1dd285491b7b, 5, 0, 405, 34, 27.07
2026/09/08 22:00:07.345, GPU-ecc6a1f9-42fe-2932-7ea0-1dd285491b7b, 5, 0, 405, 34, 27.07
2026/09/08 22:00:07.549, GPU-ecc6a1f9-42fe-2932-7ea0-1dd285491b7b, 5, 0, 405, 34, 27.07
2026/09/08 22:00:07.752, GPU-ecc6a1f9-42fe-2932-7ea0-1dd285491b7b, 5, 0, 405, 34, 27.07
2026/09/08 22:00:07.957, GPU-ecc6a1f9-42fe-2932-7ea0-1dd285491b7b, 5, 0, 405, 34, 27.07
2026/09/08 22:00:08.160, GPU-ecc6a1f9-42fe-2932-7ea0-1dd285491b7b, 5, 0, 405, 34, 26.83
2026/09/08 22:00:08.364, GPU-ecc6a1f9-42fe-2932-7ea0-1dd285491b7b, 5, 0, 405, 34, 27.07
2026/09/08 22:00:08.567, GPU-ecc6a1f9-42fe-2932-7ea0-1dd285491b7b, 5, 0, 405, 34, 27.07
2026/09/08 22:00:08.771, GPU-ecc6a1f9-42fe-2932-7ea0-1dd285491b7b, 5, 0, 405, 34, 27.07
2026/09/08 22:00:08.976, GPU-ecc6a1f9-42fe-2932-7ea0-1dd285491b7b, 5, 0, 405, 34, 27.07
2026/09/08 22:00:09.180, GPU-ecc6a1f9-42fe-2932-7ea0-1dd285491b7b, 5, 0, 405, 34, 26.83
2026/09/08 22:00:09.383, GPU-ecc6a1f9-42fe-2932-7ea0-1dd285491b7b, 5, 0, 405, 34, 27.07
2026/09/08 22:00:09.587, GPU-ecc6a1f9-42fe-2932-7ea0-1dd285491b7b, 5, 0, 405, 34, 27.07
2026/09/08 22:00:09.790, GPU-ecc6a1f9-42fe-2932-7ea0-1dd285491b7b, 5, 0, 405, 34, 27.07
2026/09/08 22:00:09.995, GPU-ecc6a1f9-42fe-2932-7ea0-1dd285491b7b, 5, 0, 405, 34, 27.07
2026/09/08 22:00:10.199, GPU-ecc6a1f9-42fe-2932-7ea0-1dd285491b7b, 5, 0, 405, 34, 26.83
2026/09/08 22:00:10.402, GPU-ecc6a1f9-42fe-2932-7ea0-1dd285491b7b, 5, 0, 405, 34, 26.83
2026/09/08 22:00:10.606, GPU-ecc6a1f9-42fe-2932-7ea0-1dd285491b7b, 5, 0, 405, 34, 26.83
2026/09/08 22:00:10.809, GPU-ecc6a1f9-42fe-2932-7ea0-1dd285491b7b, 5, 0, 405, 34, 26.83
2026/09/08 22:00:11.015, GPU-ecc6a1f9-42fe-2932-7ea0-1dd285491b7b, 5, 0, 405, 33, 26.83
2026/09/08 22:00:11.219, GPU-ecc6a1f9-42fe-2932-7ea0-1dd285491b7b, 5, 0, 405, 33, 26.83
2026/09/08 22:00:11.422, GPU-ecc6a1f9-42fe-2932-7ea0-1dd285491b7b, 5, 0, 405, 34, 26.83
2026/09/08 22:00:11.626, GPU-ecc6a1f9-42fe-2932-7ea0-1dd285491b7b, 5, 0, 405, 33, 26.83
2026/09/08 22:00:11.829, GPU-ecc6a1f9-42fe-2932-7ea0-1dd285491b7b, 5, 0, 405, 33, 27.07
2026/09/08 22:00:12.035, GPU-ecc6a1f9-42fe-2932-7ea0-1dd285491b7b, 5, 0, 405, 33, 26.83
2026/09/08 22:00:12.239, GPU-ecc6a1f9-42fe-2932-7ea0-1dd285491b7b, 5, 0, 405, 33, 26.83
2026/09/08 22:00:12.442, GPU-ecc6a1f9-42fe-2932-7ea0-1dd285491b7b, 5, 0, 405, 33, 26.83
2026/09/08 22:00:12.646, GPU-ecc6a1f9-42fe-2932-7ea0-1dd285491b7b, 5, 0, 405, 33, 26.83
2026/09/08 22:00:12.849, GPU-ecc6a1f9-42fe-2932-7ea0-1dd285491b7b, 5, 0, 405, 33, 26.83
2026/09/08 22:00:13.055, GPU-ecc6a1f9-42fe-2932-7ea0-1dd285491b7b, 5, 0, 405, 33, 26.83
2026/09/08 22:00:13.259, GPU-ecc6a1f9-42fe-2932-7ea0-1dd285491b7b, 5, 0, 405, 33, 26.83
2026/09/08 22:00:13.462, GPU-ecc6a1f9-42fe-2932-7ea0-1dd285491b7b, 5, 0, 405, 33, 26.83
2026/09/08 22:00:13.666, GPU-ecc6a1f9-42fe-2932-7ea0-1dd285491b7b, 5, 0, 405, 33, 26.83
2026/09/08 22:00:13.869, GPU-ecc6a1f9-42fe-2932-7ea0-1dd285491b7b, 5, 0, 405, 33, 26.83
2026/09/08 22:00:14.075, GPU-ecc6a1f9-42fe-2932-7ea0-1dd285491b7b, 5, 0, 405, 33, 26.83
2026/09/08 22:00:14.278, GPU-ecc6a1f9-42fe-2932-7ea0-1dd285491b7b, 5, 0, 405, 33, 26.83
2026/09/08 22:00:14.482, GPU-ecc6a1f9-42fe-2932-7ea0-1dd285491b7b, 5, 0, 405, 33, 26.83
2026/09/08 22:00:14.686, GPU-ecc6a1f9-42fe-2932-7ea0-1dd285491b7b, 5, 0, 405, 33, 26.83
2026/09/08 22:00:14.889, GPU-ecc6a1f9-42fe-2932-7ea0-1dd285491b7b, 5, 0, 405, 33, 26.83
2026/09/08 22:00:15.094, GPU-ecc6a1f9-42fe-2932-7ea0-1dd285491b7b, 5, 0, 405, 33, 26.83
2026/09/08 22:00:15.297, GPU-ecc6a1f9-42fe-2932-7ea0-1dd285491b7b, 5, 0, 405, 33, 26.83
2026/09/08 22:00:15.501, GPU-ecc6a1f9-42fe-2932-7ea0-1dd285491b7b, 5, 0, 405, 33, 26.83
2026/09/08 22:00:15.704, GPU-ecc6a1f9-42fe-2932-7ea0-1dd285491b7b, 5, 0, 405, 33, 26.83
2026/09/08 22:00:15.908, GPU-ecc6a1f9-42fe-2932-7ea0-1dd285491b7b, 5, 0, 405, 33, 26.83
2026/09/08 22:00:16.113, GPU-ecc6a1f9-42fe-2932-7ea0-1dd285491b7b, 5, 0, 405, 33, 26.83
2026/09/08 22:00:16.317, GPU-ecc6a1f9-42fe-2932-7ea0-1dd285491b7b, 5, 0, 405, 33, 26.83
2026/09/08 22:00:16.520, GPU-ecc6a1f9-42fe-2932-7ea0-1dd285491b7b, 5, 0, 405, 33, 26.83
2026/09/08 22:00:16.724, GPU-ecc6a1f9-42fe-2932-7ea0-1dd285491b7b, 5, 0, 405, 33, 26.83
2026/09/08 22:00:16.927, GPU-ecc6a1f9-42fe-2932-7ea0-1dd285491b7b, 5, 0, 405, 33, 26.83
2026/09/08 22:00:17.133, GPU-ecc6a1f9-42fe-2932-7ea0-1dd285491b7b, 5, 0, 405, 33, 26.83
2026/09/08 22:00:17.336, GPU-ecc6a1f9-42fe-2932-7ea0-1dd285491b7b, 5, 0, 405, 33, 26.83
2026/09/08 22:00:17.540, GPU-ecc6a1f9-42fe-2932-7ea0-1dd285491b7b, 5, 0, 405, 33, 26.83
2026/09/08 22:00:17.743, GPU-ecc6a1f9-42fe-2932-7ea0-1dd285491b7b, 5, 0, 405, 33, 26.83
2026/09/08 22:00:17.947, GPU-ecc6a1f9-42fe-2932-7ea0-1dd285491b7b, 5, 0, 405, 33, 26.83
2026/09/08 22:00:18.152, GPU-ecc6a1f9-42fe-2932-7ea0-1dd285491b7b, 5, 0, 405, 33, 26.83
2026/09/08 22:00:18.356, GPU-ecc6a1f9-42fe-2932-7ea0-1dd285491b7b, 5, 0, 405, 33, 26.83
2026/09/08 22:00:18.559, GPU-ecc6a1f9-42fe-2932-7ea0-1dd285491b7b, 5, 0, 405, 33, 26.83
2026/09/08 22:00:18.763, GPU-ecc6a1f9-42fe-2932-7ea0-1dd285491b7b, 5, 0, 405, 33, 26.83
2026/09/08 22:00:18.967, GPU-ecc6a1f9-42fe-2932-7ea0-1dd285491b7b, 5, 0, 405, 33, 26.83
2026/09/08 22:00:19.171, GPU-ecc6a1f9-42fe-2932-7ea0-1dd285491b7b, 5, 0, 405, 33, 26.83
2026/09/08 22:00:19.375, GPU-ecc6a1f9-42fe-2932-7ea0-1dd285491b7b, 5, 0, 405, 33, 26.83
2026/09/08 22:00:19.578, GPU-ecc6a1f9-42fe-2932-7ea0-1dd285491b7b, 5, 0, 405, 33, 26.83
2026/09/08 22:00:19.782, GPU-ecc6a1f9-42fe-2932-7ea0-1dd285491b7b, 5, 0, 405, 33, 26.83
2026/09/08 22:00:19.985, GPU-ecc6a1f9-42fe-2932-7ea0-1dd285491b7b, 5, 0, 405, 33, 26.83
2026/09/08 22:00:20.191, GPU-ecc6a1f9-42fe-2932-7ea0-1dd285491b7b, 5, 0, 405, 33, 26.83
2026/09/08 22:00:20.394, GPU-ecc6a1f9-42fe-2932-7ea0-1dd285491b7b, 5, 0, 405, 33, 26.83
2026/09/08 22:00:20.598, GPU-ecc6a1f9-42fe-2932-7ea0-1dd285491b7b, 5, 0, 405, 33, 26.83
2026/09/08 22:00:20.801, GPU-ecc6a1f9-42fe-2932-7ea0-1dd285491b7b, 5, 0, 405, 33, 26.83
2026/09/08 22:00:21.005, GPU-ecc6a1f9-42fe-2932-7ea0-1dd285491b7b, 5, 0, 405, 33, 26.83
2026/09/08 22:00:21.210, GPU-ecc6a1f9-42fe-2932-7ea0-1dd285491b7b, 5, 0, 405, 33, 26.83
2026/09/08 22:00:21.414, GPU-ecc6a1f9-42fe-2932-7ea0-1dd285491b7b, 5, 0, 405, 33, 26.83
2026/09/08 22:00:21.617, GPU-ecc6a1f9-42fe-2932-7ea0-1dd285491b7b, 5, 0, 405, 33, 26.83
2026/09/08 22:00:21.821, GPU-ecc6a1f9-42fe-2932-7ea0-1dd285491b7b, 5, 0, 405, 33, 26.83
2026/09/08 22:00:22.024, GPU-ecc6a1f9-42fe-2932-7ea0-1dd285491b7b, 5, 0, 405, 33, 26.83
2026/09/08 22:00:22.230, GPU-ecc6a1f9-42fe-2932-7ea0-1dd285491b7b, 5, 0, 405, 33, 26.83
2026/09/08 22:00:22.433, GPU-ecc6a1f9-42fe-2932-7ea0-1dd285491b7b, 5, 0, 405, 33, 26.83
2026/09/08 22:00:22.637, GPU-ecc6a1f9-42fe-2932-7ea0-1dd285491b7b, 5, 0, 405, 32, 26.83
2026/09/08 22:00:22.840, GPU-ecc6a1f9-42fe-2932-7ea0-1dd285491b7b, 5, 0, 405, 32, 26.83
2026/09/08 22:00:23.044, GPU-ecc6a1f9-42fe-2932-7ea0-1dd285491b7b, 5, 0, 405, 33, 26.83
2026/09/08 22:00:23.247, GPU-ecc6a1f9-42fe-2932-7ea0-1dd285491b7b, 5, 0, 405, 33, 26.83
2026/09/08 22:00:23.452, GPU-ecc6a1f9-42fe-2932-7ea0-1dd285491b7b, 5, 0, 405, 33, 26.83
2026/09/08 22:00:23.655, GPU-ecc6a1f9-42fe-2932-7ea0-1dd285491b7b, 5, 0, 405, 33, 26.83
2026/09/08 22:00:23.859, GPU-ecc6a1f9-42fe-2932-7ea0-1dd285491b7b, 5, 0, 405, 33, 26.83
2026/09/08 22:00:24.062, GPU-ecc6a1f9-42fe-2932-7ea0-1dd285491b7b, 5, 0, 405, 32, 26.83
2026/09/08 22:00:24.266, GPU-ecc6a1f9-42fe-2932-7ea0-1dd285491b7b, 5, 0, 405, 32, 26.83
2026/09/08 22:00:24.470, GPU-ecc6a1f9-42fe-2932-7ea0-1dd285491b7b, 5, 0, 405, 33, 26.83
2026/09/08 22:00:24.675, GPU-ecc6a1f9-42fe-2932-7ea0-1dd285491b7b, 5, 0, 405, 33, 26.83
2026/09/08 22:00:24.879, GPU-ecc6a1f9-42fe-2932-7ea0-1dd285491b7b, 5, 0, 405, 32, 26.83
2026/09/08 22:00:25.082, GPU-ecc6a1f9-42fe-2932-7ea0-1dd285491b7b, 5, 0, 405, 32, 26.83
2026/09/08 22:00:25.286, GPU-ecc6a1f9-42fe-2932-7ea0-1dd285491b7b, 5, 0, 405, 32, 26.83
2026/09/08 22:00:25.490, GPU-ecc6a1f9-42fe-2932-7ea0-1dd285491b7b, 5, 0, 405, 32, 26.83
2026/09/08 22:00:25.693, GPU-ecc6a1f9-42fe-2932-7ea0-1dd285491b7b, 5, 0, 405, 32, 26.83
2026/09/08 22:00:25.898, GPU-ecc6a1f9-42fe-2932-7ea0-1dd285491b7b, 5, 0, 405, 32, 26.83
2026/09/08 22:00:26.101, GPU-ecc6a1f9-42fe-2932-7ea0-1dd285491b7b, 5, 0, 405, 32, 26.83
2026/09/08 22:00:26.305, GPU-ecc6a1f9-42fe-2932-7ea0-1dd285491b7b, 5, 0, 405, 32, 26.83
2026/09/08 22:00:26.509, GPU-ecc6a1f9-42fe-2932-7ea0-1dd285491b7b, 5, 0, 405, 32, 26.83
2026/09/08 22:00:26.712, GPU-ecc6a1f9-42fe-2932-7ea0-1dd285491b7b, 5, 0, 405, 32, 26.83
2026/09/08 22:00:26.918, GPU-ecc6a1f9-42fe-2932-7ea0-1dd285491b7b, 5, 0, 405, 32, 26.83
2026/09/08 22:00:27.121, GPU-ecc6a1f9-42fe-2932-7ea0-1dd285491b7b, 5, 0, 405, 32, 26.83
2026/09/08 22:00:27.325, GPU-ecc6a1f9-42fe-2932-7ea0-1dd285491b7b, 5, 0, 405, 32, 26.83
2026/09/08 22:00:27.528, GPU-ecc6a1f9-42fe-2932-7ea0-1dd285491b7b, 5, 0, 405, 32, 26.83
2026/09/08 22:00:27.732, GPU-ecc6a1f9-42fe-2932-7ea0-1dd285491b7b, 5, 0, 405, 32, 26.83
2026/09/08 22:00:27.937, GPU-ecc6a1f9-42fe-2932-7ea0-1dd285491b7b, 5, 0, 405, 32, 26.83
2026/09/08 22:00:28.140, GPU-ecc6a1f9-42fe-2932-7ea0-1dd285491b7b, 5, 0, 405, 32, 26.83
2026/09/08 22:00:28.344, GPU-ecc6a1f9-42fe-2932-7ea0-1dd285491b7b, 5, 0, 405, 32, 26.83
2026/09/08 22:00:28.547, GPU-ecc6a1f9-42fe-2932-7ea0-1dd285491b7b, 5, 0, 405, 32, 26.83
2026/09/08 22:00:28.751, GPU-ecc6a1f9-42fe-2932-7ea0-1dd285491b7b, 5, 0, 405, 32, 26.83
2026/09/08 22:00:28.956, GPU-ecc6a1f9-42fe-2932-7ea0-1dd285491b7b, 5, 0, 405, 32, 26.83
2026/09/08 22:00:29.160, GPU-ecc6a1f9-42fe-2932-7ea0-1dd285491b7b, 5, 0, 405, 32, 26.83
2026/09/08 22:00:29.363, GPU-ecc6a1f9-42fe-2932-7ea0-1dd285491b7b, 5, 0, 405, 32, 26.83
2026/09/08 22:00:29.567, GPU-ecc6a1f9-42fe-2932-7ea0-1dd285491b7b, 5, 0, 405, 32, 26.83
2026/09/08 22:00:29.770, GPU-ecc6a1f9-42fe-2932-7ea0-1dd285491b7b, 5, 0, 405, 32, 26.83
2026/09/08 22:00:29.976, GPU-ecc6a1f9-42fe-2932-7ea0-1dd285491b7b, 5, 0, 405, 32, 26.83
2026/09/08 22:00:30.179, GPU-ecc6a1f9-42fe-2932-7ea0-1dd285491b7b, 5, 0, 405, 32, 26.83
2026/09/08 22:00:30.383, GPU-ecc6a1f9-42fe-2932-7ea0-1dd285491b7b, 5, 0, 405, 32, 26.58
2026/09/08 22:00:30.586, GPU-ecc6a1f9-42fe-2932-7ea0-1dd285491b7b, 5, 0, 405, 32, 26.83
2026/09/08 22:00:30.790, GPU-ecc6a1f9-42fe-2932-7ea0-1dd285491b7b, 5, 0, 405, 32, 26.58
2026/09/08 22:00:30.995, GPU-ecc6a1f9-42fe-2932-7ea0-1dd285491b7b, 5, 0, 405, 32, 26.83
2026/09/08 22:00:31.198, GPU-ecc6a1f9-42fe-2932-7ea0-1dd285491b7b, 5, 0, 405, 32, 26.83
2026/09/08 22:00:31.402, GPU-ecc6a1f9-42fe-2932-7ea0-1dd285491b7b, 5, 0, 405, 32, 26.83
2026/09/08 22:00:31.605, GPU-ecc6a1f9-42fe-2932-7ea0-1dd285491b7b, 5, 0, 405, 32, 26.83
2026/09/08 22:00:31.809, GPU-ecc6a1f9-42fe-2932-7ea0-1dd285491b7b, 5, 0, 405, 32, 26.83
2026/09/08 22:00:32.014, GPU-ecc6a1f9-42fe-2932-7ea0-1dd285491b7b, 5, 0, 405, 32, 26.83
2026/09/08 22:00:32.218, GPU-ecc6a1f9-42fe-2932-7ea0-1dd285491b7b, 5, 0, 405, 32, 26.58
2026/09/08 22:00:32.421, GPU-ecc6a1f9-42fe-2932-7ea0-1dd285491b7b, 5, 0, 405, 32, 26.83
2026/09/08 22:00:32.625, GPU-ecc6a1f9-42fe-2932-7ea0-1dd285491b7b, 5, 0, 405, 32, 26.58
2026/09/08 22:00:32.828, GPU-ecc6a1f9-42fe-2932-7ea0-1dd285491b7b, 5, 0, 405, 32, 26.58
2026/09/08 22:00:33.034, GPU-ecc6a1f9-42fe-2932-7ea0-1dd285491b7b, 5, 0, 405, 32, 26.83
2026/09/08 22:00:33.237, GPU-ecc6a1f9-42fe-2932-7ea0-1dd285491b7b, 5, 0, 405, 32, 26.58
2026/09/08 22:00:33.441, GPU-ecc6a1f9-42fe-2932-7ea0-1dd285491b7b, 5, 0, 405, 32, 26.58
2026/09/08 22:00:33.644, GPU-ecc6a1f9-42fe-2932-7ea0-1dd285491b7b, 5, 0, 405, 32, 26.58
2026/09/08 22:00:33.848, GPU-ecc6a1f9-42fe-2932-7ea0-1dd285491b7b, 5, 0, 405, 32, 26.83
2026/09/08 22:00:34.054, GPU-ecc6a1f9-42fe-2932-7ea0-1dd285491b7b, 5, 0, 405, 32, 26.58
2026/09/08 22:00:34.257, GPU-ecc6a1f9-42fe-2932-7ea0-1dd285491b7b, 5, 0, 405, 32, 26.58
2026/09/08 22:00:34.461, GPU-ecc6a1f9-42fe-2932-7ea0-1dd285491b7b, 5, 0, 405, 32, 26.58
2026/09/08 22:00:34.664, GPU-ecc6a1f9-42fe-2932-7ea0-1dd285491b7b, 5, 0, 405, 32, 26.83
2026/09/08 22:00:34.868, GPU-ecc6a1f9-42fe-2932-7ea0-1dd285491b7b, 5, 0, 405, 32, 26.58
2026/09/08 22:00:35.074, GPU-ecc6a1f9-42fe-2932-7ea0-1dd285491b7b, 5, 0, 405, 32, 26.83
2026/09/08 22:00:35.277, GPU-ecc6a1f9-42fe-2932-7ea0-1dd285491b7b, 5, 0, 405, 32, 26.58
2026/09/08 22:00:35.481, GPU-ecc6a1f9-42fe-2932-7ea0-1dd285491b7b, 5, 0, 405, 32, 26.58
2026/09/08 22:00:35.685, GPU-ecc6a1f9-42fe-2932-7ea0-1dd285491b7b, 5, 0, 405, 32, 26.58
2026/09/08 22:00:35.888, GPU-ecc6a1f9-42fe-2932-7ea0-1dd285491b7b, 5, 0, 405, 32, 26.58
2026/09/08 22:00:36.094, GPU-ecc6a1f9-42fe-2932-7ea0-1dd285491b7b, 5, 0, 405, 32, 26.58
2026/09/08 22:00:36.297, GPU-ecc6a1f9-42fe-2932-7ea0-1dd285491b7b, 5, 0, 405, 32, 26.58
2026/09/08 22:00:36.501, GPU-ecc6a1f9-42fe-2932-7ea0-1dd285491b7b, 5, 0, 405, 32, 26.58
2026/09/08 22:00:36.704, GPU-ecc6a1f9-42fe-2932-7ea0-1dd285491b7b, 5, 0, 405, 32, 26.58
2026/09/08 22:00:36.908, GPU-ecc6a1f9-42fe-2932-7ea0-1dd285491b7b, 5, 0, 405, 32, 26.58
2026/09/08 22:00:37.113, GPU-ecc6a1f9-42fe-2932-7ea0-1dd285491b7b, 5, 0, 405, 32, 26.58
2026/09/08 22:00:37.316, GPU-ecc6a1f9-42fe-2932-7ea0-1dd285491b7b, 5, 0, 405, 32, 26.58
2026/09/08 22:00:37.520, GPU-ecc6a1f9-42fe-2932-7ea0-1dd285491b7b, 5, 0, 405, 32, 26.58
2026/09/08 22:00:37.723, GPU-ecc6a1f9-42fe-2932-7ea0-1dd285491b7b, 5, 0, 405, 32, 26.58
2026/09/08 22:00:37.927, GPU-ecc6a1f9-42fe-2932-7ea0-1dd285491b7b, 5, 0, 405, 32, 26.58
2026/09/08 22:00:38.132, GPU-ecc6a1f9-42fe-2932-7ea0-1dd285491b7b, 5, 0, 405, 32, 26.58
2026/09/08 22:00:38.336, GPU-ecc6a1f9-42fe-2932-7ea0-1dd285491b7b, 5, 0, 405, 32, 26.58
2026/09/08 22:00:38.539, GPU-ecc6a1f9-42fe-2932-7ea0-1dd285491b7b, 5, 0, 405, 32, 26.58
2026/09/08 22:00:38.743, GPU-ecc6a1f9-42fe-2932-7ea0-1dd285491b7b, 5, 0, 405, 32, 26.58
2026/09/08 22:00:38.946, GPU-ecc6a1f9-42fe-2932-7ea0-1dd285491b7b, 5, 0, 405, 32, 26.58
2026/09/08 22:00:39.152, GPU-ecc6a1f9-42fe-2932-7ea0-1dd285491b7b, 5, 0, 405, 32, 26.58
2026/09/08 22:00:39.355, GPU-ecc6a1f9-42fe-2932-7ea0-1dd285491b7b, 5, 0, 405, 32, 26.58
2026/09/08 22:00:39.559, GPU-ecc6a1f9-42fe-2932-7ea0-1dd285491b7b, 5, 0, 405, 32, 26.58
2026/09/08 22:00:39.762, GPU-ecc6a1f9-42fe-2932-7ea0-1dd285491b7b, 5, 0, 405, 32, 26.58
2026/09/08 22:00:39.966, GPU-ecc6a1f9-42fe-2932-7ea0-1dd285491b7b, 5, 0, 405, 32, 26.58
2026/09/08 22:00:40.171, GPU-ecc6a1f9-42fe-2932-7ea0-1dd285491b7b, 5, 0, 405, 32, 26.58
2026/09/08 22:00:40.374, GPU-ecc6a1f9-42fe-2932-7ea0-1dd285491b7b, 5, 0, 405, 32, 26.58
2026/09/08 22:00:40.578, GPU-ecc6a1f9-42fe-2932-7ea0-1dd285491b7b, 5, 0, 405, 32, 26.58
2026/09/08 22:00:40.782, GPU-ecc6a1f9-42fe-2932-7ea0-1dd285491b7b, 5, 0, 405, 32, 26.58
2026/09/08 22:00:40.985, GPU-ecc6a1f9-42fe-2932-7ea0-1dd285491b7b, 5, 0, 405, 32, 26.58
2026/09/08 22:00:41.191, GPU-ecc6a1f9-42fe-2932-7ea0-1dd285491b7b, 5, 0, 405, 32, 26.58
2026/09/08 22:00:41.394, GPU-ecc6a1f9-42fe-2932-7ea0-1dd285491b7b, 5, 0, 405, 32, 26.58
2026/09/08 22:00:41.598, GPU-ecc6a1f9-42fe-2932-7ea0-1dd285491b7b, 5, 0, 405, 31, 26.58
2026/09/08 22:00:41.801, GPU-ecc6a1f9-42fe-2932-7ea0-1dd285491b7b, 5, 0, 405, 32, 26.58
2026/09/08 22:00:42.005, GPU-ecc6a1f9-42fe-2932-7ea0-1dd285491b7b, 5, 0, 405, 32, 26.58
2026/09/08 22:00:42.210, GPU-ecc6a1f9-42fe-2932-7ea0-1dd285491b7b, 5, 0, 405, 32, 26.58
2026/09/08 22:00:42.413, GPU-ecc6a1f9-42fe-2932-7ea0-1dd285491b7b, 5, 0, 405, 32, 26.58
2026/09/08 22:00:42.617, GPU-ecc6a1f9-42fe-2932-7ea0-1dd285491b7b, 5, 0, 405, 31, 26.58
2026/09/08 22:00:42.821, GPU-ecc6a1f9-42fe-2932-7ea0-1dd285491b7b, 5, 0, 405, 32, 26.58
2026/09/08 22:00:43.024, GPU-ecc6a1f9-42fe-2932-7ea0-1dd285491b7b, 5, 0, 405, 32, 26.58
2026/09/08 22:00:43.229, GPU-ecc6a1f9-42fe-2932-7ea0-1dd285491b7b, 5, 0, 405, 32, 26.58
2026/09/08 22:00:43.433, GPU-ecc6a1f9-42fe-2932-7ea0-1dd285491b7b, 5, 0, 405, 31, 26.58
2026/09/08 22:00:43.636, GPU-ecc6a1f9-42fe-2932-7ea0-1dd285491b7b, 5, 0, 405, 32, 26.58
2026/09/08 22:00:43.840, GPU-ecc6a1f9-42fe-2932-7ea0-1dd285491b7b, 5, 0, 405, 31, 26.58
2026/09/08 22:00:44.043, GPU-ecc6a1f9-42fe-2932-7ea0-1dd285491b7b, 5, 0, 405, 31, 26.58
2026/09/08 22:00:44.249, GPU-ecc6a1f9-42fe-2932-7ea0-1dd285491b7b, 5, 0, 405, 31, 26.58
2026/09/08 22:00:44.453, GPU-ecc6a1f9-42fe-2932-7ea0-1dd285491b7b, 5, 0, 405, 31, 26.58
2026/09/08 22:00:44.656, GPU-ecc6a1f9-42fe-2932-7ea0-1dd285491b7b, 5, 0, 405, 31, 26.58
2026/09/08 22:00:44.860, GPU-ecc6a1f9-42fe-2932-7ea0-1dd285491b7b, 5, 0, 405, 31, 26.58
2026/09/08 22:00:45.063, GPU-ecc6a1f9-42fe-2932-7ea0-1dd285491b7b, 5, 0, 405, 31, 26.58
2026/09/08 22:00:45.270, GPU-ecc6a1f9-42fe-2932-7ea0-1dd285491b7b, 5, 0, 405, 32, 26.58
2026/09/08 22:00:45.473, GPU-ecc6a1f9-42fe-2932-7ea0-1dd285491b7b, 5, 0, 405, 31, 26.58
2026/09/08 22:00:45.677, GPU-ecc6a1f9-42fe-2932-7ea0-1dd285491b7b, 5, 0, 405, 31, 26.58
2026/09/08 22:00:45.881, GPU-ecc6a1f9-42fe-2932-7ea0-1dd285491b7b, 5, 0, 405, 31, 26.58
2026/09/08 22:00:46.084, GPU-ecc6a1f9-42fe-2932-7ea0-1dd285491b7b, 5, 0, 405, 31, 26.58
2026/09/08 22:00:46.288, GPU-ecc6a1f9-42fe-2932-7ea0-1dd285491b7b, 5, 0, 405, 31, 26.58
2026/09/08 22:00:46.493, GPU-ecc6a1f9-42fe-2932-7ea0-1dd285491b7b, 5, 0, 405, 31, 26.58
2026/09/08 22:00:46.697, GPU-ecc6a1f9-42fe-2932-7ea0-1dd285491b7b, 5, 0, 405, 31, 26.58
2026/09/08 22:00:46.900, GPU-ecc6a1f9-42fe-2932-7ea0-1dd285491b7b, 5, 0, 405, 31, 26.58
2026/09/08 22:00:47.104, GPU-ecc6a1f9-42fe-2932-7ea0-1dd285491b7b, 5, 0, 405, 31, 26.58
2026/09/08 22:00:47.307, GPU-ecc6a1f9-42fe-2932-7ea0-1dd285491b7b, 5, 0, 405, 31, 26.58
2026/09/08 22:00:47.511, GPU-ecc6a1f9-42fe-2932-7ea0-1dd285491b7b, 5, 0, 405, 31, 26.58
2026/09/08 22:00:47.716, GPU-ecc6a1f9-42fe-2932-7ea0-1dd285491b7b, 5, 0, 405, 31, 26.58
2026/09/08 22:00:47.919, GPU-ecc6a1f9-42fe-2932-7ea0-1dd285491b7b, 5, 0, 405, 31, 26.58
2026/09/08 22:00:48.123, GPU-ecc6a1f9-42fe-2932-7ea0-1dd285491b7b, 5, 0, 405, 31, 26.58
2026/09/08 22:00:48.326, GPU-ecc6a1f9-42fe-2932-7ea0-1dd285491b7b, 5, 0, 405, 31, 26.58
2026/09/08 22:00:48.530, GPU-ecc6a1f9-42fe-2932-7ea0-1dd285491b7b, 5, 0, 405, 31, 26.58
2026/09/08 22:00:48.736, GPU-ecc6a1f9-42fe-2932-7ea0-1dd285491b7b, 5, 0, 405, 31, 26.58
2026/09/08 22:00:48.940, GPU-ecc6a1f9-42fe-2932-7ea0-1dd285491b7b, 5, 0, 405, 31, 26.58
2026/09/08 22:00:49.143, GPU-ecc6a1f9-42fe-2932-7ea0-1dd285491b7b, 5, 0, 405, 31, 26.58
2026/09/08 22:00:49.346, GPU-ecc6a1f9-42fe-2932-7ea0-1dd285491b7b, 5, 0, 405, 31, 26.58
2026/09/08 22:00:49.550, GPU-ecc6a1f9-42fe-2932-7ea0-1dd285491b7b, 5, 0, 405, 31, 26.58
2026/09/08 22:00:49.755, GPU-ecc6a1f9-42fe-2932-7ea0-1dd285491b7b, 5, 0, 405, 31, 26.58
2026/09/08 22:00:49.959, GPU-ecc6a1f9-42fe-2932-7ea0-1dd285491b7b, 5, 0, 405, 31, 26.58
2026/09/08 22:00:50.162, GPU-ecc6a1f9-42fe-2932-7ea0-1dd285491b7b, 5, 0, 405, 31, 26.58
2026/09/08 22:00:50.366, GPU-ecc6a1f9-42fe-2932-7ea0-1dd285491b7b, 5, 0, 405, 31, 26.58
2026/09/08 22:00:50.569, GPU-ecc6a1f9-42fe-2932-7ea0-1dd285491b7b, 5, 0, 405, 31, 26.58
2026/09/08 22:00:50.774, GPU-ecc6a1f9-42fe-2932-7ea0-1dd285491b7b, 5, 0, 405, 31, 26.58
2026/09/08 22:00:50.978, GPU-ecc6a1f9-42fe-2932-7ea0-1dd285491b7b, 5, 0, 405, 31, 26.58
2026/09/08 22:00:51.181, GPU-ecc6a1f9-42fe-2932-7ea0-1dd285491b7b, 5, 0, 405, 31, 26.58
2026/09/08 22:00:51.385, GPU-ecc6a1f9-42fe-2932-7ea0-1dd285491b7b, 5, 0, 405, 31, 26.58
2026/09/08 22:00:51.588, GPU-ecc6a1f9-42fe-2932-7ea0-1dd285491b7b, 5, 0, 405, 31, 26.58
2026/09/08 22:00:51.794, GPU-ecc6a1f9-42fe-2932-7ea0-1dd285491b7b, 5, 0, 405, 31, 26.58
2026/09/08 22:00:51.998, GPU-ecc6a1f9-42fe-2932-7ea0-1dd285491b7b, 5, 0, 405, 31, 26.58
2026/09/08 22:00:52.201, GPU-ecc6a1f9-42fe-2932-7ea0-1dd285491b7b, 5, 0, 405, 31, 26.58
2026/09/08 22:00:52.404, GPU-ecc6a1f9-42fe-2932-7ea0-1dd285491b7b, 5, 0, 405, 31, 26.58
2026/09/08 22:00:52.608, GPU-ecc6a1f9-42fe-2932-7ea0-1dd285491b7b, 5, 0, 405, 31, 26.58
2026/09/08 22:00:52.814, GPU-ecc6a1f9-42fe-2932-7ea0-1dd285491b7b, 5, 0, 405, 31, 26.58
2026/09/08 22:00:53.017, GPU-ecc6a1f9-42fe-2932-7ea0-1dd285491b7b, 5, 0, 405, 31, 26.58
2026/09/08 22:00:53.221, GPU-ecc6a1f9-42fe-2932-7ea0-1dd285491b7b, 5, 0, 405, 31, 26.58
2026/09/08 22:00:53.424, GPU-ecc6a1f9-42fe-2932-7ea0-1dd285491b7b, 5, 0, 405, 31, 26.58
2026/09/08 22:00:53.628, GPU-ecc6a1f9-42fe-2932-7ea0-1dd285491b7b, 5, 0, 405, 31, 26.58
2026/09/08 22:00:53.833, GPU-ecc6a1f9-42fe-2932-7ea0-1dd285491b7b, 5, 0, 405, 31, 26.58
2026/09/08 22:00:54.036, GPU-ecc6a1f9-42fe-2932-7ea0-1dd285491b7b, 5, 0, 405, 31, 26.58
2026/09/08 22:00:54.240, GPU-ecc6a1f9-42fe-2932-7ea0-1dd285491b7b, 5, 0, 405, 31, 26.58
2026/09/08 22:00:54.443, GPU-ecc6a1f9-42fe-2932-7ea0-1dd285491b7b, 5, 0, 405, 31, 26.58
2026/09/08 22:00:54.647, GPU-ecc6a1f9-42fe-2932-7ea0-1dd285491b7b, 5, 0, 405, 31, 26.58
2026/09/08 22:00:54.852, GPU-ecc6a1f9-42fe-2932-7ea0-1dd285491b7b, 5, 0, 405, 31, 26.58
2026/09/08 22:00:55.056, GPU-ecc6a1f9-42fe-2932-7ea0-1dd285491b7b, 5, 0, 405, 31, 26.58
2026/09/08 22:00:55.259, GPU-ecc6a1f9-42fe-2932-7ea0-1dd285491b7b, 5, 0, 405, 31, 26.58
2026/09/08 22:00:55.463, GPU-ecc6a1f9-42fe-2932-7ea0-1dd285491b7b, 5, 0, 405, 31, 26.58
2026/09/08 22:00:55.666, GPU-ecc6a1f9-42fe-2932-7ea0-1dd285491b7b, 5, 0, 405, 31, 26.58
2026/09/08 22:00:55.872, GPU-ecc6a1f9-42fe-2932-7ea0-1dd285491b7b, 5, 0, 405, 31, 26.58
2026/09/08 22:00:56.076, GPU-ecc6a1f9-42fe-2932-7ea0-1dd285491b7b, 5, 0, 405, 31, 26.58
2026/09/08 22:00:56.279, GPU-ecc6a1f9-42fe-2932-7ea0-1dd285491b7b, 5, 0, 405, 31, 26.58
2026/09/08 22:00:56.483, GPU-ecc6a1f9-42fe-2932-7ea0-1dd285491b7b, 5, 0, 405, 31, 26.58
2026/09/08 22:00:56.686, GPU-ecc6a1f9-42fe-2932-7ea0-1dd285491b7b, 5, 0, 405, 31, 26.58
2026/09/08 22:00:56.892, GPU-ecc6a1f9-42fe-2932-7ea0-1dd285491b7b, 5, 0, 405, 31, 26.34
2026/09/08 22:00:57.096, GPU-ecc6a1f9-42fe-2932-7ea0-1dd285491b7b, 5, 0, 405, 31, 26.58
2026/09/08 22:00:57.300, GPU-ecc6a1f9-42fe-2932-7ea0-1dd285491b7b, 5, 0, 405, 31, 26.58
2026/09/08 22:00:57.503, GPU-ecc6a1f9-42fe-2932-7ea0-1dd285491b7b, 5, 0, 405, 31, 26.34
2026/09/08 22:00:57.707, GPU-ecc6a1f9-42fe-2932-7ea0-1dd285491b7b, 5, 0, 405, 31, 26.34
2026/09/08 22:00:57.913, GPU-ecc6a1f9-42fe-2932-7ea0-1dd285491b7b, 5, 0, 405, 31, 26.58
2026/09/08 22:00:58.116, GPU-ecc6a1f9-42fe-2932-7ea0-1dd285491b7b, 5, 0, 405, 31, 26.34
2026/09/08 22:00:58.320, GPU-ecc6a1f9-42fe-2932-7ea0-1dd285491b7b, 5, 0, 405, 31, 26.58
2026/09/08 22:00:58.523, GPU-ecc6a1f9-42fe-2932-7ea0-1dd285491b7b, 5, 0, 405, 31, 26.58
2026/09/08 22:00:58.727, GPU-ecc6a1f9-42fe-2932-7ea0-1dd285491b7b, 5, 0, 405, 31, 26.58
2026/09/08 22:00:58.932, GPU-ecc6a1f9-42fe-2932-7ea0-1dd285491b7b, 5, 0, 405, 31, 26.58
2026/09/08 22:00:59.135, GPU-ecc6a1f9-42fe-2932-7ea0-1dd285491b7b, 5, 0, 405, 31, 26.34
2026/09/08 22:00:59.339, GPU-ecc6a1f9-42fe-2932-7ea0-1dd285491b7b, 5, 0, 405, 31, 26.34
2026/09/08 22:00:59.542, GPU-ecc6a1f9-42fe-2932-7ea0-1dd285491b7b, 5, 0, 405, 31, 26.58
2026/09/08 22:00:59.746, GPU-ecc6a1f9-42fe-2932-7ea0-1dd285491b7b, 5, 0, 405, 31, 26.58
2026/09/08 22:00:59.951, GPU-ecc6a1f9-42fe-2932-7ea0-1dd285491b7b, 5, 0, 405, 31, 26.34
2026/09/08 22:01:00.154, GPU-ecc6a1f9-42fe-2932-7ea0-1dd285491b7b, 5, 0, 405, 31, 26.58
2026/09/08 22:01:00.358, GPU-ecc6a1f9-42fe-2932-7ea0-1dd285491b7b, 5, 0, 405, 31, 26.58
2026/09/08 22:01:00.561, GPU-ecc6a1f9-42fe-2932-7ea0-1dd285491b7b, 5, 0, 405, 31, 26.58
2026/09/08 22:01:00.765, GPU-ecc6a1f9-42fe-2932-7ea0-1dd285491b7b, 5, 0, 405, 31, 26.34
2026/09/08 22:01:00.970, GPU-ecc6a1f9-42fe-2932-7ea0-1dd285491b7b, 5, 0, 405, 31, 26.58
2026/09/08 22:01:01.174, GPU-ecc6a1f9-42fe-2932-7ea0-1dd285491b7b, 5, 0, 405, 31, 26.58
2026/09/08 22:01:01.377, GPU-ecc6a1f9-42fe-2932-7ea0-1dd285491b7b, 5, 0, 405, 31, 26.58
2026/09/08 22:01:01.581, GPU-ecc6a1f9-42fe-2932-7ea0-1dd285491b7b, 5, 0, 405, 31, 26.58
2026/09/08 22:01:01.784, GPU-ecc6a1f9-42fe-2932-7ea0-1dd285491b7b, 5, 0, 405, 31, 26.34
2026/09/08 22:01:01.990, GPU-ecc6a1f9-42fe-2932-7ea0-1dd285491b7b, 5, 0, 405, 31, 26.34
2026/09/08 22:01:02.193, GPU-ecc6a1f9-42fe-2932-7ea0-1dd285491b7b, 5, 0, 405, 31, 26.58
2026/09/08 22:01:02.397, GPU-ecc6a1f9-42fe-2932-7ea0-1dd285491b7b, 5, 0, 405, 31, 26.34
2026/09/08 22:01:02.601, GPU-ecc6a1f9-42fe-2932-7ea0-1dd285491b7b, 5, 0, 405, 31, 26.34
2026/09/08 22:01:02.804, GPU-ecc6a1f9-42fe-2932-7ea0-1dd285491b7b, 5, 0, 405, 30, 26.34
2026/09/08 22:01:03.009, GPU-ecc6a1f9-42fe-2932-7ea0-1dd285491b7b, 5, 0, 405, 31, 26.34
2026/09/08 22:01:03.213, GPU-ecc6a1f9-42fe-2932-7ea0-1dd285491b7b, 5, 0, 405, 31, 26.58
2026/09/08 22:01:03.417, GPU-ecc6a1f9-42fe-2932-7ea0-1dd285491b7b, 5, 0, 405, 31, 26.58
2026/09/08 22:01:03.620, GPU-ecc6a1f9-42fe-2932-7ea0-1dd285491b7b, 5, 0, 405, 31, 26.34
2026/09/08 22:01:03.824, GPU-ecc6a1f9-42fe-2932-7ea0-1dd285491b7b, 5, 0, 405, 31, 26.58
2026/09/08 22:01:04.029, GPU-ecc6a1f9-42fe-2932-7ea0-1dd285491b7b, 5, 0, 405, 31, 26.58
2026/09/08 22:01:04.232, GPU-ecc6a1f9-42fe-2932-7ea0-1dd285491b7b, 5, 0, 405, 31, 26.58
2026/09/08 22:01:04.436, GPU-ecc6a1f9-42fe-2932-7ea0-1dd285491b7b, 5, 0, 405, 31, 26.34
2026/09/08 22:01:04.639, GPU-ecc6a1f9-42fe-2932-7ea0-1dd285491b7b, 5, 0, 405, 31, 26.58
2026/09/08 22:01:04.843, GPU-ecc6a1f9-42fe-2932-7ea0-1dd285491b7b, 5, 0, 405, 31, 26.34
2026/09/08 22:01:05.048, GPU-ecc6a1f9-42fe-2932-7ea0-1dd285491b7b, 5, 0, 405, 30, 26.34
2026/09/08 22:01:05.252, GPU-ecc6a1f9-42fe-2932-7ea0-1dd285491b7b, 5, 0, 405, 30, 26.34
2026/09/08 22:01:05.455, GPU-ecc6a1f9-42fe-2932-7ea0-1dd285491b7b, 5, 0, 405, 30, 26.34
2026/09/08 22:01:05.659, GPU-ecc6a1f9-42fe-2932-7ea0-1dd285491b7b, 5, 0, 405, 30, 26.34
2026/09/08 22:01:05.862, GPU-ecc6a1f9-42fe-2932-7ea0-1dd285491b7b, 5, 0, 405, 31, 26.34
2026/09/08 22:01:06.067, GPU-ecc6a1f9-42fe-2932-7ea0-1dd285491b7b, 5, 0, 405, 31, 26.34
2026/09/08 22:01:06.271, GPU-ecc6a1f9-42fe-2932-7ea0-1dd285491b7b, 5, 0, 405, 31, 26.34
2026/09/08 22:01:06.474, GPU-ecc6a1f9-42fe-2932-7ea0-1dd285491b7b, 5, 0, 405, 31, 26.34
2026/09/08 22:01:06.678, GPU-ecc6a1f9-42fe-2932-7ea0-1dd285491b7b, 5, 0, 405, 30, 26.34
2026/09/08 22:01:06.882, GPU-ecc6a1f9-42fe-2932-7ea0-1dd285491b7b, 5, 0, 405, 30, 26.34
2026/09/08 22:01:07.087, GPU-ecc6a1f9-42fe-2932-7ea0-1dd285491b7b, 5, 0, 405, 30, 26.34
2026/09/08 22:01:07.291, GPU-ecc6a1f9-42fe-2932-7ea0-1dd285491b7b, 5, 0, 405, 30, 26.34
2026/09/08 22:01:07.494, GPU-ecc6a1f9-42fe-2932-7ea0-1dd285491b7b, 5, 0, 405, 31, 26.34
2026/09/08 22:01:07.698, GPU-ecc6a1f9-42fe-2932-7ea0-1dd285491b7b, 5, 0, 405, 30, 26.34
2026/09/08 22:01:07.901, GPU-ecc6a1f9-42fe-2932-7ea0-1dd285491b7b, 5, 0, 405, 30, 26.34
2026/09/08 22:01:08.105, GPU-ecc6a1f9-42fe-2932-7ea0-1dd285491b7b, 5, 0, 405, 30, 26.34
2026/09/08 22:01:08.311, GPU-ecc6a1f9-42fe-2932-7ea0-1dd285491b7b, 5, 0, 405, 30, 26.34
2026/09/08 22:01:08.517, GPU-ecc6a1f9-42fe-2932-7ea0-1dd285491b7b, 5, 0, 405, 30, 26.34
2026/09/08 22:01:08.720, GPU-ecc6a1f9-42fe-2932-7ea0-1dd285491b7b, 5, 0, 405, 30, 26.34
2026/09/08 22:01:08.924, GPU-ecc6a1f9-42fe-2932-7ea0-1dd285491b7b, 5, 0, 405, 30, 26.34
2026/09/08 22:01:09.128, GPU-ecc6a1f9-42fe-2932-7ea0-1dd285491b7b, 5, 0, 405, 30, 26.34
2026/09/08 22:01:09.331, GPU-ecc6a1f9-42fe-2932-7ea0-1dd285491b7b, 5, 0, 405, 30, 26.34
2026/09/08 22:01:09.537, GPU-ecc6a1f9-42fe-2932-7ea0-1dd285491b7b, 5, 0, 405, 30, 26.34
2026/09/08 22:01:09.740, GPU-ecc6a1f9-42fe-2932-7ea0-1dd285491b7b, 5, 0, 405, 30, 26.34
2026/09/08 22:01:09.944, GPU-ecc6a1f9-42fe-2932-7ea0-1dd285491b7b, 5, 0, 405, 30, 26.34
2026/09/08 22:01:10.147, GPU-ecc6a1f9-42fe-2932-7ea0-1dd285491b7b, 5, 0, 405, 30, 26.34
2026/09/08 22:01:10.351, GPU-ecc6a1f9-42fe-2932-7ea0-1dd285491b7b, 5, 0, 405, 30, 26.34
2026/09/08 22:01:10.556, GPU-ecc6a1f9-42fe-2932-7ea0-1dd285491b7b, 5, 0, 405, 30, 26.34
2026/09/08 22:01:10.760, GPU-ecc6a1f9-42fe-2932-7ea0-1dd285491b7b, 5, 0, 405, 30, 26.34
2026/09/08 22:01:10.963, GPU-ecc6a1f9-42fe-2932-7ea0-1dd285491b7b, 5, 0, 405, 30, 26.34
2026/09/08 22:01:11.167, GPU-ecc6a1f9-42fe-2932-7ea0-1dd285491b7b, 5, 0, 405, 30, 26.34
2026/09/08 22:01:11.370, GPU-ecc6a1f9-42fe-2932-7ea0-1dd285491b7b, 5, 0, 405, 30, 26.34
2026/09/08 22:01:11.574, GPU-ecc6a1f9-42fe-2932-7ea0-1dd285491b7b, 5, 0, 405, 30, 26.34
2026/09/08 22:01:11.779, GPU-ecc6a1f9-42fe-2932-7ea0-1dd285491b7b, 5, 0, 405, 30, 26.34
2026/09/08 22:01:11.982, GPU-ecc6a1f9-42fe-2932-7ea0-1dd285491b7b, 5, 0, 405, 30, 26.34
2026/09/08 22:01:12.186, GPU-ecc6a1f9-42fe-2932-7ea0-1dd285491b7b, 5, 0, 405, 30, 26.34
2026/09/08 22:01:12.390, GPU-ecc6a1f9-42fe-2932-7ea0-1dd285491b7b, 5, 0, 405, 30, 26.34
2026/09/08 22:01:12.593, GPU-ecc6a1f9-42fe-2932-7ea0-1dd285491b7b, 5, 0, 405, 30, 26.34
2026/09/08 22:01:12.797, GPU-ecc6a1f9-42fe-2932-7ea0-1dd285491b7b, 5, 0, 405, 30, 26.34
2026/09/08 22:01:13.003, GPU-ecc6a1f9-42fe-2932-7ea0-1dd285491b7b, 5, 0, 405, 30, 26.34
2026/09/08 22:01:13.206, GPU-ecc6a1f9-42fe-2932-7ea0-1dd285491b7b, 5, 0, 405, 30, 26.34
2026/09/08 22:01:13.410, GPU-ecc6a1f9-42fe-2932-7ea0-1dd285491b7b, 5, 0, 405, 30, 26.34
2026/09/08 22:01:13.613, GPU-ecc6a1f9-42fe-2932-7ea0-1dd285491b7b, 5, 0, 405, 30, 26.34
2026/09/08 22:01:13.817, GPU-ecc6a1f9-42fe-2932-7ea0-1dd285491b7b, 5, 0, 405, 30, 26.34
2026/09/08 22:01:14.024, GPU-ecc6a1f9-42fe-2932-7ea0-1dd285491b7b, 5, 0, 405, 30, 26.34
2026/09/08 22:01:14.227, GPU-ecc6a1f9-42fe-2932-7ea0-1dd285491b7b, 5, 0, 405, 30, 26.58
2026/09/08 22:01:14.431, GPU-ecc6a1f9-42fe-2932-7ea0-1dd285491b7b, 5, 0, 405, 30, 26.34
2026/09/08 22:01:14.634, GPU-ecc6a1f9-42fe-2932-7ea0-1dd285491b7b, 5, 0, 405, 30, 26.34
2026/09/08 22:01:14.838, GPU-ecc6a1f9-42fe-2932-7ea0-1dd285491b7b, 5, 0, 405, 30, 26.34
2026/09/08 22:01:15.044, GPU-ecc6a1f9-42fe-2932-7ea0-1dd285491b7b, 5, 0, 405, 30, 26.34
2026/09/08 22:01:15.247, GPU-ecc6a1f9-42fe-2932-7ea0-1dd285491b7b, 5, 0, 405, 30, 26.34
2026/09/08 22:01:15.451, GPU-ecc6a1f9-42fe-2932-7ea0-1dd285491b7b, 5, 0, 405, 30, 26.34
2026/09/08 22:01:15.654, GPU-ecc6a1f9-42fe-2932-7ea0-1dd285491b7b, 5, 0, 405, 30, 26.34
2026/09/08 22:01:15.858, GPU-ecc6a1f9-42fe-2932-7ea0-1dd285491b7b, 5, 0, 405, 30, 26.34
2026/09/08 22:01:16.064, GPU-ecc6a1f9-42fe-2932-7ea0-1dd285491b7b, 5, 0, 405, 30, 26.34
2026/09/08 22:01:16.267, GPU-ecc6a1f9-42fe-2932-7ea0-1dd285491b7b, 5, 0, 405, 30, 26.34
2026/09/08 22:01:16.471, GPU-ecc6a1f9-42fe-2932-7ea0-1dd285491b7b, 5, 0, 405, 30, 26.34
2026/09/08 22:01:16.674, GPU-ecc6a1f9-42fe-2932-7ea0-1dd285491b7b, 5, 0, 405, 30, 26.34
2026/09/08 22:01:16.878, GPU-ecc6a1f9-42fe-2932-7ea0-1dd285491b7b, 5, 0, 405, 30, 26.34
2026/09/08 22:01:17.083, GPU-ecc6a1f9-42fe-2932-7ea0-1dd285491b7b, 5, 0, 405, 30, 26.34
2026/09/08 22:01:17.287, GPU-ecc6a1f9-42fe-2932-7ea0-1dd285491b7b, 5, 0, 405, 30, 26.34
2026/09/08 22:01:17.490, GPU-ecc6a1f9-42fe-2932-7ea0-1dd285491b7b, 5, 0, 405, 30, 26.34
2026/09/08 22:01:17.694, GPU-ecc6a1f9-42fe-2932-7ea0-1dd285491b7b, 5, 0, 405, 30, 26.34
2026/09/08 22:01:17.897, GPU-ecc6a1f9-42fe-2932-7ea0-1dd285491b7b, 5, 0, 405, 30, 26.34
